纯脑瘫	1	21091	12
AlphaGo	2	21053	12
祸害天下	3	20737	12
YJQwerty	4	20325	12
纯脑瘫	5	19522	12
dmli	6	18001	12
gangan	7	17552	12
patience	8	17488	12
真不是百合厨	9	17215	12
hdgh	10	16799	12
Emo	11	16731	12
xixiha	12	16661	12
CHANG	13	16344	12
人菜倒霉掉大分	14	16262	12
qichai	15	15794	12
Steven	16	15359	12
cocoa	17	14887	12
sola	18	14751	12
EbonElekk	19	14681	12
SyoGo	20	14427	12
Citruslimon	21	14381	12
白うさ	22	14310	12
乂乂乂	23	14288	12
paralyse	24	14194	12
无名之辈	25	14166	12
JingHong	26	14157	12
白上フブキの奴隷	27	14117	12
饿的迷迷茫茫	28	14088	12
爱叫的葡萄	29	14076	12
joker	30	14036	12
Armour	31	14024	12
阿芙	32	14022	12
戰鬥蛙	33	13966	12
Dawn	34	13813	12
iceqooc	35	13795	12
Tora0ka	36	13629	12
西片	37	13506	12
唯我独尊マン	38	13474	12
ranpuz	39	13465	12
TLKING	40	13414	12
诚实可靠小郎君	41	13323	12
fantom	42	13277	12
inventor	43	13161	12
なぜこんなことに	44	13100	12
名字何其好	45	13016	12
炉石风暴	46	12998	12
lyx	47	12737	12
伏昭	48	12713	12
iku	49	12647	12
木子	50	12643	12
MrLongMing	51	12485	12
えすけー	52	12459	12
MITOMAKAORU	53	12449	12
YamaYamara	54	12385	12
window	55	12360	12
小苔藓牛逼	56	12307	12
bob	57	12296	12
我是火车王	58	12285	12
Redamancy	59	12261	12
柒柒88	60	12249	12
thebug	61	12231	12
wakka53	62	12221	12
Nuyoah	63	12183	12
风狂大级八	64	12177	12
xueyan	65	12155	12
wizarderic	66	12126	12
MagicPants	67	12104	12
LimeDrake	68	12093	12
kkking	69	12090	12
그림자용	70	12059	12
Gale	71	12043	12
祁久卿	72	11946	12
小雷普	73	11914	12
tuttu	74	11909	12
休伞	75	11887	12
BestCN	76	11884	12
奸詐的亞麻色巨魔	77	11874	12
ばかじゃない	78	11854	12
四岁	79	11843	12
JadeWisp	80	11817	12
zuikanxinhe	81	11801	12
打烂团死个设计师	82	11801	12
萌死戳	83	11785	12
Saxon	84	11767	12
WaterSlim	85	11726	12
HHAIO	86	11715	12
Caramel	87	11708	12
ZHYES	88	11692	12
小猪和小狗	89	11690	12
狂奔的路飞	90	11688	12
旅店老板	91	11684	12
Dhaka	92	11638	12
Zireael	93	11620	12
vilor	94	11597	12
AhuA	95	11591	12
guess	96	11561	12
铜须我亲爹	97	11534	12
李乐乐	98	11531	12
myao	99	11514	12
why	100	11504	12
내목숨을아이어에	101	11501	12
Nameless	102	11462	12
大老虎	103	11456	12
lxx	104	11450	12
無用的灰色多頭蛇	105	11408	12
隱祕食人妖	106	11406	12
Kafei88	107	11400	12
haguren	108	11383	12
水火雨梦	109	11378	12
Skyhigher	110	11377	12
COZY	111	11369	12
Qing	112	11366	12
别说话毒我	113	11353	12
JadeGrell	114	11337	12
tibolt	115	11326	12
PoliteKorean	116	11311	12
天才小熊猫	117	11302	12
年少不得之物	118	11284	12
naolg	119	11284	12
gigazya	120	11284	12
woniu	121	11277	12
뚱인대요	122	11272	12
無色の食人	123	11258	12
shilian	124	11224	12
不跟你哆哔哔	125	11223	12
ovo	126	11217	12
黑暗的泥巴色獅子	127	11176	12
LFZhoulang	128	11169	12
月上海棠漫	129	11151	12
noriha	130	11144	12
沐沐沐沐沐沐	131	11106	12
阿富	132	11094	12
Campus	133	11093	12
理智的瑪瑙色蛇	134	11080	12
도내최상위랭크	135	11072	12
LavaBat	136	11063	12
游是谁的梦	137	11053	12
wscla	138	11050	12
理智的黯黑色小狗	139	11039	12
yidruidfuren	140	11029	12
劳模	141	11025	12
Purring	142	11022	12
無聊的灰色老鷹	143	11015	12
MoonLitMilu	144	11014	12
地方雷恩	145	11010	12
百变鬼脸	146	11006	12
FkNewFish	147	11005	12
ののぶ	148	11005	12
燒鴨	149	11002	12
hzzz	150	10995	12
ilittlepanda	151	10986	12
Dawn	152	10985	12
ダイナソー竜崎	153	10982	12
不会玩	154	10970	12
zaoplayer	155	10962	12
茉莉	156	10957	12
把把排低分队友	157	10955	12
Grace	158	10940	12
但丁	159	10935	12
Oir	160	10924	12
二比	161	10885	12
酒馆大汉	162	10879	12
DCT	163	10878	12
plcukn	164	10871	12
Nekobass	165	10869	12
잔양	166	10857	12
보리스	167	10851	12
djwcb	168	10839	12
こなこな	169	10835	12
FATDragon	170	10827	12
哒哒	171	10826	12
shiyv	172	10826	12
Raizin	173	10815	12
AzureHound	174	10809	12
额我死了	175	10807	12
Limerence	176	10806	12
ShadowFire	177	10801	12
Zachary	178	10790	12
棋逢对手剑走偏锋	179	10785	12
HXry	180	10783	12
yeniu	181	10773	12
游家小哥	182	10769	12
okman	183	10766	12
Zyyyy	184	10766	12
txzr77	185	10765	12
MeruC	186	10742	12
JackySky	187	10725	12
dai	188	10703	12
htxhunter	189	10676	12
miaoshifu	190	10676	12
Ponpata07	191	10661	12
issa	192	10649	12
nfCB	193	10647	12
大梨梨	194	10646	12
FrostyDog	195	10639	12
sena	196	10623	12
Tan	197	10621	12
生吃三头牛	198	10617	12
我发明了永动机	199	10613	12
みーくん	200	10600	12
NavyElk	201	10592	12
我胡汉三又回来了	202	10590	12
리바푸사	203	10588	12
霍格	204	10585	12
Ameng	205	10568	12
Bronya	206	10568	12
熱情的玉色法師	207	10567	12
snvpsocvv	208	10565	12
BestBeeMonda	209	10564	12
只玩鱼人	210	10563	12
踏足山巅	211	10552	12
おにおん	212	10537	12
冰海沧月	213	10535	12
wxcnm	214	10535	12
GGBOM	215	10524	12
唯我一剑陈平安	216	10524	12
ViKNG	217	10521	12
lixl	218	10510	12
MRTGGG	219	10508	12
dunk	220	10500	12
BIE	221	10493	12
fengding	222	10493	12
hjzagasxcw	223	10471	12
ちぇいん	224	10470	12
SunTt	225	10445	12
CSY	226	10442	12
双层芝士汉堡	227	10440	12
DARKBLOW	228	10440	12
MauveSquid	229	10407	12
潜水的小熊	230	10398	12
MING1919810	231	10396	12
melody	232	10391	12
figwnghgt	233	10391	12
Xxxxxxy	234	10386	12
Dearbeai	235	10386	12
花火	236	10385	12
よーし	237	10378	12
edinburgh06	238	10378	12
sBCAFqjq	239	10370	12
閃亮束褲	240	10353	12
LXG666NB	241	10345	12
Menayo	242	10338	12
LemonYeti	243	10334	12
yuanmr	244	10328	12
toyop	245	10319	12
一半的淺褐色麋鹿	246	10303	12
史詩的岩漿色熊	247	10289	12
chengduBr	248	10289	12
わかてんぐ	249	10280	12
Jiebb	250	10280	12
古明地觉	251	10259	12
한번사는인생	252	10253	12
Van	253	10244	12
十又八九	254	10223	12
世界	255	10214	12
공허의시공	256	10212	12
Potato	257	10211	12
영혼연성	258	10208	12
불운의아이콘	259	10200	12
kumai	260	10195	12
ikun	261	10186	12
桑碗莱壳油	262	10170	12
Erdragon	263	10167	12
酒馆老汉	264	10158	12
euyurnil	265	10150	12
发呆的派	266	10140	12
buten	267	10140	12
沐黯	268	10134	12
xiaosanye	269	10134	12
萌霸灬小安	270	10133	12
cgiovowlrmn	271	10132	12
luckystar	272	10112	12
laf	273	10110	12
askk	274	10108	12
左小沐	275	10107	12
zxwdkip	276	10098	12
禿頂的橄欖色坦克	277	10094	12
雷霆	278	10094	12
liuxians	279	10089	12
青青子衿	280	10081	12
saninobe	281	10080	12
phBronze	282	10063	12
Yin	283	10060	12
mysterious	284	10060	12
囉嗦的墨色狼	285	10057	12
안녕하세요	286	10057	12
Lebijonatiez	287	10055	12
NeonMoose	288	10053	12
Rooning	289	10052	12
alfrooooo	290	10049	12
屁屁的精靈	291	10047	12
さばみそ	292	10045	12
serve	293	10045	12
하루	294	10033	12
eNu	295	10033	12
执着的梦	296	10031	12
BK201	297	10030	12
みき	298	10025	12
tepepe	299	10025	12
KKang	300	10024	12
薛定諤的猫	301	10024	12
名白椛	302	10024	12
Yanhuanan	303	10023	12
CNdwa	304	10020	12
mumi	305	10019	12
ptkkzzzz	306	10016	12
行水看云起	307	10015	12
LemonRaven	308	10014	12
여름소년	309	10014	12
とくし	310	10012	12
Anure	311	10011	12
Turai	312	10009	12
misaki	313	10009	12
Lael	314	10009	12
只会电表	315	10008	12
木乃伊	316	10008	12
Zhzuz	317	10007	12
樋口きなみ	318	10002	12
狡詐的金色小狗	319	10002	12
도루룽	320	10001	12
Sinikake	321	10000	12
及你太美	322	9994	12
メダルキング	323	9991	12
홍진호덱	324	9980	12
胡一半	325	9975	12
OnyxBat	326	9968	12
Darklord77	327	9965	12
ikep	328	9959	12
AzureWolf	329	9952	12
张小衍	330	9951	12
丶臻	331	9951	12
YiLingSama	332	9942	12
君莫笑	333	9931	12
芋芋小圆	334	9922	12
圣光芋头	335	9919	12
pakuyada	336	9916	12
一頭狗	337	9913	12
COOLCAT	338	9913	12
哎呀	339	9905	12
grinderking	340	9903	12
溺水小刀	341	9900	12
傾途	342	9896	12
熱情的玉色法師	343	9894	12
kpjayw	344	9892	12
daboge	345	9890	12
skay138	346	9889	12
Ayanami	347	9888	12
ゴロゴロ	348	9888	12
favourite	349	9875	12
jippijip	350	9865	12
Aurora	351	9860	12
伊蕾娜的猫猫	352	9859	12
涼城夜雨	353	9856	12
Unclewang	354	9853	12
不愿醒来的男孩	355	9842	12
鲍勃再爱我一下	356	9839	12
soul	357	9835	12
冷靜的粉色野牛	358	9834	12
inory	359	9833	12
隱身即無敵	360	9832	12
machine	361	9832	12
fox11116	362	9830	12
Tony	363	9830	12
ena	364	9830	12
迅捷盜賊	365	9823	12
mozhangcong	366	9821	12
烤爛恁襶迪克	367	9821	12
vyswmjlcl	368	9819	12
Aber	369	9818	12
Gin	370	9816	12
Myrcella	371	9812	12
sunshine	372	9801	12
sCWKYUpNWOx	373	9798	12
哒君	374	9798	12
Mercicy	375	9793	12
sonata	376	9787	12
郭日天	377	9784	12
みつろう	378	9780	12
完整的亞麻色貓咪	379	9778	12
老鬼	380	9774	12
苗條的棕色野牛	381	9766	12
あばれるくん	382	9758	12
JaneRachel	383	9744	12
LaoMin	384	9743	12
上钩了	385	9740	12
lljj	386	9737	12
코코스	387	9729	12
宜繁	388	9725	12
yyw223	389	9724	12
優秀的布萊克	390	9719	12
iem	391	9719	12
thelast	392	9707	12
sbbaoxue	393	9702	12
Ciallo	394	9688	12
serunado	395	9686	12
politeKLover	396	9682	12
fladdict	397	9682	12
童神	398	9678	12
无尘	399	9675	12
QianYi	400	9672	12
Latte	401	9671	12
薄荷色獵犬	402	9669	12
welly	403	9669	12
BrotherKang	404	9669	12
LemonViper	405	9667	12
强如关羽	406	9667	12
crsbjnsizj	407	9665	12
n3xup637	408	9664	12
Kaede	409	9662	12
Wsaint	410	9659	12
折扇	411	9651	12
いさや	412	9650	12
growncelo	413	9646	12
CryingRobot	414	9640	12
偷神	415	9638	12
永远的樱花树	416	9636	12
光月	417	9634	12
DIVE	418	9634	12
软蛋丨露比露比露	419	9634	12
ダンディ・さしみ	420	9632	12
真實的酒色雪怪	421	9620	12
tymiya2010	422	9618	12
疲倦的墨色渡鴉	423	9615	12
BXlaji	424	9613	12
워붕이	425	9612	12
얼어붙은개	426	9611	12
Gin	427	9605	12
Policeman	428	9592	12
ゆこてこ	429	9589	12
IDing	430	9578	12
theaze	431	9578	12
云顶之弈	432	9570	12
SaoKing	433	9564	12
完整的珍珠色毒蛇	434	9561	12
安妮亞的狗	435	9560	12
行者	436	9559	12
uhariqi	437	9558	12
Saya	438	9543	12
SilentStorm	439	9541	12
誠實的淺褐色巨魔	440	9541	12
스턴콜드	441	9541	12
Kimchee	442	9538	12
gfdjg	443	9531	12
NeverLucky	444	9520	12
ikun	445	9518	12
LilNarwhal	446	9508	12
kyoju	447	9508	12
我在赶时间	448	9506	12
Xuanbeauty	449	9505	12
Taishi	450	9497	12
Lontx	451	9489	12
快乐咸鱼	452	9487	12
Abel	453	9483	12
大可不必	454	9482	12
wcgtwlvbbxps	455	9480	12
SkyLuck	456	9480	12
喵呜呜小公举	457	9476	12
寒冷的珊瑚色竊賊	458	9471	12
日你心	459	9471	12
한판만이기자	460	9469	12
G25G88710	461	9466	12
最帥的蟋蟀	462	9464	12
liang	463	9464	12
Wanderer	464	9464	12
愛永遠不可能	465	9458	12
RustElk	466	9452	12
幽暮	467	9446	12
Neversettle	468	9445	12
painkiller	469	9445	12
BSQF	470	9436	12
XxXGo	471	9434	12
鲇鱼梭牛牛	472	9432	12
신한	473	9426	12
Kilerehale	474	9420	12
大马猴	475	9419	12
Dimples	476	9418	12
finau	477	9417	12
junwei	478	9411	12
liuliu	479	9410	12
gummi100pct	480	9402	12
随缘冲锋	481	9397	12
LemonMoose	482	9395	12
哲少	483	9393	12
DirePants	484	9392	12
LoveLive520	485	9392	12
ToLife	486	9391	12
QAQ	487	9390	12
艾逸丶寻风	488	9386	12
ajsjhs	489	9382	12
taipa	490	9381	12
Crush	491	9378	12
zhuansheng	492	9377	12
Godgun	493	9376	12
敢不敢石二鍋	494	9373	12
忙碌的單寧色英雄	495	9372	12
Zayde	496	9371	12
無用的蔡徐坤	497	9371	12
窠薖齾嶏瀤	498	9365	12
苗條的雪青色巨魔	499	9364	12
流萤	500	9363	12
veryking	501	9359	12
ポンコツ	502	9357	12
TazWake	503	9356	12
臭卷宝来亲亲	504	9349	12
ALuo	505	9349	12
舒適的霓虹色鯊魚	506	9348	12
beichen	507	9339	12
AzureStag	508	9337	12
无敌暴龙战神	509	9336	12
XM15K	510	9334	12
小黑子会跳舞	511	9331	12
ACXQA	512	9324	12
TwoOne	513	9323	12
努力的小帅	514	9322	12
kbtvkoofyfac	515	9321	12
Junious	516	9318	12
李天一	517	9315	12
OliveImp	518	9311	12
Fine	519	9310	12
天空的蛤虾	520	9307	12
zooey	521	9306	12
自信的酒色鶴	522	9303	12
飛馬	523	9291	12
你好你好你好	524	9289	12
yun	525	9288	12
银峰一巴	526	9286	12
HuYaSisyphus	527	9285	12
SuperJerry	528	9283	12
MinakamiYuki	529	9282	12
fengyumei	530	9278	12
陌阡	531	9277	12
小不点	532	9273	12
wurawura	533	9272	12
EbonSeal	534	9271	12
hjb	535	9265	12
枯燥的煙霧色老鷹	536	9261	12
kqwrjyntavw	537	9258	12
蒼白的綠色活屍	538	9253	12
ハーブティー	539	9252	12
嬌小的淺褐色狼	540	9246	12
Huerta	541	9246	12
shouhu	542	9244	12
hanehane	543	9243	12
微醺騎士	544	9241	12
usbag	545	9240	12
eeeeee	546	9239	12
Mario	547	9238	12
ワタリ	548	9235	12
biaoqing	549	9235	12
半壁江山是青啤	550	9230	12
Alutemu	551	9227	12
conception	552	9224	12
本气黑猫	553	9221	12
BoongBoong	554	9221	12
凉宫	555	9220	12
我是火车王	556	9219	12
Solong	557	9214	12
JUEXING	558	9211	12
九转大肠真的香	559	9210	12
BrownBison	560	9208	12
shiraha	561	9208	12
nishiking	562	9207	12
史詩食人妖	563	9205	12
無用的煙霧色英雄	564	9202	12
RustViper	565	9201	12
tjcvywtxqxk	566	9200	12
Myrcella	567	9198	12
DC6shocking	568	9197	12
inge	569	9195	12
帅气	570	9190	12
苏君诺	571	9190	12
leowayawayaw	572	9188	12
Miojiang1231	573	9188	12
설익	574	9187	12
睿智的青色鵬	575	9187	12
payapin	576	9185	12
純粹的青色鶴	577	9185	12
nuibar	578	9185	12
malolo	579	9185	12
lazymanJR	580	9184	12
바이렛	581	9183	12
枯燥的紫紅色貓咪	582	9183	12
爱莉希雅	583	9183	12
神罚	584	9180	12
kni417	585	9179	12
XMQMTrydWaF	586	9178	12
NONONO	587	9177	12
windstorm	588	9172	12
開心	589	9169	12
ZHIQING	590	9169	12
djdjdjsox	591	9167	12
山里	592	9165	12
hozuki	593	9164	12
電柱	594	9161	12
蒼白的玉色巨魔	595	9159	12
Oneman	596	9157	12
Hunter	597	9155	12
Zachary	598	9151	12
Moyra	599	9150	12
Jxjx	600	9149	12
아명치	601	9147	12
Ceney	602	9147	12
DJWCB	603	9146	12
Sikkim	604	9144	12
荀彧丨大骂	605	9142	12
二饭	606	9139	12
高启强	607	9137	12
blznmsl	608	9137	12
如果你也听说	609	9134	12
oguronn2	610	9131	12
OnyxBat	611	9130	12
村镇小黄	612	9126	12
pgnrxvqoov	613	9124	12
Pierce	614	9119	12
赤月代	615	9118	12
亚雷马	616	9110	12
AzureRaven	617	9108	12
推翻旧日的猪仔	618	9108	12
小瑜	619	9108	12
lmsdfkg	620	9107	12
苗條的雪青色巨魔	621	9104	12
RK5191	622	9102	12
bvbuwrfckf	623	9100	12
愛吃老臘肉	624	9098	12
Craig	625	9095	12
Beam	626	9095	12
可愛的灰色盜賊	627	9092	12
ehsrpp	628	9090	12
TTTTT	629	9088	12
绝对阿诺战丶	630	9086	12
SUN	631	9086	12
雞婆的綠色渡鴉	632	9083	12
控えめなコドー	633	9083	12
爱上炉石	634	9082	12
pony	635	9079	12
fromchina	636	9075	12
WNMZZ	637	9074	12
WeiShang	638	9074	12
吴虾头的大坝	639	9072	12
dasdas	640	9068	12
蜗牛大师	641	9066	12
pianistKaer	642	9066	12
第六排便魔王です	643	9065	12
peng	644	9062	12
Youchien	645	9061	12
怪梦	646	9059	12
我會後空翻	647	9057	12
飯島ゆん	648	9057	12
樹上有西瓜	649	9056	12
凡飞	650	9052	12
sivk	651	9048	12
겐지	652	9047	12
Asuna	653	9047	12
jan	654	9045	12
Bolklun	655	9045	12
取名字浩南吖	656	9040	12
MOTTI	657	9040	12
Suckboy	658	9039	12
BZDE	659	9037	12
Joseph	660	9036	12
NavyBear	661	9034	12
暴雪煞筆	662	9034	12
GarnetStag	663	9030	12
おおやひろし	664	9026	12
Summoner	665	9024	12
小鸟酱	666	9021	12
GCPD	667	9020	12
olayimon	668	9016	12
zcfm	669	9012	12
Sherlock	670	9011	12
浪神	671	9010	12
luori	672	9010	12
네토	673	9010	12
BCWX	674	9008	12
hanhan	675	9005	12
我你都不认识了	676	9004	12
战旗第九名	677	9003	12
dddd	678	9003	12
zaker	679	9003	12
付大大呀	680	9002	12
Tristin	681	9001	12
mmmmmmmm	682	9001	12
StephenL	683	9000	12
ixckk	684	8996	12
Hydra	685	8994	12
PinkDrangon	686	8994	12
Laymond	687	8992	12
qingchong	688	8990	12
wanai	689	8986	12
ジミー	690	8986	12
AzureRaven	691	8979	12
kasumiga	692	8976	12
傻子一個	693	8972	12
辣呆	694	8972	12
暗影飛龍	695	8972	12
林棋半语	696	8970	12
QAQ	697	8969	12
qb8icr0ik	698	8968	12
lbefuelt	699	8966	12
子衿	700	8966	12
깔끔한황색곰	701	8965	12
mkkin	702	8965	12
khrnjlfpw	703	8963	12
DJWcb	704	8960	12
烂团之王	705	8957	12
李大大	706	8954	12
PlumGrell	707	8953	12
Atsj1	708	8942	12
黑残夜	709	8940	12
n13hqp	710	8937	12
justwe	711	8937	12
ginko	712	8936	12
かめぴー	713	8936	12
qihainanami	714	8931	12
sengoku	715	8930	12
EbonLich	716	8924	12
虫子	717	8924	12
sampdoria14	718	8922	12
你爸爸	719	8922	12
Zzz	720	8921	12
暴躁之鼠	721	8919	12
zhongwmwm	722	8919	12
tamako	723	8918	12
誠實的灰色野牛	724	8914	12
Adventurer	725	8913	12
MMMMMK	726	8908	12
NightWoCao	727	8907	12
haiwang	728	8907	12
xdgtgs	729	8907	12
Paul	730	8905	12
gqhexwd	731	8905	12
絕世馬馬	732	8904	12
MisaMisa	733	8903	12
yuye	734	8901	12
那年灬飘雪灬	735	8898	12
matts	736	8895	12
Fly	737	8895	12
clove	738	8893	12
min	739	8893	12
Derrick	740	8892	12
꿀꿀맛	741	8890	12
高挑的棕色蛟龍	742	8890	12
류승	743	8889	12
kevienhtq	744	8888	12
咬它小刻	745	8885	12
	746	8883	12
ｍｍｃｃ	747	8882	12
BIUBIUBIU	748	8882	12
Jeffrey	749	8882	12
福瑞	750	8876	12
YUNXUAN	751	8875	12
Akatosh	752	8873	12
奪命腳	753	8872	12
TBretired	754	8872	12
lun	755	8872	12
ふとすぎ	756	8872	12
abby	757	8870	12
쥰토냥	758	8870	12
RFB	759	8868	12
KFCvivo50	760	8868	12
마라다	761	8867	12
Jonius	762	8866	12
又要威又要戴头盔	763	8866	12
leo	764	8860	12
wdm	765	8857	12
BXNMSL	766	8855	12
Jhin	767	8854	12
西红柿	768	8850	12
乌鸦	769	8850	12
隱祕魷魚	770	8849	12
Banvis	771	8849	12
wgsmbdsabm	772	8848	12
电击插	773	8848	12
熟練的粉色老鷹	774	8847	12
金斯敦市长	775	8845	12
zzzadhisnn	776	8844	12
粥彦	777	8843	12
小白	778	8841	12
靠近的泥巴色盜賊	779	8840	12
溫和的玉色熊	780	8839	12
QianFu	781	8837	12
kive	782	8837	12
羽7426	783	8835	12
竖琴者	784	8834	12
LunaticFox	785	8833	12
WUXIN	786	8830	12
敢不敢辛拉麵	787	8829	12
dhhan	788	8825	12
ころん	789	8825	12
axcnibd	790	8824	12
weiaweia	791	8824	12
sensendajiba	792	8823	12
活珠子	793	8822	12
幽光	794	8822	12
明夕	795	8822	12
Hamelin	796	8821	12
non1341	797	8817	12
GriswoldJohn	798	8817	12
gorgrous	799	8817	12
黑丝哪有压弯香	800	8817	12
じゃま田	801	8815	12
DeadlyMouse	802	8812	12
jack	803	8811	12
狂砍748刀	804	8807	12
ソルモルドア	805	8806	12
Sign	806	8806	12
纯鹿人	807	8803	12
along	808	8797	12
陆梦	809	8795	12
Sweet7	810	8793	12
Irzyl	811	8790	12
reyu	812	8790	12
susio	813	8790	12
最後的泥巴色貓咪	814	8787	12
小星星	815	8786	12
君莫朽	816	8785	12
青山多妩媚	817	8785	12
溫和的玫瑰色麋鹿	818	8784	12
ForeverFail	819	8784	12
MangoShark	820	8782	12
getzuga	821	8780	12
ZanyDruid	822	8779	12
yelow	823	8775	12
Death	824	8775	12
古明地觉	825	8771	12
Sukurakyo	826	8767	12
Yoke	827	8766	12
NGG	828	8765	12
Cccccccc	829	8765	12
路飛	830	8765	12
诡秘之猫	831	8756	12
厭世浣熊	832	8756	12
weixv	833	8756	12
OverFlow	834	8756	12
Showtimeya	835	8755	12
藍雨老頭	836	8753	12
わしき	837	8753	12
ShadowStorm	838	8752	12
MauveOgre	839	8752	12
魔法地精	840	8751	12
魔法地精	841	8750	12
神之壹抽	842	8749	12
feng1221	843	8745	12
NavyHydra	844	8742	12
htndowtvm	845	8742	12
雪盡馬蹄輕	846	8741	12
GenshinxiaoL	847	8741	12
我是火车王	848	8740	12
yourcute	849	8732	12
naxida	850	8730	12
jupf8j	851	8728	12
doggun	852	8727	12
작은새	853	8727	12
warrior	854	8726	12
노박구	855	8725	12
ほへほへ	856	8724	12
牛牛骑士	857	8721	12
DuckDragon	858	8721	12
小菜呆暴打小日本	859	8720	12
kevinngan	860	8720	12
viperlong	861	8718	12
EbonThief	862	8714	12
派派大心	863	8713	12
Xiazhi	864	8712	12
oguronn3	865	8712	12
璎珞雪华	866	8710	12
かかみ	867	8706	12
ワルツ	868	8705	12
CatCat	869	8702	12
BeateWW	870	8699	12
辅助来偷猪	871	8698	12
Truly	872	8698	12
安德罗妮的岳父	873	8697	12
ZFC	874	8696	12
白玉歐	875	8693	12
fwmkvepkrbr	876	8692	12
HowMuch	877	8691	12
EbonGhost	878	8687	12
代表太阳惩罚你	879	8686	12
AlexJames	880	8685	12
Epoch	881	8684	12
qwer	882	8684	12
小东风	883	8684	12
微巷雨深	884	8677	12
Fut710	885	8676	12
sijun	886	8676	12
Owaee	887	8675	12
YoungEamon	888	8675	12
liker	889	8672	12
Alan	890	8670	12
onjshdkjs	891	8668	12
Nola	892	8668	12
Yesenia	893	8667	12
GhostDragon	894	8667	12
Xykang	895	8664	12
抖音小齊	896	8663	12
laggy	897	8662	12
MintWol	898	8661	12
ぷよ戦士ぱんだ	899	8657	12
桜葉瑠璃夢	900	8656	12
基本的薄荷色龍獸	901	8656	12
Siege	902	8656	12
baiman	903	8654	12
たうんわーく	904	8654	12
ctrlmusic	905	8654	12
DirePants	906	8653	12
chomosh	907	8650	12
fyft	908	8650	12
jiafeimao	909	8649	12
皇号会火化	910	8648	12
Daryl	911	8648	12
glory	912	8647	12
tjsf	913	8647	12
Shuangshuang	914	8644	12
pipimao	915	8639	12
次世代ノール	916	8635	12
狂野的摩卡色犀牛	917	8635	12
Robin	918	8634	12
BLIZAD	919	8633	12
Kuz	920	8628	12
wisher	921	8628	12
MangoHound	922	8626	12
battle01	923	8623	12
OliveImp	924	8621	12
聰明的萊姆色竊賊	925	8621	12
Donlyn	926	8618	12
jianmo	927	8616	12
沉默寶劍	928	8615	12
こたつ	929	8614	12
かにかま	930	8614	12
鬾枝	931	8613	12
MoonlightPG	932	8609	12
幸福在那边	933	8605	12
RabbitSuu	934	8605	12
shenlidegou	935	8605	12
平衡的火焰色鵬	936	8603	12
越野狂徒	937	8602	12
BurialCLS	938	8599	12
FatCatFoo	939	8597	12
SeseiSei	940	8596	12
ほりうすけ	941	8595	12
Hobriout	942	8595	12
battl	943	8595	12
yt001	944	8595	12
善良的暗紅色盜賊	945	8594	12
神經巫師	946	8593	12
wolfiscoming	947	8593	12
レイタ老	948	8592	12
微醺騎士	949	8592	12
spring	950	8591	12
SuckMyEngine	951	8591	12
拔剌不太辣	952	8590	12
zlsbflzx	953	8590	12
mzy14453	954	8589	12
sirokin	955	8588	12
duduxy	956	8587	12
LJKCWSND	957	8585	12
你大爷还是你大爷	958	8584	12
dzyz6	959	8581	12
zeze	960	8580	12
QuartzGhost	961	8578	12
axwgzb800	962	8578	12
cj1234567891	963	8577	12
WzG60	964	8575	12
まつしん	965	8573	12
雪诺	966	8573	12
you	967	8573	12
流水无情恋落誮	968	8572	12
oyatsu	969	8571	12
Bronya	970	8569	12
制霸炉石	971	8567	12
scaramouche	972	8567	12
Yuki	973	8567	12
wkyjmup	974	8565	12
koitoyuu	975	8564	12
黄金	976	8564	12
愚者	977	8563	12
别卡我牌	978	8562	12
李嚴歐尼醬	979	8559	12
uuz	980	8558	12
小鱼姐	981	8558	12
메이슬	982	8557	12
人生海海	983	8556	12
tamankou	984	8555	12
apple	985	8555	12
yueciguan	986	8554	12
One	987	8553	12
JiangNuo	988	8553	12
MIAOBOSS	989	8552	12
zero	990	8550	12
rollingstone	991	8548	12
thefuture	992	8547	12
风华绝代	993	8546	12
欧散克	994	8546	12
炉石酒馆	995	8545	12
冥界夜行者	996	8544	12
hjfdfg	997	8544	12
小笨无敌	998	8544	12
你可以的	999	8542	12
블루로즈	1000	8541	12
騎豬撞少爺	1001	8540	12
Adhg	1002	8540	12
OnyxViper	1003	8538	12
IIdollarCwon	1004	8536	12
芒果小糯米	1005	8535	12
张小铭	1006	8535	12
WithOneLook	1007	8532	12
james6623	1008	8532	12
XiaoshiYYDS	1009	8530	12
히메미야토리	1010	8529	12
Ilvirs	1011	8529	12
扭曲的墨色薩特	1012	8527	12
丁点是个大笨蛋	1013	8527	12
くらやん	1014	8527	12
yes	1015	8526	12
aoeivu	1016	8526	12
彼利	1017	8525	12
SleepyBear	1018	8523	12
我是高阿扣	1019	8520	12
GhostPants	1020	8519	12
zombie2	1021	8517	12
罗哥好	1022	8516	12
自爆卡车	1023	8515	12
カツエさん	1024	8514	12
wodeshijie	1025	8513	12
shedw	1026	8511	12
墨白	1027	8509	12
俗朲	1028	8509	12
sbbx	1029	8509	12
熱切的霓虹色烏賊	1030	8508	12
oji	1031	8505	12
VeroUden	1032	8505	12
Kooh	1033	8504	12
我过分不谨慎	1034	8502	12
cdjsah	1035	8499	12
sxjsuw429	1036	8499	12
REDIO	1037	8499	12
bohan	1038	8499	12
LiangZhe	1039	8497	12
Coldplay	1040	8495	12
鄭元	1041	8494	12
砍死付宝鸡	1042	8491	12
南夷青女	1043	8491	12
LeiNuojiuwo	1044	8489	12
BlueSquid	1045	8488	12
ZKEN	1046	8487	12
莫莲华	1047	8487	12
JOKIC	1048	8483	12
波浪的岩漿色野獸	1049	8483	12
まどか	1050	8482	12
디크	1051	8481	12
こぶいち	1052	8481	12
wdnmd	1053	8480	12
CoralHero	1054	8477	12
AzureImp	1055	8476	12
RandomName	1056	8473	12
絕讚的墨色雪怪	1057	8473	12
율라린	1058	8473	12
青空的追忆	1059	8472	12
Newew	1060	8472	12
狡詐的金色小狗	1061	8469	12
落ち度	1062	8469	12
Kooh	1063	8468	12
Oshinotata	1064	8467	12
Abathur	1065	8464	12
RESTART	1066	8464	12
搞死搞残	1067	8462	12
ShengYe	1068	8462	12
YPTr	1069	8462	12
Butter	1070	8461	12
蛮力之裤	1071	8461	12
大眼睛猫猫	1072	8460	12
可愛的灰色盜賊	1073	8460	12
跳跃之狮	1074	8459	12
老板来包万宝路	1075	8457	12
linfeng	1076	8451	12
岩漿色犀牛	1077	8451	12
欸！弄一碗面给你	1078	8450	12
我濕顧我念	1079	8449	12
灯凛	1080	8448	12
Francis	1081	8447	12
Prunklord	1082	8447	12
LastXuans	1083	8445	12
虾藻	1084	8444	12
BattleB	1085	8444	12
야슈톨라	1086	8444	12
Mantle	1087	8438	12
will	1088	8435	12
EIRIN	1089	8432	12
Skorpan88	1090	8431	12
Theone	1091	8430	12
Knightweiyu	1092	8430	12
三連王子	1093	8428	12
heiheihei	1094	8428	12
Bazinga	1095	8428	12
暗影風暴	1096	8425	12
ShinE	1097	8424	12
hahaha	1098	8422	12
ycyup	1099	8421	12
KayleeTu	1100	8420	12
勇敢的折扇	1101	8420	12
GarfieldGao	1102	8420	12
香蕉騎士	1103	8420	12
DanKeK999	1104	8419	12
三酱油	1105	8418	12
ipxflxc	1106	8418	12
暇なやつ	1107	8417	12
Asuna	1108	8413	12
AimNoob	1109	8413	12
暗影之龙	1110	8412	12
Lilia	1111	8410	12
YuYouheYeYe	1112	8409	12
RubyShark	1113	8407	12
분식집탈옥수	1114	8407	12
StupidBear	1115	8406	12
BUBUMOLI	1116	8402	12
tree	1117	8402	12
忘東忘西不忘妳	1118	8401	12
断魄不会遇见折镜	1119	8400	12
玛卡巴卡	1120	8400	12
云之父	1121	8399	12
kibousan	1122	8399	12
Tiuan	1123	8397	12
shashiwyy	1124	8397	12
奸詐的紅色法師	1125	8396	12
GMT	1126	8393	12
chenqiaoen	1127	8393	12
Yiu	1128	8392	12
Lin	1129	8390	12
恐怖的玫瑰色蛟龍	1130	8387	12
PqZYMyZw	1131	8385	12
养生选手	1132	8385	12
戰鬥束褲	1133	8384	12
llluotljuytz	1134	8383	12
ikun	1135	8383	12
大古ィエ熬成汤	1136	8379	12
叁月柒	1137	8378	12
jlspljw	1138	8377	12
dundundun	1139	8377	12
NfLHxSBPY	1140	8374	12
果汁	1141	8374	12
QuartzBear	1142	8373	12
ALEX	1143	8373	12
专吃小孩	1144	8372	12
雞婆的綠色渡鴉	1145	8371	12
Asuke	1146	8371	12
盗宝地精	1147	8370	12
Mr85c	1148	8368	12
啊勇	1149	8368	12
一个眉笔	1150	8368	12
GoodGodKing	1151	8367	12
高挑的灰色貓頭鷹	1152	8366	12
ちゃんたく	1153	8365	12
琥珀之叶	1154	8365	12
PZJJwiJg	1155	8364	12
群山先生	1156	8363	12
大鸡脖男模	1157	8363	12
BXSM	1158	8359	12
猫九旅者	1159	8359	12
MauveElekk	1160	8357	12
琉璃	1161	8356	12
yfcaiqyi	1162	8355	12
laodaomeidan	1163	8355	12
에이원프로	1164	8355	12
Misaka	1165	8355	12
Madmax	1166	8352	12
LuckyStar	1167	8351	12
SacreDxDick	1168	8346	12
Shiyueli	1169	8344	12
yelldow	1170	8344	12
口夕夕	1171	8344	12
LykMiuJq	1172	8343	12
shiro	1173	8343	12
沉魔	1174	8342	12
白銀天鷹	1175	8341	12
转生无敌雷电将军	1176	8340	12
jiangener	1177	8339	12
gq61	1178	8339	12
kunkun	1179	8339	12
BWB	1180	8336	12
orange	1181	8336	12
どりゅう	1182	8334	12
あわさき	1183	8332	12
JBDa	1184	8331	12
Enzi	1185	8330	12
李鸷	1186	8329	12
WaterBringer	1187	8329	12
BaoxuesDad	1188	8328	12
huan	1189	8328	12
Calvin	1190	8328	12
Moraner	1191	8328	12
黄种人	1192	8327	12
閃亮束褲	1193	8326	12
WhiteArc	1194	8326	12
exy	1195	8324	12
Kim4608	1196	8323	12
云天青	1197	8323	12
Clayevich8	1198	8323	12
qianyang	1199	8323	12
WusDiYO	1200	8321	12
choice	1201	8321	12
OOORANGE	1202	8319	12
While1s	1203	8319	12
廝廝	1204	8317	12
Patrick	1205	8317	12
창세기2장	1206	8316	12
鲍勃我是你爸爸	1207	8314	12
Hermit	1208	8313	12
爰兔	1209	8312	12
skthma	1210	8311	12
新子来了	1211	8308	12
AryatheTyger	1212	8307	12
Xwj	1213	8307	12
冷靜的狼人	1214	8307	12
Rich	1215	8306	12
Aiden	1216	8306	12
integer	1217	8306	12
bobhisdad	1218	8305	12
史詩的綠色活屍	1219	8304	12
老血牛	1220	8303	12
lushichuansh	1221	8302	12
GarnetKodo	1222	8297	12
XQM	1223	8297	12
BBK	1224	8296	12
Hikasi	1225	8296	12
イオリア・シュヘ	1226	8294	12
YIqNNWYe	1227	8293	12
HKJYALoading	1228	8293	12
天下不及我的骚	1229	8292	12
QiuQiu	1230	8290	12
And	1231	8289	12
saber520	1232	8288	12
IKUN	1233	8287	12
田中	1234	8285	12
LemonBear	1235	8284	12
阳光宅男	1236	8284	12
카카로트	1237	8284	12
Smith	1238	8282	12
aaabbbcdcc	1239	8282	12
狮驼岭歌王	1240	8281	12
维尔汀	1241	8281	12
Icarus	1242	8281	12
MZlove	1243	8280	12
NIUMOCHOUBIN	1244	8278	12
魔法小甜甜	1245	8277	12
万玉琴	1246	8277	12
GoodNight666	1247	8276	12
lavish	1248	8275	12
Snail	1249	8274	12
完整的泥巴色鯨魚	1250	8273	12
Djwcb	1251	8273	12
zynxjnp	1252	8272	12
kentron	1253	8270	12
RaidenMei	1254	8269	12
暴龍獸	1255	8269	12
놀래라	1256	8267	12
アツヤ	1257	8266	12
迷失的灵魂	1258	8266	12
学无止境	1259	8266	12
微醺騎士	1260	8266	12
Marlee	1261	8265	12
你的對手	1262	8264	12
君老大	1263	8263	12
厄运信天翁	1264	8261	12
bulibuli	1265	8260	12
wcismambaout	1266	8259	12
伊蕾娜的扫帚小姐	1267	8259	12
Gloomy	1268	8259	12
eternity	1269	8259	12
Swallow	1270	8259	12
GRoom	1271	8259	12
Zakuku	1272	8257	12
s58pay	1273	8256	12
Ohaiyo	1274	8256	12
키자르	1275	8256	12
冷靜的棕褐色雄鹿	1276	8255	12
老酒挽旧友	1277	8255	12
Swear	1278	8255	12
眺望夜空	1279	8254	12
青椒	1280	8253	12
Hwuhuaao	1281	8250	12
songsword	1282	8250	12
BillyG	1283	8249	12
銀嵐	1284	8248	12
可惜的镜之心	1285	8248	12
钓鱼佬	1286	8248	12
shiiiiiiiige	1287	8248	12
OliveRogue	1288	8247	12
erguotou	1289	8247	12
我就随便玩玩	1290	8247	12
tangshengjie	1291	8247	12
BlackOrange	1292	8246	12
幻想天空	1293	8243	12
zv5tq6	1294	8243	12
GhostPants	1295	8243	12
uyzwijdt	1296	8238	12
maiden	1297	8237	12
鲍勃本人	1298	8237	12
frozen	1299	8235	12
许七安	1300	8234	12
戴维	1301	8231	12
xiong14	1302	8229	12
洛神賦	1303	8228	12
CNLuShi	1304	8228	12
zzz	1305	8227	12
serious	1306	8226	12
besstia	1307	8225	12
誠實的灰色野牛	1308	8225	12
Maximus	1309	8225	12
Rose	1310	8224	12
mmzhenkeai	1311	8224	12
潜行之裤	1312	8224	12
Rwy	1313	8224	12
好傑寶護駕	1314	8224	12
Mightly	1315	8223	12
ゆゆ	1316	8223	12
Romacast	1317	8222	12
我们中出了个叛徒	1318	8221	12
zuilusheng	1319	8221	12
shoin	1320	8219	12
KotickKiller	1321	8217	12
式微	1322	8217	12
海参甜不辣	1323	8217	12
Unique	1324	8216	12
機器狼人	1325	8216	12
yiz	1326	8216	12
Kosuzu	1327	8216	12
zuoyena	1328	8214	12
凉夏丿灬	1329	8213	12
巨型的煙霧色鶴	1330	8213	12
完成进度80	1331	8212	12
daijiawe	1332	8212	12
爱哭包	1333	8211	12
JaNa	1334	8210	12
Blgbin	1335	8209	12
土狗	1336	8209	12
萊茵哈特利	1337	8209	12
LavaHound	1338	8208	12
yexuniu5678	1339	8208	12
鮑裡龍	1340	8207	12
fanfansama	1341	8206	12
黄龙	1342	8205	12
ZhouCM	1343	8205	12
Yiiiii	1344	8204	12
Thkx	1345	8202	12
kbs	1346	8202	12
DandB	1347	8201	12
HappyDay	1348	8201	12
syouyu	1349	8200	12
TheZizz	1350	8200	12
簡單的石英色魔嬰	1351	8200	12
QuartzLion	1352	8198	12
SmGbhmEFfnV	1353	8197	12
寒霜腳	1354	8197	12
SepiaThief	1355	8197	12
MakeJmeo	1356	8197	12
uxzlg	1357	8196	12
zakipart	1358	8196	12
爱嘘嘘的狗贼	1359	8195	12
进击的工具人	1360	8194	12
ylz	1361	8192	12
upleyejyhvnj	1362	8192	12
uru	1363	8191	12
七宫智音	1364	8191	12
nospicyyyy	1365	8191	12
小年丶	1366	8191	12
Redooger	1367	8190	12
TaMu	1368	8188	12
实习金铜须	1369	8187	12
Nirvana	1370	8187	12
srujzhlax	1371	8186	12
shiazhuya	1372	8185	12
YUJIE170cm	1373	8185	12
FlameOgre	1374	8182	12
ziran	1375	8181	12
邓老板	1376	8181	12
大枣	1377	8181	12
抱糖果彡	1378	8180	12
清梦	1379	8180	12
rfsx	1380	8180	12
安慕风尘	1381	8179	12
今天有开心吗	1382	8179	12
中老年大叔之友	1383	8179	12
熟練的酒色幽靈	1384	8178	12
douza233	1385	8178	12
铁牛爸比	1386	8177	12
LIUGONGZI	1387	8177	12
GreySquid	1388	8174	12
wfpz	1389	8173	12
舒適的棕色海豹	1390	8173	12
yjkdijqt	1391	8173	12
yukuetsuki	1392	8172	12
eeyan	1393	8171	12
沐羽	1394	8171	12
魔法之裤	1395	8170	12
青枫不愁	1396	8170	12
xcvmpgfev	1397	8170	12
Juncho	1398	8168	12
野小孩	1399	8167	12
DeadlyYFY	1400	8167	12
今晚打老虎	1401	8167	12
麦当劳66	1402	8166	12
JustinGary	1403	8166	12
国服难民王先生	1404	8165	12
deci	1405	8165	12
Vulcan	1406	8164	12
Project	1407	8163	12
WhiteBird	1408	8162	12
LucyWillis	1409	8161	12
世一原	1410	8159	12
莱因哈特	1411	8159	12
凉白开	1412	8158	12
whit	1413	8158	12
Merle	1414	8158	12
qnuotn	1415	8157	12
FEH	1416	8157	12
生氣的芒果色英雄	1417	8155	12
Chicken	1418	8154	12
YjEDrdEa	1419	8152	12
suika	1420	8152	12
Summers	1421	8152	12
GreatPOET	1422	8152	12
可爱的鸡宝	1423	8151	12
Ssoar	1424	8150	12
xyl283	1425	8149	12
simple	1426	8148	12
しゅれ	1427	8148	12
ovoneko	1428	8147	12
taki77	1429	8147	12
Shenwuyue	1430	8146	12
teeth	1431	8146	12
tianyixiyue	1432	8146	12
レックス5264	1433	8146	12
laz	1434	8145	12
来啊互相伤害啊	1435	8145	12
PassionSSS	1436	8145	12
坐看云起时	1437	8145	12
AraNoc	1438	8144	12
cool	1439	8144	12
Xingchenyi	1440	8143	12
JFHurricane	1441	8143	12
Tuchi	1442	8142	12
誠實的雪青色龍獸	1443	8142	12
Zhigu	1444	8142	12
RichardAn	1445	8142	12
伊藤園	1446	8141	12
zhenkeming	1447	8141	12
lemoncat	1448	8141	12
oie3	1449	8141	12
cyzbg	1450	8140	12
EbonLich	1451	8138	12
W1ndovo	1452	8138	12
raytse	1453	8137	12
泥泥的金色小狗	1454	8135	12
野性束褲	1455	8134	12
yolu	1456	8134	12
LiyeAngel	1457	8133	12
superdaly	1458	8132	12
JTX	1459	8131	12
KKP	1460	8130	12
整齊的單色小狗	1461	8129	12
name	1462	8129	12
丸无子	1463	8129	12
Magic	1464	8128	12
FlameTank	1465	8128	12
soloman	1466	8128	12
昨天	1467	8126	12
YouthTour	1468	8126	12
Rutti	1469	8124	12
lovelaz	1470	8123	12
loveandpeace	1471	8122	12
zzz	1472	8120	12
LinkY0	1473	8120	12
来自银河的少年	1474	8120	12
FizzyElf	1475	8119	12
RubyRhino	1476	8119	12
CaoTianTao	1477	8119	12
七濑木实	1478	8119	12
YBB	1479	8118	12
蓝海	1480	8117	12
Rikako	1481	8116	12
暴风雨	1482	8116	12
하글벙글	1483	8115	12
公平公平还是	1484	8114	12
QvQ	1485	8114	12
shuifengzi	1486	8114	12
ARS	1487	8114	12
熱情的玉色法師	1488	8114	12
奸詐的紅色法師	1489	8113	12
大辣鸡	1490	8112	12
絕讚的紅潤色鯊魚	1491	8111	12
OpalBeast	1492	8110	12
yimouer	1493	8109	12
这只兔子不太冷	1494	8108	12
爆发的岩漿色小鸟	1495	8107	12
젤나가	1496	8107	12
희소한오팔마법사	1497	8107	12
everEz	1498	8106	12
冷靜的雪青色貓咪	1499	8105	12
沙漠	1500	8105	12
torinosu	1501	8105	12
fapaiyuan	1502	8103	12
joji	1503	8102	12
ZEROF	1504	8101	12
하기갓	1505	8101	12
onlyohio	1506	8100	12
上将潘凤	1507	8100	12
QAQmiao	1508	8099	12
Dsmyz	1509	8099	12
ABOX	1510	8098	12
守卫者	1511	8097	12
枯燥的單寧色法師	1512	8097	12
氨基酸	1513	8097	12
FKUkotick	1514	8097	12
A11EVEN	1515	8096	12
BigFaceCat	1516	8095	12
战旗糕手	1517	8094	12
Bill	1518	8093	12
JincongLee	1519	8093	12
ジハード	1520	8092	12
CrazyLuo	1521	8092	12
TurretOmega	1522	8091	12
小浩	1523	8090	12
幻海	1524	8090	12
GoldBeast	1525	8090	12
Trista	1526	8090	12
梦不凡丶	1527	8090	12
BOB	1528	8090	12
Clanyan	1529	8089	12
Thefirstone	1530	8088	12
LimeGnoll	1531	8088	12
NeoStory	1532	8088	12
アオ	1533	8088	12
黑暗的玫瑰色狼	1534	8087	12
agang	1535	8086	12
dio	1536	8086	12
makima	1537	8085	12
李狗蛋	1538	8085	12
Lionel6Messi	1539	8084	12
気持ちがいい	1540	8084	12
Shark	1541	8084	12
nohe	1542	8084	12
扶风鱿鱼	1543	8083	12
只因你太美	1544	8083	12
vanste	1545	8083	12
yueyue52	1546	8083	12
聒噪的黯黑色麋鹿	1547	8082	12
finky	1548	8082	12
OliveViper	1549	8082	12
Enzo	1550	8082	12
jeffthegreat	1551	8082	12
Apexexxx	1552	8082	12
运载目标	1553	8082	12
溶解	1554	8081	12
無聊的玫瑰色烏賊	1555	8081	12
tian	1556	8081	12
Smartfrog	1557	8081	12
打不过就加入对面	1558	8081	12
CornerStreet	1559	8081	12
Excelia	1560	8080	12
OliveRogue	1561	8080	12
LINYX	1562	8080	12
LilacOrc	1563	8080	12
聒噪的酒色雪怪	1564	8080	12
dlyjz	1565	8080	12
枯燥的紫紅色貓咪	1566	8080	12
marcus	1567	8079	12
NavyElk	1568	8079	12
MLrecall	1569	8079	12
誠實的雪青色龍獸	1570	8079	12
Mooris	1571	8079	12
冷靜的煙霧小浪狗	1572	8079	12
rock	1573	8078	12
solacb	1574	8078	12
ihunamz	1575	8078	12
Heziii	1576	8078	12
Raito	1577	8077	12
OIIO	1578	8077	12
綠色雪怪	1579	8077	12
Bansbully	1580	8077	12
POZO	1581	8076	12
右子阳	1582	8076	12
影魚人	1583	8076	12
雷姆喵喵喵	1584	8076	12
Tamamo	1585	8076	12
jy4kw553	1586	8076	12
Leaudro	1587	8076	12
Chromie	1588	8076	12
古娜拉翠花	1589	8076	12
김장김치	1590	8076	12
Berry	1591	8076	12
兔多	1592	8076	12
짬뽕먹는마린	1593	8076	12
dave14810	1594	8075	12
死亡之翼	1595	8075	12
nnnttt	1596	8075	12
woshiichan	1597	8075	12
许文耀	1598	8075	12
宝宝巴士	1599	8074	12
Jsz	1600	8074	12
yueqing	1601	8074	12
Legend	1602	8073	12
小小哥布林	1603	8073	12
lengmo	1604	8073	12
LuoXue	1605	8073	12
白羊五九四	1606	8073	12
空城旧梦	1607	8073	12
Nn2	1608	8073	12
footman	1609	8072	12
碎月	1610	8072	12
猎橘人	1611	8071	12
Ganlance	1612	8071	12
かとう	1613	8071	12
非鬼非神似疯魔	1614	8070	12
RDJ	1615	8070	12
無聊的梅色熊	1616	8070	12
EbonMoose	1617	8070	12
千岁驾到	1618	8070	12
evell	1619	8070	12
酷炫迅猛龙	1620	8070	12
虈虈	1621	8070	12
FrankZheng	1622	8070	12
慕殤璃	1623	8070	12
哈哈是我啦	1624	8070	12
KafkasBear	1625	8069	12
Dashu	1626	8069	12
shy	1627	8069	12
dabinss	1628	8069	12
DeadlyWZX	1629	8069	12
Caimeng	1630	8069	12
SEEYOU	1631	8069	12
HAnk	1632	8068	12
zero	1633	8068	12
Matian	1634	8068	12
luck	1635	8068	12
奪命美男	1636	8068	12
wakyz	1637	8068	12
无言自则无发展	1638	8067	12
TheShy	1639	8067	12
한씨	1640	8067	12
uenobn	1641	8067	12
Vic	1642	8067	12
SLHYK1987	1643	8067	12
豪豪豪兒	1644	8067	12
大灰狼殿下	1645	8066	12
基非淡哒	1646	8066	12
蓄意轰拳	1647	8066	12
xiaoDucky	1648	8066	12
ShanZ	1649	8066	12
綾鷹	1650	8065	12
ReimuPrime	1651	8065	12
爱抽利群	1652	8065	12
熱情的火焰色老鷹	1653	8065	12
Hater	1654	8064	12
失踪的星怒	1655	8064	12
kai	1656	8064	12
GHOST	1657	8064	12
蹦蹦騎士	1658	8064	12
sora	1659	8064	12
suiyi	1660	8064	12
コアルヒー	1661	8063	12
ABear	1662	8063	12
yisiluojin	1663	8063	12
警员梁笑棠	1664	8063	12
闪亮之裤	1665	8063	12
T5rGdh8P	1666	8063	12
偉大なるネズミ	1667	8063	12
Aeveltra	1668	8062	12
海風	1669	8062	12
哎哟我的赵	1670	8062	12
melon	1671	8062	12
八级大狂风	1672	8062	12
letmego	1673	8062	12
残夜丶	1674	8062	12
JSXTYXK	1675	8062	12
crow	1676	8062	12
疯狂星期寺	1677	8061	12
宁天	1678	8061	12
鱼骨头	1679	8061	12
Tianxia	1680	8061	12
吃螺蛳粉的姑娘	1681	8061	12
扭曲的雪青色烏賊	1682	8061	12
すーぱーやみー	1683	8060	12
lianVtu	1684	8060	12
Dalangmm	1685	8060	12
mengniu	1686	8060	12
爱抽华子	1687	8060	12
魔法之翼	1688	8060	12
やぎたひろき	1689	8060	12
而房管局	1690	8059	12
WanMao	1691	8059	12
願這場雨下不停	1692	8059	12
林鸱	1693	8058	12
这些怪不是我引的	1694	8058	12
punkhoo	1695	8058	12
신들린토끼	1696	8058	12
xiaobaitu	1697	8057	12
GarnetHound	1698	8057	12
艾伦耶格	1699	8057	12
青葉モカ	1700	8057	12
菜只因	1701	8057	12
RemoteYao	1702	8057	12
喜乐百分百	1703	8057	12
にん	1704	8057	12
shina	1705	8056	12
jsbsq	1706	8056	12
BrotherGyu	1707	8056	12
那年的梦想	1708	8056	12
불면증몽나	1709	8056	12
cugds	1710	8056	12
靠近的泥巴色盜賊	1711	8055	12
蚊香七七	1712	8055	12
猪猪夏	1713	8055	12
OrangeMoon	1714	8055	12
辗转风中	1715	8055	12
星之守护者	1716	8055	12
Deception	1717	8055	12
Dattypham	1718	8055	12
EbonHydra	1719	8054	12
zzzz	1720	8054	12
壹世坏珠泪哀歌	1721	8054	12
鲍勃干儿子	1722	8054	12
Phasmophobia	1723	8054	12
浪尖逍遥	1724	8054	12
人狼	1725	8053	12
동건	1726	8053	12
youers	1727	8053	12
你爸爸	1728	8053	12
비상식	1729	8053	12
단기렙업	1730	8053	12
Qxxxxxx	1731	8052	12
ZSGVFDBH	1732	8052	12
长安	1733	8052	12
西行寺幽幽子	1734	8052	12
恐惧之裤	1735	8051	12
Gungnir	1736	8051	12
Hexs	1737	8051	12
Okarin	1738	8051	12
rusk	1739	8051	12
JIangJIang	1740	8051	12
芜湖起飞	1741	8051	12
Requiem	1742	8050	12
养猪人	1743	8050	12
熱切的淺褐色烏賊	1744	8050	12
wordly	1745	8050	12
烦心	1746	8050	12
喜欢咕噜咕噜	1747	8050	12
jay	1748	8049	12
愿大自然保佑你	1749	8049	12
XYIE	1750	8049	12
wbyxxsfj	1751	8049	12
javaScriptA	1752	8049	12
冷靜的棕褐色雄鹿	1753	8049	12
景天	1754	8049	12
Mercy	1755	8049	12
Alastor	1756	8048	12
baolei	1757	8048	12
MemeDa	1758	8048	12
耳の裏	1759	8048	12
善良的橄欖色鯊魚	1760	8048	12
tom	1761	8048	12
bajdjs	1762	8048	12
유구유그	1763	8048	12
lux	1764	8047	12
韩莽夫	1765	8047	12
沉默風暴	1766	8047	12
SilGuaai	1767	8047	12
hbtmjj2	1768	8047	12
安全的薄荷色駝鹿	1769	8047	12
黒ネコ	1770	8047	12
涛妹的泡友	1771	8046	12
Herodreamer	1772	8046	12
liuwingkit	1773	8046	12
TAEMWORK	1774	8046	12
輝炎疾风	1775	8046	12
egoste78	1776	8046	12
大安庄园欢迎我	1777	8045	12
十香风影	1778	8045	12
打滴滴	1779	8045	12
都什么年代了	1780	8045	12
星予丶	1781	8045	12
Menglingyang	1782	8045	12
lovely	1783	8045	12
九虎	1784	8044	12
KOKOM	1785	8044	12
機器巫師	1786	8044	12
BigAce	1787	8044	12
Kyaru	1788	8044	12
宇宙无敌美少女	1789	8044	12
愛睏小皮	1790	8043	12
wanlyer	1791	8043	12
头好痒要长脑子了	1792	8043	12
复健练习	1793	8043	12
yukisiro	1794	8043	12
棉花糖	1795	8043	12
整潔的芒果色法師	1796	8042	12
拉格朗日	1797	8042	12
风希	1798	8042	12
明日的希望	1799	8042	12
모름	1800	8041	12
bellalin	1801	8041	12
aDou	1802	8041	12
阿紫	1803	8041	12
不吃香菜的猪	1804	8041	12
HERO	1805	8041	12
Lukekzeepop	1806	8041	12
Andy	1807	8040	12
跳ねっ返りナイト	1808	8040	12
疯狂杀神	1809	8040	12
臭臭蛙	1810	8040	12
周卓之光	1811	8040	12
biliisDD	1812	8040	12
ビットコイン	1813	8040	12
LemonKodo	1814	8039	12
zjy	1815	8039	12
Jarvan	1816	8039	12
MasterLin	1817	8039	12
九烨烨	1818	8038	12
buyue	1819	8038	12
王儒博	1820	8038	12
聒噪的青色獾	1821	8038	12
Momo	1822	8038	12
Pokopoko	1823	8037	12
潇洒	1824	8037	12
好運貓頭鷹	1825	8037	12
今日赢业中	1826	8037	12
主要的灰色盜賊	1827	8037	12
shalvelin	1828	8037	12
东风快递	1829	8037	12
東風凜	1830	8036	12
Nongyak	1831	8036	12
猪猪乐	1832	8036	12
MagicPants	1833	8036	12
浮生若梦	1834	8036	12
aaaabbbb	1835	8036	12
吴尘	1836	8036	12
WHHSMD	1837	8036	12
Javaman	1838	8035	12
RedEyeKnight	1839	8035	12
bilibiliNEKS	1840	8035	12
绮罗生	1841	8035	12
理智的岩漿色犀牛	1842	8035	12
鷹峰さん	1843	8035	12
misaka	1844	8035	12
RAIKKONEN	1845	8035	12
yui	1846	8035	12
浅语之后	1847	8035	12
扭曲的檸檬色盜賊	1848	8034	12
ylssb	1849	8034	12
幽靈	1850	8034	12
聒噪的黯黑色麋鹿	1851	8034	12
古曲一奏离殇	1852	8034	12
likudora	1853	8034	12
IKUNcb	1854	8034	12
糖豆豆	1855	8034	12
하스하는우비	1856	8034	12
jyetbx	1857	8033	12
Sadgeclown	1858	8033	12
Camelbeaver	1859	8033	12
luckypotato	1860	8033	12
枯燥的單寧色法師	1861	8033	12
whatever	1862	8033	12
舒適的煙霧色雪怪	1863	8033	12
性感的母巨蜥	1864	8033	12
瓦莉拉	1865	8033	12
Koiz	1866	8033	12
光り輝くあれ	1867	8033	12
如墨	1868	8033	12
Sirokin	1869	8032	12
katieyuri	1870	8032	12
Roku	1871	8032	12
BusOY	1872	8032	12
风轻轻我亦轻	1873	8032	12
Grey	1874	8032	12
fufu	1875	8032	12
DJWcb	1876	8032	12
Estrella	1877	8032	12
draglevi	1878	8032	12
TheGodLyAh0	1879	8032	12
ﾀﾏｺﾞｻﾝﾄﾞ	1880	8032	12
黑騎士	1881	8031	12
黄色貓蛋	1882	8031	12
ruyansanchen	1883	8031	12
ax4tedzd	1884	8031	12
EGwm02917	1885	8031	12
Tan	1886	8031	12
LAB	1887	8031	12
太阳	1888	8030	12
djwcb	1889	8030	12
BlueMoose	1890	8030	12
滑稽的墨色老鷹	1891	8030	12
武藤游戏	1892	8030	12
sunwenjie	1893	8030	12
扭曲的墨色薩特	1894	8030	12
DJWcaibi	1895	8030	12
庄生梦蝶	1896	8030	12
siukin	1897	8030	12
xx20ymt	1898	8030	12
小姐姐教你玩战旗	1899	8030	12
Gamamon	1900	8030	12
咸鱼超人	1901	8030	12
spehjor	1902	8030	12
mengduoduo	1903	8030	12
DaringCC	1904	8030	12
kaguya	1905	8030	12
Electricfox	1906	8030	12
真實的亞麻色蛟龍	1907	8029	12
lkdkfg	1908	8029	12
Wijwjw	1909	8029	12
今晚早睡	1910	8029	12
ClumsyFi	1911	8029	12
牛皮吹得震天响	1912	8029	12
bigdan	1913	8029	12
Last	1914	8029	12
narutosoul	1915	8028	12
さとうきび	1916	8028	12
tg0vjb	1917	8028	12
平衡的灰色幽靈	1918	8028	12
Hapihipo	1919	8028	12
夜神月	1920	8028	12
不邪	1921	8028	12
zzhowwoh	1922	8028	12
狼狼	1923	8028	12
너꼬시러왔어	1924	8028	12
Roadofhope	1925	8027	12
발키리	1926	8027	12
請不要問我為什麼	1927	8027	12
生鏽的棕色坦克	1928	8027	12
鹤七寻	1929	8027	12
白织	1930	8027	12
想猫的鱼	1931	8027	12
huyagg	1932	8027	12
sum	1933	8027	12
睿智的雪青色獸人	1934	8027	12
巨大的紅潤色活屍	1935	8027	12
emyuu	1936	8026	12
xyak	1937	8026	12
昏暗的紅潤色熊	1938	8026	12
곰슬기	1939	8026	12
无聊的粉色猫咪	1940	8026	12
AIvelan	1941	8026	12
tressa	1942	8026	12
explorer	1943	8026	12
Buttbeer	1944	8026	12
skyhz	1945	8026	12
謎のトロール	1946	8026	12
bihjqevg	1947	8025	12
安全的檸檬色英雄	1948	8025	12
xiaohaitun	1949	8025	12
kvyagliizc	1950	8025	12
민들레스	1951	8025	12
Lfjcnfxn	1952	8025	12
迷你泰坦	1953	8025	12
모험가	1954	8025	12
muye997	1955	8025	12
Nitrousoxide	1956	8025	12
冷靜的單寧色龍獸	1957	8025	12
瘋狂貓	1958	8025	12
klous	1959	8025	12
潇湘夜雨沫大	1960	8025	12
波浪的岩漿色野獸	1961	8025	12
苏么	1962	8025	12
禦宅有術	1963	8025	12
戰鬥蛙	1964	8025	12
DPkorosuman	1965	8025	12
銅鑼灣的國中生	1966	8025	12
Yorick	1967	8025	12
LaitoLai	1968	8024	12
QuartzRogue	1969	8024	12
XEDXWS	1970	8024	12
BeigeSquid	1971	8024	12
丹东吴彦祖	1972	8024	12
uuuvj	1973	8024	12
SIZGom	1974	8024	12
萝卜吃兔子	1975	8024	12
子夜	1976	8024	12
呱咩呱咩	1977	8024	12
baidnx	1978	8024	12
hsjjska	1979	8024	12
JIAO3	1980	8024	12
benji	1981	8024	12
Moreno	1982	8024	12
SuperBing	1983	8024	12
JavaScript	1984	8024	12
luckrain	1985	8024	12
jyun19	1986	8024	12
护城河边私奔	1987	8023	12
嬌小的淺褐色狼	1988	8023	12
rockycat	1989	8023	12
xyr	1990	8023	12
Myoga	1991	8023	12
Augenstern	1992	8023	12
xhvugvv	1993	8023	12
chenmengfei	1994	8023	12
KKISAOA	1995	8023	12
鲍勃是我好大儿	1996	8023	12
Zafer	1997	8023	12
운좋은바지	1998	8023	12
남상현	1999	8023	12
HumiS2	2000	8023	12
qwdbg	2001	8022	12
牌神	2002	8022	12
史詩的綠色活屍	2003	8022	12
yeku67	2004	8022	12
Sadwind	2005	8022	12
포더킹애호가	2006	8022	12
ssd	2007	8022	12
ada	2008	8022	12
Makarka	2009	8021	12
誠實的粉色龍獸	2010	8021	12
FrostyFeet	2011	8021	12
测鲍勃妈	2012	8021	12
VinceQ	2013	8021	12
xueerkl	2014	8021	12
gonglin	2015	8021	12
我已流浪如此之久	2016	8021	12
dgfdh	2017	8021	12
Jacky	2018	8021	12
Evildoer	2019	8021	12
Fcf	2020	8021	12
nobuDX	2021	8021	12
할아버지	2022	8020	12
Kuma666	2023	8020	12
Springsong	2024	8020	12
狗顺	2025	8020	12
云玩家	2026	8020	12
高挑的棕褐色巨魔	2027	8020	12
Chess	2028	8020	12
LuckyMeari	2029	8020	12
元气满满	2030	8020	12
ilmoix	2031	8020	12
一半的火焰色鵬	2032	8020	12
Avenged	2033	8020	12
苦瓜	2034	8019	12
Marsroy	2035	8019	12
安然无恙	2036	8019	12
幸运的猫咪	2037	8019	12
huangjinAK	2038	8019	12
我也只玩鱼人	2039	8019	12
diaonamizibi	2040	8019	12
hihikk	2041	8019	12
LavaBat	2042	8018	12
LXsZQN	2043	8018	12
純粹的青色鶴	2044	8018	12
fight	2045	8018	12
ChanFan	2046	8018	12
석양충	2047	8018	12
Muwlbum	2048	8018	12
Richard99	2049	8018	12
okoyan	2050	8017	12
朽歌	2051	8017	12
炉石真尼玛好玩	2052	8017	12
YolinY	2053	8017	12
nb666	2054	8017	12
色麋鹿	2055	8017	12
DonYi	2056	8017	12
牛牛牛奋	2057	8017	12
jiandewu	2058	8017	12
sidlob7	2059	8017	12
upupup	2060	8017	12
狡猾的霓虹色鶴	2061	8017	12
posesi	2062	8017	12
weii	2063	8017	12
BlindBrain	2064	8017	12
司马暴雪	2065	8016	12
huliang	2066	8016	12
OpalLion	2067	8016	12
DabinSS	2068	8016	12
Ravon	2069	8016	12
最烦我的帅	2070	8016	12
意志昂然	2071	8016	12
CHUK	2072	8016	12
WtycbFox	2073	8016	12
Iamllk	2074	8016	12
WUYE	2075	8016	12
木薯粉	2076	8016	12
游戏王	2077	8016	12
厄運束褲	2078	8016	12
hearthking	2079	8016	12
Niu	2080	8016	12
巨硬的內內	2081	8016	12
hugelephant	2082	8016	12
我要當現充	2083	8015	12
Zafkiel	2084	8015	12
clytze	2085	8015	12
魔傲剑	2086	8015	12
MIA	2087	8015	12
ggfjja	2088	8015	12
掌中萌虎	2089	8015	12
理智的棕色蝙蝠	2090	8015	12
jzzybgy	2091	8015	12
完整的橄欖色雄鹿	2092	8015	12
真實的灰色野牛	2093	8015	12
Orz	2094	8015	12
로나	2095	8015	12
白菜工厂2187	2096	8014	12
zeroone	2097	8014	12
bibi	2098	8014	12
不能说的秘密	2099	8014	12
巨型的棕褐色雪怪	2100	8014	12
不谈	2101	8014	12
寒冷的岩漿色幽光	2102	8014	12
emo	2103	8014	12
itsartin	2104	8014	12
농사의신	2105	8014	12
moku	2106	8014	12
한번두번	2107	8013	12
二十二	2108	8013	12
fnomj2	2109	8013	12
OvO	2110	8013	12
sakamaki	2111	8013	12
baiye	2112	8013	12
仪琳小师妹	2113	8013	12
一刀切	2114	8013	12
簡單的青色科多獸	2115	8013	12
samjiang	2116	8013	12
CoralMage	2117	8012	12
GarnetMoose	2118	8012	12
ggsong	2119	8012	12
what	2120	8012	12
KFCV50	2121	8012	12
ccccqh	2122	8012	12
Dacapo	2123	8012	12
Person	2124	8012	12
GreyOtter	2125	8012	12
小小星	2126	8012	12
北方神的荣耀	2127	8012	12
biesan	2128	8012	12
伊豆的歌女	2129	8012	12
huimiezhiyu	2130	8011	12
nkmjswop	2131	8011	12
七夕	2132	8011	12
RustRaven	2133	8011	12
微笑吧	2134	8011	12
Sheldon	2135	8011	12
wang23333	2136	8011	12
摇啊摇	2137	8011	12
瘋狂貓咪	2138	8011	12
Mories	2139	8011	12
jackiechan	2140	8011	12
secondbro	2141	8011	12
Owlcity	2142	8011	12
교미베어	2143	8011	12
天天躺平	2144	8010	12
QuartzDrake	2145	8010	12
Vest	2146	8010	12
小猪佩奇	2147	8010	12
GreyLion	2148	8010	12
青蛙跳海鸭梨山大	2149	8010	12
团团大玮	2150	8010	12
严力粥	2151	8010	12
DeBruyne	2152	8010	12
bopaul	2153	8010	12
机械狼人	2154	8010	12
BELLSTONE	2155	8010	12
暴躁的叶子	2156	8009	12
owegrr	2157	8009	12
戰鬥束褲	2158	8009	12
huoxing	2159	8009	12
longxiaoling	2160	8009	12
你在教我做事	2161	8009	12
Vizer	2162	8009	12
爱萌萌的执著	2163	8009	12
Hercules	2164	8009	12
madmanking	2165	8009	12
MIN	2166	8009	12
蜗蚀倪跌	2167	8008	12
Kljh	2168	8008	12
Emilia	2169	8008	12
fhwfhwwod	2170	8008	12
自由的红色熊猫	2171	8008	12
skyblood	2172	8008	12
ffzyone	2173	8008	12
Elaina	2174	8008	12
迷你泰坦	2175	8008	12
電腦網路好簡單	2176	8008	12
麻溜魔鬼	2177	8008	12
kuroebi	2178	8007	12
tuuzxlodfgab	2179	8007	12
jroght	2180	8007	12
porwgcq	2181	8007	12
King	2182	8007	12
AiYacnm	2183	8007	12
价值50的好兄弟	2184	8007	12
夏韭菜	2185	8007	12
Nuta	2186	8006	12
暗影魚人	2187	8006	12
SaltedFIsh	2188	8006	12
zhaohaoqiu	2189	8006	12
TigerZhang	2190	8006	12
lingjiao5696	2191	8006	12
川又千秋	2192	8006	12
syholl	2193	8006	12
yoyoyo	2194	8006	12
영불영불	2195	8006	12
漆黑の闪光	2196	8006	12
Kingjerty	2197	8005	12
WalkingMort	2198	8005	12
出雲大社	2199	8005	12
dengxingyu	2200	8005	12
Benief	2201	8005	12
NavyYeti	2202	8005	12
Ayaka	2203	8005	12
Yoyoisaac9	2204	8005	12
國際公安	2205	8005	12
重生我是沸羊羊	2206	8005	12
fzxyqn	2207	8005	12
wbhqmz	2208	8005	12
威猛先生	2209	8005	12
GODZik	2210	8005	12
MagicTurtle	2211	8005	12
芝士雪豹	2212	8005	12
清弦	2213	8005	12
奪命小喵	2214	8005	12
baoxuelvcha	2215	8005	12
Tiffaaaaa	2216	8005	12
凉山物青	2217	8005	12
coloshiya	2218	8005	12
西班牙的牛	2219	8005	12
KisiL	2220	8005	12
신컨	2221	8004	12
股神	2222	8004	12
Vlad	2223	8004	12
hhpv	2224	8004	12
Sun	2225	8004	12
ikun	2226	8004	12
sbsbsb	2227	8004	12
linluo	2228	8004	12
冷靜的墨色蛇	2229	8004	12
洛殇	2230	8004	12
Longdexin99	2231	8004	12
Newhands	2232	8004	12
みらの	2233	8004	12
Kaiser	2234	8004	12
Mandalah	2235	8003	12
happygame	2236	8003	12
UBvtSUl	2237	8003	12
punk	2238	8003	12
小巨魔	2239	8003	12
usxtxbnw	2240	8003	12
邪惡的棕褐色獅子	2241	8003	12
涛妹我来啦	2242	8003	12
奪命小喵	2243	8003	12
遲到的粉色薩特	2244	8003	12
絕讚的玫瑰色雪怪	2245	8003	12
卑劣的紅色鶴	2246	8003	12
鲍勃发烂牌搞我	2247	8003	12
杨玉祥	2248	8003	12
ChinaBoy	2249	8003	12
biankheaven	2250	8003	12
老七	2251	8002	12
溪风	2252	8002	12
RadiantRealm	2253	8002	12
勇敢牛牛	2254	8002	12
RustImp	2255	8002	12
cc551617	2256	8002	12
gvjmsejmt	2257	8002	12
风中凌乱了	2258	8002	12
暗夜旭光	2259	8002	12
GodGun	2260	8002	12
SmellWolf	2261	8002	12
Anthony	2262	8002	12
NBLion	2263	8002	12
술래	2264	8002	12
逗你玩	2265	8002	12
hanabiy	2266	8002	12
可愛的鐵鏽色老鷹	2267	8001	12
城南花已开	2268	8001	12
votw	2269	8001	12
整齊的酒色豺狼人	2270	8001	12
Protein	2271	8001	12
you	2272	8001	12
扭曲的棕褐色魔嬰	2273	8001	12
xnjjrjdjdjdu	2274	8001	12
injtsqh	2275	8001	12
翩跹	2276	8001	12
暮色轻影	2277	8001	12
control	2278	8001	12
ehnsicxf	2279	8000	12
小魔王神棍	2280	8000	12
ocean	2281	8000	12
西格玛男人	2282	8000	12
Cole	2283	8000	12
battletag	2284	8000	12
cffayrq	2285	8000	12
ZGno1	2286	8000	12
神經巫師	2287	8000	12
well	2288	8000	12
cyl99ljh1	2289	8000	12
靠近的泥巴色盜賊	2290	8000	12
AppleMorning	2291	8000	12
不缺再来的勇气	2292	8000	12
小小之食人魔	2293	8000	12
纯脑瘫	1	20812	13
ranpuz	2	18787	13
GODZILLA	3	18564	13
BestCN	4	18448	13
dmli	5	18283	13
ちぇいん	6	18023	13
xixiha	7	17982	13
纯脑瘫	8	17841	13
BWB	9	17773	13
白上フブキの奴隷	10	17762	13
Steven	11	17713	13
hdgh	12	17547	13
唯我独尊マン	13	17520	13
Gale	14	17302	13
sBCAFqjq	15	16603	13
MrLongMing	16	16571	13
飛馬	17	16314	13
真不是百合厨	18	15834	13
saninobe	19	15757	13
ginko	20	15649	13
ゆこてこ	21	15018	13
깔끔한황색곰	22	15000	13
ikep	23	14988	13
Lebijonatiez	24	14974	13
Tora0ka	25	14952	13
XM15K	26	14942	13
fengding	27	14939	13
ダイナソー竜崎	28	14917	13
sivk	29	14911	13
CHANG	30	14816	13
炉石风暴	31	14432	13
sena	32	14395	13
临南	33	14329	13
why	34	14286	13
名字何其好	35	14269	13
みき	36	14151	13
EbonElekk	37	14126	13
ohaguro	38	13881	13
SyoGo	39	13788	13
白玉歐	40	13698	13
inventor	41	13697	13
Citruslimon	42	13696	13
なぜこんなことに	43	13626	13
Armour	44	13618	13
joker	45	13573	13
window	46	13453	13
小猪和小狗	47	13330	13
Keron	48	13278	13
浮雲傳說	49	13268	13
无名之辈	50	13241	13
Eros	51	13240	13
qmkin	52	13239	13
TiP	53	13234	13
iceqooc	54	13168	13
戰鬥蛙	55	13162	13
JingHong	56	13139	13
瘋狂鑽石	57	13097	13
萌死戳	58	13088	13
AzureWolf	59	13071	13
MOTTI	60	13071	13
jan	61	13068	13
ばかじゃない	62	13050	13
Campus	63	12987	13
TaMu	64	12942	13
えすけー	65	12836	13
みらの	66	12826	13
Caramel	67	12811	13
HXry	68	12773	13
柒柒88	69	12762	13
설익	70	12688	13
LaoMin	71	12688	13
QianYi	72	12661	13
yidruidfuren	73	12641	13
바이렛	74	12595	13
おにおん	75	12588	13
COZY	76	12554	13
诚实可靠小郎君	77	12545	13
영혼연성	78	12544	13
kni417	79	12500	13
レイタ老	80	12461	13
Youchien	81	12457	13
fantom	82	12448	13
名白椛	83	12444	13
miaoshifu	84	12422	13
zhuansheng	85	12412	13
ALuo	86	12394	13
こたつ	87	12350	13
Tonikaku	88	12347	13
禿頂的橄欖色坦克	89	12337	13
sikuro	90	12330	13
LimeDrake	91	12315	13
DARKBLOW	92	12294	13
饿的迷迷茫茫	93	12287	13
NaCho	94	12279	13
羊駝	95	12262	13
FunkyAki	96	12234	13
燒鴨	97	12205	13
Taishi	98	12201	13
adver	99	12190	13
わかてんぐ	100	12171	13
よーし	101	12109	13
MRTGGG	102	12060	13
woniu	103	12055	13
naolg	104	12051	13
CNdwa	105	12042	13
하루	106	12030	13
Raizin	107	11959	13
隱身即無敵	108	11932	13
花芽なずなの下僕	109	11853	13
ほへほへ	110	11822	13
狂奔的路飞	111	11818	13
劳模	112	11817	13
공허의시공	113	11801	13
無聊的灰色老鷹	114	11793	13
休伞	115	11786	13
Rocka	116	11778	13
kpjayw	117	11751	13
Vixerunt	118	11726	13
서릿발공	119	11696	13
iku	120	11678	13
toyop	121	11663	13
Andy	122	11639	13
잔양	123	11633	13
桑碗莱壳油	124	11630	13
Deadshark	125	11623	13
請不要問我為什麼	126	11599	13
StarSpace	127	11598	13
sola	128	11594	13
沉溺	129	11594	13
tymiya2010	130	11579	13
别说话毒我	131	11575	13
理智的瑪瑙色蛇	132	11550	13
WaterSlim	133	11549	13
ZHYES	134	11541	13
YiLingSama	135	11521	13
本气黑猫	136	11516	13
Jooly	137	11502	13
적혈귀	138	11493	13
sxjsuw429	139	11486	13
邓老板	140	11479	13
扭曲的玫瑰色水氷	141	11472	13
Shiyueli	142	11468	13
ViKNG	143	11456	13
Xiaohu88	144	11403	13
棋逢对手剑走偏锋	145	11401	13
人生海海	146	11400	13
みつろう	147	11395	13
月上海棠漫	148	11384	13
WUXIN	149	11384	13
Turai	150	11382	13
Dalangmm	151	11375	13
내목숨을아이어에	152	11344	13
ゴロゴロ	153	11343	13
JackySky	154	11327	13
sidlob7	155	11319	13
serve	156	11306	13
OnionKnight	157	11288	13
你可真是个人才	158	11279	13
Dawn	159	11278	13
level	160	11256	13
yda	161	11237	13
hzzz	162	11223	13
Ayanami	163	11222	13
OneShot4	164	11207	13
Kimchee	165	11207	13
李天一	166	11194	13
ワンタイン	167	11191	13
水火雨梦	168	11177	13
三毛色	169	11177	13
vincent1	170	11171	13
Aeveltra	171	11152	13
시라이쿠로코	172	11152	13
gtplnlm	173	11145	13
RK5191	174	11138	13
GGBOM	175	11113	13
dreamfate	176	11109	13
Adam23333	177	11058	13
노박구	178	11054	13
無用的灰色多頭蛇	179	11048	13
theaze	180	11046	13
みーくん	181	11037	13
LXG666NB	182	11025	13
yyw223	183	11018	13
Atsj1	184	11016	13
ののぶ	185	10985	13
그림자용	186	10983	13
ashe	187	10976	13
MING1919810	188	10971	13
Mercicy	189	10967	13
Tianxia	190	10964	13
游家小哥	191	10961	13
htndowtvm	192	10931	13
Sheloy	193	10927	13
神奇阿鈺	194	10924	13
伏昭	195	10921	13
FkNewFish	196	10918	13
SleepyBear	197	10917	13
第六排便魔王です	198	10916	13
Zayde	199	10905	13
速八糕手负七七	200	10884	13
おおやひろし	201	10864	13
阿四	202	10861	13
Bansbully	203	10851	13
李霸霸	204	10850	13
qihainanami	205	10839	13
yueyue52	206	10834	13
Raito	207	10814	13
LINYX	208	10807	13
gfdjg	209	10805	13
及你太美	210	10804	13
DJWCB	211	10795	13
StephenL	212	10785	13
Aber	213	10771	13
굳덕수	214	10763	13
BestBeeMonda	215	10753	13
Yanhuanan	216	10741	13
zaoplayer	217	10731	13
大老虎	218	10730	13
G25G88710	219	10727	13
清弦	220	10721	13
Dearbeai	221	10705	13
euyurnil	222	10703	13
电击插	223	10700	13
爱上炉石	224	10699	13
SpeedyRogue	225	10696	13
shilian	226	10676	13
沉默寶劍	227	10672	13
wscla	228	10665	13
뚱인대요	229	10660	13
我没有爱	230	10653	13
我过分不谨慎	231	10648	13
Mangor	232	10644	13
CSY	233	10643	13
cal	234	10638	13
Bunnyfunder	235	10635	13
MauveSquid	236	10629	13
かにかま	237	10616	13
도루룽	238	10605	13
Gin	239	10604	13
kqwrjyntavw	240	10582	13
田中	241	10577	13
天天躺平	242	10571	13
Yiu	243	10571	13
LunaticFox	244	10569	13
yugerex	245	10567	13
보리스	246	10566	13
machine	247	10562	13
wcgtwlvbbxps	248	10555	13
Lael	249	10547	13
ilittlepanda	250	10544	13
kumai	251	10525	13
将棋部	252	10524	13
スペック	253	10522	13
굳덕수저격수	254	10520	13
MagicPants	255	10517	13
DirePants	256	10517	13
应笑喔	257	10517	13
MoonLitMilu	258	10517	13
AraNoc	259	10516	13
Darklord77	260	10506	13
青空銀行	261	10502	13
Abathur	262	10500	13
伊蕾娜的猫猫	263	10492	13
harukaze	264	10492	13
SilentStorm	265	10487	13
理智的黯黑色小狗	266	10480	13
lates	267	10479	13
孤竹丘	268	10476	13
Gin	269	10471	13
我為艾爾而生	270	10464	13
snvpsocvv	271	10463	13
BoongBoong	272	10457	13
제리툰	273	10450	13
laf	274	10435	13
パイロブラスト	275	10432	13
奸詐的亞麻色巨魔	276	10430	13
PoliteKorean	277	10429	13
dai	278	10428	13
Continue	279	10426	13
万玉琴	280	10420	13
桜葉瑠璃夢	281	10417	13
宜繁	282	10408	13
gigazya	283	10406	13
안녕하세요	284	10403	13
reyu	285	10399	13
青椒	286	10399	13
酒馆大汉	287	10397	13
電柱	288	10396	13
KKang	289	10394	13
跳ねっ返りナイト	290	10393	13
天道花憐	291	10389	13
元気もりお	292	10388	13
ころん	293	10382	13
あーすなな	294	10378	13
すーぱーやみー	295	10372	13
地方雷恩	296	10361	13
Trista	297	10360	13
Hellgunnerzz	298	10353	13
integer	299	10347	13
Xxxxxxy	300	10344	13
洛神賦	301	10338	13
ｍｍｃｃ	302	10337	13
只会电表	303	10333	13
doggun	304	10332	13
EmptyNest	305	10316	13
chengduBr	306	10313	13
Qing	307	10308	13
靠近的泥巴色盜賊	308	10307	13
Swallow	309	10305	13
熱烈なタカ	310	10302	13
favourite	311	10288	13
issa	312	10288	13
kkking	313	10284	13
Marcoscongas	314	10275	13
JaneRachel	315	10263	13
冰海沧月	316	10259	13
把把排低分队友	317	10258	13
十又八九	318	10257	13
bumpcamel	319	10256	13
阿席達卡的逃犯	320	10244	13
catfood	321	10239	13
屁屁的精靈	322	10224	13
恶趣的浪莎	323	10220	13
YCL	324	10216	13
Solong	325	10215	13
Capricorn	326	10213	13
绝境无序	327	10206	13
Moraner	328	10205	13
阿富	329	10198	13
謎のイカ	330	10187	13
人菜倒霉掉大分	331	10185	13
evsrcrdj	332	10184	13
NOAH	333	10174	13
Hikasi	334	10172	13
yes	335	10168	13
yueciguan	336	10168	13
DeadlyMouse	337	10158	13
朝露逢花	338	10156	13
ふくしま0419	339	10155	13
從此再無加一秒	340	10154	13
한번사는인생	341	10154	13
FLYsky	342	10153	13
JIAO3	343	10142	13
wuyanzu	344	10134	13
mmmmmmmm	345	10128	13
PearlImp	346	10127	13
yyyyiiii	347	10125	13
Beam	348	10124	13
DeathEnder	349	10122	13
jippijip	350	10120	13
真夜中のカラス	351	10114	13
mozhangcong	352	10113	13
noth	353	10111	13
HAnk	354	10108	13
uhariqi	355	10108	13
hanhan	356	10106	13
KOKOM	357	10102	13
溫和的玉色熊	358	10102	13
かめぴー	359	10092	13
Magic	360	10078	13
엉이	361	10076	13
暇なやつ	362	10074	13
djwcb	363	10070	13
天才小熊猫	364	10069	13
不跟你哆哔哔	365	10057	13
Ssoar	366	10057	13
luori	367	10056	13
loop	368	10056	13
BK201	369	10056	13
Zhzuz	370	10054	13
OnyxViper	371	10045	13
八一	372	10043	13
无敌暴龙战神	373	10042	13
IsTTKCaRRy	374	10041	13
臭臭泥456	375	10037	13
云天青	376	10036	13
siukin	377	10036	13
sbbaoxue	378	10033	13
NyaQianZi	379	10033	13
JBDa	380	10030	13
傲娇05小男娘	381	10030	13
暗影風暴	382	10028	13
talsori	383	10026	13
ポンコツ	384	10025	13
グリード	385	10024	13
シン000	386	10016	13
ただつく	387	10016	13
Enogap	388	10014	13
ダンディ・さしみ	389	10014	13
okpro	390	10014	13
ゆーぼー	391	10011	13
機器狼人	392	10007	13
Luca	393	10006	13
jyun19	394	10006	13
saepp	395	10004	13
Yolo	396	10003	13
yuu00824	397	10002	13
Kaiser	398	10001	13
ykk	399	9996	13
警员梁笑棠	400	9995	13
liuwingkit	401	9988	13
nishiking	402	9985	13
寒冷的珊瑚色竊賊	403	9981	13
ABear	404	9977	13
左小沐	405	9969	13
ovo	406	9965	13
EbonSeal	407	9953	13
娜娜后乐园	408	9953	13
張戈城	409	9947	13
이윤수	410	9947	13
微醺騎士	411	9942	13
Lastwolf	412	9940	13
kvsjbfor	413	9936	13
alfrooooo	414	9933	13
askk	415	9933	13
BigBoss	416	9931	13
MrMyName	417	9926	13
mnkutf	418	9923	13
八丈的义父	419	9921	13
隱祕魷魚	420	9915	13
性感农夫	421	9915	13
哎呀	422	9912	13
성훈킴	423	9908	13
불운의아이콘	424	9902	13
ChallengeKim	425	9901	13
謎のトロール	426	9897	13
张小衍	427	9894	13
ZKEN	428	9889	13
almikuaxe	429	9878	13
三萨哈	430	9871	13
芒果小糯米	431	9862	13
靦腆的金色貓頭鷹	432	9862	13
feifei	433	9851	13
Layer52	434	9850	13
포더킹애호가	435	9849	13
CryingRobot	436	9839	13
鍵山	437	9838	13
祁久卿	438	9832	13
WLAI	439	9827	13
雪兒	440	9825	13
Switch	441	9824	13
只玩鱼人	442	9824	13
九转大肠真的香	443	9813	13
Kaede	444	9812	13
鄭元	445	9808	13
酒馆老汉	446	9806	13
帅的扣比	447	9805	13
枫叶	448	9793	13
艾逸丶寻风	449	9787	13
踏足山巅	450	9786	13
Jason	451	9785	13
かなやん	452	9785	13
godc	453	9783	13
中國	454	9783	13
whiteRaven	455	9776	13
厭世浣熊	456	9773	13
FlameOgre	457	9766	13
腐蝕	458	9762	13
Solong	459	9760	13
别卡我牌	460	9759	13
Tiuan	461	9756	13
Ella	462	9747	13
酒馆那个英雄	463	9747	13
不思議なカメ	464	9747	13
圣盾风怒复生毒	465	9745	13
아실라브	466	9741	13
乌鸦	467	9738	13
ELEPHANT	468	9736	13
李鸷	469	9734	13
不愿醒来的男孩	470	9731	13
大鸡脖男模	471	9731	13
Abel	472	9724	13
Sadwind	473	9724	13
비상식	474	9721	13
鲇鱼梭牛牛	475	9706	13
Crush	476	9706	13
LaMotivation	477	9702	13
ハーフロック	478	9701	13
dio	479	9700	13
제갈공명	480	9695	13
WeiShang	481	9695	13
justwe	482	9692	13
沉默寶劍	483	9692	13
choice	484	9689	13
苗條的雪青色巨魔	485	9676	13
瘋狂束褲	486	9675	13
zuikanxinhe	487	9665	13
RandomName	488	9664	13
Guochunlei	489	9661	13
Hamelin	490	9661	13
jackpot	491	9660	13
臭卷宝来亲亲	492	9657	13
感恩麵店	493	9645	13
쥰토냥	494	9637	13
nfCB	495	9632	13
vyswmjlcl	496	9631	13
法克魷	497	9630	13
レックス5264	498	9628	13
TWBestYasuo	499	9620	13
调酒师鲍勃	500	9619	13
dzyz6	501	9618	13
huyagg	502	9618	13
RustViper	503	9609	13
路西安	504	9607	13
맞춤법검사기	505	9607	13
cross7224	506	9606	13
Tony	507	9606	13
Mark	508	9603	13
Kntkr	509	9602	13
狡猾的霓虹色鶴	510	9601	13
豆茶	511	9600	13
AuN	512	9594	13
牛牛骑士	513	9594	13
拉玛刹的风干鲑鱼	514	9591	13
torinosu	515	9589	13
小奈里	516	9584	13
强如关羽	517	9583	13
MagicPants	518	9578	13
AryatheTyger	519	9577	13
伊拉瑞的震动光塔	520	9576	13
隱祕食人妖	521	9575	13
Liaoqi	522	9575	13
溺水小刀	523	9572	13
小星星	524	9566	13
黑丝哪有压弯香	525	9566	13
ソルモルドア	526	9563	13
NONONO	527	9561	13
how	528	9560	13
Kosuzu	529	9556	13
ATfield212	530	9554	13
Saya	531	9554	13
Laymond	532	9545	13
白うさ	533	9538	13
loveandpeace	534	9536	13
朝露電光	535	9534	13
AzureImp	536	9534	13
buwanlushi	537	9533	13
daboge	538	9531	13
猫九旅者	539	9527	13
熱情的玉色法師	540	9526	13
Kuhaku	541	9526	13
LemonRaven	542	9524	13
Alan	543	9523	13
ろりしょたあ	544	9521	13
FlameTank	545	9518	13
GEight	546	9511	13
BlackFlag	547	9511	13
豪豪豪兒	548	9509	13
WaterBringer	549	9506	13
Zyyyy	550	9504	13
小時候	551	9504	13
今天有开心吗	552	9502	13
Adam	553	9500	13
PZJJwiJg	554	9498	13
凉山物青	555	9498	13
sbbx	556	9494	13
육덕그물	557	9492	13
ZhouCM	558	9490	13
凡飞	559	9487	13
maplefire	560	9481	13
TungVNne	561	9476	13
부터틀	562	9476	13
一只黄鼠狼	563	9473	13
Yin	564	9470	13
Hop	565	9462	13
Redeyes	566	9460	13
苗條的雪青色巨魔	567	9459	13
dasdas	568	9453	13
杰1	569	9450	13
bon	570	9448	13
AUTHOR	571	9445	13
バッドマナー克彦	572	9440	13
昱翔	573	9439	13
kentron	574	9439	13
Crys7als	575	9439	13
워붕이	576	9438	13
藍雨老頭	577	9433	13
구루미	578	9431	13
Incredible	579	9430	13
イオリア・シュヘ	580	9427	13
liuxians	581	9427	13
Msong	582	9425	13
쳇쳇	583	9424	13
哒君	584	9420	13
RRRRRRRRRRRR	585	9415	13
Mist	586	9413	13
搞死搞残	587	9412	13
WDBaoLoongZS	588	9408	13
qichai	589	9408	13
kadoo	590	9402	13
Limerence	591	9401	13
奸詐的紅色法師	592	9398	13
aaabbbcdcc	593	9395	13
Hydra	594	9393	13
包精靈	595	9393	13
serunado	596	9393	13
hjb	597	9392	13
巨型的煙霧色鶴	598	9389	13
kai	599	9387	13
狂野的珍珠色鵬	600	9387	13
ggininderla	601	9386	13
野性狼	602	9384	13
瑞益阿姨	603	9378	13
Fung	604	9365	13
politeKLover	605	9365	13
youkadiemom	606	9361	13
Gnod911	607	9357	13
灯凛	608	9356	13
狼狼	609	9356	13
Kingjerty	610	9349	13
BlueRogue	611	9346	13
getzuga	612	9345	13
WOZHENNB	613	9344	13
vilor	614	9340	13
幽暮	615	9338	13
Ponpata07	616	9337	13
a22208092	617	9333	13
saen	618	9329	13
여름소년	619	9328	13
shenlidegou	620	9327	13
离析	621	9325	13
Djwcb	622	9321	13
EbonLich	623	9320	13
qingchong	624	9318	13
지존	625	9317	13
時髦的灰色蛇	626	9316	13
要來我家看貓咪嗎	627	9316	13
くらやん	628	9312	13
siga	629	9310	13
无尘	630	9309	13
fuhuan	631	9308	13
罕見的黯黑色坦克	632	9306	13
kyoju	633	9297	13
うずら	634	9296	13
贅沢微糖	635	9296	13
jigoku	636	9294	13
田中	637	9293	13
OKer	638	9289	13
榻榻米	639	9283	13
gummi100pct	640	9276	13
djwcb	641	9276	13
dhhan	642	9274	13
ZpYnTvYNmE	643	9272	13
Crom	644	9270	13
튜토요정	645	9263	13
Hater	646	9263	13
AcólitoAzul	647	9259	13
Asuna	648	9258	13
biankheaven	649	9256	13
LiuHaoDong	650	9252	13
고릴라	651	9251	13
CrazyPlants	652	9249	13
itsartin	653	9242	13
밤까마귀	654	9238	13
小恶魔	655	9237	13
MaxStoKe	656	9236	13
三酱油	657	9234	13
Chess	658	9234	13
JOKIC	659	9230	13
AreYouGG	660	9230	13
青空的追忆	661	9227	13
Wsaint	662	9224	13
wkyjmup	663	9216	13
DiStanTAiM	664	9215	13
满天繁星下	665	9208	13
我们传媒战争之王	666	9208	13
GRoom	667	9208	13
shiyv	668	9206	13
boss	669	9205	13
扭曲的單寧色烏賊	670	9205	13
星羽小鳥	671	9202	13
라인안주면던짐	672	9200	13
hugelephant	673	9199	13
ShadowStorm	674	9191	13
초이	675	9190	13
GarnetWispp3	676	9187	13
ikunisme	677	9186	13
Joker	678	9186	13
贝林厄姆	679	9185	13
瞎瞎的一	680	9185	13
Bv181	681	9181	13
grinderking	682	9179	13
Starrysky	683	9178	13
Licht	684	9175	13
good	685	9175	13
nan	686	9171	13
yudagawa	687	9168	13
얼어붙은개	688	9167	13
Samechicken	689	9164	13
Obedience	690	9159	13
大潘	691	9157	13
SpeedyRogue	692	9155	13
한번두번	693	9153	13
Juncho	694	9148	13
SacreDxDick	695	9142	13
可愛的灰色盜賊	696	9142	13
GODZik	697	9141	13
沉默風暴	698	9140	13
LeiNuojiuwo	699	9137	13
yhosua	700	9135	13
LilikaS	701	9135	13
XduDesperado	702	9135	13
율라린	703	9135	13
PlumGrell	704	9134	13
오미자대추쑥	705	9121	13
WNMZZ	706	9117	13
fylz	707	9117	13
ハーブティー	708	9116	13
暗影飛龍	709	9115	13
Banvis	710	9113	13
kive	711	9111	13
MangoHound	712	9107	13
那座城	713	9105	13
sora	714	9105	13
suiyi	715	9105	13
いさや	716	9104	13
战旗第九名	717	9102	13
自由快乐美利坚	718	9102	13
mdzz	719	9098	13
超大杯買一送一	720	9097	13
jianmo	721	9097	13
tlxz	722	9096	13
kitanai	723	9094	13
重蒸石油醚	724	9094	13
dundundun	725	9093	13
Medicine	726	9092	13
sing	727	9091	13
마라다	728	9088	13
TurretOmega	729	9086	13
aDou	730	9085	13
Kotori	731	9084	13
빡세	732	9082	13
Asuke	733	9079	13
十九亲	734	9078	13
Nongyak	735	9077	13
BurialCLS	736	9076	13
에이원프로	737	9076	13
鬾枝	738	9072	13
YjEDrdEa	739	9069	13
一頭狗	740	9068	13
嗦我的牛牛	741	9067	13
Nola	742	9064	13
nougami	743	9062	13
ふとすぎ	744	9062	13
XKouKeN	745	9061	13
마판	746	9056	13
shion	747	9052	13
zxwdkip	748	9047	13
哲少	749	9047	13
淚淚	750	9044	13
さばみそ	751	9043	13
NavyBear	752	9042	13
星空	753	9039	13
Godgun	754	9035	13
曦曦喵	755	9034	13
狡詐的金色小狗	756	9033	13
忘東忘西不忘妳	757	9032	13
冷靜的煙霧色竊賊	758	9031	13
IlIlIlIIIlll	759	9031	13
루드라	760	9029	13
xiong14	761	9028	13
Newew	762	9027	13
蹦蹦騎士	763	9026	13
RIPPLET	764	9024	13
玛卡巴卡	765	9020	13
huimiezhiyu	766	9019	13
mzy14453	767	9018	13
ほりうすけ	768	9017	13
裕帝	769	9016	13
FATE	770	9015	13
你的對手	771	9014	13
Sobre	772	9013	13
MaoMi	773	9013	13
我要妳記住我	774	9012	13
西红柿	775	9011	13
臭臭小弟	776	9009	13
沉默風暴	777	9005	13
shedw	778	9003	13
weewoo	779	9002	13
chrisyu	780	8999	13
骸娅季壳	781	8998	13
zzhowwoh	782	8998	13
frozen	783	8998	13
colibri	784	8996	13
석기시대가죽도둑	785	8990	13
おどけた蛇	786	8986	13
LMH2K320	787	8986	13
鮑裡龍	788	8984	13
墨雨	789	8984	13
ggigobaito	790	8981	13
민들레스	791	8974	13
qmtekjthock	792	8974	13
AmaneSuzuha	793	8970	13
Zzz	794	8968	13
Separation	795	8962	13
Wormsfake	796	8961	13
溯枫	797	8959	13
LykMiuJq	798	8957	13
준프로레스토랑스	799	8955	13
拉曼查领的桑丘	800	8950	13
萊茵哈特利	801	8945	13
While1s	802	8942	13
ancientSUN	803	8941	13
うーちゃん	804	8940	13
Policeman	805	8939	13
奪命束褲	806	8938	13
奪命小喵	807	8937	13
爱叫的葡萄	808	8937	13
暗影	809	8933	13
kevienhtq	810	8932	13
cotton	811	8931	13
OvO	812	8931	13
kitting	813	8928	13
自爆卡车	814	8928	13
閃亮束褲	815	8927	13
狂野的紫紅色盜賊	816	8922	13
will	817	8920	13
爱哭包	818	8919	13
Meguminhh	819	8918	13
ろば	820	8918	13
로나	821	8916	13
别再想起过往了	822	8913	13
純粹的青色鶴	823	8912	13
fylz	824	8912	13
小鳥游六花	825	8911	13
CarlLeung	826	8911	13
yoyoyo	827	8909	13
都什么年代了	828	8908	13
LionNight	829	8907	13
聰明的萊姆色竊賊	830	8906	13
fyft	831	8904	13
安然无恙	832	8902	13
日你心	833	8895	13
suiyuan	834	8892	13
奸詐的黯黑色毒蛇	835	8891	13
beautiful	836	8890	13
皇号会火化	837	8888	13
似梦流星	838	8887	13
苦瓜	839	8885	13
wang23333	840	8884	13
sonata	841	8884	13
syouyu	842	8882	13
看到土泥	843	8882	13
冷靜的墨色蛇	844	8879	13
Kero	845	8878	13
khrnjlfpw	846	8878	13
sirokin	847	8874	13
침울한금빛영웅	848	8873	13
アリアンツ	849	8872	13
게스	850	8871	13
四岁	851	8868	13
扭曲的雪青色烏賊	852	8868	13
SUPERMINE	853	8867	13
Tommyvy	854	8866	13
Greedlcs	855	8863	13
sou	856	8862	13
홍진호덱	857	8862	13
ロマネスク	858	8860	13
夜吹出轨王师傅	859	8860	13
superdaly	860	8858	13
TENCOINS	861	8850	13
RyanWilliams	862	8849	13
MasterAvalon	863	8848	13
maxwu	864	8847	13
Linearblue	865	8847	13
秘剣絶命陣	866	8847	13
Qun	867	8846	13
虫子	868	8843	13
愤怒的绵羊	869	8842	13
VNSLeftyIna	870	8841	13
feng1221	871	8840	13
EbonThief	872	8839	13
宿命	873	8838	13
BOB	874	8835	13
滑恩	875	8835	13
枯燥的煙霧色老鷹	876	8834	13
小不点	877	8830	13
薛薛薛薛薛薛薛	878	8829	13
Gaohoop	879	8828	13
NewPizza	880	8823	13
ちゃんたく	881	8823	13
qwq	882	8817	13
billy	883	8812	13
Leli	884	8812	13
aatom	885	8810	13
狂野的粉色巫妖	886	8809	13
取名字浩南吖	887	8809	13
騎豬撞少爺	888	8808	13
疲倦的玫瑰色駝鹿	889	8806	13
JAGUAR	890	8806	13
流苏的裤衩	891	8805	13
놀래라	892	8805	13
wudidada	893	8802	13
QuartzDrake	894	8801	13
夕云	895	8799	13
小菜呆暴打小日本	896	8798	13
GhostPants	897	8795	13
Xingchenyi	898	8794	13
優秀的布萊克	899	8794	13
創造者阿強	900	8793	13
ACXQA	901	8791	13
小丑	902	8791	13
Kaangaroo	903	8787	13
bob	904	8786	13
陌阡	905	8785	13
まつぼー	906	8784	13
璎珞雪华	907	8783	13
ldjtsa	908	8783	13
Krolusa	909	8780	13
廝廝	910	8780	13
JFHurricane	911	8778	13
しゃけ	912	8778	13
りっくン	913	8777	13
如意大魔王	914	8774	13
lavish	915	8774	13
天月星羽	916	8774	13
mojamon	917	8773	13
ranpuz2	918	8771	13
朱諾小姐的襪子	919	8768	13
好運束褲	920	8764	13
storm	921	8763	13
sicor	922	8760	13
whalefall	923	8758	13
おらてがま	924	8755	13
最帥的蟋蟀	925	8755	13
번듯한호랑이	926	8754	13
돈까스	927	8752	13
FrozenStella	928	8752	13
Phoenix	929	8748	13
yeciqweb	930	8747	13
Icarus	931	8746	13
Futof02	932	8744	13
ツァイ拳	933	8741	13
lixl	934	8739	13
tsubasa	935	8737	13
hahaha	936	8735	13
홍성민	937	8734	13
枇杷秋梨膏	938	8733	13
dio	939	8733	13
홍삼	940	8731	13
lazymanJR	941	8726	13
可乐	942	8724	13
bestMccree	943	8723	13
곶감	944	8723	13
青青子衿	945	8722	13
lage	946	8720	13
折扇	947	8720	13
BotlineBling	948	8718	13
haiwang	949	8718	13
tjcvywtxqxk	950	8716	13
MonaLiDuck	951	8715	13
thefuture	952	8711	13
eternity	953	8711	13
まぐろ	954	8711	13
好傑寶護駕	955	8711	13
游子之林	956	8710	13
SebTasTic85	957	8708	13
MemeDa	958	8706	13
上将潘凤	959	8705	13
銀月	960	8702	13
getieemisi	961	8699	13
宇宙戦艦たけし	962	8697	13
pgnrxvqoov	963	8696	13
凡凡在哪	964	8695	13
MauveOgre	965	8694	13
yukisiro	966	8693	13
abiko	967	8692	13
闪亮之裤	968	8692	13
Djwcb	969	8690	13
SaltedFIsh	970	8687	13
西伯利亚土豆大王	971	8687	13
没毛病	972	8686	13
九四愛口君	973	8685	13
Malus	974	8683	13
JyanVoV	975	8680	13
젤나가	976	8680	13
SeokG	977	8678	13
xnjjrjdjdjdu	978	8678	13
無聊的灰色老鷹	979	8676	13
oguronn3	980	8676	13
ウィ童ポルノ	981	8676	13
explorer	982	8674	13
jiandewu	983	8671	13
Tuchi	984	8670	13
極光閃電	985	8670	13
HowMuch	986	8669	13
나흑아	987	8668	13
littlebaby	988	8666	13
黑暗的泥巴色獅子	989	8665	13
evell	990	8664	13
奇怪的甜桑	991	8664	13
喜欢小羊糕	992	8663	13
Ringen	993	8662	13
Apricity	994	8662	13
Lontx	995	8661	13
阿芙	996	8660	13
胖胖	997	8660	13
jyetbx	998	8658	13
veryking	999	8657	13
치즈망고	1000	8656	13
黑暗的單色小劣魔	1001	8656	13
syakuhachi	1002	8656	13
かにたまゆき	1003	8655	13
wbhqmz	1004	8653	13
Tom	1005	8653	13
蒼白的玉色巨魔	1006	8653	13
wqndm	1007	8649	13
傾途	1008	8649	13
R4ptur3	1009	8649	13
zc118	1010	8648	13
アオ	1011	8648	13
開心	1012	8644	13
奶糖	1013	8641	13
Alchemist	1014	8641	13
沒椅子坐的鐘老闆	1015	8640	13
别玩了多喝热水	1016	8640	13
옆집누나	1017	8638	13
呆森咩	1018	8638	13
vessel	1019	8636	13
cnmbaoxue	1020	8636	13
Hercules	1021	8635	13
巨型矮人	1022	8632	13
jntm	1023	8632	13
JackMing	1024	8632	13
Bigtou	1025	8630	13
Sirokin	1026	8628	13
Mightly	1027	8628	13
QMO0522	1028	8626	13
Loblin	1029	8625	13
冷風	1030	8625	13
你被强化了快送	1031	8623	13
bradypod	1032	8622	13
bopaul	1033	8620	13
RenHung	1034	8618	13
梦不凡丶	1035	8617	13
dogdays	1036	8616	13
ラグナ	1037	8616	13
cgiovowlrmn	1038	8615	13
波浪	1039	8614	13
school	1040	8612	13
駐在さん	1041	8612	13
晴舒	1042	8609	13
eynddang	1043	8609	13
lhy1018	1044	8609	13
handsome	1045	8604	13
付大大呀	1046	8604	13
枯燥的紫紅色貓咪	1047	8602	13
大中天	1048	8601	13
변태신사	1049	8601	13
Yukikaze	1050	8599	13
沉默風暴	1051	8595	13
hijelut	1052	8595	13
西行寺幽幽子	1053	8595	13
Bronya	1054	8594	13
大傻子	1055	8593	13
옆집형아	1056	8591	13
asm	1057	8590	13
동태라면	1058	8589	13
Sherlock	1059	8589	13
yutingfun	1060	8589	13
fidden	1061	8588	13
爱抽华子	1062	8587	13
wufanyidao	1063	8585	13
VCLi	1064	8584	13
你爸爸	1065	8582	13
ProSS	1066	8581	13
LiyeAngel	1067	8578	13
雞婆的綠色渡鴉	1068	8578	13
Pokopoko	1069	8577	13
xiwpe	1070	8576	13
bulaikesi	1071	8576	13
飞起来	1072	8575	13
muctl	1073	8573	13
葫芦瓢	1074	8572	13
而房管局	1075	8568	13
이양반	1076	8566	13
九鳥女子米且	1077	8566	13
なめくじ	1078	8561	13
絕世馬馬	1079	8560	13
FGC	1080	8559	13
天堂在左你在右	1081	8558	13
BlueHawk	1082	8557	13
Skye	1083	8557	13
야슈톨라	1084	8556	13
Gibran	1085	8554	13
真的好好玩喔	1086	8553	13
ZZZBBBWWW	1087	8551	13
ゆたか	1088	8551	13
Nn2	1089	8548	13
vlorz	1090	8548	13
楊小趴	1091	8548	13
Rion	1092	8542	13
愛薩克	1093	8538	13
基本的薄荷色龍獸	1094	8537	13
kuco	1095	8536	13
爱抽利群	1096	8536	13
FUJIS	1097	8535	13
nouhei	1098	8534	13
Dsmyz	1099	8534	13
YIqNNWYe	1100	8526	13
zzz	1101	8526	13
까칠이	1102	8525	13
rollingstone	1103	8523	13
罕見的橄欖色幽光	1104	8520	13
CYK2k490	1105	8520	13
小瑜	1106	8519	13
Unnamdplayer	1107	8519	13
Sh3r10ckZ	1108	8517	13
LanLongbutCN	1109	8515	13
Aimi	1110	8514	13
BIE	1111	8512	13
lvcha	1112	8508	13
yt001	1113	8508	13
IZONE	1114	8507	13
그림자폭풍	1115	8506	13
Latte	1116	8504	13
Nectarine	1117	8502	13
雪诺	1118	8502	13
감말랭이	1119	8500	13
你好牛	1120	8499	13
james6623	1121	8495	13
靠近的泥巴色盜賊	1122	8493	13
lushishuijun	1123	8490	13
shalvelin	1124	8489	13
Yan	1125	8488	13
BigJJboy	1126	8486	13
yexuniu5678	1127	8486	13
黑残夜	1128	8483	13
LemonSquid	1129	8482	13
Achromatic	1130	8481	13
ミル	1131	8481	13
Jfla	1132	8480	13
분식집탈옥수	1133	8478	13
陆陶	1134	8476	13
ddcyj	1135	8476	13
Summoner	1136	8475	13
호있짜	1137	8475	13
云之父	1138	8474	13
寬寬的騎士	1139	8474	13
유인원	1140	8473	13
沉默寶劍	1141	8472	13
青色言语	1142	8472	13
SageViper	1143	8472	13
pinton	1144	8472	13
Blinkfox	1145	8471	13
随缘冲锋	1146	8470	13
Rver	1147	8468	13
sanctacaris	1148	8468	13
你可以的	1149	8467	13
理智的米色巫妖	1150	8466	13
longlin	1151	8464	13
호박이없대	1152	8464	13
x00171003	1153	8462	13
liuchi	1154	8461	13
shira	1155	8461	13
YamaYamara	1156	8460	13
ブルフロッグ	1157	8460	13
幸运之虎	1158	8459	13
PqZYMyZw	1159	8457	13
FlaxRogue	1160	8456	13
JiangMingLei	1161	8456	13
肴肴领先	1162	8453	13
sahd	1163	8452	13
IKUN	1164	8451	13
圣光芋头	1165	8450	13
dave14810	1166	8444	13
終極胡	1167	8442	13
okkun	1168	8441	13
畫畫	1169	8441	13
公平公平还是	1170	8438	13
蔡徐坤	1171	8437	13
XOQAQ	1172	8436	13
yun	1173	8435	13
ShinyStAnon	1174	8434	13
JadeWisp	1175	8433	13
爱心伯爵	1176	8431	13
木子	1177	8431	13
臨末之頌	1178	8431	13
椛島鏡	1179	8430	13
靠近的薄荷色矮子	1180	8428	13
啊噗啾	1181	8428	13
Rpoppo	1182	8426	13
AvianPink	1183	8426	13
Mrlin	1184	8424	13
幸運艾莉兒小妞	1185	8422	13
kaguya	1186	8422	13
kenoko	1187	8418	13
雪丽姐姐	1188	8418	13
琴掛け柳	1189	8418	13
HypoTo	1190	8417	13
windboy	1191	8414	13
Gotk	1192	8413	13
치킨맛있어	1193	8413	13
Destiny	1194	8410	13
藍天白雲	1195	8410	13
D2player	1196	8406	13
彼岸尋花	1197	8406	13
Lotus	1198	8406	13
songyuan78	1199	8405	13
djwcb	1200	8405	13
烦心	1201	8405	13
WalkingMort	1202	8404	13
アツヤ	1203	8404	13
Gent1eShy	1204	8404	13
TNK	1205	8403	13
Prunklord	1206	8403	13
莱伊	1207	8402	13
卡密达	1208	8402	13
ROMA	1209	8401	13
李大大	1210	8400	13
Apexexxx	1211	8400	13
朦朧的玉色老鷹	1212	8399	13
yuren	1213	8398	13
BlueYeti	1214	8395	13
ちーの	1215	8394	13
MuscleGalaxy	1216	8393	13
珍珠色毒蛇	1217	8390	13
JiaXu	1218	8388	13
NoExcuses	1219	8386	13
Oir	1220	8386	13
熱載流子	1221	8386	13
Yoke	1222	8383	13
amanojyaku	1223	8382	13
salsalyo	1224	8381	13
小尤熙	1225	8381	13
Luo	1226	8381	13
giao	1227	8380	13
ライロー	1228	8379	13
XiaoHuolong	1229	8379	13
Spike	1230	8377	13
Inoriona	1231	8376	13
라면먹고가하	1232	8376	13
leo	1233	8375	13
spehjor	1234	8375	13
如樱花般凋零	1235	8374	13
XQM	1236	8373	13
maporoshi	1237	8373	13
Naming	1238	8371	13
ゆゆ	1239	8371	13
SHUN	1240	8368	13
Nokia	1241	8368	13
사악한군청사자	1242	8367	13
不理智的瑪瑙色蛇	1243	8365	13
youdout	1244	8365	13
奪命小喵	1245	8364	13
rock	1246	8363	13
슈리슈로루	1247	8363	13
BaSt00004	1248	8363	13
魔天	1249	8363	13
一下午	1250	8362	13
ikun	1251	8361	13
Jizo	1252	8360	13
alex	1253	8357	13
淼焱	1254	8357	13
いたぽに	1255	8357	13
ywuiuv	1256	8356	13
ともちゃんねる	1257	8355	13
迷失的灵魂	1258	8354	13
Rooning	1259	8354	13
NBLion	1260	8354	13
爰兔	1261	8353	13
rewrite	1262	8352	13
あるちか	1263	8351	13
Gomesu	1264	8351	13
魔法少女戴佳偉	1265	8348	13
仲夏夜惊魂	1266	8347	13
OliveElk	1267	8346	13
SGLeUCLJh	1268	8346	13
天橋上的魔術師	1269	8346	13
綠色雪怪	1270	8345	13
Amaranth	1271	8344	13
콩뉴	1272	8344	13
hiro	1273	8344	13
고오급	1274	8344	13
絕讚的墨色雪怪	1275	8341	13
Sadyad	1276	8341	13
臻0	1277	8340	13
月が綺麗ですね	1278	8340	13
式微	1279	8339	13
咻咻	1280	8337	13
怠惰なる巨人	1281	8336	13
fhwfhwwod	1282	8335	13
McDonalds	1283	8335	13
otbfpaph	1284	8334	13
白音電球	1285	8333	13
아라쉬	1286	8332	13
reichiyarare	1287	8330	13
メダルキング	1288	8330	13
숙자	1289	8329	13
시공의폭풍	1290	8329	13
你宠着的幸福	1291	8328	13
you	1292	8327	13
naxida	1293	8326	13
rinka	1294	8326	13
Norote	1295	8325	13
羽渡鸦	1296	8325	13
时侍	1297	8322	13
誠實的淺褐色巨魔	1298	8322	13
Samson	1299	8322	13
kibousan	1300	8321	13
linnaber	1301	8317	13
小束褲	1302	8312	13
聒噪的青色獾	1303	8311	13
拾玖	1304	8311	13
垃圾用陽壽打遊戲	1305	8310	13
Hobriout	1306	8307	13
RKso	1307	8305	13
小鸡快跑	1308	8305	13
白ヨーダ	1309	8303	13
vis	1310	8301	13
마다라키프랑	1311	8299	13
oouvv	1312	8297	13
Jerry	1313	8297	13
웬즈데이1234	1314	8297	13
王一	1315	8294	13
今晚打老虎	1316	8293	13
fpmc	1317	8292	13
Genji	1318	8289	13
WonderofU	1319	8289	13
yin	1320	8288	13
UfwLhUe	1321	8288	13
光月	1322	8285	13
JiNiTiMei	1323	8285	13
Samo	1324	8285	13
せーたー	1325	8282	13
Robin	1326	8282	13
白织	1327	8281	13
Hunter	1328	8280	13
长安	1329	8280	13
滑稽的淺褐色盜賊	1330	8280	13
djwcb	1331	8280	13
蛮力之裤	1332	8280	13
時髦的灰色蛇	1333	8279	13
安全的薄荷色駝鹿	1334	8279	13
name	1335	8276	13
OrangeOne	1336	8276	13
zgws	1337	8275	13
bllou	1338	8274	13
DJWCB	1339	8274	13
googoogoog	1340	8273	13
元神启动	1341	8272	13
leowayawayaw	1342	8272	13
Ddddddddd	1343	8270	13
babylemon	1344	8270	13
おおきど	1345	8270	13
阿威	1346	8269	13
しろくま	1347	8269	13
동고비	1348	8268	13
벌래색기	1349	8268	13
모험가	1350	8268	13
nakama012	1351	8268	13
Longdexin99	1352	8267	13
레인스	1353	8267	13
ゆりりん	1354	8267	13
誠實的雪青色龍獸	1355	8266	13
喵喵喵喵	1356	8264	13
LWSZ	1357	8261	13
lbefuelt	1358	8261	13
你猜我是谁	1359	8261	13
txzr77	1360	8260	13
ゆうしゃアキヤマ	1361	8259	13
帝玄剑尊	1362	8259	13
净莲妖火	1363	8259	13
tg0vjb	1364	8257	13
jeffthegreat	1365	8257	13
wegetEnzo	1366	8256	13
继国缘一	1367	8256	13
Ahan	1368	8251	13
WHHSMD	1369	8250	13
yuris	1370	8248	13
樂天盜賊	1371	8247	13
MIKE	1372	8246	13
BrownRaven	1373	8244	13
doki	1374	8244	13
	1375	8243	13
Sally	1376	8243	13
yuchen	1377	8242	13
TreapWorld	1378	8241	13
finky	1379	8240	13
火星小子	1380	8238	13
纯鹿人	1381	8236	13
아마다스	1382	8236	13
tian	1383	8235	13
莱因哈特	1384	8233	13
MIN	1385	8233	13
이끼숲	1386	8231	13
ChinaBoy	1387	8228	13
Alfredodo	1388	8228	13
라이노레	1389	8226	13
Empty	1390	8226	13
無口莫問	1391	8224	13
Galaxy	1392	8222	13
Mai	1393	8220	13
ssd	1394	8217	13
mao324	1395	8217	13
完整的橄欖色雄鹿	1396	8216	13
Will	1397	8215	13
奔舟佬	1398	8215	13
madant	1399	8215	13
Reyvivia	1400	8215	13
zmyzmy	1401	8213	13
qwert	1402	8213	13
hanabiy	1403	8212	13
琉璃	1404	8210	13
氣泡精靈蘋果	1405	8209	13
エリオ	1406	8208	13
얼짱	1407	8206	13
LVBU	1408	8205	13
ちらこ	1409	8204	13
rmnn	1410	8203	13
史詩的綠色活屍	1411	8203	13
alice	1412	8201	13
Dooil	1413	8201	13
遲到的青色豺狼人	1414	8201	13
Owlcity	1415	8201	13
小白	1416	8199	13
汉堡	1417	8197	13
櫻京塚大	1418	8197	13
介谁受得了	1419	8196	13
漆黑の闪光	1420	8196	13
glgjssy	1421	8194	13
我是高阿扣	1422	8194	13
Kobe	1423	8194	13
aOoOa	1424	8192	13
qianyang	1425	8192	13
クロダイ	1426	8192	13
shshs	1427	8192	13
양말맛사탕	1428	8191	13
某国的骨科病人	1429	8191	13
xpp	1430	8188	13
あつオー	1431	8187	13
Allenwalker	1432	8186	13
奔奔	1433	8186	13
黑泡芙	1434	8185	13
帝林	1435	8185	13
非酋大灰狼	1436	8184	13
糖醋醬	1437	8183	13
黑暗的玫瑰色狼	1438	8182	13
hungrystay	1439	8181	13
sarami	1440	8180	13
咯哈喽咯	1441	8180	13
uptown	1442	8180	13
Phim	1443	8180	13
Gurigurigrip	1444	8179	13
nachall	1445	8178	13
yemao	1446	8177	13
GODTEL	1447	8177	13
Guda	1448	8175	13
nannan	1449	8175	13
小雷普	1450	8173	13
胡桃	1451	8172	13
黑帝斯	1452	8171	13
Jxjx	1453	8171	13
青い鳥	1454	8171	13
Rei	1455	8171	13
絕讚的薄荷色法師	1456	8170	13
Cherryy	1457	8170	13
reum4lv	1458	8169	13
lun	1459	8168	13
ALOUGE	1460	8166	13
좀도와줘	1461	8165	13
天塵	1462	8165	13
纯真丁一郎	1463	8165	13
熱切的霓虹色烏賊	1464	8161	13
BattleB	1465	8160	13
马猴烧酒龙舌兰	1466	8158	13
本圣驾到	1467	8156	13
sbg	1468	8156	13
Xxiluo	1469	8155	13
줄아만	1470	8155	13
prettyTeemo	1471	8154	13
lili	1472	8151	13
IvanL	1473	8150	13
哈姆李貝克	1474	8150	13
神經巫師	1475	8149	13
justlook	1476	8148	13
芭霸	1477	8148	13
戰鬥束褲	1478	8147	13
NzDrfqkQ	1479	8147	13
枯燥的紫紅色貓咪	1480	8145	13
진또102	1481	8144	13
愚蠢思考讓人窒息	1482	8142	13
태제	1483	8141	13
InkyRaven	1484	8141	13
LUFFY	1485	8140	13
OvO	1486	8140	13
Neuer	1487	8140	13
好人平安	1488	8139	13
HAO	1489	8138	13
SETMEQUE	1490	8138	13
Fengda	1491	8137	13
wqadfa	1492	8136	13
bajdjs	1493	8136	13
Ezreal	1494	8134	13
土狗	1495	8134	13
rainbow	1496	8133	13
一览众山小	1497	8132	13
WunSunWane	1498	8132	13
昏暗的雪青色烏賊	1499	8131	13
ndatodin	1500	8131	13
Phasmophobia	1501	8131	13
Project	1502	8131	13
愛睏薩滿	1503	8130	13
JamesHar	1504	8130	13
GrayOrc	1505	8128	13
People01	1506	8128	13
KK010	1507	8125	13
聰明的紅潤色烏賊	1508	8125	13
Lemoncat	1509	8124	13
Kirias	1510	8124	13
芜湖起飞	1511	8124	13
zakipart	1512	8123	13
理智的棕色蝙蝠	1513	8122	13
亏妻百事不顺	1514	8121	13
KYzeppeli	1515	8119	13
苗條的棕色魔嬰	1516	8119	13
macubgm	1517	8119	13
舞亂	1518	8118	13
チョコビッチ	1519	8118	13
DavidTao	1520	8117	13
セスッタ	1521	8117	13
NfLHxSBPY	1522	8116	13
CHARON	1523	8116	13
騎蜘蛛撞學校	1524	8115	13
Hevaen	1525	8115	13
日月火一	1526	8113	13
bobhisdad	1527	8111	13
	1528	8108	13
viqpolyqms	1529	8108	13
gugugu	1530	8107	13
史萊姆	1531	8106	13
Heziii	1532	8106	13
カミハテ	1533	8105	13
khazon	1534	8103	13
NotPotato	1535	8103	13
luyizhangdyg	1536	8103	13
CAPATOV007	1537	8103	13
Error38	1538	8103	13
T5rGdh8P	1539	8102	13
Dawn	1540	8101	13
mike	1541	8100	13
无敌大树	1542	8100	13
nktian	1543	8099	13
doctor	1544	8099	13
GNTM	1545	8097	13
明夕	1546	8097	13
神之壹抽	1547	8097	13
閃亮束褲	1548	8096	13
guess	1549	8095	13
ppvwnsedmax	1550	8095	13
Jemmy	1551	8095	13
yellowRider	1552	8094	13
CoralWolf	1553	8092	13
喜洋洋	1554	8090	13
君莫笑	1555	8090	13
bxsm	1556	8089	13
amber	1557	8089	13
Kaya	1558	8089	13
망꾼에서옳챙이	1559	8088	13
옳챙이에서망꾼	1560	8088	13
Brin	1561	8088	13
BELLSTONE	1562	8088	13
ChocoMaru	1563	8087	13
mkkin	1564	8087	13
我要當現充	1565	8086	13
辣呆	1566	8086	13
biao	1567	8086	13
疲倦的翔子	1568	8085	13
용이지렁	1569	8085	13
woodwang	1570	8085	13
CNcutyZark	1571	8085	13
KidZ	1572	8085	13
QuartzBear	1573	8084	13
迷失金剛	1574	8084	13
Kozilek	1575	8084	13
한씨	1576	8083	13
DS2	1577	8083	13
MintBeast	1578	8083	13
YanWuhuo	1579	8083	13
我你都不认识了	1580	8083	13
SocksGod	1581	8083	13
fcuizc	1582	8082	13
BZDE	1583	8081	13
蜜蜂	1584	8081	13
Rain	1585	8080	13
another	1586	8080	13
abcd	1587	8079	13
AIM	1588	8079	13
整齊的單色老鷹	1589	8079	13
별꺅이	1590	8079	13
耳の裏	1591	8078	13
考迪克四全家	1592	8078	13
被偷走的那半年	1593	8077	13
ジハード	1594	8076	13
tom	1595	8076	13
蓝海	1596	8076	13
武藤遊戲	1597	8075	13
vvahaha	1598	8075	13
爱莉希雅	1599	8075	13
깽이다	1600	8075	13
AbsorT	1601	8075	13
Xlebuhek	1602	8074	13
岳绮罗	1603	8074	13
乂乂乂	1604	8073	13
wcL	1605	8073	13
fzxyqn	1606	8072	13
손져76	1607	8072	13
宇佐見鴿子	1608	8071	13
노바충	1609	8071	13
MANI	1610	8071	13
Mandalah	1611	8070	13
Gasby	1612	8070	13
北野風見鶏	1613	8069	13
Chlnz	1614	8069	13
整潔的石英色犀牛	1615	8068	13
xueerkl	1616	8067	13
boxtree	1617	8065	13
zuilusheng	1618	8065	13
卡頭	1619	8064	13
Zilean	1620	8064	13
YoungEamon	1621	8064	13
鬼祟魷魚	1622	8064	13
Turbo	1623	8064	13
OpalWisp	1624	8063	13
bzbish	1625	8063	13
MiHotel	1626	8063	13
哒哒	1627	8063	13
のろさん	1628	8062	13
Jarvan	1629	8062	13
克蕾婷	1630	8062	13
呆苽	1631	8062	13
LuffyZX	1632	8062	13
Avengers	1633	8062	13
ToBYear	1634	8061	13
l3Aal3Oo	1635	8061	13
yuye	1636	8061	13
hanser	1637	8061	13
たーたれ	1638	8061	13
LuckyMeari	1639	8060	13
无聊的粉色猫咪	1640	8060	13
WHKENJI	1641	8060	13
Hermit	1642	8059	13
幽光	1643	8059	13
Kooh	1644	8059	13
恐怖的梅色伊萊克	1645	8058	13
qikong0012	1646	8057	13
死鱼	1647	8057	13
月笙	1648	8057	13
小鱼姐	1649	8057	13
ljlcb	1650	8057	13
hzy	1651	8056	13
xiaoyuan	1652	8056	13
日暮途远	1653	8056	13
t161016	1654	8056	13
침울한청록황소	1655	8056	13
豊饒	1656	8055	13
lianVtu	1657	8055	13
draglevi	1658	8055	13
ハツガツオ	1659	8055	13
平和的淺褐色熊	1660	8055	13
VinceQ	1661	8054	13
hiirosakuya	1662	8054	13
재윤	1663	8054	13
djwcb	1664	8054	13
nrochrrgcs	1665	8054	13
Tiffaaaaa	1666	8054	13
TheLasid	1667	8054	13
Despacito	1668	8053	13
幻月冰楓	1669	8053	13
nbkuardh	1670	8053	13
畫狐男	1671	8053	13
oXMurderXo	1672	8053	13
Sikkim	1673	8052	13
溫和的煙霧色雪怪	1674	8052	13
生吃三头牛	1675	8052	13
jk000	1676	8051	13
大眼睛猫猫	1677	8051	13
GoldTank	1678	8051	13
IKUNcb	1679	8051	13
练画画的灰陈	1680	8051	13
夕焼け	1681	8051	13
Lad	1682	8050	13
OnyxBat	1683	8050	13
ブラウン	1684	8050	13
北原かずさ	1685	8050	13
專業賣香腸	1686	8050	13
LovelyBu	1687	8049	13
基本的淺褐色英雄	1688	8049	13
нааанах	1689	8049	13
LastAnduin	1690	8049	13
uru	1691	8048	13
nannan	1692	8048	13
这只兔子不太冷	1693	8048	13
saton	1694	8048	13
kidding	1695	8047	13
Kooh	1696	8047	13
Mooris	1697	8046	13
jzzybgy	1698	8046	13
김장김치	1699	8046	13
かかみ	1700	8046	13
牛肉湯讚	1701	8045	13
RustRogue	1702	8045	13
沉默風暴	1703	8045	13
Coco0033	1704	8045	13
高挑的金色麋鹿	1705	8045	13
愛睏小皮	1706	8044	13
愛吃老臘肉	1707	8044	13
轩宇辰	1708	8044	13
经常的神	1709	8044	13
簡單的青色科多獸	1710	8044	13
METAMIN	1711	8044	13
レゼ	1712	8043	13
萝卜吃兔子	1713	8043	13
Zebulon	1714	8043	13
Jay	1715	8043	13
hankOAO	1716	8043	13
수레미는할배	1717	8043	13
Roadofhope	1718	8042	13
BXSM	1719	8042	13
Dragekin	1720	8042	13
GiGaBreak	1721	8042	13
完整的岩漿色烏賊	1722	8042	13
Frederica	1723	8041	13
君名丁真	1724	8041	13
Dacapo	1725	8041	13
Zq66	1726	8041	13
丧钟小镇	1727	8041	13
Yiiiii	1728	8040	13
rgzrxxdje	1729	8040	13
Zafer	1730	8040	13
bomul	1731	8039	13
主要的鐵鏽色羅亞	1732	8039	13
ぷよ戦士ぱんだ	1733	8039	13
威猛先生	1734	8039	13
大江	1735	8039	13
jiqimao09	1736	8039	13
初始的節奏	1737	8039	13
ZSGVFDBH	1738	8038	13
囉嗦的青色巫妖	1739	8038	13
insaneDave	1740	8038	13
时光荏苒	1741	8037	13
COOLKids	1742	8037	13
gvjmsejmt	1743	8037	13
性感的母巨蜥	1744	8037	13
Ignat	1745	8036	13
Cone	1746	8036	13
LuShiKing	1747	8036	13
辗转风中	1748	8036	13
MoonlightPG	1749	8036	13
Mary	1750	8035	13
我是火车王	1751	8035	13
SloaneTerenc	1752	8035	13
littlecat	1753	8035	13
Bearstree	1754	8035	13
kamikoto	1755	8035	13
옐로우	1756	8035	13
무작위	1757	8035	13
こころん	1758	8034	13
愿青龙指引你	1759	8034	13
神蘿	1760	8034	13
WhiteArc	1761	8034	13
成星	1762	8034	13
nvyhtyxb	1763	8033	13
정의로운오팔매	1764	8033	13
うさこ	1765	8033	13
biesan	1766	8033	13
daidai	1767	8033	13
好運束褲	1768	8033	13
咸鱼	1769	8032	13
微醺的黑色	1770	8032	13
師大老屁孩	1771	8032	13
黑騎士	1772	8031	13
xingxin61	1773	8031	13
carry	1774	8031	13
DJWCB	1775	8031	13
TheFool	1776	8031	13
dust	1777	8031	13
Malegeb	1778	8031	13
博麗靈夢	1779	8031	13
神尻尻	1780	8030	13
whatshotdown	1781	8030	13
JNTM	1782	8030	13
艾伦耶格尔	1783	8030	13
沙漠	1784	8030	13
Nexes	1785	8030	13
ywt	1786	8029	13
ZEROF	1787	8029	13
DJWcb	1788	8029	13
Aurora	1789	8028	13
悪いスライム	1790	8028	13
ミスター昆布	1791	8028	13
xx20ymt	1792	8028	13
Hwuhuaao	1793	8027	13
HAIXIN	1794	8027	13
CoralHero	1795	8027	13
battletag	1796	8027	13
kokia	1797	8027	13
起名好难	1798	8027	13
Wayneyang	1799	8027	13
moku	1800	8027	13
IloveIlove	1801	8026	13
招风的小耳朵	1802	8026	13
sliso	1803	8026	13
村镇小黄	1804	8026	13
Bazinga	1805	8026	13
Winnie	1806	8026	13
如果	1807	8026	13
leacv	1808	8025	13
我的妻我的梦	1809	8025	13
不吃香菜的猪	1810	8025	13
Healer	1811	8025	13
西红柿炒蛋	1812	8025	13
kfcvme50	1813	8024	13
Matchstick	1814	8024	13
날아다니는두리안	1815	8024	13
Gomtank	1816	8024	13
阿妥妥	1817	8023	13
NeonDrake	1818	8023	13
xiaoka	1819	8023	13
公平的灰色多頭蛇	1820	8023	13
Ooyz	1821	8023	13
juu	1822	8023	13
control	1823	8023	13
fwmkvepkrbr	1824	8022	13
MakeJmeo	1825	8022	13
おさんぽ	1826	8022	13
咖啡	1827	8021	13
kxcd54	1828	8021	13
Myoga	1829	8021	13
Sanctuaryy	1830	8021	13
拔剌不太辣	1831	8020	13
柿子007	1832	8020	13
SharkBee	1833	8020	13
밤까마귀	1834	8020	13
冥风淳朴	1835	8019	13
yujin	1836	8019	13
LemonLion	1837	8019	13
白貓	1838	8019	13
KKISAOA	1839	8019	13
OverFlow	1840	8019	13
控えめなコドー	1841	8019	13
抱錦楚禮	1842	8019	13
FZero	1843	8018	13
双层芝士汉堡	1844	8018	13
ワルツ	1845	8018	13
커커커피	1846	8018	13
資訊系的東方閃電	1847	8017	13
Sooin2	1848	8017	13
MORAN	1849	8017	13
LastXuans	1850	8017	13
Cole	1851	8017	13
月无痕	1852	8017	13
不要瞎三连	1853	8017	13
绿鲤鱼	1854	8017	13
时雨	1855	8017	13
Atmos	1856	8017	13
一介书生	1857	8016	13
欧皇小红帽	1858	8016	13
AlexJames	1859	8016	13
shinow	1860	8016	13
olfsjecups	1861	8016	13
JiangNuo	1862	8016	13
尋找那最粗的感動	1863	8016	13
만지	1864	8015	13
Toma	1865	8015	13
NavyYeti	1866	8015	13
Sakura	1867	8015	13
LYM	1868	8015	13
C03Nttv	1869	8015	13
乾坤	1870	8015	13
慕微凉	1871	8015	13
뜨겁다잉	1872	8015	13
CatCat	1873	8015	13
종부세로맞아볼래	1874	8015	13
EbonElekk	1875	8014	13
浪神	1876	8014	13
养生选手	1877	8014	13
映溪绮	1878	8014	13
涛妹我来啦	1879	8014	13
理智的岩漿色犀牛	1880	8014	13
鲍勃波比	1881	8014	13
K1to	1882	8014	13
takecc	1883	8014	13
狡詐的綠色鶴	1884	8013	13
黑暗小柠檬	1885	8013	13
ffzyone	1886	8013	13
mirrorlove	1887	8013	13
小黑子会跳舞	1888	8013	13
小さな忍者	1889	8013	13
橙汁內嗑藥	1890	8013	13
RustWhale	1891	8012	13
Irzyl	1892	8012	13
养猪人	1893	8012	13
itsuki	1894	8012	13
炉石真尼玛好玩	1895	8012	13
小茗氵衮出去	1896	8012	13
卑劣的梅色幽靈	1897	8012	13
MIEmie03	1898	8012	13
sfy	1899	8012	13
lukawarm	1900	8012	13
WzG60	1901	8012	13
宝宝巴士	1902	8012	13
Owaee	1903	8012	13
拜託別下雨	1904	8012	13
hjjsqvep	1905	8011	13
Jessezhao	1906	8011	13
差300	1907	8011	13
Zakuku	1908	8011	13
i9pnowpy	1909	8011	13
jk200113	1910	8011	13
etry	1911	8011	13
BillyG	1912	8011	13
killua	1913	8011	13
firefly	1914	8010	13
靦腆的粉色雪怪	1915	8010	13
休寄	1916	8010	13
無聊的單色蝙蝠	1917	8010	13
serendipity	1918	8010	13
回憶的沙漏	1919	8010	13
chen	1920	8010	13
BUT47	1921	8010	13
SkyClone	1922	8009	13
炉石酒馆	1923	8009	13
誠實的雪青色龍獸	1924	8009	13
LOBSTER	1925	8009	13
잘부탁드립니다	1926	8009	13
Rebarathamal	1927	8008	13
KelvinHo	1928	8008	13
冷靜的棕褐色雄鹿	1929	8008	13
Miche	1930	8008	13
睿智的青色鵬	1931	8007	13
舒適的霓虹色鯊魚	1932	8007	13
javaScriptA	1933	8007	13
自由的红色熊猫	1934	8007	13
扣菊怒闻手	1935	8007	13
夏韭菜	1936	8007	13
迷你忍者	1937	8007	13
層樓少年	1938	8006	13
美月	1939	8006	13
njikz	1940	8006	13
tztbqwrsqv	1941	8006	13
Fmartin	1942	8006	13
GoldBeast	1943	8006	13
樂天盜賊	1944	8006	13
mirror	1945	8006	13
sakana	1946	8006	13
OliveRogue	1947	8005	13
RDJ	1948	8005	13
dsqmhoxx	1949	8005	13
nemrcapaehi	1950	8005	13
HelloWorld	1951	8005	13
NutDragon	1952	8005	13
スミダ	1953	8005	13
CoralMage	1954	8004	13
Lalalalalal	1955	8004	13
poedeyu	1956	8004	13
奪命小喵	1957	8004	13
하스하는우비	1958	8004	13
夜澪	1959	8003	13
Hebat	1960	8003	13
Wijwjw	1961	8003	13
Testarossa77	1962	8003	13
hair	1963	8003	13
gxjhhfhejz	1964	8003	13
Warlock	1965	8003	13
mikor	1966	8003	13
Kiver	1967	8003	13
Kuragee	1968	8003	13
Leclem	1969	8003	13
OKBoom	1970	8002	13
狂野之狼	1971	8002	13
你在教我做事	1972	8002	13
rurudo	1973	8002	13
開心的亞麻色熊	1974	8002	13
久殇	1975	8002	13
Dimples	1976	8002	13
今晚打母老虎	1977	8002	13
LAVINIA	1978	8002	13
GermaineGary	1979	8001	13
Twistedkk	1980	8001	13
Enzi	1981	8001	13
ilmoix	1982	8001	13
WIKIYOUNG	1983	8001	13
ふすー	1984	8001	13
STYX	1985	8001	13
dengxingyu	1986	8000	13
福瑞	1987	8000	13
狗牙牙牙牙狗	1988	8000	13
Skadi	1989	8000	13
lalala	1990	8000	13
taipa	1991	8000	13
沒有以後	1992	8000	13
모범시민	1993	8000	13
WayneGod	1994	8000	13
耶開心	1995	8000	13
白上フブキの奴隷	1	21129	14
LimeDrake	2	21111	14
ranpuz	3	20175	14
ちぇいん	4	19099	14
花芽なずなの下僕	5	19004	14
saninobe	6	17887	14
冷風	7	17880	14
TaMu	8	17629	14
みらの	9	17624	14
飛馬	10	17351	14
忍た	11	16483	14
ALuo	12	16463	14
zhuansheng	13	16417	14
アツヤ	14	16329	14
Hobriout	15	16290	14
kyu091	16	16170	14
BestCN	17	16110	14
ぎゃん	18	16067	14
BWB	19	15893	14
machine	20	15748	14
깔끔한황색곰	21	15631	14
kni417	22	15574	14
Youchien	23	15566	14
wakka53	24	15318	14
みき	25	15312	14
ohaguro	26	15258	14
创死那个学园爱抖	27	15227	14
설익	28	15169	14
바이렛	29	15157	14
ゆこてこ	30	15085	14
レイタ老	31	15016	14
白玉歐	32	14985	14
唯我独尊マン	33	14879	14
dreamfate	34	14690	14
こたつ	35	14539	14
TiP	36	14477	14
Shiyueli	37	14282	14
シン000	38	14193	14
Gale	39	14189	14
真夜中のカラス	40	14172	14
섹시한복숭아	41	14080	14
ゴロゴロ	42	13981	14
영혼연성	43	13949	14
XM15K	44	13876	14
moku	45	13787	14
らう	46	13782	14
serve	47	13780	14
MOTTI	48	13773	14
jan	49	13764	14
Raizin	50	13658	14
jyun19	51	13601	14
IKUN	52	13575	14
songyuan78	53	13570	14
Moraner	54	13501	14
Ella	55	13424	14
ろりしょたあ	56	13390	14
Swallow	57	13357	14
SyoGo	58	13224	14
Citruslimon	59	13222	14
パイロブラスト	60	13168	14
我没有爱	61	13155	14
YCL	62	13089	14
tarutaru	63	13063	14
tymiya2010	64	13039	14
チスター	65	13032	14
toyop	66	13020	14
Brig	67	12966	14
ykk	68	12955	14
あーすなな	69	12917	14
manJuice1000	70	12854	14
Nola	71	12838	14
ダイナソー竜崎	72	12780	14
金色传说	73	12719	14
sena	74	12714	14
グリード	75	12613	14
謎のトロール	76	12567	14
燒鴨	77	12545	14
田中	78	12530	14
ののぶ	79	12457	14
王耀华	80	12438	14
绝境无序	81	12393	14
Loto3rd	82	12318	14
COZY	83	12276	14
田中	84	12274	14
牛牛骑士	85	12265	14
名白椛	86	12246	14
skthma	87	12232	14
LaoMin	88	12225	14
포더킹애호가	89	12214	14
siga	90	12206	14
southertanak	91	12197	14
天橋上的魔術師	92	12168	14
QianYi	93	12136	14
serunado	94	12129	14
ふとすぎ	95	12122	14
KelvinHo	96	12118	14
ranpuz2	97	12088	14
yudagawa	98	12052	14
鄭元	99	12028	14
jackpot	100	12007	14
nishiking	101	11996	14
TWBestYasuo	102	11983	14
lavish	103	11969	14
	104	11954	14
yelow	105	11910	14
Demian	106	11905	14
バッドマナー克彦	107	11890	14
ばかじゃない	108	11888	14
integer	109	11880	14
oliecieqtwrt	110	11873	14
adver	111	11858	14
TAI	112	11858	14
lates	113	11842	14
gummi100pct	114	11803	14
쳇쳇	115	11801	14
Tx9aybar	116	11742	14
biven	117	11738	14
ChateauRouge	118	11737	14
zombie	119	11719	14
체리마쇼	120	11662	14
かにかま	121	11659	14
ggigobaito	122	11657	14
メダルキング	123	11655	14
Gin	124	11642	14
Sen	125	11629	14
king	126	11619	14
YamaYamara	127	11609	14
frozen	128	11607	14
Gin	129	11606	14
太鼓さん	130	11604	14
よしとく団長	131	11583	14
고고한담황마법사	132	11581	14
okkun	133	11548	14
Beam	134	11545	14
ashe	135	11521	14
yuris	136	11518	14
OneShot4	137	11517	14
Newew	138	11517	14
ポチョムキン先輩	139	11506	14
catfood	140	11496	14
Bunnyfunder	141	11452	14
zzhowwoh	142	11439	14
RCHE	143	11436	14
微醺的黑色	144	11426	14
JAGUAR	145	11422	14
Trista	146	11392	14
洛神賦	147	11368	14
Mercicy	148	11354	14
可乐	149	11354	14
OverPoweR	150	11286	14
あばれるくん	151	11274	14
WUXIN	152	11265	14
뚱인대요	153	11247	14
시라이쿠로코	154	11243	14
level	155	11232	14
Bansbully	156	11220	14
瘋狂鑽石	157	11204	14
蔡虚坤	158	11182	14
FunkyAki	159	11178	14
你可真是个人才	160	11168	14
元気もりお	161	11166	14
cx000	162	11165	14
분식집탈옥수	163	11161	14
sanctacaris	164	11145	14
不思議なカメ	165	11129	14
十九亲	166	11120	14
mmf	167	11117	14
야슈톨라	168	11106	14
sora	169	11096	14
薛薛薛薛薛薛薛	170	11084	14
suiyi	171	11076	14
沉溺	172	11076	14
天天躺平	173	11073	14
sikuro	174	11064	14
ブルフロッグ	175	11062	14
請不要問我為什麼	176	11059	14
ソルモルドア	177	11048	14
小さな忍者	178	11048	14
Aeveltra	179	11042	14
春川邱缘	180	11023	14
ちゃんたく	181	11019	14
Andy	182	11018	14
MaxStoKe	183	11001	14
dio	184	11000	14
垃圾用陽壽打遊戲	185	10993	14
불운의아이콘	186	10988	14
하람	187	10987	14
ホッサル	188	10979	14
吾輩最強丸	189	10975	14
syouyu	190	10965	14
nakama012	191	10964	14
Atsj1	192	10959	14
宇宙戦艦たけし	193	10958	14
謎のイカ	194	10956	14
沉默寶劍	195	10948	14
Capricorn	196	10946	14
OKer	197	10941	14
CryingRobot	198	10937	14
Hop	199	10932	14
Redeyes	200	10919	14
작은새	201	10915	14
大傻子	202	10898	14
qmkin	203	10892	14
アオ	204	10887	14
fumi	205	10884	14
好運貓頭鷹	206	10881	14
MrMyName	207	10865	14
Masu	208	10861	14
whiteRaven	209	10859	14
Jooly	210	10840	14
ryu	211	10824	14
aminoac345	212	10819	14
malolo	213	10803	14
almikuaxe	214	10802	14
Rocka	215	10801	14
Tspin	216	10797	14
Lastwolf	217	10794	14
Turai	218	10794	14
ginko	219	10783	14
takechi	220	10777	14
ikep	221	10768	14
Gomesu	222	10760	14
みつろう	223	10747	14
Overthinking	224	10745	14
noriha	225	10739	14
굳덕수	226	10737	14
bestMccree	227	10733	14
凉夏丿灬	228	10732	14
굳덕수저격수	229	10727	14
안녕하세요	230	10723	14
二月鳥	231	10718	14
tesuri	232	10715	14
沒椅子坐的鐘老闆	233	10712	14
DirePants	234	10710	14
咚咚	235	10703	14
ふくしま0419	236	10694	14
Tom	237	10681	14
雪青幽靈	238	10680	14
Deadshark	239	10672	14
BigBoss	240	10670	14
Vixerunt	241	10665	14
서릿발공	242	10660	14
Reverent	243	10658	14
セスッタ	244	10637	14
乂冰霜旋律乂	245	10628	14
漆黑の闪光	246	10616	14
kaguya	247	10616	14
Unnamdplayer	248	10609	14
BELLSTONE	249	10609	14
NONONO	250	10607	14
StarSpace	251	10605	14
ゆーぼー	252	10599	14
FUJIS	253	10583	14
イオリア・シュヘ	254	10581	14
kentron	255	10581	14
ちょせん	256	10581	14
까뮤	257	10578	14
雪兒	258	10573	14
Yolo	259	10567	14
扭曲的玫瑰色水氷	260	10565	14
莱因哈特	261	10565	14
うさこ	262	10547	14
salsalyo	263	10545	14
에이원프로	264	10540	14
지존	265	10534	14
mingtong	266	10533	14
後藤ひとり	267	10511	14
阿席達卡的逃犯	268	10503	14
a22208092	269	10500	14
모오호	270	10492	14
名字哥	271	10486	14
CrazyPlants	272	10480	14
Samson	273	10473	14
Chaos	274	10461	14
ワタリ	275	10457	14
NeTa	276	10445	14
흙빙	277	10444	14
鍵山	278	10444	14
Restart	279	10442	14
zhigui	280	10437	14
itsartin	281	10436	14
追忆丶小艾	282	10431	14
비상식	283	10429	14
인간제로	284	10420	14
金門王	285	10409	14
yyyyiiii	286	10404	14
圣盾风怒复生毒	287	10395	14
RenRen	288	10392	14
jippijip	289	10378	14
harukaze	290	10377	14
LINYX	291	10341	14
将棋部	292	10340	14
米娜	293	10338	14
fladdict	294	10333	14
金門之王阿賓	295	10327	14
준프로레스토랑스	296	10320	14
カツエさん	297	10319	14
hanser	298	10307	14
오미자대추쑥	299	10305	14
我过分不谨慎	300	10295	14
IZrin	301	10282	14
Muwlbum	302	10277	14
kaninoko	303	10268	14
옐로우	304	10253	14
WLAI	305	10248	14
SONGOFBEACH	306	10245	14
ranunculus	307	10236	14
うずら	308	10225	14
BlackFlag	309	10225	14
Kotori	310	10221	14
PandaTh	311	10209	14
羊駝	312	10198	14
狂風	313	10197	14
崔乂園的老公	314	10189	14
mnkutf	315	10185	14
feifei	316	10163	14
aaabbbcdcc	317	10161	14
maplefire	318	10160	14
Sikkim	319	10155	14
Dreamback	320	10153	14
阿米巴巴大俠	321	10152	14
やのまん	322	10144	14
真红	323	10128	14
Momo	324	10118	14
Mist	325	10112	14
玛卡巴卡	326	10101	14
ikunisme	327	10099	14
gtplnlm	328	10097	14
yhosua	329	10095	14
LilikaS	330	10095	14
ddBanzai	331	10092	14
冬方雪	332	10087	14
SacreDxDick	333	10079	14
TMjpg	334	10067	14
JackMing	335	10066	14
一人木由0302	336	10065	14
超級魚人	337	10064	14
奪命小喵	338	10064	14
inge	339	10056	14
ATfield212	340	10053	14
柒柒	341	10050	14
유인원	342	10049	14
ワルツ	343	10048	14
青い鳥	344	10044	14
天道花憐	345	10044	14
Nuta	346	10030	14
co2	347	10029	14
saepp	348	10026	14
이찬형	349	10025	14
愛薩克	350	10021	14
咻咻	351	10020	14
sasami	352	10019	14
九鳥女子米且	353	10017	14
한번사는인생	354	10010	14
보잉	355	10009	14
Yusakuk	356	10008	14
Gurigurigrip	357	10008	14
藍天白雲	358	10004	14
冥傾璃	359	10004	14
러시아친구	360	10004	14
おどけた蛇	361	9999	14
肝哥	362	9983	14
神威小火龍	363	9963	14
곰슬기	364	9963	14
QMO0522	365	9957	14
draglevi	366	9946	14
えすけー	367	9934	14
will	368	9920	14
레인스	369	9907	14
gigazya	370	9902	14
ZhouCM	371	9900	14
つつ	372	9886	14
HO2JM	373	9878	14
ウィ童ポルノ	374	9874	14
StephenL	375	9872	14
용구	376	9865	14
노박구	377	9857	14
Chai	378	9856	14
NOAH	379	9854	14
YODA2	380	9842	14
CooNanG	381	9840	14
yugerex	382	9836	14
지수	383	9835	14
汝房不耐震	384	9834	14
淚淚	385	9834	14
溫和的紅色巨魔	386	9831	14
강아지핥는뼈다귀	387	9826	14
MaskPeter	388	9825	14
vege	389	9818	14
ekyggson	390	9817	14
젤나가	391	9811	14
KKISAOA	392	9810	14
LMH2K320	393	9809	14
DolbyJai	394	9800	14
瘋狂束褲	395	9799	14
タイムアウトの王	396	9798	14
Aber	397	9798	14
藍雨老頭	398	9798	14
AUTHOR	399	9796	14
BlueMoon	400	9789	14
鮑裡龍	401	9784	14
몬헌이나해	402	9783	14
Ezreal	403	9777	14
李霸霸	404	9771	14
冬ちゃん	405	9766	14
ysy	406	9760	14
RRRRRRRRRRRR	407	9745	14
冷靜的煙霧色竊賊	408	9744	14
破皮	409	9739	14
TNK	410	9734	14
KATE	411	9733	14
Mei	412	9731	14
사랑하는어머니	413	9729	14
ggininderla	414	9728	14
DeF	415	9725	14
biankheaven	416	9722	14
hugelephant	417	9716	14
尋找那最粗的感動	418	9708	14
GEight	419	9702	14
Toma	420	9691	14
朱諾小姐的襪子	421	9683	14
ヘルメ	422	9679	14
shira	423	9676	14
chemist	424	9676	14
感恩麵店	425	9673	14
Jason	426	9673	14
Phoenix	427	9667	14
邓老板	428	9657	14
MRTGGG	429	9654	14
Rickhuang	430	9654	14
Mark	431	9653	14
もけもけ	432	9650	14
M4tth3w	433	9650	14
のっぽの鶴	434	9645	14
ぶらっくるん	435	9641	14
useo	436	9639	14
Switch	437	9636	14
MagiaBreak	438	9633	14
에세조	439	9633	14
Willice	440	9630	14
amanojyaku	441	9629	14
TAKUTO	442	9626	14
프로바투가	443	9624	14
超級法師	444	9617	14
SOGOGI	445	9614	14
こじこじ	446	9611	14
wardaddy	447	9610	14
라이노레	448	9608	14
腐蝕	449	9606	14
わかてんぐ	450	9603	14
屁屁的精靈	451	9602	14
Dalangmm	452	9600	14
傲娇05小男娘	453	9599	14
마늘	454	9591	14
Chichi	455	9587	14
murabitob	456	9585	14
gsprss	457	9585	14
anson917	458	9584	14
哇嗚	459	9583	14
nougami	460	9578	14
sam	461	9578	14
みふぁえる	462	9576	14
banhbao	463	9571	14
CYK2k490	464	9571	14
KimAnelka	465	9561	14
Kafei88	466	9560	14
さまりばくん	467	9558	14
あるちか	468	9550	14
LemonBear	469	9548	14
瑞益阿姨	470	9536	14
Darkzero	471	9536	14
小丑	472	9536	14
吃答辩去吧鲍勃	473	9535	14
덕구	474	9532	14
bumpcamel	475	9525	14
Ray	476	9518	14
请问这里是地球吗	477	9516	14
Yiu	478	9513	14
ptf3434	479	9507	14
Fung	480	9504	14
꼬마귀	481	9496	14
狼狼	482	9496	14
あらら	483	9492	14
おおきど	484	9489	14
アジ	485	9489	14
フルにゃん	486	9489	14
Stm128	487	9480	14
贅沢微糖	488	9468	14
NyaQianZi	489	9467	14
Longdexin99	490	9464	14
People01	491	9460	14
要來我家看貓咪嗎	492	9459	14
Golden	493	9456	14
量子場論	494	9453	14
ほへほへ	495	9450	14
DOA	496	9445	14
おおやひろし	497	9441	14
マキシマム勇午	498	9433	14
Drolian	499	9421	14
Nick	500	9418	14
MentosBlue	501	9399	14
第六排便魔王です	502	9394	14
來個會玩的輔助	503	9393	14
고기먹은감자	504	9392	14
yuu00824	505	9387	14
bang	506	9382	14
Pigeon	507	9377	14
복수각	508	9374	14
Sun	509	9373	14
極光閃電	510	9370	14
Joestar	511	9368	14
回憶的沙漏	512	9367	14
扭曲的單寧色烏賊	513	9362	14
Batman	514	9358	14
McDonalds	515	9353	14
Kosuzu	516	9347	14
박민하	517	9341	14
그림자폭풍	518	9341	14
Sadwind	519	9341	14
zakipart	520	9332	14
灰灰	521	9327	14
allenyang	522	9323	14
웅이627	523	9310	14
치코리타	524	9309	14
yoyoyo	525	9300	14
billy	526	9293	14
daywater	527	9282	14
여름소년	528	9281	14
colibri	529	9277	14
Cassiopeia	530	9276	14
最帥的蟋蟀	531	9272	14
Jessezhao	532	9267	14
WaterHippo	533	9267	14
砖叶	534	9266	14
Zearth	535	9264	14
Lionvel	536	9260	14
小翰	537	9253	14
Keron	538	9252	14
なぜこんなことに	539	9252	14
Botti	540	9247	14
白うさ	541	9243	14
유서린	542	9237	14
おにおん	543	9235	14
Andydafa	544	9235	14
buwanlushi	545	9232	14
ポンコツ	546	9223	14
StarryNight	547	9218	14
苦瓜	548	9208	14
楊威利	549	9208	14
sidlob7	550	9208	14
나다	551	9204	14
DavoCHU	552	9202	14
dadada	553	9199	14
AraNoc	554	9199	14
大鸡脖男模	555	9187	14
ダンディ・さしみ	556	9175	14
Vyrnm	557	9174	14
Cruiser71	558	9170	14
	559	9168	14
沒事休閒玩	560	9167	14
LunaticFox	561	9166	14
迷你忍者	562	9166	14
Taishi	563	9165	14
Nap	564	9160	14
AvianPink	565	9159	14
Alex	566	9158	14
Blinkfox	567	9157	14
kng	568	9157	14
hankOAO	569	9157	14
ShinyStAnon	570	9156	14
Louisareth	571	9155	14
ldk1609	572	9154	14
issa	573	9152	14
진영	574	9134	14
閃亮束褲	575	9126	14
kaitistsdog	576	9125	14
DJWCB	577	9120	14
SpeedyRogue	578	9111	14
Puppet	579	9108	14
從此再無加一秒	580	9107	14
納許	581	9106	14
KidZ	582	9104	14
萌死戳	583	9102	14
b1ack1c3	584	9102	14
nobuDX	585	9090	14
Norie	586	9085	14
Dengrong	587	9084	14
Loveka	588	9083	14
고릴라	589	9082	14
잔불	590	9078	14
雀鳥	591	9078	14
MIKE	592	9076	14
Jakeeee	593	9070	14
daidai	594	9066	14
立志要立志	595	9066	14
AkabaNeClair	596	9060	14
罕見的芒果色鶴	597	9053	14
士兵87	598	9052	14
暇なやつ	599	9051	14
Sheloy	600	9049	14
내가니들힐노예냐	601	9047	14
小寶豬	602	9040	14
Mor	603	9037	14
오늘은쉽니다	604	9031	14
mdzz	605	9024	14
Bayless	606	9023	14
ハクシキ	607	9020	14
臭臭蛙	608	9016	14
Lunco	609	9015	14
Redmist	610	9015	14
Sakura	611	9012	14
옆집누나	612	9011	14
勇者的使命	613	9011	14
Winnie	614	9010	14
好運貓頭鷹	615	9009	14
하얀나무	616	9004	14
沧州	617	9003	14
별꺅이	618	9003	14
CKforever	619	8999	14
滅天	620	8998	14
cangzhou	621	8997	14
uptown	622	8993	14
마라다	623	8986	14
Kapaeru	624	8980	14
Hikasi	625	8976	14
維京人	626	8972	14
休伞	627	8969	14
ZXXTTW	628	8968	14
インド人じゃない	629	8966	14
TaoZe	630	8961	14
핑구	631	8960	14
实习金铜须	632	8959	14
阿富	633	8959	14
옆집형아	634	8956	14
嗦我的牛牛	635	8955	14
socks	636	8949	14
Natsuki	637	8948	14
full948	638	8943	14
GINI	639	8942	14
Nobody	640	8940	14
sirokin	641	8940	14
겐지렁이	642	8939	14
珍珠鸟	643	8935	14
本气黑猫	644	8932	14
被一群扣扣人圍住	645	8932	14
くらやん	646	8932	14
星空	647	8931	14
奸詐的紅色法師	648	8929	14
ハーフロック	649	8928	14
beautiful	650	8919	14
小鳥游六花	651	8917	14
석기시대가죽도둑	652	8913	14
낙사전문가	653	8910	14
フロストドッグ	654	8906	14
Licht	655	8905	14
Alone	656	8905	14
Sirokin	657	8904	14
瀨笈葉	658	8903	14
花園ゆりね	659	8903	14
삌끸	660	8902	14
개떡같네	661	8898	14
Mangor	662	8895	14
neverhand	663	8893	14
AhHin	664	8893	14
orinnpia	665	8891	14
막강한바지	666	8886	14
곶감	667	8883	14
Treex	668	8883	14
黑騎士	669	8882	14
mojamon	670	8879	14
爱民如子蒙斯克	671	8873	14
Soul	672	8873	14
JonaliZa	673	8861	14
ROMA	674	8858	14
ゆな	675	8856	14
陰気なオーク	676	8852	14
놀래라	677	8847	14
uru	678	8843	14
怠惰なるカメ	679	8842	14
Bostanding	680	8838	14
Myjnb	681	8837	14
うっちー	682	8836	14
低調	683	8835	14
mududu	684	8835	14
ナンカレー	685	8835	14
양금모	686	8831	14
絕世馬馬	687	8829	14
凱莉根	688	8828	14
AX1LE	689	8827	14
GwentKing	690	8826	14
홍진호덱	691	8825	14
Wraxu	692	8823	14
Alpaca	693	8822	14
euydo	694	8817	14
彼岸尋花	695	8816	14
동태라면	696	8807	14
fhwfhwwod	697	8804	14
쁶끢	698	8803	14
SOFT	699	8803	14
ワンタイン	700	8802	14
yda	701	8801	14
maryjane	702	8801	14
Gray	703	8798	14
ChoCoPP	704	8795	14
growncelo	705	8794	14
苞芯涼皮	706	8793	14
ctrlmusic	707	8790	14
BoongBoong	708	8786	14
にこる	709	8784	14
nagichan	710	8783	14
ikun	711	8780	14
SleepyBear	712	8780	14
浪漫旅人	713	8779	14
おぱぁい	714	8778	14
なの	715	8776	14
Gangatha	716	8776	14
stijat	717	8775	14
공허	718	8774	14
ゴーストパンツ	719	8774	14
Samechicken	720	8771	14
doki	721	8768	14
torinosu	722	8767	14
不连怎么赢	723	8759	14
무작위	724	8757	14
얼짱	725	8754	14
초이	726	8754	14
ただつく	727	8754	14
Liz	728	8751	14
三毛色	729	8750	14
レックス5264	730	8746	14
Exile	731	8744	14
紅蓮	732	8739	14
你好牛	733	8738	14
뀰찬	734	8736	14
정수를수집한닭	735	8736	14
육덕그물	736	8736	14
Dreamsoul	737	8731	14
浮生擾	738	8730	14
愛睏薩滿	739	8728	14
ROFFNAR	740	8723	14
招风的小耳朵	741	8718	14
인공지능	742	8717	14
LarB	743	8714	14
NitrousOxide	744	8713	14
IlIlIlIIIlll	745	8713	14
sou	746	8712	14
WunSunWane	747	8709	14
MauveOgre	748	8707	14
闇のわくわくさん	749	8707	14
瞎瞎的一	750	8705	14
挺拔的棕色貓咪	751	8704	14
无敌大树	752	8703	14
nnnmn	753	8703	14
巨型的棕褐色雪怪	754	8701	14
soichiro	755	8700	14
andokaz	756	8694	14
RamonaIYV	757	8692	14
Zenso	758	8692	14
はつ	759	8691	14
정의로운오팔매	760	8689	14
性感农夫	761	8689	14
慎重なカラス	762	8688	14
めきつん	763	8686	14
BK201	764	8684	14
幸運艾莉兒小妞	765	8677	14
IeC	766	8677	14
駐在さん	767	8674	14
서정시	768	8672	14
妳髮如雪淒美離別	769	8664	14
サイコクン	770	8663	14
nineoneeeeee	771	8662	14
shina	772	8662	14
Хочун	773	8661	14
すやすやねてる	774	8661	14
둔듄	775	8660	14
쥰토냥	776	8658	14
Kevin39	777	8657	14
bnbnkoubou	778	8648	14
yuma	779	8647	14
Mary	780	8642	14
xiaci	781	8639	14
mochi	782	8635	14
밤기사	783	8635	14
Solong	784	8632	14
nan	785	8631	14
SelfReA	786	8630	14
こころん	787	8628	14
Soo	788	8627	14
VinceQ	789	8622	14
한씨	790	8622	14
Tiffaaaaa	791	8622	14
おさんぽ	792	8621	14
成星	793	8620	14
羅賓的神棍棍	794	8618	14
布鲁艾斯歪多拉贡	795	8611	14
hanry	796	8609	14
레이너	797	8607	14
짱아	798	8607	14
黑夜灯火	799	8600	14
折纸	800	8599	14
nAo	801	8599	14
Duckjuck	802	8595	14
毛怪	803	8591	14
고오	804	8586	14
ZanyDruid	805	8582	14
증거부족무혐의	806	8580	14
보리스	807	8580	14
阿拉呱呱	808	8579	14
豪豪	809	8578	14
拉玛刹的风干鲑鱼	810	8572	14
愛睏熊	811	8567	14
UMR	812	8566	14
	813	8565	14
ろば	814	8564	14
控えめなコドー	815	8563	14
seong	816	8561	14
看到土泥	817	8560	14
RayLuo	818	8559	14
BrownBear999	819	8558	14
엄청난멀록	820	8555	14
天秤女孩	821	8544	14
미친고양이	822	8536	14
명궁	823	8536	14
くうげ	824	8535	14
Ringen	825	8534	14
작전사령	826	8533	14
Red5now	827	8532	14
熊吉くん	828	8532	14
slamdunk	829	8532	14
ころん	830	8531	14
喵喵喵喵	831	8531	14
DeadlyMouse	832	8530	14
contentura	833	8529	14
ForHoNoR	834	8525	14
布莱克马橘顺	835	8519	14
xing2024	836	8519	14
Atmos	837	8514	14
xclusiv3	838	8513	14
伊拉瑞的震动光塔	839	8513	14
大丈夫萌大奶	840	8508	14
G25G45331	841	8507	14
豊饒	842	8506	14
ツァイ拳	843	8502	14
Handi	844	8501	14
첫경험	845	8497	14
奸詐的霓虹色雪怪	846	8496	14
Z24Galaxy	847	8489	14
Continue	848	8488	14
드루이드	849	8488	14
하얗게불태웠어	850	8488	14
楊小趴	851	8483	14
nktgw	852	8482	14
ChallengeKim	853	8482	14
ねないこだれだ	854	8482	14
cross7224	855	8480	14
crayfish	856	8479	14
kakera	857	8472	14
Greedlcs	858	8469	14
喵喵不是喵喵	859	8468	14
Araia	860	8467	14
光り輝くあれ	861	8467	14
Solong	862	8466	14
정백연	863	8465	14
nuibar	864	8465	14
Nazini1212	865	8463	14
조100	866	8460	14
bearng	867	8459	14
Pokopoko	868	8458	14
l3Aal3Oo	869	8458	14
비트다비트	870	8455	14
疲倦的粉色海豹	871	8454	14
Kero	872	8454	14
yeciqweb	873	8452	14
電柱	874	8445	14
Panthere22	875	8443	14
애기양이	876	8439	14
miduki	877	8436	14
msp	878	8435	14
Yopiko19	879	8435	14
JWangIsMySon	880	8432	14
eynddang	881	8432	14
ViKNG	882	8431	14
蹦蹦精靈	883	8427	14
ppvwnsedmax	884	8425	14
태우야그만잘해라	885	8422	14
Enogap	886	8417	14
CrazyKOR	887	8415	14
老男人	888	8415	14
神奇阿鈺	889	8413	14
世界	890	8413	14
Spike	891	8411	14
how	892	8410	14
楊小傑	893	8407	14
柒撚濛濛	894	8406	14
lhy1018	895	8403	14
MasterAvalon	896	8402	14
Devilgee	897	8399	14
shll	898	8396	14
アリアンツ	899	8395	14
TheDarkStar	900	8394	14
兔美ちゃん	901	8393	14
리판03	902	8391	14
Simba	903	8391	14
Eyeshock	904	8390	14
けいむー	905	8389	14
小志峰	906	8389	14
見朕騎雞的時刻	907	8385	14
どっつ	908	8383	14
WONS	909	8382	14
KaHei	910	8382	14
SYDTK	911	8381	14
Elddvs	912	8381	14
qwertyuiopas	913	8380	14
화난바지	914	8379	14
꿈의우주	915	8375	14
HARUKU	916	8375	14
バスキア	917	8369	14
Karla	918	8369	14
HowMuch	919	8369	14
RuBy	920	8367	14
喵声喵语	921	8365	14
Layer52	922	8365	14
舞亂	923	8363	14
이양반	924	8362	14
peteriao	925	8360	14
何處藏鋒	926	8357	14
gemseg	927	8354	14
奶茶本人	928	8352	14
googoogoog	929	8352	14
我要妳記住我	930	8350	14
cap00	931	8348	14
zgws	932	8347	14
路西安	933	8344	14
ZeRo	934	8341	14
Rwei	935	8339	14
負けたら筋トレ男	936	8338	14
Have	937	8338	14
SpiritSmell	938	8327	14
Avengers	939	8327	14
poremiro	940	8325	14
kamikoto	941	8325	14
式手洗	942	8321	14
AsahiHare	943	8317	14
Monkey	944	8317	14
寬寬的騎士	945	8317	14
신성한노동	946	8316	14
鐵支支	947	8316	14
라흐마니노프	948	8314	14
LemonSatyr	949	8310	14
ユードリック本物	950	8308	14
小李	951	8308	14
VERY	952	8304	14
纯真丁一郎	953	8304	14
老木	954	8303	14
サイレント	955	8300	14
KINPI128	956	8300	14
瘋狂束褲	957	8300	14
野性狼	958	8298	14
がーねっと	959	8296	14
조교플레이	960	8293	14
Tommy9413	961	8292	14
lun	962	8292	14
RKso	963	8291	14
변태신사	964	8291	14
CrazyMage	965	8291	14
kevinwen	966	8290	14
你的對手	967	8289	14
佛說苦	968	8289	14
朱緑	969	8288	14
hifi	970	8287	14
st84green	971	8287	14
율라린	972	8285	14
희웅아보고싶어	973	8282	14
Hunter	974	8281	14
もこ	975	8278	14
哈哈是我啦	976	8278	14
悪い熊	977	8273	14
Ahan	978	8272	14
木子	979	8269	14
Qet	980	8268	14
有能な牡鹿	981	8267	14
AuN	982	8266	14
아아	983	8266	14
Frimelda	984	8265	14
我是象大寶	985	8264	14
vis	986	8263	14
Sunny	987	8262	14
ぶーー	988	8261	14
IlI	989	8261	14
大江	990	8261	14
성훈킴	991	8260	14
Kobe	992	8257	14
DiStanTAiM	993	8256	14
Nongyak	994	8255	14
Joker	995	8254	14
魔法束褲	996	8254	14
隱祕	997	8254	14
uncommon	998	8253	14
らいむ	999	8252	14
暴走小星星	1000	8249	14
怡親王	1001	8247	14
사악한군청사자	1002	8246	14
Underr8d	1003	8245	14
我好撐	1004	8242	14
maporoshi	1005	8241	14
臭臭武僧	1006	8240	14
Hidarife	1007	8236	14
Inoriona	1008	8236	14
死於肥命	1009	8235	14
weewoo	1010	8235	14
캐시	1011	8234	14
aOoOa	1012	8234	14
てるみ	1013	8234	14
celemine	1014	8233	14
なきむし	1015	8232	14
新手不具名	1016	8230	14
kwannn	1017	8230	14
kuco	1018	8229	14
모또르	1019	8229	14
ArchMLGB	1020	8227	14
Jizo	1021	8225	14
AlexFresh	1022	8224	14
Luck	1023	8224	14
WliTaiKuilM	1024	8223	14
아이네	1025	8222	14
Yukikaze	1026	8221	14
如樱花般凋零	1027	8219	14
Phim	1028	8218	14
tear74	1029	8211	14
ほりうすけ	1030	8210	14
みらくらぱーく！	1031	8205	14
よーし	1032	8202	14
TheLasid	1033	8201	14
LionNight	1034	8200	14
WillySu	1035	8199	14
sexymoo	1036	8198	14
RAY	1037	8194	14
Somi	1038	8194	14
神奇魔法使	1039	8193	14
lee521712345	1040	8193	14
Nepgear	1041	8193	14
銀牙牙喵愛吃魚	1042	8190	14
扮馬王子	1043	8189	14
HattalHattal	1044	8185	14
TigerFans	1045	8177	14
killua	1046	8174	14
Kurami	1047	8173	14
USimilArity	1048	8172	14
ゆゆ騎士	1049	8172	14
士兵87	1050	8171	14
Djuicefruit	1051	8171	14
rasoraso	1052	8171	14
こえふぉんと	1053	8170	14
Pemikann	1054	8169	14
残忍なワシ	1055	8166	14
박치헌	1056	8162	14
ぬん	1057	8161	14
耶開心	1058	8160	14
tsubasa	1059	8160	14
東一飛人	1060	8155	14
NinetyNine	1061	8147	14
野性狂怒	1062	8147	14
poop1215	1063	8147	14
Kingjerty	1064	8146	14
我七歲愛生氣	1065	8145	14
致命之足	1066	8145	14
小言	1067	8145	14
凡飞	1068	8144	14
HumanTrash	1069	8143	14
Leclem	1070	8141	14
hagis	1071	8138	14
casey	1072	8138	14
T6Menace	1073	8134	14
JadeEagle	1074	8132	14
Melody88	1075	8131	14
グラッセ	1076	8130	14
Ephemeral	1077	8130	14
마법아줌마	1078	8127	14
비올레	1079	8125	14
king	1080	8123	14
구루미	1081	8123	14
migo	1082	8122	14
短腿叔叔	1083	8119	14
LUFFY	1084	8117	14
바틔	1085	8116	14
Msong	1086	8116	14
Linearblue	1087	8116	14
RIPPLET	1088	8116	14
nomx2	1089	8113	14
秘剣絶命陣	1090	8112	14
善良な島民	1091	8110	14
Poi	1092	8110	14
無業遊民	1093	8109	14
しゃけ	1094	8109	14
kibousan	1095	8109	14
神尻尻	1096	8108	14
Humanity	1097	8107	14
ForeverLover	1098	8106	14
幻夜星情一月魅	1099	8106	14
LuckyDay	1100	8104	14
mizunoe	1101	8103	14
littleplanet	1102	8103	14
배고파죽겠다	1103	8102	14
Kaangaroo	1104	8102	14
Aki23	1105	8101	14
mARe	1106	8099	14
微光	1107	8098	14
幽莲	1108	8096	14
Incredible	1109	8095	14
Refrain	1110	8095	14
naclras	1111	8094	14
LaMotivation	1112	8094	14
시공의폭풍	1113	8093	14
panduwo	1114	8091	14
크리크리보	1115	8090	14
noany	1116	8090	14
itsuki	1117	8089	14
SmallMa	1118	8088	14
おらてがま	1119	8088	14
MonkeyDPaco	1120	8088	14
SuperNinja	1121	8087	14
종부세로맞아볼래	1122	8087	14
hatamino	1123	8084	14
고슴도치스승	1124	8084	14
vincent1	1125	8084	14
DragonPriest	1126	8083	14
かにたまゆき	1127	8083	14
BEAR2	1128	8082	14
无事烧香	1129	8082	14
snowcrab	1130	8082	14
교미베어	1131	8082	14
出示了阿伯	1132	8081	14
스카이론	1133	8080	14
哪有這麼簡單	1134	8080	14
산타	1135	8080	14
Moonlight	1136	8079	14
umekonbu	1137	8079	14
inopi	1138	8078	14
ぱんだまん	1139	8078	14
小朱	1140	8078	14
ガレン	1141	8077	14
黑貓	1142	8077	14
멋쟁이	1143	8077	14
GODTEL	1144	8077	14
codder	1145	8076	14
게스	1146	8075	14
执花人	1147	8075	14
EffeW	1148	8075	14
까다로운사냥꾼	1149	8075	14
아라쉬	1150	8075	14
最棒宇賢	1151	8074	14
まぐろ	1152	8074	14
JONAthan	1153	8074	14
我女友還沒十六歲	1154	8073	14
Liakusha	1155	8073	14
承让	1156	8073	14
flpy	1157	8072	14
MOTHER	1158	8071	14
bottomez	1159	8071	14
OliveThief	1160	8070	14
oguronn2	1161	8069	14
シンカセイ	1162	8069	14
STYX	1163	8069	14
黒崎コユキ	1164	8068	14
冒險者	1165	8068	14
nagamin	1166	8068	14
ゴクリン	1167	8067	14
shilian	1168	8067	14
rinka	1169	8067	14
moNkey	1170	8066	14
LickYaya	1171	8066	14
xyl283	1172	8066	14
AJman	1173	8065	14
迷失金剛	1174	8065	14
ふすー	1175	8064	14
Thomas	1176	8064	14
Mandalah	1177	8063	14
BeigeRhino	1178	8063	14
mike	1179	8062	14
ゆうしゃアキヤマ	1180	8061	14
모험가	1181	8061	14
적혈귀	1182	8061	14
MintGrell	1183	8060	14
エリオ	1184	8059	14
POP	1185	8059	14
miwa	1186	8059	14
shadowhunter	1187	8059	14
impale	1188	8056	14
pure4183	1189	8056	14
nOAOnoob	1190	8055	14
北原かずさ	1191	8055	14
김병동	1192	8055	14
墨竹	1193	8054	14
MonaLiDuck	1194	8054	14
함살려줘라진짜	1195	8054	14
きみっきみ	1196	8053	14
suton	1197	8053	14
Saijaku	1198	8052	14
Jacob	1199	8052	14
Okbr	1200	8051	14
Lucky	1201	8051	14
Xiaohu88	1202	8051	14
너꼬시러왔어	1203	8051	14
RotFlamme	1204	8050	14
leinad	1205	8050	14
Realniceness	1206	8050	14
翹尾巴	1207	8049	14
法克魷	1208	8048	14
隱身即無敵	1209	8048	14
蹦蹦熊	1210	8048	14
FrostyFeet	1211	8048	14
戰鬥束褲	1212	8047	14
Jimmy	1213	8047	14
another	1214	8046	14
shu87114	1215	8046	14
ZressTom	1216	8046	14
태제	1217	8045	14
拔剌不太辣	1218	8045	14
muctl	1219	8043	14
yes	1220	8042	14
まつぼー	1221	8041	14
mangis	1222	8041	14
北野風見鶏	1223	8041	14
青色言语	1224	8040	14
Hongxue	1225	8040	14
호러아니마러	1226	8040	14
HANZO	1227	8040	14
Sooin2	1228	8039	14
usarin	1229	8039	14
FlaxRogue	1230	8038	14
Wormsfake	1231	8038	14
nachall	1232	8038	14
peipei	1233	8038	14
MadCrabicus	1234	8038	14
CunPunk	1235	8038	14
Henry	1236	8037	14
인연론	1237	8036	14
hiirosakuya	1238	8036	14
Kinsan	1239	8036	14
sampdoria14	1240	8035	14
namKD	1241	8035	14
Tsukazou	1242	8035	14
oasis	1243	8034	14
눈오는여름	1244	8033	14
사악한라임설인	1245	8033	14
ゆゆ	1246	8033	14
ラグナ	1247	8033	14
CCpanda	1248	8032	14
민들레스	1249	8032	14
Lisionla	1250	8031	14
잇츠지워니	1251	8031	14
Jemmy	1252	8031	14
ハーブティー	1253	8031	14
Daniel	1254	8030	14
如墨	1255	8030	14
罕見的紫紅色老鷹	1256	8029	14
Motivation	1257	8029	14
豆豆在哪裡	1258	8029	14
마신다	1259	8029	14
TTOAMONG	1260	8028	14
azukimoti	1261	8028	14
pilsner	1262	8028	14
OrangeOne	1263	8028	14
胖胖	1264	8028	14
乐正绫	1265	8027	14
	1266	8027	14
oXMurderXo	1267	8027	14
jys	1268	8026	14
Osten	1269	8026	14
hangyu	1270	8026	14
夜澪	1271	8025	14
ましろ	1272	8025	14
真實的灰色野牛	1273	8025	14
Roadofhope	1274	8024	14
スタルク	1275	8024	14
홍시	1276	8024	14
Ezio	1277	8024	14
모험가	1278	8024	14
ventriloquis	1279	8023	14
びわ	1280	8023	14
Queencard	1281	8023	14
침울한금빛영웅	1282	8023	14
mimmim	1283	8023	14
HogDom	1284	8023	14
Elena	1285	8022	14
RunRabbit	1286	8022	14
愛睏小皮	1287	8022	14
CarlLeung	1288	8022	14
cal	1289	8022	14
Bv181	1290	8021	14
IWATA	1291	8021	14
Ddddddddd	1292	8021	14
月光王座	1293	8021	14
MapleSugar0	1294	8021	14
데코	1295	8020	14
ohs	1296	8020	14
Mitsu	1297	8020	14
チョコボ	1298	8020	14
열왕기하	1299	8020	14
Banvis	1300	8020	14
ace2735	1301	8019	14
kadoo	1302	8019	14
カガミ	1303	8018	14
TrickyHunter	1304	8018	14
wewall	1305	8018	14
Phoenix	1306	8018	14
TreapWorld	1307	8018	14
ii945	1308	8018	14
Genius	1309	8018	14
지레기	1310	8018	14
黑暗的紅寶石	1311	8017	14
ARIA	1312	8017	14
暗影風暴	1313	8017	14
月が綺麗ですね	1314	8017	14
ルーデル大佐	1315	8017	14
最後曙光	1316	8016	14
untol	1317	8016	14
kimi	1318	8016	14
LazySeal	1319	8016	14
慕遇	1320	8016	14
カミハテ	1321	8016	14
趋舍无定	1322	8016	14
euyurnil	1323	8016	14
Rpoppo	1324	8015	14
櫻京塚大	1325	8015	14
cerisier	1326	8015	14
喝点水的熊猫	1327	8015	14
鬼祟魷魚	1328	8015	14
JinlistaR	1329	8015	14
うーちゃん	1330	8015	14
공허의시공	1331	8014	14
GhostDragon	1332	8014	14
みかどゆにばーす	1333	8013	14
chancewaters	1334	8013	14
Thisguy	1335	8013	14
mapi	1336	8013	14
うにまる	1337	8013	14
辜丸太郎	1338	8013	14
肚肚怪怪的	1339	8013	14
포근한상록늑대	1340	8013	14
まむ	1341	8012	14
치즈망고	1342	8012	14
Kou2	1343	8011	14
ぷいぷい彡うにゃ	1344	8011	14
FFFC	1345	8011	14
야김렝	1346	8011	14
아실라브	1347	8011	14
fado	1348	8010	14
kotuden	1349	8010	14
吃蘿蔔不吐蘿蔔皮	1350	8010	14
拉曼查领的桑丘	1351	8010	14
我會怕怕啦	1352	8010	14
Luo	1353	8010	14
Leo2807	1354	8010	14
OuO	1355	8009	14
最後的橄欖色鯊魚	1356	8009	14
CR7Rapaldo	1357	8009	14
프로토스	1358	8009	14
冥风淳朴	1359	8008	14
胖蟲不放屁	1360	8008	14
tom	1361	8008	14
怀孕的处女	1362	8008	14
cola	1363	8008	14
호마	1364	8008	14
rmnn	1365	8007	14
CrazyDiamond	1366	8007	14
걱정마	1367	8007	14
Rei	1368	8007	14
Gent1eShy	1369	8006	14
Hahahaha	1370	8006	14
我们传媒战争之王	1371	8006	14
稻禾狐狸	1372	8006	14
KaelThas	1373	8006	14
여관주인	1374	8006	14
Nanteko	1375	8005	14
JyanVoV	1376	8005	14
Shaverma	1377	8005	14
佐稿頑藤	1378	8005	14
Lalalalalal	1379	8005	14
Innkeeper	1380	8005	14
엉이	1381	8005	14
GarnetBeast	1382	8004	14
Jfla	1383	8004	14
shepard	1384	8004	14
迷你泰坦	1385	8003	14
LuShiKing	1386	8003	14
무시무시한발바닥	1387	8003	14
スペック	1388	8003	14
아마다스	1389	8003	14
달달한초코	1390	8003	14
진리	1391	8003	14
쏭히	1392	8003	14
날아가버린내메카	1393	8003	14
Smeshnou8oi	1394	8003	14
玩具坦克	1395	8002	14
梅洛	1396	8002	14
cedar	1397	8002	14
현실은시궁창	1398	8002	14
幻想駱駝	1399	8002	14
愚蠢思考讓人窒息	1400	8002	14
Fear	1401	8001	14
chipping	1402	8001	14
불타는기계군단	1403	8001	14
sumiso	1404	8001	14
Leli	1405	8001	14
DiVA	1406	8001	14
waj	1407	8000	14
쭌왜안와	1408	8000	14
잔양	1409	8000	14
한글	1410	8000	14
ちぇいん	1	18642	15
ranpuz	2	18439	15
LimeDrake	3	15677	15
飛馬	4	15088	15
BWB	5	15070	15
saninobe	6	14892	15
らう	7	14720	15
Raizin	8	14137	15
moku	9	14004	15
レイタ老	10	13997	15
ゴロゴロ	11	13974	15
kyu091	12	13631	15
jyun19	13	13608	15
xuxuxuxu	14	13548	15
WINSTON	15	13545	15
燒鴨	16	13411	15
こたつ	17	13323	15
dreamfate	18	13284	15
Hobriout	19	13210	15
SyoGo	20	13168	15
Gale	21	13153	15
アツヤ	22	13153	15
Citruslimon	23	13141	15
설익	24	13000	15
바이렛	25	12990	15
Youchien	26	12962	15
唯我独尊マン	27	12935	15
kni417	28	12894	15
你可真是个人才	29	12762	15
level	30	12751	15
宇宙戦艦たけし	31	12728	15
崔乂園的老公	32	12581	15
분식집탈옥수	33	12524	15
야슈톨라	34	12522	15
ranpuz2	35	12504	15
bellalin	36	12142	15
songyuan78	37	12112	15
cx000	38	12064	15
抖音小齊	39	12058	15
白上フブキの奴隷	40	11917	15
깔끔한황색곰	41	11892	15
영혼연성	42	11886	15
toyop	43	11863	15
Moraner	44	11845	15
PandaTh	45	11711	15
tymiya2010	46	11696	15
오미자대추쑥	47	11621	15
グリード	48	11577	15
MRTGGG	49	11544	15
わかてんぐ	50	11540	15
itsartin	51	11513	15
呆森咩	52	11501	15
白玉歐	53	11480	15
ShinyStAnon	54	11473	15
TaMu	55	11448	15
天月星羽	56	11423	15
ホッサル	57	11395	15
SYDTK	58	11374	15
墨尘	59	11365	15
ALuo	60	11351	15
zhuansheng	61	11347	15
ryu	62	11314	15
みらの	63	11244	15
YMC	64	11224	15
えすけー	65	11219	15
YCL	66	11207	15
쳇쳇	67	11190	15
integer	68	11189	15
Sen	69	11185	15
IKUN	70	11127	15
羊駝	71	11090	15
花芽なずなの下僕	72	11036	15
Ella	73	11022	15
jan	74	11008	15
MOTTI	75	10969	15
tarutaru	76	10963	15
チスター	77	10949	15
Andydafa	78	10948	15
Jessezhao	79	10939	15
OverPoweR	80	10937	15
じゅんちゃん	81	10935	15
takechi	82	10899	15
Yuddy	83	10895	15
立志要立志	84	10886	15
그림자용	85	10863	15
臭臭蛙	86	10843	15
沉溺	87	10833	15
CryingRobot	88	10744	15
さっくん	89	10743	15
Chai	90	10727	15
SONGOFBEACH	91	10716	15
미코	92	10712	15
NeTa	93	10692	15
흙빙	94	10667	15
COZY	95	10620	15
天天躺平	96	10608	15
MrMyName	97	10581	15
almikuaxe	98	10580	15
要來我家看貓咪嗎	99	10566	15
名白椛	100	10562	15
Chaos	101	10547	15
Pyano	102	10523	15
Catofmoon	103	10516	15
阿米巴巴大俠	104	10505	15
해결사가함께한다	105	10492	15
狼狼	106	10484	15
Trista	107	10437	15
洛神賦	108	10436	15
Kosuzu	109	10418	15
siga	110	10407	15
ゴレ	111	10361	15
TAI	112	10361	15
太鼓さん	113	10352	15
のすけ21	114	10313	15
拉玛刹的风干鲑鱼	115	10301	15
マリモ人間	116	10298	15
あるちか	117	10292	15
おおきど	118	10288	15
wakka53	119	10287	15
伊拉瑞的震动光塔	120	10286	15
灰灰	121	10281	15
Swallow	122	10273	15
StephenL	123	10260	15
G25G45331	124	10253	15
くらやん	125	10251	15
kkking	126	10251	15
issa	127	10240	15
torinosu	128	10223	15
inge	129	10211	15
JAGUAR	130	10211	15
tesuri	131	10195	15
ぎゃん	132	10193	15
mao324	133	10161	15
ゆりりん	134	10159	15
天橋上的魔術師	135	10158	15
Tspin	136	10158	15
gigazya	137	10120	15
Milktea	138	10112	15
kenoko	139	10107	15
彼岸尋花	140	10105	15
yutingfun	141	10104	15
我没有爱	142	10099	15
Mart	143	10095	15
lates	144	10094	15
RSTK	145	10091	15
QMO0522	146	10071	15
Sun	147	10062	15
瘋狂鑽石	148	10060	15
いちご大福	149	10052	15
Longdexin99	150	10051	15
않이그걸왜치냐고	151	10050	15
ginko	152	10043	15
마법거북이	153	10039	15
saepp	154	10031	15
오늘내일좋은하루	155	10024	15
얄주	156	10023	15
VERY	157	10022	15
jippijip	158	10017	15
Blinkfox	159	10012	15
絕讚的灰色英雄	160	10012	15
Ray	161	10011	15
愛薩克	162	10007	15
冬方雪	163	10004	15
Sikkim	164	10001	15
幸運艾莉兒小妞	165	10000	15
うさこ	166	9997	15
昱翔	167	9986	15
セスッタ	168	9973	15
bang	169	9925	15
Cassiopeia	170	9919	15
Hebat	171	9916	15
Aber	172	9916	15
瘋狂束褲	173	9915	15
GEight	174	9909	15
沉默寶劍	175	9905	15
oguronn2	176	9904	15
Nola	177	9903	15
biven	178	9899	15
에이원프로	179	9888	15
FunkyAki	180	9884	15
パイロブラスト	181	9873	15
Loto3rd	182	9872	15
ikep	183	9871	15
Hani	184	9861	15
ガレン	185	9846	15
ブルフロッグ	186	9844	15
yoyoyo	187	9843	15
Fable	188	9833	15
굳덕수	189	9826	15
NitrousOxide	190	9815	15
Jizo	191	9805	15
Newew	192	9791	15
굳덕수저격수	193	9781	15
유인원	194	9777	15
けんま	195	9774	15
Mist	196	9771	15
mingtong	197	9768	15
RKso	198	9766	15
하람	199	9742	15
Gangatha	200	9725	15
불운의아이콘	201	9723	15
BigBoss	202	9707	15
Qzjjq	203	9702	15
破皮	204	9700	15
kamikoto	205	9693	15
Brig	206	9687	15
みき	207	9686	15
汝房不耐震	208	9681	15
Solong	209	9677	15
Andy	210	9673	15
性感农夫	211	9665	15
名字哥	212	9664	15
체리마쇼	213	9655	15
金色传说	214	9618	15
TWBestYasuo	215	9601	15
MIKE	216	9595	15
Restart	217	9592	15
영불영불	218	9592	15
玛卡巴卡	219	9591	15
Tx9aybar	220	9591	15
ソルモルドア	221	9589	15
微醺騎士	222	9585	15
莱因哈特	223	9570	15
Hehe87	224	9569	15
請不要問我為什麼	225	9563	15
sikuro	226	9555	15
고오	227	9551	15
애플포니	228	9540	15
ポチョムキン先輩	229	9537	15
Beam	230	9523	15
zzhowwoh	231	9508	15
lun	232	9482	15
KidZ	233	9477	15
Dreamback	234	9474	15
colibri	235	9470	15
Samson	236	9444	15
여름소년	237	9443	15
Ssoar	238	9425	15
柒撚濛濛	239	9424	15
peryuton	240	9409	15
藍雨老頭	241	9406	15
준프로레스토랑스	242	9403	15
Aki23	243	9389	15
Araia	244	9377	15
joker	245	9373	15
TAKUTO	246	9368	15
Gomesu	247	9367	15
hello	248	9367	15
おらてがま	249	9366	15
bebiiiii	250	9362	15
TNK	251	9359	15
大雞雞文	252	9359	15
維京人	253	9343	15
WUXIN	254	9340	15
不理智的瑪瑙色蛇	255	9336	15
gummi100pct	256	9333	15
冬ちゃん	257	9328	15
VergilSum	258	9327	15
ForeverLover	259	9324	15
NinetyNine	260	9313	15
Dami	261	9310	15
ヘルメ	262	9307	15
賭你會叫我斜線	263	9301	15
reimu	264	9290	15
魔天	265	9279	15
okkun	266	9267	15
GINI	267	9264	15
bestMccree	268	9263	15
yuris	269	9262	15
沒椅子坐的鐘老闆	270	9260	15
Wizerdlol	271	9260	15
Monster	272	9251	15
제리툰	273	9249	15
愛睏小皮	274	9245	15
OKer	275	9218	15
라인안주면던짐	276	9191	15
Nuta	277	9187	15
ohaguro	278	9179	15
宿命	279	9176	15
raizin	280	9170	15
悪いスライム	281	9157	15
インド人じゃない	282	9154	15
小さな忍者	283	9145	15
毛怪	284	9145	15
小飞侠	285	9141	15
SilentStorm	286	9135	15
ミスター昆布	287	9132	15
Hunter	288	9130	15
kbs	289	9128	15
hoho9999	290	9123	15
拔剌不太辣	291	9108	15
RenRen	292	9107	15
Capricorn	293	9106	15
Nazini1212	294	9103	15
광포한바지	295	9098	15
AuN	296	9094	15
士兵87	297	9093	15
JackySky	298	9087	15
舞亂	299	9083	15
보잉	300	9083	15
꼬마귀	301	9081	15
TreapWorld	302	9080	15
忍た	303	9077	15
곰슬기	304	9076	15
googoogoog	305	9075	15
suton	306	9070	15
牛肉湯讚	307	9069	15
bumpcamel	308	9067	15
hanser	309	9064	15
hanry	310	9027	15
MonsieurSIEK	311	9016	15
고릴라	312	9016	15
スペック	313	9016	15
한씨	314	9013	15
ばかじゃない	315	9007	15
adver	316	9004	15
Norie	317	9001	15
아오이	318	8994	15
konoha	319	8990	15
allenyang	320	8987	15
하스젓망겜	321	8985	15
みらくらぱーく！	322	8985	15
バッドマナー克彦	323	8984	15
jackpot	324	8979	15
みかどゆにばーす	325	8979	15
鐵支支	326	8977	15
つつ	327	8975	15
ganninian	328	8973	15
ライロー	329	8969	15
제갈공명	330	8967	15
謎のイカ	331	8966	15
frozen	332	8966	15
비상식	333	8961	15
CrazyKOR	334	8959	15
석기시대가죽도둑	335	8949	15
Momo	336	8940	15
TheDarkStar	337	8940	15
ツァイ拳	338	8933	15
神奇阿鈺	339	8926	15
まーしー	340	8924	15
ゆこてこ	341	8918	15
NONONO	342	8911	15
ぶらっくるん	343	8902	15
조지부쉬	344	8900	15
MasterAvalon	345	8900	15
凉夏丿灬	346	8894	15
zakipart	347	8887	15
徵6000以上排	348	8880	15
열왕기하	349	8873	15
AUTHOR	350	8866	15
OliveMage	351	8866	15
Sunny	352	8857	15
sexymoo	353	8847	15
Pankabi	354	8837	15
draglevi	355	8820	15
蔡虚坤	356	8815	15
HowMuch	357	8787	15
被一群扣扣人圍住	358	8785	15
KelvinHo	359	8783	15
好傑寶護駕	360	8779	15
出示了阿伯	361	8762	15
nishiking	362	8758	15
实习金铜须	363	8758	15
珍珠鸟	364	8750	15
曖昧なチョウ	365	8740	15
ZressTom	366	8737	15
おおやひろし	367	8726	15
두루치기의반란	368	8724	15
第六排便魔王です	369	8721	15
DiVA	370	8721	15
グラッセ	371	8716	15
たくと	372	8713	15
漆黑の闪光	373	8712	15
愛睏熊	374	8711	15
Samechicken	375	8701	15
こころん	376	8701	15
無糖綠茶	377	8700	15
sora	378	8698	15
suiyi	379	8697	15
미친고양이	380	8694	15
명궁	381	8694	15
鄭元	382	8670	15
Lastwolf	383	8653	15
Sunny	384	8651	15
BoongBoong	385	8651	15
雪青幽靈	386	8649	15
Djuicefruit	387	8643	15
weewoo	388	8638	15
李霸霸	389	8635	15
TheLasid	390	8634	15
米娜	391	8630	15
AkabaNeClair	392	8630	15
Sadwind	393	8629	15
毒男	394	8628	15
쿼카	395	8627	15
愛永遠不可能	396	8625	15
沧州	397	8625	15
n3xup637	398	8620	15
Yiu	399	8620	15
LieslChen	400	8619	15
Manic	401	8611	15
丨审判丨	402	8608	15
小丑	403	8606	15
雞雞哥	404	8601	15
느긋한회색곰	405	8598	15
阿毛哥	406	8596	15
專業賣香腸	407	8594	15
cangzhou	408	8593	15
SNOE	409	8591	15
東京甜品鴨香頭	410	8586	15
鮑裡龍	411	8572	15
你的對手	412	8572	15
がーねっと	413	8570	15
Eliot	414	8566	15
ctrlmusic	415	8561	15
will	416	8557	15
jiujiujia	417	8553	15
작전사령	418	8549	15
	419	8547	15
폭발궁뎅	420	8547	15
Masu	421	8544	15
MaskPeter	422	8541	15
長頸鹿貝鵝	423	8539	15
DragonPriest	424	8536	15
sugarosel	425	8535	15
FrostSnow	426	8529	15
Hikasi	427	8523	15
daidai	428	8522	15
Amaymon	429	8520	15
McDonalds	430	8519	15
무작위	431	8513	15
KidZ	432	8511	15
모오호	433	8505	15
손져76	434	8504	15
	435	8502	15
JyanVoV	436	8501	15
Poi	437	8501	15
タイムアウトの王	438	8499	15
Roadofhope	439	8497	15
거북선	440	8495	15
선지자	441	8491	15
easygoal	442	8490	15
serunado	443	8489	15
一群貓	444	8486	15
田中	445	8484	15
祐樹祐掛樹	446	8479	15
인간제로	447	8477	15
チョコビッチ	448	8476	15
HARUKU	449	8474	15
핑구	450	8471	15
招风的小耳朵	451	8471	15
Jet	452	8471	15
Botti	453	8465	15
凛邪啦	454	8463	15
无事烧香	455	8459	15
无敌大树	456	8456	15
ykk	457	8455	15
朦朧的玉色老鷹	458	8440	15
極光閃電	459	8439	15
ダイナソー竜崎	460	8436	15
지크	461	8435	15
野性狼	462	8434	15
희여제	463	8433	15
에아	464	8428	15
暴躁跳跳糖	465	8424	15
모험가	466	8421	15
cal	467	8415	15
Kero	468	8409	15
千寒	469	8408	15
panduwo	470	8407	15
TaoZe	471	8406	15
Bunnyfunder	472	8405	15
MoreGOGurl	473	8401	15
근사한트롤	474	8399	15
Hahahaha	475	8397	15
reichiyarare	476	8397	15
ゴールデンパンツ	477	8396	15
RIPPLET	478	8396	15
누가힐러좀해봐	479	8389	15
ventriloquis	480	8387	15
奸詐的霓虹色雪怪	481	8380	15
penguine	482	8370	15
AballaNche	483	8366	15
Lionvel	484	8360	15
冷月	485	8359	15
yugerex	486	8346	15
法國巧克力吐司	487	8338	15
楊小趴	488	8338	15
WhiteArc	489	8335	15
CarlLeung	490	8333	15
cedar	491	8331	15
春川邱缘	492	8330	15
Abathur	493	8327	15
TMjpg	494	8320	15
raicabea	495	8317	15
용구	496	8314	15
근사한트롤	497	8310	15
ろば	498	8306	15
Inoriona	499	8306	15
扮馬王子	500	8301	15
ハナゲデテル	501	8300	15
Sooin2	502	8296	15
BestCN	503	8294	15
Reload	504	8293	15
呵呵	505	8293	15
夜澪	506	8291	15
かにかま	507	8289	15
好哥们冷月追风	508	8282	15
dzh	509	8280	15
LINYX	510	8274	15
狂風	511	8274	15
catfood	512	8271	15
我七歲愛生氣	513	8271	15
死於肥命	514	8265	15
biankheaven	515	8265	15
maporoshi	516	8264	15
神尻尻	517	8261	15
Goppizz1984	518	8258	15
耶開心	519	8256	15
산힐	520	8253	15
별꺅이	521	8252	15
꿈의우주	522	8249	15
Monkey	523	8249	15
hugelephant	524	8248	15
nOAOnoob	525	8246	15
AreYouGG	526	8238	15
伊灰	527	8237	15
a22208092	528	8237	15
LiyeAngel	529	8236	15
好玩不多玩点	530	8231	15
용돌스트	531	8227	15
藍天白雲	532	8222	15
Enogap	533	8216	15
Kevin39	534	8214	15
我过分不谨慎	535	8213	15
mumi	536	8210	15
Switch	537	8208	15
ElleryQueen	538	8206	15
LaMotivation	539	8204	15
ggplayyo	540	8204	15
よしとく団長	541	8198	15
raite	542	8197	15
隱祕束褲	543	8190	15
mARe	544	8187	15
法克魷	545	8187	15
Davidvilla7	546	8179	15
小方头	547	8175	15
banhbao	548	8173	15
ikunisme	549	8173	15
duke	550	8173	15
Rocka	551	8172	15
원숭이선장	552	8170	15
짐레이너	553	8165	15
Liakusha	554	8163	15
小時候	555	8154	15
MentosBlue	556	8148	15
喵喵喵喵	557	8148	15
루드라	558	8147	15
Wraxu	559	8144	15
酒馆老板的漏斗蛋	560	8142	15
Bostanding	561	8139	15
CrazyPlants	562	8138	15
해병	563	8135	15
Batman	564	8134	15
망꾼에서옳챙이	565	8134	15
옳챙이에서망꾼	566	8134	15
AUO	567	8129	15
memebois	568	8127	15
untol	569	8126	15
好姐妹櫻羽艾瑪	570	8125	15
JadeEagle	571	8124	15
Ala	572	8122	15
幻想駱駝	573	8113	15
IeC	574	8108	15
정수를수집한닭	575	8108	15
히크레	576	8106	15
MaxStoKe	577	8100	15
요르	578	8099	15
如墨	579	8093	15
手臂得到解决	580	8091	15
JWangIsMySon	581	8091	15
eynddang	582	8091	15
KaHei	583	8089	15
mojamon	584	8089	15
我為艾爾而生	585	8088	15
熊吉くん	586	8088	15
bearng	587	8088	15
박민하	588	8087	15
哪有這麼簡單	589	8083	15
Pokopoko	590	8082	15
控えめなコドー	591	8082	15
小さな巨人	592	8082	15
gsprss	593	8081	15
可乐	594	8081	15
Yasumi	595	8078	15
seong	596	8076	15
臭臭哥布林	597	8075	15
무소유	598	8074	15
ypc	599	8073	15
chri5	600	8073	15
Phoenix	601	8073	15
飛飛60229	602	8073	15
삌끸	603	8072	15
Alpaca	604	8071	15
조교플레이	605	8070	15
쁶끢	606	8070	15
ゆゆ	607	8070	15
진또102	608	8070	15
서릿발공	609	8068	15
참숯	610	8067	15
내맘대로한다	611	8066	15
Akatsuki	612	8065	15
臭臭小弟	613	8064	15
톡쏘는엘프	614	8064	15
크리크리보	615	8060	15
하얗게불태웠어	616	8060	15
咚咚	617	8059	15
j3lvlYounger	618	8059	15
超級法師	619	8058	15
EliteKitty69	620	8057	15
엉큼한오징어	621	8057	15
jimmy1439	622	8056	15
Jas	623	8055	15
Kotori	624	8055	15
fado	625	8054	15
Tom	626	8054	15
ゴーストパンツ	627	8054	15
창세기2장	628	8053	15
希望满满开心	629	8052	15
YOSORO	630	8052	15
慕殤璃	631	8052	15
冷風	632	8051	15
魔法束褲	633	8050	15
うずら	634	8050	15
冥傾璃	635	8050	15
ancientSUN	636	8050	15
Omunier	637	8048	15
비트다비트	638	8047	15
Sita	639	8047	15
몬헌이나해	640	8047	15
b1ack1c3	641	8047	15
ワルツ	642	8047	15
저지불가	643	8047	15
kudasga	644	8046	15
도루룽	645	8046	15
지수	646	8046	15
prettyTeemo	647	8046	15
Kingjerty	648	8045	15
沒事休閒玩	649	8044	15
hanabiy	650	8044	15
Yukikko	651	8043	15
SacreDxDick	652	8043	15
러시아친구	653	8042	15
신성한노동	654	8041	15
Motivation	655	8041	15
Arebize	656	8040	15
時髦的煙霧色獾	657	8040	15
zombie	658	8039	15
People01	659	8039	15
愚蠢思考讓人窒息	660	8039	15
江西南	661	8038	15
슈리슈로루	662	8037	15
txo	663	8037	15
wangyihaosi	664	8037	15
KeiOne	665	8037	15
구루미	666	8037	15
레닝구스	667	8036	15
안녕하세요	668	8036	15
아기맹수	669	8036	15
ともちゃんねる	670	8035	15
predatorsss	671	8034	15
肝哥	672	8034	15
ptf3434	673	8033	15
hagis	674	8033	15
寵物小精靈始藍寶	675	8033	15
gemseg	676	8032	15
醜小鴨	677	8032	15
沉寂思涵	678	8032	15
호마	679	8031	15
Bayless	680	8030	15
chuson	681	8029	15
罕見的芒果色鶴	682	8029	15
whitedotuwu	683	8029	15
Joseon	684	8029	15
豊饒	685	8028	15
LUFFY	686	8026	15
한번사는인생	687	8026	15
능력부족	688	8025	15
SlowDream	689	8025	15
너꼬시러왔어	690	8025	15
slamdunk	691	8024	15
SUPJIMMMY	692	8024	15
aaabbbcdcc	693	8024	15
캐시	694	8023	15
mdzz	695	8022	15
青山郭大俠	696	8022	15
Tsukazou	697	8022	15
Nap	698	8021	15
嗦我的牛牛	699	8021	15
迷你忍者	700	8021	15
파마한트롤의반란	701	8021	15
ggininderla	702	8020	15
ziRboYixRaO	703	8020	15
mangis	704	8020	15
용정용	705	8018	15
Noel	706	8018	15
KKIDAS	707	8017	15
RRRRRRRRRRRR	708	8017	15
兔美ちゃん	709	8016	15
何處藏鋒	710	8016	15
龍龍意	711	8015	15
billy	712	8014	15
LuckyDay	713	8014	15
	714	8013	15
Fang	715	8013	15
NOAH	716	8012	15
心地よいコドー	717	8011	15
비글스워스씨	718	8011	15
rasoraso	719	8011	15
Lio	720	8010	15
jys	721	8010	15
Railgun	722	8010	15
煞調	723	8010	15
TwRainnerz	724	8010	15
naclras	725	8009	15
狂風怒浪	726	8009	15
aOoOa	727	8009	15
Demian	728	8009	15
리리	729	8008	15
mmf	730	8008	15
暴走小星星	731	8008	15
ショウティ	732	8008	15
sibanosuke	733	8007	15
지존	734	8007	15
소머리국밥	735	8007	15
ポンコツ	736	8007	15
Golden	737	8006	15
king	738	8006	15
LazySeal	739	8006	15
SpeedyRogue	740	8006	15
yuk1ma6u	741	8005	15
꿈꾸는부엉이	742	8005	15
Cruiser71	743	8005	15
Redmist	744	8005	15
another	745	8004	15
비글스워스	746	8003	15
黑騎士	747	8003	15
Eyeshock	748	8003	15
IlI	749	8003	15
치즈망고	750	8003	15
マキシマム勇午	751	8003	15
리모오	752	8002	15
Exile	753	8002	15
LilacWisp	754	8001	15
현은	755	8001	15
bears	756	8000	15
緋紅犽	757	8000	15
kwannn	758	8000	15
kyu091	1	21151	16
白上フブキの奴隷	2	20917	16
ちぇいん	3	20017	16
花芽なずなの下僕	4	19691	16
cx000	5	18928	16
얄주	6	18708	16
snowdin	7	18304	16
Mida	8	17623	16
ハナゲデテル	9	17177	16
Sparetime	10	16742	16
ranpuz	11	16639	16
Dami	12	16187	16
saninobe	13	16097	16
抖音小齊	14	16076	16
bellalin	15	16051	16
Hobriout	16	15949	16
tymiya2010	17	15809	16
toyop	18	15808	16
アツヤ	19	15755	16
Raizin	20	15646	16
Hahahaha	21	15417	16
cedar	22	15395	16
唯我独尊マン	23	15361	16
dreamfate	24	15324	16
BWB	25	15001	16
IKUN	26	14898	16
燒鴨	27	14743	16
らう	28	14567	16
飛馬	29	14485	16
PandaTh	30	14473	16
SyoGo	31	14276	16
Citruslimon	32	14275	16
songyuan78	33	14213	16
ゴロゴロ	34	14204	16
ohaguro	35	14200	16
TWBestYasuo	36	14177	16
みき	37	14056	16
mingtong	38	14039	16
ポチョムキン先輩	39	14038	16
LimeDrake	40	13792	16
Gale	41	13638	16
わかてんぐ	42	13555	16
MRTGGG	43	13555	16
こたつ	44	13331	16
Nin123	45	13238	16
NOAH	46	13212	16
DaMi	47	13205	16
Tspin	48	13198	16
レイタ老	49	13116	16
Narcissus	50	13077	16
Ella	51	12940	16
tesuri	52	12937	16
moku	53	12821	16
かにかま	54	12750	16
jyun19	55	12628	16
隱祕束褲	56	12596	16
Shiyueli	57	12588	16
Cassiopeia	58	12574	16
catfood	59	12549	16
bang	60	12489	16
Moraner	61	12402	16
zakipart	62	12384	16
바이렛	63	12374	16
체리마쇼	64	12364	16
설익	65	12352	16
Tx9aybar	66	12334	16
Mshr	67	12309	16
墨尘	68	12258	16
SYDTK	69	12240	16
沉魔	70	12164	16
쳇쳇	71	12109	16
ガレン	72	12089	16
TheCapricorn	73	12070	16
kamikoto	74	12052	16
kuminaga	75	12015	16
sora	76	11907	16
suiyi	77	11907	16
Sen	78	11879	16
春川邱缘	79	11866	16
WINSTON	80	11814	16
xuxuxuxu	81	11804	16
raizin	82	11762	16
XM15K	83	11738	16
nishiking	84	11737	16
ShinyStAnon	85	11712	16
TAI	86	11640	16
阿席達卡的逃犯	87	11593	16
takechi	88	11579	16
うずら	89	11574	16
wakka53	90	11527	16
請不要問我為什麼	91	11509	16
kkking	92	11506	16
JyanVoV	93	11503	16
Andy	94	11479	16
渴望夏天	95	11466	16
みらの	96	11462	16
yuris	97	11410	16
biven	98	11410	16
瓦特美勒	99	11376	16
忍た	100	11353	16
さっくん	101	11310	16
名字哥	102	11255	16
GEight	103	11232	16
太鼓さん	104	11222	16
Jas	105	11221	16
okkun	106	11210	16
will	107	11203	16
瘋狂束褲	108	11190	16
txo	109	11174	16
CarlLeung	110	11162	16
鮑裡龍	111	11143	16
RenRen	112	11130	16
Swallow	113	11110	16
AMEKA	114	11085	16
しんとむ	115	11043	16
Rickhuang	116	11043	16
FridaMNR	117	11036	16
つつ	118	11035	16
每天好心态	119	11035	16
SacreDxDick	120	11030	16
TaMu	121	11011	16
aaabbbcdcc	122	10999	16
白玉歐	123	10962	16
你可真是个人才	124	10921	16
level	125	10903	16
めきつん	126	10890	16
Turai	127	10853	16
ばかじゃない	128	10844	16
adver	129	10844	16
andokaz	130	10841	16
超級魚人	131	10820	16
YCL	132	10812	16
겐지렁이	133	10807	16
靦腆的金色貓頭鷹	134	10801	16
깔끔한황색곰	135	10797	16
영혼연성	136	10797	16
奶茶本人	137	10791	16
RuBy	138	10784	16
ソルモルドア	139	10779	16
Kotori	140	10767	16
小志峰	141	10743	16
성훈킴	142	10729	16
天月星羽	143	10707	16
almikuaxe	144	10703	16
nineoneeeeee	145	10698	16
如意大魔王	146	10688	16
呆森咩	147	10676	16
OpalHawk	148	10663	16
MrMyName	149	10656	16
saepp	150	10656	16
카카오	151	10644	16
SeokG	152	10622	16
AreYouGG	153	10599	16
AuN	154	10589	16
babyz	155	10584	16
Gomesu	156	10582	16
도루룽	157	10577	16
洛神賦	158	10572	16
Trista	159	10572	16
Bansbully	160	10564	16
잇츠지워니	161	10539	16
근사한트롤	162	10538	16
poremiro	163	10535	16
FunkyAki	164	10520	16
siga	165	10505	16
hifi	166	10495	16
士兵87	167	10489	16
Lael	168	10460	16
lavish	169	10447	16
大雞雞文	170	10446	16
ganninian	171	10398	16
itsartin	172	10389	16
ddBanzai	173	10379	16
我要妳記住我	174	10372	16
長崎舞次子	175	10343	16
Mamahi	176	10338	16
にこる	177	10334	16
あばれるくん	178	10299	16
兔美ちゃん	179	10294	16
おらてがま	180	10291	16
DirePants	181	10265	16
不理智的瑪瑙色蛇	182	10261	16
Nick	183	10254	16
宇宙戦艦たけし	184	10230	16
魔天	185	10228	16
莱因哈特	186	10221	16
えすけー	187	10190	16
sikuro	188	10189	16
Unnamdplayer	189	10178	16
みつろう	190	10126	16
FUJIS	191	10122	16
AAAWC	192	10122	16
Kosuzu	193	10122	16
inge	194	10118	16
バッドマナー克彦	195	10118	16
x1a0Gu1	196	10116	16
jackpot	197	10103	16
ShinyTomorin	198	10102	16
Hongxue	199	10081	16
牛肉湯讚	200	10070	16
Scott666	201	10069	16
another	202	10068	16
愚蠢思考讓人窒息	203	10060	16
インド人じゃない	204	10046	16
buygame	205	10045	16
省委高育良	206	10041	16
phBronze	207	10037	16
두콩이	208	10030	16
崔乂園的老公	209	10028	16
yamo	210	10015	16
VERY	211	10014	16
杀心成焚	212	10014	16
柒柒	213	10008	16
小奈里	214	10007	16
jiojio	215	10004	16
박대지기자	216	10003	16
おぉおおん！？	217	10002	16
Genji	218	10001	16
Liakusha	219	9995	16
StephenL	220	9963	16
zbby	221	9953	16
draglevi	222	9952	16
厭世浣熊	223	9929	16
TAKUTO	224	9917	16
jhg0704	225	9916	16
googoogoog	226	9910	16
Beam	227	9905	16
NeTa	228	9900	16
에이원프로	229	9870	16
흙빙	230	9865	16
沉默寶劍	231	9856	16
ChallengeKim	232	9834	16
Bayless	233	9820	16
KAMIKI	234	9820	16
serunado	235	9817	16
熊吉くん	236	9815	16
脱氧核苷酸	237	9815	16
Torso	238	9813	16
罕見的芒果色鶴	239	9807	16
CrazyKOR	240	9798	16
XZXQQQ	241	9788	16
羊駝	242	9787	16
야슈톨라	243	9787	16
shira	244	9786	16
phoenix	245	9779	16
ゆうしゃアキヤマ	246	9774	16
WUXIN	247	9766	16
분식집탈옥수	248	9758	16
酒馆老板的漏斗蛋	249	9745	16
열왕기하	250	9731	16
깽이다	251	9727	16
daidai	252	9723	16
萊茵哈特利	253	9720	16
マサール	254	9709	16
TaoZe	255	9678	16
한번사는인생	256	9675	16
海鹽冰沙	257	9659	16
SNOE	258	9657	16
Djuicefruit	259	9645	16
好傑寶護駕	260	9623	16
Faith	261	9618	16
amanojyaku	262	9616	16
doki	263	9614	16
溫和的紅色巨魔	264	9611	16
金門王	265	9590	16
LINYX	266	9587	16
我过分不谨慎	267	9583	16
Yiu	268	9581	16
Bv181	269	9560	16
굳덕수	270	9559	16
BigBoss	271	9558	16
유인원	272	9556	16
OverPoweR	273	9555	16
早安	274	9551	16
Samson	275	9551	16
여름소년	276	9520	16
致命之足	277	9518	16
極光閃電	278	9518	16
圣盾风怒复生毒	279	9516	16
LeiXia	280	9516	16
我没有爱	281	9515	16
真红	282	9514	16
EliteKitty69	283	9508	16
그림자폭풍	284	9506	16
멀록의왕한재하	285	9499	16
bumpcamel	286	9499	16
もけもけ	287	9495	16
空週仔	288	9493	16
NeReMyYo	289	9492	16
벌래색기	290	9489	16
굳덕수저격수	291	9489	16
Mew	292	9485	16
吃答辩去吧鲍勃	293	9484	16
野性狼	294	9477	16
名白椛	295	9474	16
残忍なワシ	296	9451	16
謎のイカ	297	9447	16
루드라	298	9447	16
舞亂	299	9443	16
Dreamback	300	9429	16
Milktea	301	9428	16
マリモ人間	302	9424	16
いちご大福	303	9417	16
duke	304	9416	16
呵呵	305	9402	16
COZY	306	9401	16
okvayofe	307	9388	16
前科4犯	308	9387	16
CryingRobot	309	9368	16
tarutaru	310	9366	16
チスター	311	9364	16
n3xup637	312	9363	16
Momo	313	9359	16
昱翔	314	9351	16
国分玲	315	9344	16
Andydafa	316	9335	16
愛永遠不可能	317	9331	16
呱呱	318	9328	16
你的錢包會受難	319	9326	16
곰슬기	320	9325	16
看到土泥	321	9325	16
보잉	322	9324	16
망꾼에서옳챙이	323	9317	16
옳챙이에서망꾼	324	9317	16
豪豪豪兒	325	9317	16
うさこ	326	9308	16
垃圾用陽壽打遊戲	327	9300	16
Bostanding	328	9291	16
你大爸	329	9286	16
weewoo	330	9281	16
prettyTeemo	331	9279	16
norarue	332	9274	16
Jessezhao	333	9274	16
Amaymon	334	9273	16
비트다비트	335	9269	16
たくと	336	9259	16
ZZW	337	9256	16
セスッタ	338	9254	16
LuShiKing	339	9246	16
沒椅子坐的鐘老闆	340	9241	16
Sikkim	341	9230	16
羅賓的神棍棍	342	9227	16
阿富	343	9218	16
LaMotivation	344	9211	16
伊灰	345	9208	16
bestMccree	346	9208	16
miduki	347	9201	16
じゅんちゃん	348	9195	16
Lastwolf	349	9192	16
イオリア・シュヘ	350	9191	16
kentron	351	9187	16
jippijip	352	9185	16
skadi	353	9171	16
필리핀	354	9168	16
biankheaven	355	9168	16
冥风淳朴	356	9157	16
法克魷	357	9155	16
Yolo	358	9151	16
손져76	359	9143	16
彼阳的晚意	360	9136	16
hugelephant	361	9134	16
Mist	362	9133	16
Kero	363	9122	16
McDonalds	364	9122	16
さまりばくん	365	9117	16
慎重なドレイク	366	9117	16
人有所操	367	9115	16
nougami	368	9113	16
Drinkra	369	9111	16
TeacherCai7	370	9106	16
Uqimi	371	9100	16
LIANZHUAN	372	9090	16
拉玛刹的风干鲑鱼	373	9089	16
伊拉瑞的震动光塔	374	9089	16
chen	375	9084	16
YCPR	376	9077	16
쇼타	377	9076	16
金門之王阿賓	378	9072	16
ツァイ拳	379	9069	16
猪猪术	380	9064	16
奇犽	381	9064	16
Gurigurigrip	382	9063	16
沉溺	383	9062	16
青い鳥	384	9061	16
Bunnyfunder	385	9060	16
Pleiades	386	9060	16
IlIlIlIIIlll	387	9060	16
Kobe	388	9058	16
灰灰	389	9057	16
KidZ	390	9056	16
MIKE	391	9056	16
真夏侯惇	392	9047	16
조지부쉬	393	9046	16
jiujiujia	394	9045	16
M4tth3w	395	9044	16
冷月	396	9043	16
NitrousOxide	397	9040	16
ブルフロッグ	398	9037	16
ろば	399	9033	16
Life	400	9033	16
능력부족	401	9032	16
Sunny	402	9032	16
鸡肋	403	9030	16
仁怀北	404	9030	16
かおるこ	405	9029	16
HyperAwak	406	9027	16
鐵支支	407	9026	16
Artemis	408	9025	16
Tails	409	9017	16
rusk	410	9017	16
宿命	411	9012	16
wvwvw	412	9011	16
Gangatha	413	9011	16
ysy	414	9011	16
けんま	415	9001	16
Clam	416	8999	16
Arebize	417	8998	16
Sirokin	418	8994	16
salsalyo	419	8993	16
Hatyu	420	8992	16
Kuragee	421	8983	16
AlexFresh	422	8977	16
mmf	423	8976	16
温顺的巨壳龙	424	8975	16
Porcaro	425	8973	16
김빵테	426	8969	16
夜澪	427	8968	16
WHONA	428	8967	16
小朱	429	8962	16
sirokin	430	8959	16
구루미	431	8954	16
Romaru	432	8945	16
Norie	433	8942	16
정성훈	434	8938	16
변태신사	435	8936	16
이양반	436	8933	16
Lala	437	8933	16
DAN	438	8930	16
sasami	439	8928	16
lllooll	440	8926	16
Fable	441	8923	16
專業賣香腸	442	8923	16
JumpyWizard	443	8921	16
Sadwind	444	8920	16
fascinates	445	8914	16
곶감	446	8912	16
JAGUAR	447	8912	16
ナンカレー	448	8910	16
무작위	449	8905	16
chrisyu	450	8900	16
oasis	451	8897	16
동태라면	452	8895	16
Caudata	453	8893	16
Yopiko19	454	8892	16
Feo	455	8891	16
몽토르	456	8891	16
強力貓頭鷹	457	8891	16
rakkyo	458	8891	16
창백한담황오크	459	8885	16
Kappa	460	8885	16
kbs	461	8880	16
j3lvlYounger	462	8877	16
chomosh	463	8874	16
砖叶	464	8873	16
長頸鹿貝鵝	465	8856	16
K1to	466	8850	16
준프로레스토랑스	467	8848	16
zzhowwoh	468	8847	16
ldk1609	469	8842	16
Hani	470	8839	16
shenqibinze	471	8838	16
FizzyMeju	472	8831	16
kaitistsdog	473	8827	16
UmiRi4N	474	8824	16
エリオ	475	8823	16
Hebat	476	8817	16
Milreh	477	8816	16
besstia	478	8814	16
LUFFY	479	8813	16
Saki	480	8801	16
peryuton	481	8794	16
bebiiiii	482	8790	16
無口莫問	483	8790	16
Alone	484	8789	16
yutingfun	485	8788	16
Phim	486	8783	16
Nuta	487	8777	16
可乐	488	8773	16
ヘルメ	489	8770	16
noriha	490	8770	16
YODA2	491	8767	16
ventriloquis	492	8763	16
vis	493	8763	16
Eimii	494	8762	16
Shifumi	495	8747	16
ggininderla	496	8747	16
LunaticFox	497	8746	16
brownie	498	8745	16
Exile	499	8743	16
AraNoc	500	8742	16
たーたれ	501	8742	16
Destiny	502	8727	16
致命之手	503	8724	16
EmptyNest	504	8719	16
衝鋒悍將	505	8716	16
syakuhachi	506	8710	16
위도우메이커	507	8706	16
我好撐	508	8702	16
kenoko	509	8692	16
りっくン	510	8692	16
DiLamcky	511	8687	16
Higanbana0	512	8687	16
고오	513	8681	16
불독	514	8677	16
casey	515	8676	16
李霸霸	516	8676	16
RRRRRRRRRRRR	517	8675	16
로나	518	8670	16
忘東忘西不忘妳	519	8665	16
Dreamer	520	8662	16
leal	521	8655	16
migo	522	8653	16
MaskPeter	523	8649	16
Chicken	524	8644	16
predatorsss	525	8640	16
soa	526	8640	16
兔多	527	8640	16
ゴクリン	528	8637	16
負けたら筋トレ男	529	8627	16
amazarashi	530	8624	16
ユウキボーイ	531	8608	16
Reaper	532	8607	16
要來我家看貓咪嗎	533	8603	16
nagichan	534	8599	16
燃える蓑笠	535	8595	16
MaxStoKe	536	8592	16
Lucky	537	8588	16
瘋狂束褲	538	8587	16
あか	539	8582	16
신성한노동	540	8566	16
ルーデル大佐	541	8564	16
天堂铃铛	542	8563	16
米娜	543	8563	16
모오호	544	8561	16
不思議なカメ	545	8560	16
hiro	546	8559	16
Pin	547	8554	16
Yoyoisaac9	548	8552	16
まーしー	549	8550	16
인간제로	550	8548	16
みかどゆにばーす	551	8545	16
Alpaca	552	8544	16
Redeyes	553	8541	16
AhHin	554	8538	16
緑水	555	8535	16
Wraxu	556	8535	16
비상식	557	8534	16
ねないこだれだ	558	8533	16
Openai	559	8529	16
Hop	560	8524	16
SunshineHooK	561	8524	16
Katamari	562	8517	16
ただつく	563	8515	16
湊斗光	564	8514	16
Abathur	565	8514	16
スイカバー	566	8512	16
SSR	567	8508	16
くらやん	568	8506	16
딴짓이	569	8505	16
あるちか	570	8504	16
おおきど	571	8503	16
푸찌잉	572	8503	16
從此再無加一秒	573	8502	16
蹦蹦騎士	574	8500	16
udhwayrg	575	8499	16
muctl	576	8498	16
小飞侠	577	8491	16
狼狼	578	8483	16
天國的死神	579	8482	16
nova	580	8454	16
BrQ	581	8454	16
RIPPLET	582	8453	16
ライナリュート	583	8448	16
Willice	584	8436	16
lelouch	585	8427	16
Drolian	586	8421	16
慕殤璃	587	8421	16
Toma	588	8420	16
함살려줘라진짜	589	8414	16
mike	590	8413	16
神奇阿鈺	591	8408	16
奕伊翼	592	8406	16
godgun	593	8402	16
stever	594	8398	16
Novis10813	595	8398	16
こじこじ	596	8396	16
Kat	597	8394	16
레인스	598	8392	16
チョコビッチ	599	8392	16
ウィ童ポルノ	600	8390	16
不思議なカメ	601	8386	16
구름그림	602	8380	16
LazySeal	603	8378	16
정수를수집한닭	604	8378	16
slamdunk	605	8377	16
ライロー	606	8376	16
沙耶香派蒙	607	8375	16
rasoraso	608	8372	16
mojamon	609	8370	16
猫好きの竜	610	8367	16
Saijaku	611	8366	16
에세조	612	8364	16
YashiroChan	613	8356	16
KidZ	614	8354	16
한씨	615	8353	16
Reload	616	8349	16
LiyeAngel	617	8348	16
MiLaDy	618	8347	16
LonelyMonkey	619	8345	16
Nekoyoru	620	8344	16
餅乾	621	8343	16
士兵87	622	8333	16
何處藏鋒	623	8324	16
冬方雪	624	8323	16
ryuto	625	8317	16
卍上杉卍	626	8315	16
Tavrys	627	8314	16
XiaoFannnnn	628	8313	16
咖啡枕頭	629	8301	16
肚肚怪怪的	630	8297	16
Aber	631	8296	16
서깅	632	8295	16
제갈공명	633	8293	16
사랑하는어머니	634	8289	16
IeC	635	8288	16
hanser	636	8279	16
鄭元	637	8279	16
LVKG	638	8277	16
IlI	639	8272	16
지붕	640	8272	16
昌昌昌昌	641	8268	16
維京人	642	8267	16
CYS	643	8262	16
단기렙업	644	8260	16
ブラウン	645	8259	16
Enogap	646	8251	16
gemseg	647	8247	16
閃亮束褲	648	8245	16
dex45620	649	8241	16
고릴라	650	8241	16
정민갓	651	8241	16
Mrlin	652	8237	16
高启强	653	8236	16
Xiaohu88	654	8236	16
櫻京塚大	655	8231	16
torinosu	656	8231	16
QMO0522	657	8229	16
大樹	658	8225	16
lun	659	8225	16
Joker	660	8223	16
JestkoZvoy	661	8222	16
페브리즈녹차향	662	8217	16
博怪	663	8214	16
bowbandit	664	8214	16
喵喵喵喵	665	8213	16
咚咚	666	8210	16
暴躁跳跳糖	667	8210	16
哈哈是我啦	668	8203	16
광포한바지	669	8201	16
多多綠茶	670	8200	16
設定6	671	8199	16
Rocka	672	8195	16
bailiy	673	8191	16
wiruff	674	8188	16
Samo	675	8184	16
Ponchik	676	8183	16
wesil	677	8183	16
애플포니	678	8181	16
贅沢微糖	679	8181	16
NanaVII	680	8179	16
암준하	681	8168	16
조교플레이	682	8165	16
Tsukazou	683	8165	16
祐樹祐掛樹	684	8164	16
soyorin	685	8163	16
간장	686	8163	16
FrostyFeet	687	8162	16
fado	688	8161	16
philosophyz	689	8161	16
沒有以後	690	8159	16
グリード	691	8159	16
서릿발공	692	8157	16
AbsorT	693	8153	16
じゃま田	694	8150	16
a22208092	695	8149	16
We123	696	8144	16
宝师傅修脚	697	8143	16
主要的灰色盜賊	698	8137	16
白ヨーダ	699	8137	16
GME	700	8134	16
CrazyPlants	701	8132	16
graaeaa	702	8128	16
COOLKids	703	8122	16
gummi100pct	704	8121	16
二月鳥	705	8113	16
Qzjjq	706	8112	16
Jerry	707	8111	16
Random	708	8106	16
黑貓	709	8103	16
星辰之光	710	8103	16
がーねっと	711	8099	16
Ddddddddd	712	8095	16
すーぱーやみー	713	8092	16
밥아저씨	714	8091	16
캄비	715	8089	16
ken1423	716	8087	16
ぎゃん	717	8087	16
嘆霜	718	8085	16
GGkuo	719	8085	16
banhbao	720	8084	16
하누울	721	8084	16
グラッセ	722	8082	16
Restart	723	8081	16
愛薩克	724	8081	16
리모오	725	8080	16
小熊	726	8079	16
NasJ	727	8078	16
无敌大树	728	8075	16
招风的小耳朵	729	8075	16
Euphoria	730	8075	16
shadowhunter	731	8074	16
火辣甜椒頭	732	8073	16
근사한트롤	733	8073	16
안녕하세요	734	8072	16
ともちゃんねる	735	8072	16
起这名用了半小时	736	8071	16
lidakang	737	8069	16
Magicpower	738	8069	16
용사아리스	739	8068	16
OuO	740	8067	16
shepard	741	8067	16
通通捅起來	742	8066	16
幽莲	743	8066	16
まつぼー	744	8064	16
tankDKP	745	8064	16
Sooin2	746	8063	16
hello	747	8062	16
frappuccino	748	8062	16
Jemmy	749	8060	16
C03Nttv	750	8058	16
Destiny	751	8057	16
Lisionla	752	8057	16
跳ねっ返りナイト	753	8057	16
sArqn96	754	8057	16
小寶豬	755	8056	16
強力束褲	756	8056	16
泰瑞爾	757	8056	16
kadoo	758	8054	16
MARCOXX	759	8053	16
artik	760	8052	16
GINI	761	8052	16
厄運烏鴉	762	8052	16
vbgg	763	8050	16
LMH2K320	764	8049	16
적혈귀	765	8049	16
종오야	766	8048	16
ビースト蝉丸	767	8047	16
六面邏輯	768	8047	16
sopi	769	8046	16
奸詐的霓虹色雪怪	770	8046	16
Ying	771	8044	16
たいやき	772	8043	16
진또102	773	8043	16
BoongBoong	774	8043	16
奪命小喵	775	8043	16
Kingjerty	776	8042	16
伸莖百戰	777	8042	16
fhwfhwwod	778	8042	16
악어	779	8042	16
JASONBOURNE	780	8041	16
RadiusUlna	781	8041	16
哇呀呀呀皮卡幻	782	8041	16
はこゆい	783	8041	16
Avriday	784	8041	16
TOKIO	785	8040	16
我女友還沒十六歲	786	8040	16
Yoyogood	787	8040	16
Dark	788	8039	16
tom	789	8039	16
Magic	790	8038	16
最帥的蟋蟀	791	8036	16
SpiritSmell	792	8036	16
누가힐러좀해봐	793	8035	16
我是象大寶	794	8035	16
lavender	795	8034	16
Ssoar	796	8034	16
조옥허	797	8034	16
Rhapsodic	798	8034	16
거북선	799	8034	16
ぶんたろう	800	8033	16
瞇瞇瞇瞇瞇	801	8033	16
Louisliu	802	8033	16
너꼬시러왔어	803	8033	16
검은화랑	804	8032	16
KK010	805	8032	16
tubercellar	806	8032	16
新手不具名	807	8032	16
Gray	808	8031	16
加蓬斯奎	809	8031	16
法國巧克力吐司	810	8031	16
納許	811	8031	16
유찬아빠	812	8031	16
Soo	813	8030	16
幻想駱駝	814	8030	16
クロダイ	815	8029	16
URco	816	8028	16
控えめなコウモリ	817	8027	16
是恶魔呀	818	8025	16
BledenMark	819	8022	16
kousenju2	820	8022	16
블루로즈	821	8022	16
ikunisme	822	8021	16
魔教岳不群	823	8021	16
frozen	824	8021	16
Crow	825	8020	16
어그	826	8019	16
jys	827	8018	16
roemwja	828	8018	16
ET524	829	8018	16
寵物小精靈始藍寶	830	8018	16
たこ焼き	831	8018	16
Teemo	832	8017	16
mnkutf	833	8016	16
ぽんぽこ	834	8016	16
Hawking	835	8016	16
マキシマム勇午	836	8016	16
凱莉根	837	8016	16
LongKing	838	8015	16
People01	839	8015	16
ビッグドワーフ	840	8014	16
ワルツ	841	8014	16
MrUnknown006	842	8013	16
오늘은쉽니다	843	8013	16
Liz	844	8013	16
oldbeans	845	8012	16
도돌담	846	8012	16
아오이	847	8011	16
魔法束褲	848	8011	16
황찌	849	8011	16
天天躺平	850	8011	16
LionNight	851	8011	16
來個會玩的輔助	852	8011	16
飛飛60229	853	8011	16
하얀나무	854	8011	16
증거부족무혐의	855	8010	16
nightfall	856	8010	16
SpeedyRogue	857	8010	16
ForHoNoR	858	8010	16
Demian	859	8010	16
내가니들힐노예냐	860	8010	16
VergilSum	861	8009	16
鬼祟魷魚	862	8009	16
Nea3r	863	8007	16
ElPerroLoco	864	8007	16
ゾウが来た	865	8006	16
AballaNche	866	8006	16
Beclever	867	8006	16
OrangeOne	868	8006	16
mumi	869	8006	16
tear74	870	8005	16
哪有這麼簡單	871	8005	16
Eliot	872	8005	16
해찌	873	8005	16
酒馆战棋糕手	874	8004	16
阿君	875	8004	16
Nikku	876	8004	16
control	877	8004	16
整齊的酒色豺狼人	878	8003	16
ParkRa1n	879	8003	16
怀孕的处女	880	8003	16
leike	881	8002	16
hoshino	882	8001	16
Nepgear	883	8001	16
真實的灰色野牛	884	8000	16
风行天下无敌	885	8000	16
weii	886	8000	16
NightRaven	887	8000	16
Mida	1	21250	17
ちぇいん	2	20794	17
Dami	3	20445	17
cx000	4	19228	17
dreamfate	5	17375	17
songyuan78	6	16571	17
깔끔한황색곰	7	16473	17
영혼연성	8	16400	17
你可真是个人才	9	16388	17
level	10	16374	17
白上フブキの奴隷	11	16356	17
Raizin	12	16308	17
saninobe	13	16205	17
ranpuz	14	16158	17
飛馬	15	15934	17
Yiu	16	15720	17
Citruslimon	17	15539	17
SyoGo	18	15539	17
kyu091	19	15037	17
らう	20	14982	17
ゴロゴロ	21	14915	17
みらの	22	14762	17
얄주	23	14643	17
バッドマナー克彦	24	14466	17
jackpot	25	14448	17
snowdin	26	14424	17
唯我独尊マン	27	14375	17
ポチョムキン先輩	28	14343	17
mingtong	29	14342	17
tymiya2010	30	14324	17
toyop	31	14309	17
Gale	32	14272	17
蒼井晶のゲーム1	33	14025	17
LimeDrake	34	13855	17
TaMu	35	13823	17
Hobriout	36	13808	17
アツヤ	37	13776	17
Moraner	38	13631	17
raizin	39	13490	17
IKUN	40	13462	17
Dreamback	41	13235	17
Samson	42	13193	17
吃答辩去吧鲍勃	43	13191	17
真红	44	13179	17
沉魔	45	13135	17
RenRen	46	13131	17
洛神賦	47	13104	17
moku	48	13098	17
美甘ネルの機関銃	49	13081	17
모험가	50	13074	17
DaMi	51	13066	17
Trista	52	13007	17
yuris	53	12934	17
TWBestYasuo	54	12926	17
渴望夏天	55	12918	17
okkun	56	12916	17
つつ	57	12886	17
忍た	58	12861	17
Jack	59	12812	17
魔法束褲	60	12803	17
Dreamer	61	12803	17
花芽なずなの下僕	62	12748	17
내목숨을아이어에	63	12741	17
LuShiKing	64	12652	17
jyun19	65	12651	17
冥风淳朴	66	12645	17
YoTaichi	67	12605	17
QIXIA	68	12576	17
poop1215	69	12555	17
체리마쇼	70	12553	17
燒鴨	71	12470	17
小可愛	72	12336	17
省委高育良	73	12290	17
散播歡樂散播愛	74	12263	17
buygame	75	12248	17
Tx9aybar	76	12247	17
Genji	77	12226	17
ツァイ拳	78	12205	17
徵6000以上排	79	12179	17
catfood	80	12087	17
垃圾用陽壽打遊戲	81	12007	17
かにかま	82	12007	17
kkking	83	11925	17
serunado	84	11919	17
kamikoto	85	11909	17
けんま	86	11908	17
JiveTurkey	87	11832	17
Pielover447	88	11824	17
マリモ人間	89	11813	17
えすけー	90	11770	17
Hahahaha	91	11745	17
cedar	92	11745	17
검은화랑	93	11744	17
ガレン	94	11698	17
내가니들힐노예냐	95	11669	17
みかどゆにばーす	96	11611	17
まーしー	97	11589	17
Loto3rd	98	11576	17
好傑寶護駕	99	11540	17
野性狼	100	11517	17
TwRainnerz	101	11514	17
我為艾爾而生	102	11491	17
一忍再忍無需再忍	103	11457	17
好運貓頭鷹	104	11394	17
Beam	105	11329	17
takechi	106	11312	17
Swallow	107	11285	17
ddBanzai	108	11261	17
NOAH	109	11260	17
春川邱缘	110	11259	17
뉴아스	111	11247	17
Sen	112	11206	17
gemseg	113	11169	17
조교플레이	114	11169	17
강덕준	115	11159	17
白玉歐	116	11154	17
aaabbbcdcc	117	11147	17
うずら	118	11142	17
ShinyStAnon	119	11140	17
망꾼에서옳챙이	120	11115	17
옳챙이에서망꾼	121	11115	17
JyanVoV	122	11111	17
jiujiujia	123	11105	17
Scott666	124	11094	17
冬ちゃん	125	11088	17
Nick	126	11080	17
Milktea	127	11072	17
阿席達卡的逃犯	128	11070	17
いちご大福	129	11069	17
zakipart	130	11069	17
Tspin	131	11023	17
ウィ童ポルノ	132	11018	17
설익	133	11008	17
바이렛	134	10969	17
시라이쿠로코	135	10965	17
GodGun	136	10962	17
萊茵哈特利	137	10962	17
TNK	138	10961	17
さっくん	139	10955	17
kunkun	140	10953	17
흙빙	141	10918	17
うさこ	142	10917	17
Cassiopeia	143	10908	17
瓦特美勒	144	10899	17
TAKUTO	145	10893	17
bang	146	10889	17
セスッタ	147	10879	17
roemwja	148	10856	17
劉帥	149	10849	17
罕見的芒果色鶴	150	10826	17
NeTa	151	10823	17
Ella	152	10821	17
꿈의우주	153	10815	17
おぉおおん！？	154	10771	17
bumpcamel	155	10749	17
FunkyAki	156	10745	17
Monkey	157	10738	17
CarlLeung	158	10723	17
tesuri	159	10708	17
兔美ちゃん	160	10704	17
よた	161	10697	17
九转大肠真的香	162	10679	17
吴吊大	163	10678	17
羊駝	164	10659	17
奪命小喵	165	10635	17
Kboy	166	10602	17
熊吉くん	167	10600	17
Maxine	168	10597	17
請不要問我為什麼	169	10583	17
Andy	170	10581	17
Shiyueli	171	10567	17
呆森咩	172	10558	17
vvahaha	173	10537	17
옐로우	174	10531	17
EliteKitty69	175	10526	17
熱烈なタカ	176	10522	17
大卯	177	10512	17
天月星羽	178	10509	17
兔多	179	10458	17
ソルモルドア	180	10454	17
BWB	181	10445	17
隱祕束褲	182	10444	17
근사한트롤	183	10429	17
IZrin	184	10414	17
SacreDxDick	185	10406	17
鸡肋	186	10404	17
용돌스트	187	10385	17
Gomesu	188	10372	17
みき	189	10365	17
Clam	190	10364	17
慎重なドレイク	191	10363	17
厭世浣熊	192	10362	17
Guchin	193	10357	17
GGininDer	194	10353	17
レイタ老	195	10319	17
インド人じゃない	196	10298	17
ryu	197	10252	17
BigBoss	198	10240	17
koya	199	10227	17
TheLasid	200	10226	17
沉默寶劍	201	10214	17
salsalyo	202	10180	17
おおやひろし	203	10178	17
Lastwolf	204	10175	17
AreYouGG	205	10163	17
Gurigurigrip	206	10157	17
鐵支支	207	10154	17
名白椛	208	10145	17
COZY	209	10137	17
정성훈	210	10135	17
ysy	211	10133	17
kaitistsdog	212	10128	17
Alone	213	10121	17
saepp	214	10112	17
こたつ	215	10108	17
TheCapricorn	216	10106	17
李霸霸	217	10103	17
青い鳥	218	10098	17
祐樹祐掛樹	219	10092	17
前科4犯	220	10084	17
Bayless	221	10070	17
Symmerstrike	222	10066	17
CaLaMaJO	223	10059	17
蓝胖头鱼	224	10057	17
如墨	225	10055	17
Sunny	226	10049	17
yamo	227	10041	17
siga	228	10040	17
BoongBoong	229	10035	17
Unnamdplayer	230	10033	17
zbby	231	10031	17
我要妳記住我	232	10029	17
FUJIS	233	10026	17
Norie	234	10023	17
jiojio	235	10023	17
RuBy	236	10016	17
神奇阿鈺	237	10015	17
溫和的紅色巨魔	238	10012	17
ナンカレー	239	10011	17
藍雨老頭	240	10001	17
TAI	241	10000	17
マサール	242	9998	17
peryuton	243	9996	17
inge	244	9990	17
bestMccree	245	9988	17
第六排便魔王です	246	9970	17
wakka53	247	9969	17
沒椅子坐的鐘老闆	248	9966	17
Blainkaramel	249	9965	17
小志峰	250	9959	17
kokoko	251	9954	17
へいにー	252	9953	17
彼岸尋花	253	9950	17
cougarNON	254	9930	17
sikuro	255	9926	17
bebiiiii	256	9926	17
will	257	9921	17
鮑裡龍	258	9919	17
韓國盜號狗死全家	259	9912	17
冥傾璃	260	9906	17
하람	261	9905	17
太鼓さん	262	9904	17
Magic	263	9902	17
肝哥	264	9891	17
ハクシキ	265	9885	17
早安	266	9883	17
CanonessSA	267	9862	17
XZXQQQ	268	9862	17
영불영불	269	9861	17
NeReMyYo	270	9843	17
Momo	271	9830	17
たくと	272	9817	17
他界したサメ	273	9813	17
hyeonee	274	9803	17
위도우메이커	275	9802	17
たまきちゃん	276	9799	17
Rocka	277	9795	17
ダイナソー竜崎	278	9782	17
RSTK	279	9776	17
Hofi	280	9772	17
CYS	281	9772	17
Bansbully	282	9768	17
PremzY	283	9764	17
리모오	284	9756	17
Valaneer	285	9751	17
sora	286	9750	17
YCL	287	9743	17
suiyi	288	9741	17
にこる	289	9736	17
豪豪豪兒	290	9735	17
weii	291	9713	17
ggplayyo	292	9683	17
Yuuusaku	293	9662	17
증거부족무혐의	294	9657	17
BrQ	295	9646	17
我是天才小釣手	296	9646	17
에이원프로	297	9642	17
성훈킴	298	9641	17
StephenL	299	9637	17
ハーブティー	300	9636	17
ForHoNoR	301	9633	17
Poi	302	9631	17
해병	303	9631	17
밥아저씨	304	9623	17
怠惰なるカメ	305	9611	17
사악한군청사자	306	9610	17
콩까지마	307	9600	17
bellalin	308	9592	17
에세조	309	9591	17
Continue	310	9587	17
豪豪	311	9575	17
砖叶	312	9564	17
giaccho	313	9562	17
Ghost	314	9550	17
愚蠢思考讓人窒息	315	9549	17
超級魚人	316	9542	17
Meteor	317	9540	17
another	318	9534	17
Caudata	319	9533	17
googoogoog	320	9530	17
okvayofe	321	9528	17
mmf	322	9519	17
불독	323	9509	17
Kosuzu	324	9508	17
Mrlin	325	9505	17
天國的死神	326	9500	17
깽이다	327	9486	17
无事烧香	328	9478	17
抖音小齊	329	9475	17
박대지기자	330	9468	17
jhg0704	331	9465	17
kingdom	332	9453	17
kuminaga	333	9447	17
Skull	334	9447	17
ohaguro	335	9446	17
PandaTh	336	9445	17
未來	337	9445	17
lion	338	9440	17
謎のイカ	339	9439	17
KKIDAS	340	9425	17
Sadwind	341	9420	17
魔法老爹	342	9417	17
Hop	343	9413	17
WINSTON	344	9405	17
안녕하세요	345	9405	17
TaoZe	346	9396	17
yuren	347	9380	17
xuxuxuxu	348	9374	17
mochi	349	9358	17
天天躺平	350	9347	17
weewoo	351	9339	17
nishiking	352	9332	17
客官且慢看我右手	353	9329	17
舞亂	354	9328	17
北京的爷	355	9328	17
Masu	356	9319	17
ゾウが来た	357	9298	17
모오호	358	9294	17
jongwoon	359	9292	17
人有所操	360	9291	17
はつ	361	9282	17
neeshie	362	9282	17
Hani	363	9278	17
FizzyMeju	364	9276	17
DirePants	365	9270	17
lavish	366	9267	17
彼阳的晚意	367	9264	17
だもだもだん	368	9259	17
Carl	369	9256	17
Abathur	370	9253	17
IlIlIlIIIlll	371	9253	17
zzhowwoh	372	9251	17
Fable	373	9247	17
x1a0Gu1	374	9245	17
hitmebaby	375	9230	17
인간제로	376	9228	17
HAR	377	9227	17
ニガボブ	378	9224	17
AhHin	379	9219	17
Yukikko	380	9218	17
フォン	381	9215	17
勇者的使命	382	9209	17
daidai	383	9201	17
Kero	384	9197	17
hanser	385	9195	17
Halogen	386	9191	17
snowpalace	387	9185	17
이채1민	388	9182	17
XIZEER	389	9178	17
GeorgeTian	390	9176	17
AAAWC	391	9174	17
暴走小星星	392	9148	17
레인스	393	9148	17
愛睏熊	394	9148	17
もけもけ	395	9146	17
kiwi	396	9143	17
MTB	397	9141	17
siusiuenemy	398	9136	17
Luck	399	9134	17
greatnoober	400	9131	17
almikuaxe	401	9117	17
Rese	402	9113	17
kentron	403	9112	17
석기시대가죽도둑	404	9109	17
イオリア・シュヘ	405	9108	17
CryingRobot	406	9107	17
Samechicken	407	9098	17
ろば	408	9097	17
임시호이즈짱짱맨	409	9094	17
ken1423	410	9091	17
Sheng777	411	9089	17
Tiffaaaaa	412	9089	17
波兔村	413	9083	17
VinceQ	414	9081	17
おさんぽ	415	9079	17
신성한노동	416	9072	17
syakuhachi	417	9064	17
태우야그만잘해라	418	9063	17
我5歲愛打架	419	9058	17
MrMyName	420	9048	17
GINI	421	9044	17
じゃま田	422	9042	17
魔天	423	9042	17
めきつん	424	9036	17
Kino	425	9036	17
MRTGGG	426	9034	17
한씨	427	9020	17
드래곤욱	428	9018	17
こころん	429	9007	17
SEADICE	430	9002	17
andokaz	431	9001	17
不理智的瑪瑙色蛇	432	9001	17
fapfapwhite	433	8999	17
天道花憐	434	8992	17
DeF	435	8992	17
ほへほへ	436	8987	17
OverPoweR	437	8984	17
砂爆	438	8983	17
Mart	439	8962	17
NenGoS	440	8948	17
philosophyz	441	8948	17
Mercy	442	8941	17
伸莖百戰	443	8939	17
DAN	444	8937	17
豆茶	445	8934	17
温顺的巨壳龙	446	8934	17
Mugi	447	8932	17
厄運烏鴉	448	8921	17
Revontulet	449	8917	17
카드	450	8914	17
Redeyes	451	8913	17
長崎舞次子	452	8906	17
nOAOnoob	453	8906	17
롤링맨	454	8902	17
GuraN	455	8900	17
夜澪	456	8895	17
AuN	457	8894	17
kudasga	458	8893	17
저급여관	459	8889	17
わかてんぐ	460	8875	17
DrBOOM	461	8868	17
Kobe	462	8864	17
パイロブラスト	463	8862	17
norarue	464	8861	17
MaxStoKe	465	8858	17
kyoju	466	8857	17
작새랑게임할래	467	8857	17
モーダミア	468	8856	17
真夏侯惇	469	8855	17
YOSORO	470	8855	17
小尤熙	471	8851	17
HyperAwak	472	8851	17
YCPR	473	8850	17
珍珠鸟	474	8840	17
SunshineHooK	475	8839	17
实习金铜须	476	8831	17
Mshr	477	8830	17
ayaka	478	8819	17
Bostanding	479	8814	17
はこゆい	480	8814	17
ダンチ	481	8811	17
強力貓頭鷹	482	8806	17
暴躁跳跳糖	483	8797	17
Gorgonzola13	484	8793	17
mckinley	485	8792	17
Mamahi	486	8791	17
draglevi	487	8790	17
CrazyKOR	488	8789	17
푸찌잉	489	8783	17
Life	490	8780	17
강한오빠	491	8780	17
贅沢微糖	492	8777	17
BattleB	493	8775	17
衝鋒悍將	494	8770	17
rasoraso	495	8770	17
瞇瞇瞇瞇瞇	496	8760	17
열왕기하	497	8760	17
正純	498	8758	17
ブルフロッグ	499	8758	17
Puddingcup	500	8755	17
MANI	501	8753	17
NasJ	502	8745	17
坊や哲	503	8743	17
RudeRuin	504	8736	17
악어	505	8733	17
mao324	506	8733	17
極光閃電	507	8726	17
Mist	508	8726	17
微微一笑很傾城	509	8722	17
gsprss	510	8720	17
ATfield212	511	8720	17
鄭元	512	8720	17
常居次人	513	8720	17
JSX	514	8719	17
ゆりりん	515	8718	17
GarnetElk	516	8710	17
Redade	517	8706	17
CreamKnife	518	8705	17
o0clem0o	519	8705	17
Aber	520	8702	17
Alex	521	8700	17
Yopiko19	522	8699	17
こじこじ	523	8696	17
McDonalds	524	8686	17
호마	525	8679	17
とおちん	526	8678	17
비상식	527	8678	17
Spat1um	528	8676	17
mango	529	8676	17
Mori	530	8676	17
OneEyedCamel	531	8675	17
Yusakuk	532	8670	17
onmyo	533	8668	17
doki	534	8667	17
DragonPriest	535	8666	17
Motivation	536	8666	17
あいあ	537	8659	17
みらくらぱーく！	538	8657	17
고오	539	8655	17
RadiusUlna	540	8655	17
冬雪凌空	541	8655	17
Bv181	542	8654	17
kbs	543	8649	17
冷月	544	8642	17
남극인의밥상	545	8642	17
Willice	546	8641	17
Drolian	547	8640	17
Eliot	548	8632	17
宿命	549	8631	17
MURAKUMO	550	8625	17
sasami	551	8604	17
임실치즈축제	552	8597	17
몽토르	553	8582	17
ldk1609	554	8580	17
Boyiada	555	8579	17
아라쉬	556	8567	17
Naming	557	8562	17
Popkone	558	8562	17
哇呀呀呀皮卡幻	559	8559	17
duke	560	8557	17
咚咚	561	8554	17
DolbyJai	562	8551	17
国分玲	563	8547	17
たいやき	564	8543	17
維京人	565	8543	17
가람초일짱붉은매	566	8539	17
OuO	567	8529	17
ゆうしゃアキヤマ	568	8526	17
S1mple	569	8525	17
시공의폭풍	570	8525	17
沉溺	571	8523	17
樱木牧道	572	8522	17
しんとむ	573	8522	17
あか	574	8522	17
灰灰	575	8520	17
Brig	576	8520	17
Futari	577	8509	17
ばかじゃない	578	8507	17
adver	579	8507	17
多多綠茶	580	8506	17
ロッゾ	581	8498	17
ptf3434	582	8497	17
MiRiNe	583	8494	17
Reload	584	8493	17
みふぁえる	585	8488	17
hangyu	586	8478	17
H6969	587	8478	17
계황	588	8467	17
godgun	589	8465	17
ワルツ	590	8465	17
Venus	591	8458	17
カツエさん	592	8455	17
일만판하창인생	593	8454	17
Araia	594	8454	17
愛永遠不可能	595	8452	17
喔是喔	596	8451	17
vbgg	597	8451	17
pasDI	598	8450	17
心地よいコドー	599	8443	17
JohnFu	600	8439	17
昏暗的灰色鯊魚	601	8439	17
보잉	602	8429	17
MoreGOGurl	603	8423	17
MusiaPusia	604	8419	17
がーねっと	605	8417	17
Littlefat	606	8416	17
Reaper	607	8410	17
pompote	608	8407	17
グリード	609	8405	17
金色传说	610	8400	17
スイカバー	611	8397	17
ぴらにゃ｜飼育員	612	8394	17
メルメル	613	8390	17
predatorsss	614	8389	17
ミスター昆布	615	8389	17
士兵87	616	8388	17
함살려줘라진짜	617	8382	17
稲作	618	8382	17
iamufa	619	8381	17
ggininderla	620	8381	17
ventriloquis	621	8363	17
n3xup637	622	8361	17
nougami	623	8360	17
小時候	624	8360	17
polaris	625	8357	17
緑水	626	8352	17
GEight	627	8349	17
성민제	628	8346	17
瘋狂束褲	629	8345	17
phoenix	630	8345	17
グラッセ	631	8344	17
どっつ	632	8341	17
冗長なヒナ	633	8339	17
呵呵	634	8329	17
M4tth3w	635	8328	17
C03Nttv	636	8328	17
atishre1222	637	8325	17
IeC	638	8325	17
KAMIKI	639	8323	17
喵喵喵喵	640	8321	17
frappuccino	641	8319	17
乂煞氣卍夜神乂	642	8319	17
fado	643	8318	17
米娜	644	8313	17
nachall	645	8312	17
멀록의왕한재하	646	8311	17
Yummi	647	8308	17
悪いスライム	648	8308	17
miduki	649	8308	17
曖昧なチョウ	650	8307	17
Amika	651	8305	17
SoNy	652	8301	17
Hoge	653	8291	17
退屈したオーク	654	8291	17
udhwayrg	655	8285	17
Tim0857	656	8283	17
RRRRRRRRRRRR	657	8274	17
Wraxu	658	8273	17
小朱	659	8269	17
ganninian	660	8269	17
金門王	661	8265	17
残忍なワシ	662	8263	17
Gangatha	663	8257	17
安楽岡花火	664	8255	17
wesil	665	8250	17
co2	666	8250	17
akane	667	8248	17
Ruby	668	8247	17
เกงนำโชค	669	8246	17
糖醋醬	670	8244	17
冬方雪	671	8241	17
biankheaven	672	8241	17
Liakusha	673	8239	17
Kurowa	674	8238	17
妹妹大好	675	8236	17
Porcaro	676	8236	17
hugelephant	677	8235	17
Won	678	8233	17
法國巧克力吐司	679	8233	17
WUXIN	680	8232	17
곰슬기	681	8230	17
マキシマム勇午	682	8230	17
ElvisXD	683	8229	17
Pleiades	684	8229	17
Wack	685	8228	17
殤殤	686	8226	17
藤林杏	687	8225	17
久藤千寻	688	8225	17
엉이	689	8218	17
機器魚人	690	8216	17
정수를수집한닭	691	8215	17
ScarletRain	692	8206	17
酒馆老板的漏斗蛋	693	8204	17
即逝き太郎くんに	694	8202	17
Kingjerty	695	8196	17
정경현	696	8193	17
hello	697	8188	17
opcr	698	8186	17
VERY	699	8185	17
高启强	700	8183	17
아오이	701	8176	17
做成就的人真難啊	702	8166	17
Jest3r	703	8160	17
풍월량	704	8157	17
SpeedyRogue	705	8153	17
카라스	706	8153	17
KATE	707	8152	17
小杭甫	708	8150	17
COOLKids	709	8146	17
Rpoppo	710	8145	17
strawburry	711	8144	17
もてゃどる	712	8139	17
KelvinHo	713	8136	17
Akagi	714	8136	17
마법노움	715	8134	17
도발	716	8133	17
frozen	717	8130	17
LiuYuChi	718	8129	17
こなこな	719	8127	17
幻月冰楓	720	8126	17
JASONBOURNE	721	8121	17
밤까마귀	722	8119	17
LUFFY	723	8116	17
rinka	724	8100	17
エリオ	725	8099	17
萨雷安你露姐	726	8094	17
Katamari	727	8094	17
NightRaven	728	8093	17
冒險者	729	8092	17
荊棘	730	8092	17
凛邪啦	731	8091	17
ユウキボーイ	732	8088	17
ZHENGYANG	733	8087	17
牛肉湯讚	734	8084	17
XiaoFannnnn	735	8083	17
lelouch	736	8083	17
武器小孩	737	8081	17
doxchan	738	8081	17
だにえる	739	8080	17
雪狐	740	8078	17
Solong	741	8077	17
Age	742	8076	17
呼你熊脸	743	8075	17
ちらこ	744	8073	17
gummi100pct	745	8072	17
何處藏鋒	746	8072	17
暴躁武僧	747	8072	17
ndifix	748	8071	17
後藤ひとり	749	8071	17
고고한담황마법사	750	8070	17
AzkiT	751	8069	17
mnkutf	752	8068	17
colibri	753	8068	17
신컨	754	8067	17
KID	755	8067	17
文森	756	8065	17
Bomber	757	8064	17
MiLaDy	758	8063	17
Chris	759	8063	17
두레실장	760	8063	17
atatawenka	761	8061	17
你的錢包會受難	762	8061	17
あいす	763	8061	17
라인	764	8060	17
MaskPeter	765	8059	17
chickeneye	766	8059	17
每天好心态	767	8057	17
mike	768	8055	17
지독한싸움꾼	769	8054	17
金門之王阿賓	770	8053	17
ctrlmusic	771	8053	17
LuckyDay	772	8052	17
チョコビッチ	773	8051	17
SpiritSmell	774	8050	17
자생력	775	8049	17
issa	776	8049	17
mimi	777	8049	17
AMEKA	778	8048	17
raicabea	779	8048	17
tipton	780	8047	17
漆黑の闪光	781	8047	17
无敌大树	782	8045	17
たわし	783	8044	17
LazySeal	784	8042	17
커담최쿨	785	8042	17
昱翔	786	8041	17
呱呱	787	8041	17
櫻京塚大	788	8041	17
화난바지	789	8041	17
김현현	790	8040	17
Jakeeee	791	8040	17
Drinkra	792	8040	17
mongolio	793	8039	17
小熊	794	8039	17
jippijip	795	8039	17
せーたー	796	8037	17
제갈공명	797	8035	17
LunaticFox	798	8035	17
三民男神	799	8035	17
芋ホテップ	800	8034	17
冷靜的煙霧色竊賊	801	8034	17
saber	802	8034	17
분식집탈옥수	803	8033	17
rlaqkajd	804	8033	17
火辣甜椒頭	805	8032	17
基本的瑪瑙色獾	806	8032	17
看到土泥	807	8031	17
傳說中的阿柏怪	808	8031	17
ちょせん	809	8031	17
シドウス	810	8030	17
zutokiyo	811	8029	17
포더킹애호가	812	8029	17
비트다비트	813	8028	17
IzuMig	814	8028	17
yuyu	815	8028	17
nobuDX	816	8028	17
살인기계	817	8027	17
火球奶奶	818	8027	17
ともちゃんねる	819	8027	17
DiVA	820	8027	17
不羈之風	821	8026	17
rusk	822	8026	17
靈敏的橄欖色獅子	823	8026	17
AUTHOR	824	8025	17
killerking0	825	8024	17
하얀뭉이	826	8022	17
老拔	827	8022	17
Hebat	828	8022	17
ddaaef	829	8021	17
장재립	830	8021	17
대마왕	831	8021	17
sjowyuicy	832	8020	17
Jakk	833	8019	17
aab	834	8019	17
lun	835	8019	17
阿德	836	8019	17
Phteven0802	837	8018	17
just	838	8018	17
佐稿頑藤	839	8018	17
TWH	840	8018	17
Torso	841	8018	17
tEikyo	842	8018	17
jhmmk	843	8016	17
교주	844	8016	17
OneLasT	845	8014	17
沃草麻煩大了	846	8014	17
BUT47	847	8014	17
仁怀北	848	8013	17
Have	849	8013	17
マンウィー	850	8012	17
Artemis	851	8012	17
燃える蓑笠	852	8012	17
shadowhunter	853	8012	17
NeverDie	854	8011	17
招风的小耳朵	855	8011	17
不思議なカメ	856	8010	17
哇李時珍的恐怖	857	8009	17
たこ焼き	858	8009	17
waterman	859	8008	17
TeacherCai7	860	8008	17
control	861	8008	17
CrazyPlants	862	8008	17
小さな忍者	863	8007	17
야슈톨라	864	8007	17
Slarkys	865	8007	17
Mayko	866	8006	17
암준하	867	8006	17
건전한배틀태그	868	8005	17
NitrousOxide	869	8005	17
分手後我尿老黃了	870	8004	17
ラグナ	871	8004	17
TrollerSun	872	8004	17
沉睡星星	873	8003	17
Exile	874	8003	17
graaeaa	875	8003	17
UND34D	876	8003	17
joker	877	8002	17
하스젓망겜	878	8002	17
전설의상한가	879	8002	17
CB0	880	8002	17
AraNoc	881	8001	17
peipei	882	8001	17
MeanZero	883	8001	17
臭臭地精	884	8000	17
SLT	885	8000	17
Bunnyfunder	886	8000	17
mimmim	887	8000	17
bai54088	888	8000	17
戀愛與謊言	889	8000	17
美甘ネルの機関銃	1	21694	18
蒼井晶のゲーム1	2	21294	18
Dami	3	21286	18
Mida	4	21133	18
ちぇいん	5	20016	18
cx000	6	18841	18
MaskPeter	7	18493	18
米娜	8	18385	18
靠近的金色幽靈	9	18375	18
kyu091	10	18308	18
白上フブキの奴隷	11	17378	18
Shiyueli	12	17254	18
ツァイ拳	13	16403	18
飛馬	14	16262	18
koya	15	16072	18
saninobe	16	16062	18
抖音小齊	17	14894	18
bellalin	18	14871	18
dreamfate	19	14742	18
BestCN	20	14654	18
燒鴨	21	14634	18
toyop	22	14480	18
tymiya2010	23	14451	18
ポチョムキン先輩	24	14420	18
mingtong	25	14355	18
songyuan78	26	14245	18
Kboy	27	14124	18
Guchin	28	14122	18
SageShark	29	13931	18
SageShark	30	13697	18
花芽なずなの下僕	31	13382	18
白玉歐	32	13376	18
Maxine	33	13364	18
よた	34	13190	18
JiveTurkey	35	12924	18
Pielover447	36	12909	18
YoTaichi	37	12740	18
魔法束褲	38	12640	18
ranpuz	39	12568	18
PremzY	40	12541	18
ShinyStAnon	41	12469	18
CaLaMaJO	42	12416	18
GodGun	43	12385	18
얄주	44	12329	18
唯我独尊マン	45	12325	18
maporoshi	46	12303	18
Han	47	12213	18
kni417	48	12187	18
Dreamer	49	12182	18
snowdin	50	12160	18
你可真是个人才	51	12127	18
level	52	12123	18
Gale	53	12103	18
Youchien	54	12098	18
Catofmoon	55	12097	18
阿席達卡的逃犯	56	12026	18
TWBestYasuo	57	12025	18
Pyano	58	12021	18
체리마쇼	59	11999	18
EliteKitty69	60	11993	18
Jack	61	11983	18
모험가	62	11977	18
Scott666	63	11961	18
Tx9aybar	64	11960	18
buygame	65	11944	18
RenRen	66	11927	18
洛神賦	67	11916	18
Trista	68	11859	18
Hobriout	69	11807	18
섹시한복숭아	70	11793	18
アツヤ	71	11781	18
okvayofe	72	11677	18
Kosuzu	73	11648	18
つつ	74	11635	18
沉魔	75	11620	18
ysy	76	11576	18
Genji	77	11538	18
salsalyo	78	11501	18
省委高育良	79	11498	18
渴望夏天	80	11496	18
みらの	81	11361	18
almikuaxe	82	11240	18
DeF	83	11238	18
okkun	84	11220	18
MrMyName	85	11204	18
ddBanzai	86	11155	18
뉴아스	87	11153	18
Nick	88	11111	18
みかどゆにばーす	89	11106	18
강덕준	90	11105	18
yuris	91	11095	18
むみぃ	92	11089	18
mumi	93	11077	18
拉玛刹的风干鲑鱼	94	11048	18
みき	95	11042	18
まーしー	96	11022	18
伊拉瑞的震动光塔	97	10969	18
QIXIA	98	10931	18
ohaguro	99	10910	18
うずら	100	10862	18
有能なコドー	101	10755	18
よしとく団長	102	10730	18
樱木牧道	103	10723	18
請不要問我為什麼	104	10711	18
TaMu	105	10698	18
Andy	106	10688	18
Raizin	107	10682	18
罕見的芒果色鶴	108	10603	18
Joseph	109	10587	18
poremiro	110	10555	18
真红	111	10550	18
わしき	112	10540	18
hifi	113	10537	18
ダイナソー竜崎	114	10523	18
CarlLeung	115	10520	18
능력부족	116	10515	18
春川邱缘	117	10501	18
ryu	118	10491	18
吃答辩去吧鲍勃	119	10485	18
검은화랑	120	10481	18
SyoGo	121	10475	18
JyanVoV	122	10456	18
Citruslimon	123	10451	18
垃圾用陽壽打遊戲	124	10446	18
StephenL	125	10391	18
Kizzit	126	10368	18
시라이쿠로코	127	10354	18
bebiiiii	128	10346	18
ハーブティー	129	10331	18
peryuton	130	10320	18
쇼타	131	10309	18
藍雨老頭	132	10263	18
かにかま	133	10254	18
Continue	134	10213	18
NeTa	135	10212	18
사악한군청사자	136	10208	18
Ella	137	10201	18
성훈킴	138	10184	18
kuminaga	139	10156	18
兔美ちゃん	140	10155	18
흙빙	141	10144	18
ブルフロッグ	142	10144	18
GEight	143	10133	18
Mist	144	10122	18
에이원프로	145	10118	18
bumpcamel	146	10109	18
鸡肋	147	10107	18
나판다아니다	148	10100	18
Cassiopeia	149	10092	18
剣先ツルギ	150	10079	18
厭世浣熊	151	10069	18
predatorsss	152	10068	18
roemwja	153	10067	18
LuShiKing	154	10063	18
Bansbully	155	10057	18
bang	156	10042	18
Luo	157	10040	18
冥风淳朴	158	10037	18
Hop	159	10035	18
GINI	160	10032	18
작새랑게임할래	161	10023	18
瘋狂束褲	162	10015	18
catfood	163	10013	18
Redeyes	164	10006	18
がーねっと	165	10006	18
牛肉湯讚	166	10005	18
Reload	167	10002	18
VERY	168	10000	18
わかてんぐ	169	9960	18
FUJIS	170	9923	18
Unnamdplayer	171	9923	18
グラッセ	172	9909	18
AuN	173	9902	18
TNK	174	9882	18
冬ちゃん	175	9881	18
siga	176	9869	18
Magic	177	9867	18
Ducky	178	9859	18
沉溺	179	9855	18
マリモ人間	180	9852	18
KelvinHo	181	9852	18
熊吉くん	182	9849	18
做最好嘅垃圾	183	9847	18
帅气	184	9843	18
雪狐	185	9834	18
xuxuxuxu	186	9830	18
내가니들힐노예냐	187	9824	18
Masu	188	9816	18
reichiyarare	189	9811	18
もてゃどる	190	9808	18
andokaz	191	9803	18
Lmatgh	192	9799	18
Kumu77	193	9795	18
愚蠢思考讓人窒息	194	9791	18
Crys7als	195	9781	18
レイタ老	196	9780	18
Hahahaha	197	9779	18
cedar	198	9779	18
WINSTON	199	9774	18
こたつ	200	9758	18
raizin	201	9724	18
あばれるくん	202	9723	18
シドウス	203	9715	18
めきつん	204	9708	18
hyeonee	205	9691	18
another	206	9680	18
いちご大福	207	9654	18
itsartin	208	9652	18
米殺手	209	9649	18
inge	210	9631	18
Moraner	211	9629	18
九转大肠真的香	212	9616	18
Beam	213	9610	18
らう	214	9602	18
天道花憐	215	9598	18
Xiaohu88	216	9593	18
DirePants	217	9591	18
ハクシキ	218	9577	18
Milktea	219	9563	18
sora	220	9554	18
suiyi	221	9554	18
Mrlin	222	9542	18
비트다비트	223	9540	18
パイロブラスト	224	9525	18
MRTGGG	225	9521	18
롤링맨	226	9514	18
XZXQQQ	227	9507	18
咚咚	228	9495	18
天橋上的魔術師	229	9489	18
Lastwolf	230	9461	18
靦腆的金色貓頭鷹	231	9456	18
ショウティ	232	9456	18
イオリア・シュヘ	233	9435	18
jackpot	234	9425	18
みらくらぱーく！	235	9425	18
バッドマナー克彦	236	9419	18
BoongBoong	237	9418	18
神奇阿鈺	238	9415	18
衝鋒悍將	239	9395	18
量子場論	240	9388	18
ロッゾ	241	9385	18
	242	9380	18
하람	243	9368	18
philosophyz	244	9366	18
怠惰なるカメ	245	9354	18
Ssoar	246	9336	18
흑기사	247	9335	18
saepp	248	9334	18
我5歲愛打架	249	9324	18
nOAOnoob	250	9322	18
내목숨을아이어에	251	9309	18
謎のイカ	252	9303	18
남극인의밥상	253	9298	18
李霸霸	254	9295	18
Araia	255	9278	18
Ngani	256	9275	18
kentron	257	9272	18
AkamegaKill	258	9268	18
Blinkfox	259	9265	18
huimiezhiyu	260	9265	18
설익	261	9249	18
Bayless	262	9239	18
멀록의왕한재하	263	9235	18
青い鳥	264	9224	18
kkking	265	9218	18
레인스	266	9211	18
NOAH	267	9204	18
WUXIN	268	9204	18
灰灰	269	9203	18
wsghy	270	9196	18
norarue	271	9194	18
영불영불	272	9194	18
RSTK	273	9189	18
바이렛	274	9188	18
さっくん	275	9181	18
ゴロゴロ	276	9170	18
CenarionAWX	277	9167	18
SunshineHooK	278	9162	18
reimu	279	9161	18
Carmelita	280	9160	18
적혈귀	281	9156	18
雀鳥	282	9153	18
士兵87	283	9148	18
lion	284	9144	18
Eliot	285	9139	18
rusk	286	9130	18
ken1423	287	9122	18
분식집탈옥수	288	9103	18
야슈톨라	289	9097	18
神經獅王蒸靶	290	9096	18
FizzyMeju	291	9092	18
굳덕수저격수	292	9090	18
얼짱	293	9084	18
HAR	294	9084	18
Gurigurigrip	295	9082	18
うさこ	296	9079	18
Heiaheia	297	9078	18
未來	298	9076	18
くうげ	299	9074	18
Yuuusaku	300	9069	18
굳덕수	301	9065	18
돝박	302	9064	18
RustRaven	303	9060	18
Oron	304	9059	18
ナンカレー	305	9056	18
Gorgonzola13	306	9052	18
OverPoweR	307	9046	18
신성한노동	308	9044	18
のいん	309	9041	18
鶴唳王	310	9040	18
jajoon	311	9035	18
shaokero	312	9030	18
东北泥巴	313	9018	18
Zoe	314	9017	18
Deadshark	315	9017	18
yukikko	316	9012	18
PoTaTo	317	9009	18
波兔村	318	9007	18
熱烈なタカ	319	9006	18
贅沢微糖	320	9006	18
セスッタ	321	9004	18
Vixerunt	322	8993	18
mochi	323	8988	18
好傑寶護駕	324	8966	18
AhHin	325	8960	18
ROFFNAR	326	8942	18
NeverDie	327	8938	18
しんとむ	328	8928	18
뚱인대요	329	8922	18
萊茵哈特利	330	8922	18
Yerbal	331	8902	18
野性狼	332	8901	18
애호박	333	8901	18
해를품은조강현	334	8901	18
我要妳記住我	335	8896	18
はつ	336	8895	18
Tspin	337	8890	18
yuchen	338	8882	18
Nero	339	8876	18
Carl	340	8861	18
McDonalds	341	8854	18
小夜	342	8836	18
sheng	343	8836	18
CanonessSA	344	8834	18
燃える蓑笠	345	8830	18
嚶嚶怪	346	8815	18
앙기모띠	347	8815	18
宿命	348	8809	18
へいにー	349	8808	18
TryNa2	350	8808	18
Symmerstrike	351	8808	18
진또102	352	8798	18
Hoge	353	8795	18
kokoko	354	8794	18
고오	355	8792	18
永恆	356	8791	18
Mshr	357	8782	18
tesuri	358	8782	18
Fable	359	8779	18
FunkyAki	360	8773	18
極光閃電	361	8772	18
おぉおおん！？	362	8768	18
takoyaki	363	8768	18
IKUN	364	8767	18
Hani	365	8765	18
退屈したオーク	366	8760	18
ldk1609	367	8759	18
소리없는검	368	8758	18
ライナリュート	369	8758	18
Milreh	370	8749	18
ゆずソフト	371	8747	18
貝卡斯克羅佛多	372	8740	18
GoFightGirls	373	8726	18
FrigusLee	374	8726	18
Maple	375	8720	18
鐵支支	376	8720	18
kamikoto	377	8717	18
kousenju2	378	8714	18
CYS	379	8713	18
euyurnil	380	8711	18
neeshie	381	8704	18
geonho	382	8699	18
장재립	383	8684	18
Abathur	384	8681	18
グリード	385	8673	18
Suxl	386	8667	18
Solong	387	8663	18
雪青幽靈	388	8655	18
しろくま	389	8649	18
Torso	390	8648	18
fapfapwhite	391	8644	18
Psi	392	8644	18
好運貓頭鷹	393	8633	18
gummi100pct	394	8609	18
Ingaritsu	395	8598	18
來個會玩的輔助	396	8598	18
窩要煙牌牌沒溫題	397	8583	18
Swallow	398	8572	18
酒馆老板的漏斗蛋	399	8566	18
정의로운오팔매	400	8566	18
몽토르	401	8565	18
ミスター昆布	402	8561	18
sikuro	403	8559	18
Yasumi	404	8558	18
暴躁跳跳糖	405	8548	18
悪いスライム	406	8548	18
SONG	407	8547	18
CreepDs	408	8537	18
gemseg	409	8537	18
조교플레이	410	8537	18
위도우메이커	411	8533	18
Sunny	412	8531	18
二月鳥	413	8528	18
weewoo	414	8527	18
Akatsuki	415	8524	18
Genshin	416	8517	18
フォン	417	8511	18
나는행복하다	418	8506	18
伸莖百戰	419	8501	18
小小的大餅乾	420	8491	18
Dieman	421	8486	18
冗長なヒナ	422	8485	18
RRRRRRRRRRRR	423	8484	18
金門王	424	8483	18
KooSak	425	8480	18
TreapWorld	426	8477	18
マサール	427	8476	18
jo3jo3	428	8475	18
Bmoooooooo	429	8475	18
치킨맛있어	430	8472	18
M4tth3w	431	8470	18
j3lvlYounger	432	8469	18
Bunnyfunder	433	8467	18
ggininderla	434	8464	18
영혼연성	435	8464	18
takechi	436	8446	18
kunkun	437	8445	18
hoho9999	438	8444	18
jongwoon	439	8439	18
S1mple	440	8438	18
푸찌잉	441	8437	18
bestMccree	442	8436	18
Rese	443	8433	18
こじこじ	444	8432	18
沒椅子坐的鐘老闆	445	8432	18
にこる	446	8430	18
nineteen	447	8428	18
Willice	448	8424	18
LuckyXstar	449	8421	18
溫和的紅色巨魔	450	8408	18
LUFFY	451	8408	18
DiVA	452	8403	18
Ghostgodkill	453	8402	18
nishiking	454	8399	18
金門之王阿賓	455	8392	18
愛睏熊	456	8388	18
터우언	457	8378	18
NenGoS	458	8374	18
깔끔한황색곰	459	8374	18
Despair	460	8373	18
ねないこだれだ	461	8363	18
Futari	462	8359	18
Monkey	463	8359	18
xiaoshi0725	464	8359	18
暴走小星星	465	8358	18
えすけー	466	8356	18
제갈공명	467	8355	18
楊小傑	468	8353	18
Life	469	8352	18
jhmmk	470	8351	18
Undertake	471	8347	18
Sheloy	472	8347	18
Yiu	473	8345	18
oguronn2	474	8344	18
꿈의우주	475	8344	18
Rpoppo	476	8342	18
고고한담황마법사	477	8340	18
Alpaca	478	8332	18
GranolaOC	479	8328	18
真夏侯惇	480	8326	18
lun	481	8325	18
鄭元	482	8323	18
千寒	483	8322	18
just	484	8316	18
rinka	485	8316	18
ElvisXD	486	8315	18
Kaitetora	487	8313	18
moku	488	8309	18
창백한담황오크	489	8305	18
大沢瑠璃乃	490	8297	18
從此再無加一秒	491	8296	18
nobuDX	492	8289	18
C03Nttv	493	8283	18
Ahan	494	8281	18
mumudadamu	495	8278	18
건전한배틀태그	496	8278	18
ワルツ	497	8276	18
gaummrza	498	8272	18
Because	499	8269	18
fladdict	500	8265	18
Wolfgang	501	8264	18
Krieg	502	8264	18
dohong	503	8264	18
羊駝	504	8260	18
Cherrydear	505	8254	18
전설의상한가	506	8254	18
ANOMY	507	8254	18
飛翔普羅	508	8253	18
GUGEI	509	8252	18
Omunier	510	8250	18
zamiyuka	511	8249	18
QQ12	512	8245	18
밥아저씨	513	8243	18
까뮤	514	8243	18
モーダミア	515	8240	18
Steven	516	8237	18
MaxStoKe	517	8235	18
幻夜星情一月魅	518	8235	18
BruceChen	519	8234	18
Neuer	520	8228	18
Sunny	521	8226	18
mdzz	522	8223	18
CunPunk	523	8214	18
rrrrrrrrrrrr	524	8213	18
AusF91	525	8213	18
けんま	526	8213	18
絕世馬馬	527	8208	18
どっつ	528	8204	18
おらてがま	529	8202	18
BigBoss	530	8201	18
沉默寶劍	531	8197	18
星空	532	8196	18
ii945	533	8192	18
phoenix	534	8192	18
KAMIKI	535	8190	18
kadoo	536	8188	18
Spat1um	537	8187	18
テラ	538	8185	18
Jin	539	8184	18
CEPTIVITY	540	8177	18
Luck	541	8177	18
IWATA	542	8175	18
draglevi	543	8175	18
小鳥游六花	544	8172	18
Drimy	545	8170	18
jyun19	546	8160	18
임실치즈축제	547	8156	18
Disa	548	8153	18
呼你熊脸	549	8152	18
칠흑의다크	550	8138	18
COOLKids	551	8135	18
Eyeshock	552	8133	18
Sufly	553	8133	18
嗦我的牛牛	554	8130	18
KKIDAS	555	8130	18
巨槌瑞斯	556	8129	18
ael512	557	8128	18
가람초일짱붉은매	558	8128	18
쥰토냥	559	8122	18
みづき	560	8120	18
Saijaku	561	8118	18
지붕	562	8117	18
ggigobaito	563	8117	18
Yohougung	564	8115	18
乐正绫	565	8112	18
飛飛60229	566	8112	18
chilibam	567	8111	18
高潮迭起	568	8109	18
白ヨーダ	569	8108	18
HongSeC	570	8106	18
CiviC	571	8105	18
LurkerAstral	572	8105	18
aaa	573	8104	18
hoshino	574	8103	18
うるる	575	8101	18
GIVEMERENT	576	8098	18
呦哈呦哈	577	8094	18
GODBJ	578	8094	18
愛永遠不可能	579	8092	18
Kobe	580	8090	18
瞇瞇瞇瞇瞇	581	8088	18
苡喵	582	8088	18
送分大隊的日常	583	8082	18
名のない夜	584	8082	18
Jason	585	8080	18
如墨	586	8080	18
Takomaru2525	587	8078	18
zakipart	588	8077	18
서깅	589	8073	18
韓國盜號狗死全家	590	8072	18
小兔鸡	591	8069	18
砂爆	592	8069	18
GuraN	593	8068	18
Lothric	594	8068	18
小志峰	595	8065	18
AreYouGG	596	8064	18
彼岸尋花	597	8063	18
인간제로	598	8060	18
ctrlmusic	599	8059	18
姵姵	600	8057	18
櫻滿集	601	8057	18
Ghost	602	8056	18
GME	603	8054	18
ProSS	604	8053	18
n3xup637	605	8053	18
atishre1222	606	8052	18
리모오	607	8051	18
SEADICE	608	8051	18
Sooin2	609	8050	18
Brig	610	8050	18
Kenoran	611	8049	18
오늘은쉽니다	612	8047	18
seraph	613	8047	18
lavish	614	8043	18
한번사는인생	615	8041	18
McBoone	616	8040	18
카라스	617	8040	18
クロダイ	618	8038	18
ATfield212	619	8037	18
foreverfix	620	8037	18
我的靴子裡有蛇	621	8037	18
Cecilia	622	8036	18
pyr0b1ast	623	8036	18
펜타킬	624	8034	18
sexymoo	625	8034	18
MOJOSPY	626	8033	18
EASunland	627	8033	18
StPeter	628	8033	18
겐트위한기모띠	629	8033	18
hanehane	630	8032	18
단기렙업	631	8032	18
MangoShark	632	8031	18
Turai	633	8031	18
阿雷	634	8027	18
하얀나무	635	8027	18
ブスケット	636	8026	18
まつぼー	637	8026	18
카카오	638	8026	18
suton	639	8024	18
팬텀	640	8023	18
江东瑟	641	8022	18
겜돌이	642	8022	18
모오호	643	8021	18
昏暗的灰色鯊魚	644	8020	18
凌風之翼	645	8020	18
겐지렁이	646	8019	18
強力貓頭鷹	647	8018	18
XIZEER	648	8018	18
Bostanding	649	8017	18
狂風	650	8017	18
GundamFlame	651	8016	18
DAN	652	8016	18
最帥的蟋蟀	653	8016	18
Mingo	654	8014	18
Jakk	655	8014	18
歐晶晶	656	8014	18
EXODUS	657	8014	18
魔法烏龜	658	8014	18
Clreha	659	8013	18
なきむし	660	8013	18
weii	661	8013	18
꼬마귀	662	8012	18
rickyQQ	663	8012	18
icewindful	664	8011	18
JinlistaR	665	8011	18
ずーけん	666	8010	18
wesil	667	8010	18
Guignard	668	8010	18
몬헌이나해	669	8010	18
Anlieta	670	8010	18
ろば	671	8010	18
CrazyCat	672	8009	18
RuBy	673	8009	18
Kero	674	8007	18
Itim	675	8007	18
chrisyu	676	8005	18
Norie	677	8004	18
沒有以後	678	8004	18
Bmanthemadog	679	8004	18
もけもけ	680	8003	18
櫻京塚大	681	8002	18
zoo	682	8000	18
SageRaven	683	8000	18
