SaphirexX	1	19420	12
SaS	2	19386	12
willxking	3	19113	12
UpsetKing	4	18920	12
EducatedC	5	18827	12
kkmzd	6	18707	12
OMG	7	18509	12
Jared096	8	17163	12
Jared095	9	17131	12
斯文禽兽	10	16628	12
Arceus	11	16462	12
FISH	12	16414	12
Mia	13	16396	12
Echomancer	14	15836	12
Ameng	15	15724	12
小夜叉少颗牙	16	15682	12
gentleshark	17	15574	12
缺德时代	18	15556	12
MissBowers	19	15430	12
Soteca	20	15396	12
EL7TE	21	15377	12
Night	22	15218	12
優秀的榜一	23	15163	12
ToumaKazusa	24	15112	12
SwankyTiger	25	15098	12
BenRen	26	15024	12
kevinschmidt	27	14851	12
koyomi	28	14784	12
PeaceCow	29	14743	12
zlsjs	30	14624	12
Rogul	31	14600	12
Taupe	32	14446	12
BDY	33	14441	12
Whobetter	34	14294	12
orange	35	14100	12
lordjarbinks	36	13983	12
JoffreyKing	37	13960	12
Rayna	38	13866	12
xiaoming	39	13842	12
Itim	40	13719	12
Ying	41	13571	12
jeef	42	13487	12
Neo	43	13463	12
andy	44	13368	12
Exodius003	45	13314	12
Revolltzz	46	13312	12
LeandroLeal	47	13243	12
DriedOrange	48	13242	12
Pistonsport	49	13177	12
PaleGuyHi	50	13168	12
Sleet	51	13117	12
Komari	52	13019	12
NoahSchwartz	53	13004	12
xiaoming	54	12986	12
Yuzubest	55	12966	12
deadhard	56	12911	12
Deathless	57	12851	12
OnyxSeal	58	12840	12
nightwalkdad	59	12817	12
chancewaters	60	12808	12
PromiseLily	61	12807	12
ludoufu	62	12793	12
LordofMath	63	12783	12
ayy	64	12779	12
Sirslim	65	12770	12
凉夏丿灬	66	12762	12
Darkness	67	12743	12
Trudes	68	12714	12
Konodioda	69	12676	12
生菜牧师	70	12655	12
sandrin	71	12652	12
Epicman	72	12588	12
逸尘大宝贝儿	73	12472	12
OnionKnight	74	12434	12
宜繁	75	12392	12
wtybill	76	12330	12
moyi	77	12198	12
GrayLion	78	12171	12
Bryan	79	12137	12
あーすなな	80	12134	12
much2pro4you	81	12126	12
SISII	82	12110	12
Topher	83	12047	12
fishGOD	84	12045	12
JeppeLund	85	12042	12
NavyElk	86	12023	12
Maisie	87	12003	12
Dolan	88	11960	12
华科丶别来诶院	89	11952	12
whosyourdad	90	11925	12
natlog	91	11925	12
BigMacBunko	92	11920	12
MisplayMaker	93	11907	12
edvango	94	11892	12
Uathach	95	11874	12
Griddion	96	11866	12
Ma0x	97	11852	12
GobboJuggler	98	11844	12
Timeless	99	11813	12
LettuceKing	100	11811	12
farb	101	11787	12
MAJEMALLEN	102	11669	12
SrKah	103	11628	12
Alaala	104	11625	12
扭曲烏賊	105	11611	12
SamiteHealer	106	11595	12
Tyler	107	11584	12
vMx	108	11581	12
funcson	109	11573	12
longdan	110	11572	12
djwcb	111	11546	12
Chedica	112	11524	12
Algebra	113	11524	12
TEST1	114	11513	12
FlyinPenguin	115	11498	12
Evolution	116	11493	12
Hawking	117	11488	12
raorbit	118	11456	12
PEGGY	119	11455	12
MisakaMikoto	120	11451	12
SALAMANDAH	121	11443	12
StudioBR	122	11441	12
Lelouch	123	11417	12
米柚点甜	124	11416	12
wzy	125	11406	12
Mythra	126	11403	12
	127	11383	12
cree	128	11340	12
Jato	129	11323	12
Đestroyer	130	11322	12
สมชาย	131	11321	12
Bobo	132	11316	12
Shen	133	11305	12
crizzzt	134	11287	12
Rickymista	135	11258	12
Spicetacular	136	11258	12
matt	137	11255	12
BeetleKing	138	11242	12
Hamsterboat	139	11227	12
Icewind	140	11227	12
FattyMcBane	141	11219	12
HSJS	142	11218	12
JiaYingLG	143	11214	12
GenshinxiaoL	144	11202	12
godtao	145	11197	12
Mythic	146	11195	12
Awful	147	11188	12
Dsyexlia	148	11178	12
Simon	149	11165	12
Nin123	150	11164	12
skirmglad	151	11160	12
ntkxnl	152	11150	12
pacman	153	11136	12
ronbron	154	11118	12
Syhlex	155	11098	12
laveyCai	156	11095	12
NetaGator	157	11091	12
kaitkat	158	11082	12
Hiebie	159	11082	12
Youreducked	160	11079	12
JackShaw	161	11078	12
KingOfKimchi	162	11073	12
lildryboy	163	11065	12
rawnbrawn	164	11064	12
jongster3908	165	11059	12
dutpotd	166	11057	12
Evilmypriest	167	11048	12
Veggielord	168	11046	12
lqpbxaass	169	11044	12
XIAOYU	170	11040	12
bsn	171	11031	12
Rijokev	172	11030	12
htwx	173	11021	12
Aznislander	174	11021	12
Generations	175	11011	12
Wells	176	11003	12
Fish	177	10994	12
Blirby	178	10991	12
Cosmic	179	10990	12
Kinkade	180	10985	12
CoachCory	181	10981	12
AngryTurtle	182	10979	12
immortalsam	183	10968	12
无礼遇排到请反思	184	10959	12
RobotMurloc	185	10926	12
happyspazz	186	10925	12
QuirkyOrc	187	10913	12
EasyGod	188	10904	12
HurryMyCurry	189	10899	12
ろりしょたあ	190	10889	12
生鏽的檸檬色貓咪	191	10877	12
Tyrone	192	10868	12
destiny	193	10848	12
EvlCatsrmd99	194	10835	12
Nightwalk	195	10831	12
Marble	196	10824	12
zglnb	197	10817	12
tsreyrtsy	198	10789	12
SuperMage	199	10788	12
SourBoutThat	200	10787	12
OpalWisp	201	10784	12
Nicesuke	202	10783	12
HazeyDreamz	203	10772	12
JacobSopher	204	10763	12
EBFRLH11	205	10743	12
木头人	206	10731	12
Neko	207	10700	12
zogerreng	208	10694	12
ProcessTrust	209	10689	12
ShuangYu2020	210	10687	12
PHDman	211	10666	12
Akeno	212	10666	12
XQN	213	10664	12
ErinWilson	214	10659	12
Gilig	215	10656	12
Grtwalofchna	216	10639	12
Kosukeb	217	10632	12
JamesX	218	10621	12
abdessamad1	219	10618	12
我的黑天	220	10608	12
Flechazo	221	10598	12
LVGE	222	10596	12
sydanten	223	10596	12
DannyOkay	224	10589	12
KunkunCo	225	10574	12
PTJon	226	10561	12
snowydave	227	10543	12
Magequit	228	10534	12
MoltenCore	229	10523	12
mUdQuAza	230	10519	12
OWL	231	10510	12
ZyRe	232	10507	12
SADǃ	233	10498	12
Pete	234	10489	12
TastyTyrone	235	10487	12
Lataking	236	10486	12
PICKLESyoo	237	10468	12
QueSeraSera	238	10465	12
Apexil	239	10462	12
Ryō	240	10451	12
Bruhffalo	241	10448	12
XUENAIYYDS	242	10443	12
後来0	243	10433	12
SpamJavellin	244	10433	12
uorjji	245	10426	12
Walila3	246	10423	12
Blofish	247	10406	12
AnNVZZH	248	10405	12
ZEROTWO	249	10399	12
Ganymedes	250	10393	12
Hun4onepiece	251	10378	12
aitus	252	10378	12
FrozenTomato	253	10365	12
Terraria	254	10351	12
RedAstro	255	10335	12
fireball901	256	10334	12
Wattleninja	257	10334	12
malgebi	258	10323	12
CyanOrc	259	10322	12
PURPLE	260	10321	12
oldguard	261	10316	12
Thatfrogkurt	262	10313	12
Braver	263	10312	12
AgiDex	264	10312	12
Mrgllglrrmgl	265	10309	12
DentalPlan	266	10306	12
paper330	267	10303	12
GimmeFree	268	10298	12
zardSB	269	10296	12
shinEE	270	10287	12
aHuman	271	10285	12
IGzang	272	10285	12
Smartfrog	273	10272	12
lili	274	10259	12
火翼维克多	275	10257	12
sdfgsdfg	276	10251	12
Infernooo	277	10251	12
iceshoesss	278	10245	12
Tondo	279	10245	12
Targs	280	10242	12
Llanowan	281	10227	12
Fungo	282	10222	12
WildWolf	283	10221	12
STONEER	284	10220	12
Superbig	285	10215	12
Kaoes	286	10213	12
Pingu	287	10206	12
Kwynter	288	10203	12
ViKNG	289	10200	12
Happystarcat	290	10197	12
PaidActor	291	10188	12
Wololo	292	10184	12
Leem	293	10184	12
TamaSong	294	10166	12
chinatrump	295	10154	12
lymyl	296	10151	12
Dentalcannon	297	10146	12
Reraise	298	10143	12
ZeroBeat	299	10133	12
你大爷	300	10131	12
JoeTFK	301	10129	12
Orson	302	10126	12
BeepImaJeep	303	10126	12
chenfen	304	10125	12
QHolland	305	10124	12
eraz	306	10124	12
Guy	307	10124	12
蹦蹦炸蛋	308	10119	12
Terriscrub	309	10117	12
Harge	310	10117	12
Papillon	311	10115	12
Sel	312	10115	12
NickConti	313	10111	12
RuYaSuiHe	314	10111	12
jellyfish	315	10110	12
Ablazeolive	316	10107	12
Liewin	317	10106	12
Dynasaur	318	10100	12
QAQ	319	10097	12
Pharaoh	320	10094	12
Rinwww	321	10093	12
Bellers	322	10092	12
a1659041294	323	10084	12
LeGeneralTao	324	10083	12
OldWhig	325	10078	12
alanJoJo	326	10078	12
TheBest	327	10077	12
Lazo	328	10076	12
Lie	329	10074	12
Darkovya	330	10074	12
snownight	331	10064	12
bendandcough	332	10063	12
Encrypted	333	10063	12
HDayes	334	10062	12
gigafied	335	10061	12
miximixi	336	10057	12
QuartzBear	337	10056	12
BattleLucio	338	10054	12
Adney	339	10053	12
insurtz	340	10047	12
AtheistCleri	341	10044	12
NarakuSoul	342	10039	12
bbaanngg	343	10035	12
Cheeeeese	344	10034	12
wwww	345	10032	12
shadow	346	10032	12
Wizrod	347	10031	12
Knives	348	10029	12
Narcissus	349	10027	12
Gezelligheid	350	10025	12
ffong	351	10025	12
GramsKX	352	10024	12
lubat	353	10023	12
bunuslaer	354	10022	12
Brrybot	355	10021	12
djwcbbbb	356	10021	12
kenboneurmom	357	10018	12
KisiL	358	10018	12
surprise	359	10018	12
dave14810	360	10017	12
YummYumms	361	10016	12
BlaStoiSe	362	10014	12
Zhenggggg	363	10013	12
lcgg66CN	364	10008	12
Mugiwara	365	10008	12
Rookie13	366	10007	12
jkPZJuh	367	10005	12
Antman	368	10003	12
MediumPurple	369	10001	12
Gtmhs	370	9998	12
Foxeatsdonut	371	9983	12
yilidandan	372	9969	12
Poehog	373	9966	12
Levi	374	9959	12
Song	375	9954	12
白皮猪是又菜又笨	376	9949	12
KillaQueen	377	9949	12
SHJSHSH	378	9941	12
RiffRaff14	379	9928	12
JumpyWizard	380	9919	12
KyloRen	381	9917	12
DumplingDan	382	9913	12
Fynance	383	9913	12
Envy	384	9911	12
无家可归的旅人	385	9907	12
Villain	386	9906	12
Duvet	387	9901	12
Phizy	388	9895	12
ERROR0601	389	9894	12
Aslie	390	9893	12
satty	391	9889	12
invincibru	392	9885	12
Creatur33	393	9881	12
mar1zzle	394	9873	12
GotEmm	395	9872	12
nonoboy	396	9863	12
Dillz	397	9861	12
黑暗的梅色巫妖	398	9856	12
ComsRos	399	9851	12
Саня	400	9845	12
zark	401	9833	12
Longcon69	402	9830	12
miaoshifu	403	9826	12
xiaoyu	404	9824	12
雪雨青	405	9821	12
HideInBush	406	9817	12
Lesmana	407	9815	12
Nalvskv	408	9809	12
Pedro	409	9789	12
Taw	410	9789	12
TWOindaP1NK	411	9783	12
Y810975U	412	9781	12
Air26oC	413	9773	12
LucasMorais	414	9772	12
Sovq	415	9769	12
Mia	416	9769	12
Draze22	417	9762	12
Tony	418	9760	12
xiaofeixia	419	9757	12
冰露	420	9756	12
Bjorn024	421	9754	12
PataPataPon	422	9753	12
BobaFoxBox	423	9747	12
lyd	424	9744	12
HERO	425	9740	12
サイレント	426	9731	12
Thealamo	427	9729	12
lioxvve	428	9727	12
Candyyman	429	9724	12
brodo	430	9723	12
Yolo	431	9722	12
LiAlH4	432	9720	12
johnxxxx	433	9715	12
Bernard	434	9709	12
blackmamba	435	9703	12
JAYsusu	436	9701	12
ShAdOwPe1n	437	9701	12
Sanrr	438	9700	12
TonysProject	439	9698	12
TheWholeHalf	440	9696	12
QuantumDance	441	9687	12
Moorden	442	9685	12
MrPresident	443	9685	12
mistahfinkle	444	9684	12
Syrusion	445	9674	12
eternity	446	9671	12
jeorge	447	9671	12
B4byPunch3r	448	9671	12
Marfghar	449	9668	12
Drawman	450	9667	12
Devium	451	9667	12
jangius17	452	9662	12
Raspenesque	453	9659	12
Bunke	454	9650	12
fishhope	455	9649	12
Elon	456	9649	12
Dance	457	9647	12
Transcend	458	9645	12
Demian	459	9637	12
Sonik	460	9628	12
Snygg	461	9628	12
Stryder	462	9627	12
Jisoo	463	9625	12
Yousoro	464	9625	12
jingCen	465	9623	12
oligg	466	9620	12
SBBB	467	9620	12
jack	468	9619	12
Smeak	469	9616	12
Arisen	470	9615	12
UoU	471	9614	12
royerdr1	472	9610	12
Storme	473	9609	12
ISNTRAEL	474	9607	12
M3joker	475	9606	12
鍵山	476	9606	12
Lonelywolf	477	9604	12
Pyper	478	9604	12
Psyko	479	9602	12
Tommyvy	480	9598	12
banxia	481	9596	12
yek	482	9594	12
MarcosMVB	483	9592	12
godog	484	9586	12
srsNono	485	9586	12
ULHairyBlob	486	9585	12
MurtosinhA	487	9578	12
JMT123456789	488	9576	12
Baconlord117	489	9573	12
notxxg	490	9572	12
RinceWindTTV	491	9570	12
mikelol	492	9567	12
longweed	493	9564	12
waterP	494	9559	12
Rahn	495	9558	12
Woah	496	9558	12
Genshinfy	497	9555	12
WuEBuZuo	498	9553	12
Driggie	499	9550	12
nirino	500	9546	12
Zard	501	9543	12
Derek	502	9541	12
LSDream	503	9540	12
bob	504	9538	12
GoldPhoenix	505	9536	12
neverenough	506	9528	12
Battlelance	507	9527	12
RevenArchaic	508	9520	12
sola	509	9516	12
MoldyOrphans	510	9516	12
EpicBlur	511	9506	12
小巨魔	512	9505	12
caiji	513	9500	12
McLaren	514	9500	12
dream	515	9499	12
Squirtle	516	9499	12
Infinito	517	9491	12
seishounagon	518	9490	12
jpdavil4	519	9489	12
cgsongbird	520	9488	12
SkySpectrum	521	9483	12
BoatZ	522	9482	12
whiskeyfox	523	9477	12
QQQ	524	9475	12
Doinkboink	525	9472	12
StarkeyWasd	526	9471	12
GEM	527	9471	12
UTmtnMan	528	9468	12
BINGQING17	529	9461	12
xxyao	530	9461	12
mlsnb	531	9460	12
Alibrain	532	9459	12
Will	533	9458	12
LoveWe	534	9457	12
Lunatik5080	535	9455	12
史詩的橄欖色幽靈	536	9454	12
kkdnad	537	9454	12
Silverhand	538	9454	12
mousa	539	9452	12
Shadow	540	9451	12
HaapaE	541	9440	12
Gluttony	542	9436	12
Quinn32	543	9432	12
iqivbooaj	544	9430	12
LLAYOR	545	9429	12
Gouthlord	546	9427	12
HockeyJesus	547	9427	12
Orc	548	9425	12
GGBGGB	549	9423	12
huang9	550	9422	12
Ruriko	551	9419	12
SPNKrX117	552	9411	12
HapaBear	553	9408	12
HCombs	554	9406	12
cougars002	555	9404	12
zxcsed	556	9402	12
CyanBison	557	9397	12
Romantic	558	9390	12
Ŧhrow	559	9389	12
Rekt	560	9389	12
WhosMcCree	561	9388	12
sctay17	562	9384	12
SusanBoyle	563	9384	12
burning	564	9383	12
Среброкрыл	565	9381	12
ROYALE	566	9380	12
Vraxtus	567	9376	12
青雀	568	9375	12
Losongz	569	9371	12
Teşi	570	9368	12
MercyKisser	571	9366	12
fatgiraffe	572	9365	12
Cheekypete	573	9362	12
wcgod	574	9359	12
AK9479	575	9359	12
hhhhgg	576	9358	12
porkybuttguy	577	9358	12
clong2	578	9357	12
Fainal	579	9349	12
Windrunner	580	9349	12
Chickenugget	581	9339	12
Qbear99	582	9338	12
MysticalCowz	583	9337	12
cchatts	584	9337	12
mousehunter	585	9329	12
abao	586	9326	12
Js1499	587	9319	12
gjjdedie	588	9319	12
Arekkusu	589	9310	12
Erasecar	590	9308	12
Arkade	591	9307	12
NightRaven	592	9303	12
thefang	593	9303	12
KilltheFC	594	9303	12
wKCAhJdL	595	9302	12
MrAnimal	596	9302	12
Pikkuhousut	597	9301	12
GrabSlowpoke	598	9301	12
cruising	599	9300	12
Goonietai	600	9299	12
pat5765	601	9297	12
Xizta	602	9292	12
nainiu	603	9290	12
Blackburn	604	9290	12
uwzgqu	605	9289	12
Batman	606	9285	12
abucio	607	9285	12
Chelol	608	9285	12
kadasplayer	609	9282	12
CuteSlowpoke	610	9277	12
lilo	611	9277	12
ChristosG3	612	9277	12
watty00	613	9277	12
Elysia	614	9273	12
kaitou	615	9271	12
djpandaa	616	9270	12
BIGPI	617	9265	12
Hearthstoner	618	9262	12
Swedepino	619	9262	12
Momon	620	9259	12
BFMoses	621	9259	12
OODonger	622	9258	12
micreds	623	9253	12
Joe	624	9253	12
Gorz	625	9250	12
ONEindaST1NK	626	9248	12
goShelranGO	627	9247	12
Pocky	628	9245	12
mickvinHS	629	9242	12
Iceberg	630	9241	12
Delphos	631	9241	12
竖琴者	632	9236	12
LIANG	633	9236	12
Archduck	634	9232	12
Formic	635	9230	12
Deadpool805	636	9230	12
NeedB4Greed	637	9221	12
Passionate	638	9219	12
Rebelized	639	9217	12
福建小王动	640	9213	12
Kidoist	641	9213	12
positions	642	9210	12
Dakun	643	9208	12
Mandarin	644	9206	12
erkangjiang	645	9202	12
Thow	646	9202	12
Charle	647	9199	12
OpalMage	648	9195	12
Xinyu	649	9191	12
CidKageno	650	9190	12
GUT	651	9189	12
hollowknight	652	9188	12
kenwu	653	9186	12
reick	654	9182	12
Goldy	655	9172	12
Porphyro	656	9168	12
Lucky	657	9167	12
AutoCAD	658	9163	12
Moocowalex	659	9156	12
SurfInStorms	660	9153	12
yitew	661	9151	12
Schnozzer69	662	9150	12
Avenger	663	9148	12
GlizzardOfOz	664	9147	12
TheFishIsBig	665	9147	12
miswang	666	9145	12
Vigorous	667	9145	12
Atomicus	668	9145	12
PeteSquents	669	9143	12
Tinytaro	670	9141	12
Fortify77	671	9140	12
Whopp	672	9138	12
shlee	673	9135	12
qwq	674	9134	12
MrBombadil	675	9134	12
Pick1	676	9134	12
KBril	677	9131	12
大陆北方网友	678	9130	12
wwkkmmxxll	679	9130	12
LaKu	680	9129	12
光月	681	9124	12
PurginKeizer	682	9123	12
GodInk	683	9121	12
BeefMan	684	9121	12
TaTeeUnit	685	9120	12
Bellrun	686	9118	12
Sunset	687	9112	12
Dreamjokerz	688	9112	12
XGod	689	9110	12
TheDougler	690	9109	12
Maxtea	691	9109	12
Brgod	692	9108	12
Sukh	693	9107	12
Lorenzo	694	9106	12
Magyk	695	9105	12
ZoroMyDemon	696	9102	12
liming	697	9100	12
Gazu	698	9099	12
RightHandMan	699	9098	12
SweepSheep	700	9095	12
Jedion	701	9090	12
ikun	702	9087	12
BigBreadEd	703	9083	12
adair	704	9080	12
leafoutflowe	705	9078	12
Kelsier	706	9077	12
fFkumaker	707	9071	12
KWSchnizel	708	9071	12
ZeeJustin	709	9066	12
cayyden	710	9066	12
Measel	711	9062	12
Williwompa	712	9061	12
qing	713	9059	12
VOIDNESS	714	9059	12
Aevon	715	9059	12
HeaT	716	9052	12
Cx330	717	9052	12
Nashbeez	718	9049	12
Kingu	719	9049	12
Danger	720	9048	12
enderbuster	721	9047	12
Crqb	722	9045	12
BrewMcCrew	723	9043	12
shakezula	724	9040	12
Keit10	725	9033	12
HomeBrewed	726	9032	12
thelast	727	9031	12
RBwTMIn	728	9031	12
Archer	729	9029	12
goodjaz	730	9028	12
Ronincaptain	731	9027	12
Geoatlas	732	9026	12
wishjoker	733	9025	12
Beefy	734	9024	12
PupsGoRooRoo	735	9023	12
Hamerkop	736	9020	12
ruite	737	9020	12
Pillow	738	9020	12
Ryu13	739	9017	12
KyleStyles	740	9016	12
Jokerf60	741	9014	12
Edca	742	9013	12
JSafety	743	9011	12
Bweenus	744	9011	12
Minstel	745	9010	12
XIAOCHONG	746	9010	12
SufeQs	747	9008	12
rczhang	748	9004	12
DangMcDevil	749	9004	12
Dricen	750	9001	12
Cyaegha	751	9001	12
SympathySun	752	8996	12
Maidenless	753	8995	12
Boss	754	8993	12
JHy	755	8992	12
Ealmighty	756	8990	12
CVBisHERE	757	8985	12
Ebanezpoopoo	758	8984	12
DoctorYilong	759	8982	12
Thonson	760	8978	12
cocozx	761	8978	12
thefool	762	8977	12
Hobotus	763	8977	12
Jahk	764	8975	12
Aidan	765	8972	12
Wølfgang	766	8971	12
chriskyo530	767	8966	12
ApexPredator	768	8966	12
Dinoplus	769	8960	12
TheSuspect	770	8958	12
lordboogar	771	8953	12
Baelrah	772	8941	12
QWERT	773	8939	12
Forms	774	8939	12
VENEX	775	8936	12
xomor	776	8935	12
JokerFace	777	8933	12
Shotofpercs	778	8931	12
Cheeselad	779	8931	12
ViviX	780	8926	12
SecondYe	781	8925	12
IntenseToast	782	8925	12
snow	783	8923	12
Sherms3	784	8921	12
ProjectYam	785	8920	12
smashcroc	786	8920	12
有咩	787	8914	12
JadeHound	788	8910	12
DocTheBeard	789	8909	12
Gunslinger34	790	8909	12
Stompster	791	8905	12
Eyan	792	8904	12
Barnabhas	793	8903	12
ColdSeven	794	8901	12
anpo	795	8900	12
Noblepeasant	796	8899	12
Karkario	797	8898	12
djwcb	798	8896	12
j0bs	799	8895	12
EZ3	800	8891	12
Arc	801	8888	12
Elessar51	802	8888	12
shijunyaibai	803	8888	12
Parker	804	8887	12
CaptFalcon	805	8886	12
Zoo	806	8884	12
HLLG	807	8883	12
Chovasboy	808	8882	12
Fudgedup	809	8882	12
Lambor	810	8879	12
Wewmen	811	8879	12
Shadowsnek47	812	8879	12
Zdy	813	8874	12
DEATHDOS	814	8870	12
vapus	815	8863	12
Stevezone360	816	8861	12
mrdrchef	817	8861	12
FunXalloy	818	8859	12
NightTalk	819	8858	12
Paradox	820	8856	12
Jandarii	821	8856	12
更喜欢狗是吗	822	8855	12
MrAmlice	823	8855	12
Spinach	824	8854	12
Ahariek	825	8853	12
Funshine	826	8851	12
FrozenDevl	827	8850	12
NineTailCat	828	8848	12
SuperBug	829	8847	12
LS273	830	8846	12
Roofish4	831	8846	12
Pres	832	8846	12
Pisci	833	8845	12
Malensio	834	8844	12
deekim	835	8844	12
Dynamitekid2	836	8843	12
Tibet6ix	837	8843	12
MHG	838	8842	12
JakePaul	839	8839	12
MightyBoots	840	8838	12
EdisonChen	841	8837	12
MangoBear	842	8836	12
zmasterg1	843	8834	12
mitchwavy	844	8828	12
Crazycou	845	8826	12
Jimmimie	846	8824	12
ChineseBunny	847	8821	12
Sheiqck	848	8819	12
HomieDixon	849	8819	12
Tupaputu	850	8814	12
Coconut	851	8814	12
Lolipokicake	852	8813	12
Komorebi	853	8813	12
ntpncbufg	854	8811	12
Brayle	855	8811	12
DisdcioTerry	856	8802	12
KnuckleBob	857	8802	12
Anthoneh	858	8799	12
GrenDragC	859	8799	12
ryu	860	8796	12
killerqueen	861	8796	12
HeavensDevil	862	8796	12
长期素食	863	8795	12
Abby	864	8794	12
KCargh	865	8792	12
Mingyue007	866	8792	12
Giants	867	8792	12
DirtyPriest	868	8791	12
Belvira	869	8790	12
SpankerButt	870	8789	12
lamborghini	871	8785	12
TheChaosKing	872	8785	12
Violet	873	8783	12
kakeru	874	8782	12
EverSinner	875	8782	12
ConcernedApe	876	8780	12
ItsHybrid	877	8779	12
MadToy	878	8778	12
dsfgs	879	8778	12
TwitchATCxx	880	8778	12
ȂŊŦȆȂŦȎȒ	881	8778	12
TheDr	882	8775	12
Flash	883	8774	12
Abed	884	8773	12
扥扥12138	885	8771	12
apocalypse	886	8770	12
Ando	887	8770	12
Hikaru	888	8770	12
Mitsuaki	889	8768	12
mimic	890	8768	12
RaginCajun	891	8767	12
whit3giv3	892	8766	12
Pookie	893	8759	12
Mastermind	894	8758	12
solutionln	895	8756	12
Muaddib	896	8754	12
Ethanjp1005	897	8754	12
DecoderLiu	898	8752	12
Godfather	899	8751	12
xiaohang1031	900	8750	12
yhzlx	901	8750	12
StarDuck	902	8749	12
Brishen	903	8749	12
kfcVme50	904	8748	12
Roadkill04	905	8748	12
islander	906	8746	12
Asheron	907	8746	12
RSPurnikus	908	8744	12
Blue	909	8738	12
Tcon2	910	8735	12
hypnoclipse	911	8731	12
Soape	912	8731	12
最後的單色海豹	913	8725	12
KASHIN	914	8725	12
PlayerOne	915	8725	12
RadDad	916	8724	12
NyNyKash	917	8724	12
gknfEhL	918	8721	12
nXShadows	919	8721	12
MailFTW	920	8717	12
zifrenzzy	921	8713	12
熟練的锤	922	8712	12
Brutus	923	8711	12
SUPERFLY	924	8708	12
Shamrock	925	8708	12
Ange121eaveS	926	8707	12
H20	927	8700	12
Zevosse	928	8699	12
y1015	929	8698	12
Illya	930	8698	12
Okkes	931	8696	12
Mikmik	932	8696	12
SirDobbers	933	8695	12
WHRoger	934	8693	12
Selune	935	8690	12
Godluck	936	8688	12
Crabapple193	937	8687	12
JOEY	938	8682	12
UrAHozerEh	939	8682	12
Face	940	8681	12
Nassi	941	8681	12
rivalry	942	8680	12
jahfree	943	8679	12
Gebels	944	8679	12
苟利国家	945	8678	12
Fatalocity	946	8675	12
yangxue	947	8675	12
Pan	948	8674	12
Reus	949	8674	12
MMessi	950	8673	12
RealityBreak	951	8673	12
Dividi	952	8669	12
Jéssica	953	8666	12
TheGreenGuy	954	8663	12
酷炫的霓虹色羅亞	955	8661	12
kusueiaki	956	8661	12
Vooden	957	8661	12
ChiefMeltz	958	8661	12
wyyd	959	8655	12
XIGUA	960	8652	12
RacerX	961	8652	12
Faker97	962	8651	12
Jerger	963	8650	12
Koooshie	964	8650	12
suerte	965	8650	12
Chiaki	966	8650	12
IssuEthEhaO	967	8647	12
Zaroua	968	8646	12
Darren	969	8645	12
SilentKing	970	8644	12
Fleetwood2	971	8640	12
MAkeiTLegiT	972	8638	12
molingungod	973	8635	12
tubat	974	8634	12
Galatea	975	8634	12
Lowne	976	8632	12
Xyrun	977	8631	12
ColMustard	978	8631	12
Forced2Wipe	979	8630	12
exlic	980	8629	12
larawyn	981	8628	12
kota	982	8627	12
Golden	983	8626	12
LoufMania	984	8626	12
Turtlez	985	8623	12
Najazu	986	8621	12
palayutm	987	8620	12
LeslieDW	988	8620	12
YupYup	989	8617	12
Tassadar	990	8616	12
Jivanmukta	991	8615	12
dake	992	8614	12
NoMana	993	8614	12
Jez	994	8613	12
SupēsuǃDandi	995	8612	12
Slimbeef	996	8611	12
BlackMamba24	997	8611	12
PredatuX	998	8611	12
WhiteGiver	999	8609	12
FilthyFish	1000	8609	12
ebmiller	1001	8607	12
青菜放辣椒	1002	8606	12
ninjagods	1003	8605	12
Floofy	1004	8605	12
ChiefRobot	1005	8604	12
EliphasLevi	1006	8603	12
Daa	1007	8603	12
callous	1008	8602	12
DokBoki	1009	8601	12
Compensating	1010	8601	12
devilfencer	1011	8600	12
Pinky	1012	8600	12
maomao	1013	8599	12
Threebody	1014	8599	12
Nevermore	1015	8599	12
barnsie	1016	8598	12
OmegaStar	1017	8597	12
RunBackwards	1018	8597	12
Dingable	1019	8595	12
Pookachu150	1020	8594	12
ekgwrqhkxkop	1021	8593	12
hodor	1022	8592	12
blackdogsam	1023	8592	12
Kinger22	1024	8590	12
Nova	1025	8589	12
XORN	1026	8588	12
InYorFace	1027	8587	12
粽葉	1028	8587	12
computer	1029	8587	12
明亮鐵鎚	1030	8586	12
M3joker	1031	8586	12
Fxshy	1032	8584	12
Bloodbath	1033	8583	12
loop77	1034	8582	12
metroid34	1035	8580	12
Zadith	1036	8579	12
Yukikko	1037	8576	12
YZZ	1038	8575	12
GrumpyMonk	1039	8575	12
iridescent	1040	8574	12
SoSavage	1041	8571	12
Cybus	1042	8571	12
LeeSin	1043	8569	12
kevin359	1044	8568	12
DubNation	1045	8564	12
rngfiesta	1046	8563	12
Alaudy	1047	8563	12
Chewy	1048	8561	12
ToooN	1049	8560	12
Tuesdays	1050	8559	12
Bruce	1051	8558	12
整潔的芒果色法師	1052	8556	12
Meteor	1053	8556	12
Bismark	1054	8552	12
yanze	1055	8551	12
eumereço	1056	8551	12
Fate	1057	8551	12
Staples	1058	8550	12
Caliphate	1059	8550	12
baoer	1060	8549	12
THUNDER	1061	8546	12
bigbird	1062	8543	12
RobotNinja	1063	8541	12
lscsznmhw	1064	8541	12
TribalArtist	1065	8539	12
Hengge	1066	8538	12
superapple	1067	8537	12
Ace103	1068	8536	12
Angilicious	1069	8535	12
別急等會有你急的	1070	8535	12
Vapour	1071	8535	12
GuiJi	1072	8534	12
JinGong	1073	8533	12
ShinyPants	1074	8533	12
Dindragma	1075	8533	12
osheanman	1076	8533	12
Jackal	1077	8531	12
clown	1078	8530	12
Shibility	1079	8528	12
Cluck	1080	8527	12
CycloneSpin	1081	8526	12
tommartell	1082	8524	12
jeffrojones	1083	8524	12
Ganhiko	1084	8523	12
Obie25	1085	8523	12
discuits	1086	8523	12
arcaneking	1087	8518	12
RaviG37	1088	8517	12
Devil	1089	8517	12
Actius	1090	8512	12
SunnyD	1091	8511	12
StullenGoods	1092	8511	12
ZeroCoolDown	1093	8510	12
frostedpetal	1094	8510	12
Footwerk	1095	8508	12
sally	1096	8506	12
MALCHpro	1097	8505	12
mango	1098	8505	12
TopRamen	1099	8505	12
BloodRavens	1100	8504	12
Stiles	1101	8504	12
XStormerX	1102	8504	12
RyanNumbers	1103	8503	12
Rooftrellen	1104	8502	12
CandyMolly	1105	8502	12
MissQ	1106	8502	12
ServeIapetus	1107	8496	12
turtletime99	1108	8496	12
DJWSGDCB	1109	8493	12
swingslol	1110	8492	12
Hikikyo	1111	8492	12
Bastion	1112	8492	12
commE	1113	8485	12
阿怪	1114	8483	12
Nicolasm	1115	8483	12
WhoDoVooDoo	1116	8483	12
MiniNinja	1117	8482	12
Apsis	1118	8481	12
kimbaplover	1119	8480	12
gogetoburn	1120	8479	12
Windigo	1121	8478	12
Hunter	1122	8478	12
BestofSocks	1123	8478	12
VerB	1124	8477	12
TuAbuel1ta	1125	8476	12
Vixerunt	1126	8475	12
waaaade	1127	8474	12
Violentrabbi	1128	8474	12
NanaHana	1129	8472	12
jay789111	1130	8471	12
Asyrusuna	1131	8470	12
ngy	1132	8470	12
nhgswaprtof	1133	8470	12
HelloItsMeD	1134	8467	12
哈哈哈哈	1135	8467	12
D4rk	1136	8464	12
newhero	1137	8462	12
TrickyHunter	1138	8460	12
SleepyBear	1139	8459	12
QiXi	1140	8459	12
syhr	1141	8456	12
Aléxis	1142	8456	12
AshleeDe	1143	8454	12
YourKing	1144	8452	12
Noble	1145	8451	12
imNiigel	1146	8450	12
Praline	1147	8450	12
Yukiz	1148	8449	12
stravv	1149	8449	12
Pelluco	1150	8447	12
iloveduckies	1151	8446	12
Pudding	1152	8445	12
brick	1153	8445	12
RainBreeze	1154	8444	12
SkyClone	1155	8444	12
Bacontime	1156	8444	12
Tudou	1157	8442	12
LeFlipFlop	1158	8439	12
Gentleducks	1159	8439	12
ZeNiTHOne	1160	8438	12
Rengar	1161	8435	12
ForeverYong	1162	8434	12
FunkyPants	1163	8433	12
MoxLotus	1164	8432	12
YummyFood	1165	8432	12
TRexkin	1166	8431	12
King	1167	8430	12
CoryDaCat	1168	8429	12
Wingkent	1169	8428	12
Darkesilk	1170	8425	12
Happy1Up	1171	8425	12
Sycho	1172	8425	12
OnyxStag	1173	8424	12
Tiz	1174	8424	12
olkgzj	1175	8423	12
hungrystay	1176	8422	12
EricbsMC	1177	8419	12
Janet	1178	8418	12
Monty21	1179	8418	12
SouthPark	1180	8412	12
널핥고싶어	1181	8411	12
AbleTheBard	1182	8410	12
feng123	1183	8409	12
Memory	1184	8409	12
BeGooD	1185	8409	12
wanderer	1186	8406	12
Amplify	1187	8405	12
ACENTURY	1188	8404	12
BILLisDD	1189	8404	12
PoseidonDino	1190	8403	12
Brain	1191	8403	12
否极泰来	1192	8402	12
Dialed	1193	8402	12
TenaciousTom	1194	8402	12
boreece	1195	8401	12
邪惡的灰色老鷹	1196	8401	12
MadMarkXY	1197	8401	12
Kappa123	1198	8399	12
CNcutyGuoke	1199	8398	12
PBM	1200	8398	12
Arge	1201	8398	12
Littlesworth	1202	8397	12
godgun	1203	8397	12
Exteil	1204	8397	12
冷靜的單寧色龍獸	1205	8393	12
Fattoadguy	1206	8393	12
FunnyRager	1207	8392	12
Hawk	1208	8392	12
McreeMagee	1209	8392	12
Sakuraaa	1210	8390	12
ForesEternal	1211	8390	12
Gingerbeard	1212	8389	12
Goygodx	1213	8388	12
SUA	1214	8388	12
Ljh95	1215	8387	12
Edison	1216	8387	12
Chernabog	1217	8387	12
killshotu	1218	8381	12
Brightndings	1219	8380	12
Eurus	1220	8379	12
Mustard	1221	8378	12
Impally	1222	8376	12
Death12	1223	8376	12
MrMyagi	1224	8376	12
Kthulhu	1225	8376	12
akatsuki	1226	8376	12
Tsulami	1227	8376	12
Epicbrucey	1228	8376	12
K253	1229	8374	12
XSLCS	1230	8372	12
Zarf	1231	8372	12
Crazyfrog32	1232	8371	12
remus	1233	8371	12
Flashparker	1234	8370	12
Mikasa	1235	8370	12
Echo3x	1236	8369	12
JSithe12	1237	8368	12
Maymay	1238	8368	12
ZulAplus	1239	8365	12
AJJ	1240	8365	12
Blaxe	1241	8364	12
Teddy	1242	8363	12
huanfeng	1243	8363	12
NZoth	1244	8362	12
Brownies	1245	8360	12
fatall	1246	8359	12
Triptoid	1247	8359	12
Lovetao	1248	8358	12
Cody	1249	8357	12
Blacklisted	1250	8357	12
RopesAreRad	1251	8357	12
Karma	1252	8356	12
NWRvKdxQ	1253	8356	12
Branvaz	1254	8356	12
Eosinic	1255	8354	12
magicforg	1256	8353	12
signimmic	1257	8352	12
Nitterboozle	1258	8352	12
CypressKeys	1259	8351	12
Leafy	1260	8351	12
imbalhl	1261	8350	12
HiSean	1262	8349	12
Werewolf	1263	8349	12
Jitters	1264	8347	12
Arcas	1265	8347	12
fdrazhe	1266	8346	12
Nanodesu	1267	8344	12
Molotov	1268	8342	12
PDF	1269	8342	12
lulnenko	1270	8342	12
Randomguy	1271	8342	12
Medinexxx	1272	8341	12
loki	1273	8340	12
princedarky	1274	8339	12
b1t216	1275	8339	12
ChiefCubone	1276	8339	12
DUCK	1277	8338	12
Gouzi	1278	8337	12
nugget	1279	8337	12
Keaiing	1280	8335	12
Larryler	1281	8335	12
Dylan	1282	8335	12
HEHUA	1283	8335	12
Kakrow	1284	8334	12
DJWCB	1285	8334	12
Tortfeasing	1286	8334	12
劉老師單身	1287	8333	12
EnigmaticBob	1288	8330	12
Tavrys	1289	8330	12
dogthiefcool	1290	8329	12
Merlin	1291	8329	12
fire105	1292	8328	12
heartstone	1293	8328	12
GreyRaven	1294	8327	12
ahai	1295	8326	12
djwcbbbbbbb7	1296	8323	12
Zhazi	1297	8323	12
Vikester	1298	8320	12
lbwnb	1299	8319	12
bobwrng	1300	8318	12
danylll	1301	8317	12
Ijolz	1302	8317	12
Lovyhall	1303	8316	12
SomPirate33	1304	8314	12
SupaFly	1305	8312	12
Intriken	1306	8310	12
Naiz	1307	8310	12
XStranger13X	1308	8310	12
mongiggity	1309	8310	12
Spaghetti	1310	8309	12
天崩子	1311	8309	12
Tension	1312	8309	12
shadowfury	1313	8309	12
abbcb	1314	8306	12
MakiseKurisu	1315	8305	12
Amendment13L	1316	8304	12
GarnetGnoll	1317	8303	12
Rastafoo	1318	8302	12
pegtop	1319	8302	12
canyue	1320	8301	12
Alex	1321	8301	12
Gonad60	1322	8299	12
ZBASJ	1323	8298	12
Badom	1324	8298	12
Casses	1325	8297	12
ZedClark	1326	8297	12
殺手47	1327	8297	12
crannberry	1328	8297	12
TheRisen	1329	8296	12
真實的青色盜賊	1330	8295	12
gumayusi	1331	8294	12
Magi	1332	8293	12
Cp7	1333	8293	12
wgcccccccc	1334	8291	12
bdw	1335	8291	12
Hedges	1336	8291	12
tRANscend	1337	8291	12
Kmfr	1338	8289	12
huuga	1339	8289	12
Jellybean	1340	8286	12
Vtabiggie	1341	8285	12
Qwark	1342	8284	12
ABUSIVEGOD	1343	8284	12
Pickz	1344	8283	12
ChrisnoChak	1345	8283	12
Edgewalker	1346	8282	12
wmxr	1347	8281	12
yesum	1348	8279	12
Mint	1349	8276	12
iCantStop	1350	8276	12
diyuan	1351	8276	12
Gabe	1352	8276	12
chen	1353	8274	12
Yonsoo	1354	8274	12
Shino	1355	8274	12
McQueen	1356	8273	12
mSzWx	1357	8273	12
Sitar	1358	8273	12
Skullcrusher	1359	8273	12
TheShark	1360	8273	12
TheWord	1361	8271	12
xiaohong	1362	8271	12
Micen	1363	8271	12
JonSolo	1364	8271	12
nana	1365	8271	12
dalobsta	1366	8269	12
Godgun	1367	8268	12
Duhvided	1368	8268	12
nitelight9	1369	8265	12
Melanie	1370	8265	12
Kobyashi	1371	8265	12
FlyingStars	1372	8264	12
Xanxus	1373	8264	12
lucky1397	1374	8263	12
Nanodesu	1375	8262	12
Attila2019	1376	8261	12
Hexsul	1377	8261	12
NorinGrand	1378	8261	12
Spire	1379	8260	12
emotion	1380	8259	12
enV	1381	8259	12
Chakki	1382	8258	12
icehex	1383	8257	12
lockedoff	1384	8256	12
Jaybo	1385	8256	12
Starfall	1386	8255	12
pleonexia	1387	8254	12
GinoPascu	1388	8253	12
Tuna	1389	8253	12
Dofasition	1390	8252	12
miyin	1391	8252	12
bamboo	1392	8252	12
Ipleedafif	1393	8252	12
MrIncredible	1394	8250	12
pidge	1395	8250	12
Decarne	1396	8250	12
idrees	1397	8247	12
MANKEANDING	1398	8247	12
Will	1399	8247	12
Elvis	1400	8246	12
tflyqz	1401	8245	12
Leo	1402	8244	12
Jrod	1403	8244	12
MissMuffins	1404	8243	12
sjowyuicy	1405	8243	12
Sil3nt4ce	1406	8242	12
Fsouza	1407	8242	12
Tez	1408	8242	12
alchpake	1409	8242	12
iheartkimchi	1410	8241	12
優秀的綠色雪怪	1411	8239	12
WillToWin	1412	8239	12
judiaosama	1413	8238	12
卢本伟	1414	8238	12
PasserBi	1415	8236	12
Delfru	1416	8234	12
MHKG	1417	8234	12
AVENGEchu	1418	8234	12
JaqueMate	1419	8234	12
Eleven	1420	8233	12
Darian	1421	8233	12
专吃小孩	1422	8230	12
Eden	1423	8229	12
HiddenPants	1424	8228	12
AFKay	1425	8228	12
Hollis	1426	8228	12
Hochwart	1427	8227	12
WawayWildman	1428	8227	12
Ragnar	1429	8227	12
jeuee	1430	8227	12
Dracos	1431	8227	12
Ahto	1432	8227	12
Gajumon	1433	8226	12
狂野的紫紅色盜賊	1434	8226	12
shaoshao	1435	8226	12
Voxtrel	1436	8224	12
Monsterbag	1437	8223	12
Nemo	1438	8223	12
PrettyKittyS	1439	8223	12
rood	1440	8223	12
我想交朋友	1441	8222	12
Ninyad	1442	8221	12
鲨蜜蜂	1443	8218	12
Substitute	1444	8218	12
WingedKagout	1445	8217	12
bobfather	1446	8217	12
Orangutan	1447	8217	12
厚德载物	1448	8216	12
Aspartame	1449	8216	12
BigJuicyStve	1450	8214	12
Nix	1451	8214	12
Kelvin	1452	8214	12
Dricen	1453	8212	12
TealGnoll	1454	8211	12
apexlyy	1455	8211	12
Lemon	1456	8210	12
B2J	1457	8209	12
sanrui	1458	8209	12
Deej	1459	8209	12
DiaTech	1460	8209	12
Fakey	1461	8209	12
wwdenide	1462	8208	12
BLAKE	1463	8208	12
Ryborn	1464	8207	12
Sandwich	1465	8206	12
SoTa	1466	8205	12
storm	1467	8204	12
BeigeEagle	1468	8204	12
Yang	1469	8203	12
PatsFan	1470	8202	12
cloud	1471	8202	12
Twymanator	1472	8202	12
devtron	1473	8200	12
Offmeta	1474	8200	12
Schaurich	1475	8199	12
Audi	1476	8197	12
Morbe	1477	8196	12
Kalinno	1478	8196	12
Adventurer	1479	8194	12
HugIerFm	1480	8194	12
GenshinPro	1481	8194	12
Dr69	1482	8194	12
cjjknight	1483	8193	12
Wallahbro	1484	8192	12
OKdTB	1485	8192	12
Dabomba123	1486	8192	12
Kaibossy	1487	8191	12
Neverburnt	1488	8191	12
GravenCairns	1489	8190	12
Artzilol	1490	8189	12
bradske	1491	8189	12
theshy	1492	8188	12
SKYki	1493	8187	12
nocommnochat	1494	8186	12
Juggernaut	1495	8186	12
Kyn	1496	8183	12
Finesse	1497	8181	12
Storm	1498	8181	12
king2789	1499	8180	12
TonySniper	1500	8179	12
DrSteyn	1501	8179	12
SyneLau	1502	8179	12
ltsPing	1503	8178	12
Notifer	1504	8178	12
JELLEH	1505	8177	12
Arumba	1506	8177	12
自信的紫紅色烏賊	1507	8176	12
DarkAngel	1508	8176	12
Bedwrath	1509	8176	12
Revengecycle	1510	8176	12
Sminoff	1511	8176	12
WOMO	1512	8175	12
SouthSacMac	1513	8175	12
藍小熊	1514	8174	12
GrayBear	1515	8173	12
colibri	1516	8173	12
Kaylar	1517	8173	12
LostGear	1518	8172	12
tatakai	1519	8172	12
Toaster	1520	8172	12
OVERMING	1521	8171	12
Tubertuber	1522	8170	12
zaelaporro	1523	8169	12
Axe	1524	8169	12
Notable	1525	8168	12
StreamVen	1526	8168	12
Eleezus	1527	8168	12
Lonelyparter	1528	8167	12
Javi	1529	8167	12
GEGURI	1530	8167	12
areyouok	1531	8166	12
RedEyeCoyote	1532	8166	12
trixyz	1533	8166	12
Militant	1534	8165	12
Anysmithyy	1535	8164	12
Vargox	1536	8164	12
DrCheezeIT17	1537	8163	12
Speakeasy	1538	8162	12
Darhell	1539	8159	12
Yamibakura	1540	8159	12
Grego	1541	8159	12
Servietsky	1542	8158	12
EvilPotato	1543	8157	12
seSvrLZvqZRj	1544	8155	12
pooh	1545	8155	12
Neverdie	1546	8154	12
InfluhxTTV	1547	8154	12
Tenderlion	1548	8153	12
Koawla	1549	8152	12
Destroyer	1550	8152	12
kanve	1551	8151	12
Matinee	1552	8151	12
大可不熬夜	1553	8149	12
Isherwood	1554	8149	12
Prophet	1555	8149	12
TheSauce	1556	8149	12
Tamdan	1557	8148	12
RoaringBear	1558	8148	12
manwithaplan	1559	8148	12
Ascius	1560	8148	12
yukimorikawa	1561	8147	12
Bacon	1562	8147	12
Tribles	1563	8146	12
฀ไอิ๐อิว	1564	8146	12
Cyprux	1565	8145	12
KingOfSkill	1566	8144	12
DragonStar	1567	8143	12
Rockets	1568	8141	12
AriLove	1569	8140	12
絕讚的紫紅色麋鹿	1570	8139	12
Leon	1571	8139	12
MrBigShot	1572	8136	12
PocketPain	1573	8135	12
luoluo	1574	8135	12
freedom	1575	8135	12
TheSkyFvcker	1576	8134	12
Teabobaggins	1577	8134	12
SeaRain	1578	8133	12
Amree	1579	8131	12
ikun	1580	8131	12
RichKid	1581	8131	12
art2d2	1582	8130	12
machi	1583	8130	12
接續的棕色巨魔	1584	8130	12
Dahow	1585	8130	12
Phaps	1586	8129	12
AzureWight	1587	8128	12
xiye	1588	8128	12
PrinceFancy	1589	8128	12
DIO	1590	8127	12
agentfancy	1591	8126	12
ShadowStrike	1592	8125	12
ScaryBrocoli	1593	8125	12
WinstonJR	1594	8125	12
Sozs	1595	8125	12
Sastremig	1596	8125	12
Mrcao2000	1597	8124	12
Bat	1598	8123	12
Always	1599	8123	12
Qingjun	1600	8123	12
Deitus	1601	8123	12
nonsense	1602	8122	12
xxYIIIIIIIxx	1603	8122	12
Igg	1604	8122	12
HoNJester	1605	8121	12
ffejGNUyLK	1606	8120	12
LimeWolf	1607	8119	12
SpaceCadet	1608	8119	12
MatheusElite	1609	8119	12
WhoIAm	1610	8117	12
ŶĤŴĤ	1611	8117	12
yilingsama	1612	8115	12
SIGNULL	1613	8115	12
Show	1614	8115	12
Rehab	1615	8115	12
Jorus	1616	8114	12
altimitkilla	1617	8113	12
KingStratus	1618	8112	12
Gitmuny	1619	8112	12
AwesomeCopy	1620	8112	12
azmatticus	1621	8112	12
Wizerdlol	1622	8112	12
Bubbo	1623	8112	12
deney4	1624	8112	12
Zaathrus	1625	8111	12
andre	1626	8111	12
PirateVK	1627	8111	12
Haroldliven	1628	8111	12
Gramito	1629	8111	12
MagicCorndog	1630	8110	12
Outlier	1631	8110	12
Pinksparkles	1632	8109	12
pcfmtpvykxes	1633	8108	12
Sess	1634	8107	12
Shonk	1635	8106	12
Wulala	1636	8106	12
隱祕束褲	1637	8105	12
ZhugeLiang	1638	8102	12
Null	1639	8102	12
LostVoid	1640	8102	12
Faint	1641	8101	12
Cam	1642	8101	12
proASirTY	1643	8101	12
CeliOus	1644	8100	12
carr1sa	1645	8100	12
Django	1646	8099	12
HotSun	1647	8098	12
yechui	1648	8097	12
肉肉	1649	8097	12
Smilar	1650	8097	12
pluto	1651	8096	12
lorenzatto	1652	8096	12
变老的大二	1653	8095	12
Better	1654	8095	12
newbee	1655	8094	12
Undefined	1656	8093	12
Oxton	1657	8093	12
djwCB	1658	8093	12
Justin	1659	8090	12
Nubknight	1660	8090	12
pattaq	1661	8090	12
Thuglas	1662	8089	12
Cing	1663	8089	12
Cibis	1664	8089	12
Ribs	1665	8087	12
angelFly	1666	8087	12
lamer	1667	8087	12
Jelly	1668	8087	12
myrdock	1669	8087	12
Sinraptor	1670	8086	12
BattleBear	1671	8086	12
Garythesnail	1672	8086	12
TooNinja	1673	8086	12
Niclmaki	1674	8085	12
shend	1675	8085	12
PaulLi	1676	8084	12
heheniubi	1677	8084	12
DoctorDonny	1678	8084	12
JL1008	1679	8083	12
Spidey48	1680	8083	12
RinPhan	1681	8083	12
PatateDouce	1682	8083	12
TangoHor5e	1683	8083	12
JamesJK	1684	8082	12
WolfofWallst	1685	8082	12
MIKE	1686	8082	12
thxlb	1687	8082	12
RaveWars	1688	8081	12
WolfWhite	1689	8081	12
Adachi	1690	8080	12
Rider	1691	8080	12
Lostar	1692	8080	12
shenshanshi	1693	8080	12
JelloGelatin	1694	8079	12
secret	1695	8079	12
louman	1696	8079	12
TieL1fe	1697	8079	12
DAMMMMMM	1698	8079	12
Constantine	1699	8079	12
Maew	1700	8078	12
EckoEcko	1701	8078	12
Redemption	1702	8077	12
公正的檸檬色活屍	1703	8077	12
WEIIII	1704	8077	12
PolarBear	1705	8077	12
Ordukai	1706	8077	12
lzfcb	1707	8076	12
AlanAshh	1708	8076	12
Smackey	1709	8075	12
Sqadussy	1710	8075	12
荒原寒鸦	1711	8075	12
CHARMKING	1712	8075	12
EighthTerenc	1713	8075	12
KraM	1714	8075	12
DeeJB11	1715	8075	12
zrjve	1716	8075	12
Katsa	1717	8074	12
IfThenLoop	1718	8074	12
blindexcel	1719	8074	12
GAMER	1720	8073	12
Mukkir	1721	8073	12
Mecurial	1722	8072	12
MiniWhiteX	1723	8072	12
DannyDevito	1724	8071	12
Justin	1725	8071	12
dokidoki	1726	8070	12
JBinladen	1727	8069	12
Traub	1728	8069	12
GreenFinger	1729	8069	12
Destroyed	1730	8069	12
grindylo	1731	8069	12
DontOverPass	1732	8068	12
typ	1733	8068	12
WhoDat33ohio	1734	8068	12
Tylord	1735	8068	12
OKBOOMER1234	1736	8067	12
rhonan	1737	8067	12
windboy	1738	8067	12
FordComejoy	1739	8067	12
bodish	1740	8067	12
Rrooeo	1741	8067	12
	1742	8067	12
JimjimIII	1743	8067	12
Shintaro	1744	8067	12
Ermine719	1745	8066	12
哀酒	1746	8066	12
JStiff	1747	8066	12
ProbeTier	1748	8066	12
H4NSW0L0	1749	8066	12
Scabbard	1750	8066	12
WIN	1751	8066	12
Koreldyre	1752	8066	12
fullmetaljon	1753	8066	12
sLing	1754	8065	12
DJWcb	1755	8065	12
dhofb	1756	8065	12
yosoro	1757	8065	12
Westray	1758	8065	12
pundit	1759	8065	12
Kanny	1760	8065	12
Origin	1761	8065	12
Eogot	1762	8065	12
Muzek	1763	8065	12
angrybirdman	1764	8064	12
INChina	1765	8064	12
ECHO	1766	8064	12
Nithil	1767	8064	12
Oddarrow	1768	8064	12
Addiction	1769	8064	12
BunnyAwaker	1770	8063	12
pupeta	1771	8063	12
baefu	1772	8063	12
Furina	1773	8063	12
SleepyShaman	1774	8063	12
Derivation	1775	8063	12
MillerSCW	1776	8062	12
SockPuppet	1777	8062	12
easy	1778	8062	12
tiaotiaohu	1779	8062	12
JcKoo	1780	8062	12
DeadlyKitten	1781	8062	12
Gimme	1782	8062	12
Teoz	1783	8062	12
Ting	1784	8061	12
whh	1785	8061	12
yvzhe	1786	8061	12
IAmYggdrasil	1787	8061	12
IceBear	1788	8060	12
Adventurer	1789	8060	12
三边形战士光头捞	1790	8060	12
Yshen	1791	8060	12
Relaxedsack	1792	8060	12
PorLaHorda	1793	8060	12
aaaaaaa	1794	8059	12
Ewedihalehu	1795	8059	12
Poldoros	1796	8058	12
Pootchacho	1797	8058	12
TesLa213987	1798	8057	12
Iorek	1799	8057	12
ErockJohnson	1800	8057	12
GYNB666	1801	8057	12
ZzeroChance	1802	8057	12
Edge	1803	8057	12
Weakone	1804	8057	12
KingRoofus	1805	8057	12
Destructible	1806	8056	12
Arukasa	1807	8056	12
Tedlennart	1808	8056	12
Jibbles	1809	8055	12
mrays	1810	8055	12
qoblox	1811	8055	12
Infinite	1812	8055	12
Poobah	1813	8055	12
巨大的蘑菇君	1814	8054	12
luck	1815	8054	12
james	1816	8054	12
精神隶属机	1817	8054	12
MemeMachine	1818	8054	12
zouboulitsa	1819	8054	12
bravemac	1820	8054	12
Gurmo	1821	8054	12
ZoG	1822	8054	12
NicCage	1823	8054	12
Eduw	1824	8053	12
Poolday	1825	8053	12
Brennanasaur	1826	8053	12
Cleopashley	1827	8053	12
OgreFatFace	1828	8053	12
WolFHawKMS	1829	8052	12
wtfaidh	1830	8052	12
BitterSalt	1831	8052	12
Prettywidow	1832	8052	12
moon	1833	8052	12
PAIDOGOHAN	1834	8052	12
BooGahLoo	1835	8052	12
TheEliteDoor	1836	8052	12
Tibarn	1837	8052	12
BoardKing	1838	8052	12
JNytemare	1839	8051	12
Goldfinger	1840	8051	12
eesup	1841	8051	12
WillaSmith	1842	8051	12
zosxy	1843	8051	12
bensra	1844	8051	12
StranStran	1845	8051	12
Zedd	1846	8051	12
MrSpooky	1847	8051	12
SuperJack	1848	8051	12
diegob6	1849	8051	12
Vijil	1850	8050	12
呆哈	1851	8050	12
Aaron	1852	8050	12
ZHSILVER	1853	8050	12
ABL5000	1854	8050	12
Stefy	1855	8050	12
Jayesscee	1856	8050	12
seanPSU	1857	8050	12
CaoSiNiM	1858	8050	12
Zed	1859	8049	12
IvannW	1860	8049	12
Aceofsword	1861	8049	12
xty	1862	8049	12
ygagarin	1863	8049	12
AksAttacks	1864	8049	12
Fox	1865	8049	12
AgentPWE	1866	8049	12
Gambler	1867	8049	12
ÄLÚÇÄRÐ	1868	8049	12
AxelFolley	1869	8049	12
ChickenMagic	1870	8049	12
Bacon	1871	8049	12
WildLife	1872	8049	12
Rise	1873	8049	12
Chessstone	1874	8048	12
ZJG	1875	8048	12
Atlas	1876	8048	12
LemonMoose	1877	8048	12
Heskey4Lyfe	1878	8047	12
ItzFated	1879	8047	12
Autowired	1880	8047	12
SYCDT	1881	8047	12
QINGYUAN	1882	8047	12
stabbylottie	1883	8047	12
DOLLAR	1884	8047	12
JACDOW	1885	8047	12
JarrydWoopy	1886	8047	12
JDog777	1887	8046	12
JoeSchmoe	1888	8046	12
Luke	1889	8046	12
ANGRYBOAZ	1890	8046	12
Torath	1891	8046	12
Alessandrovc	1892	8045	12
MagicTurtle	1893	8045	12
RawrAzoids	1894	8045	12
隱祕魷魚	1895	8045	12
SnarkyGoblin	1896	8045	12
GìMP	1897	8045	12
rousemat	1898	8045	12
DarkPlayer	1899	8045	12
Alphonse	1900	8044	12
AarZ	1901	8044	12
Healme	1902	8044	12
leet	1903	8044	12
Tippzy	1904	8044	12
NightKnight	1905	8044	12
GrumpyMonk	1906	8044	12
TinGar	1907	8044	12
TurtleHermit	1908	8044	12
Nanafufu	1909	8043	12
Raven	1910	8043	12
MrGOOD	1911	8043	12
marvel	1912	8043	12
FlexOnFrogs	1913	8043	12
Seshomaru	1914	8043	12
TitaNiko	1915	8043	12
DiscoWilly	1916	8043	12
Kade	1917	8043	12
hdsjd	1918	8042	12
kljbs	1919	8042	12
SBbaoxue	1920	8042	12
Moniepony	1921	8042	12
saygracie	1922	8042	12
DMommy	1923	8042	12
Jab	1924	8041	12
BadPhara	1925	8041	12
osmark	1926	8041	12
Spicycanada	1927	8041	12
VixenYu	1928	8040	12
madvec1	1929	8040	12
BaiPang	1930	8040	12
ANGRYNYNE9	1931	8040	12
TaoTao	1932	8040	12
Master	1933	8040	12
Harple	1934	8040	12
LordLongsock	1935	8040	12
naks	1936	8039	12
DeadlyFeet	1937	8039	12
TPDono	1938	8039	12
Elvis	1939	8039	12
cdy	1940	8039	12
Neogenesis	1941	8039	12
dabing	1942	8038	12
Pinkrabbit	1943	8038	12
Rapthor	1944	8038	12
SoLInvictus	1945	8038	12
catrific	1946	8038	12
Bays	1947	8038	12
shadows797	1948	8038	12
HappyHero	1949	8038	12
tahmqf	1950	8038	12
Xera	1951	8038	12
toxn	1952	8037	12
scyl	1953	8037	12
BonyHell	1954	8037	12
Toast	1955	8037	12
Azedim	1956	8037	12
aqjx	1957	8037	12
saxmachine	1958	8037	12
Toxicadam	1959	8037	12
Huntress	1960	8036	12
Zeroic	1961	8036	12
名太难1111	1962	8036	12
Wayne	1963	8036	12
daysman	1964	8036	12
yewny	1965	8036	12
OhAtlas	1966	8036	12
MrDeathly	1967	8036	12
iTzSketchy	1968	8036	12
farley	1969	8036	12
VinCenTzCp	1970	8036	12
aggeeinnbg	1971	8036	12
Mordrhic	1972	8036	12
Zephyr	1973	8036	12
NightChen	1974	8036	12
Zeohi	1975	8036	12
gabu	1976	8036	12
coldDragons	1977	8036	12
Euforeah	1978	8035	12
tubfrog	1979	8035	12
luckytiger	1980	8035	12
V4ND4LH34RT	1981	8035	12
Dromar	1982	8035	12
Monkesito	1983	8035	12
Aiur	1984	8034	12
TheExiled	1985	8034	12
BoBserr	1986	8034	12
Lee	1987	8034	12
JerryL	1988	8034	12
ProSS	1989	8034	12
F2PBook	1990	8034	12
CrazyGamer	1991	8034	12
Boutei	1992	8034	12
Lnsaab	1993	8034	12
xNatalidx	1994	8034	12
Thunderbandi	1995	8033	12
CntrlVee	1996	8033	12
达达	1997	8033	12
BrownKodo	1998	8033	12
XIAOCHOU	1999	8033	12
riderDiana	2000	8033	12
midnightbear	2001	8033	12
PostalJebus	2002	8033	12
FaZe	2003	8033	12
DuhMoura	2004	8032	12
EnterNameJP	2005	8032	12
cDHTHFiA	2006	8032	12
NightWoCao	2007	8032	12
if999	2008	8032	12
Hanamichi	2009	8032	12
arsecookie	2010	8032	12
NorthWind	2011	8032	12
ribjr	2012	8032	12
Balmung	2013	8032	12
Murlockop	2014	8032	12
Katosomoto	2015	8032	12
Eoloh	2016	8032	12
Ice	2017	8032	12
HungryDrake	2018	8032	12
babybaer	2019	8032	12
Shabamanator	2020	8031	12
完整的棕褐色羅亞	2021	8031	12
yuyu	2022	8031	12
Vince	2023	8031	12
Civecilim	2024	8031	12
CNcutyKuiM	2025	8031	12
Adventurer	2026	8031	12
SlowYourRoll	2027	8031	12
zen	2028	8031	12
tomo187	2029	8031	12
Malibu2026	2030	8031	12
Andy	2031	8030	12
ChiyodaMomo	2032	8030	12
Coldstyx	2033	8030	12
Snickers	2034	8030	12
Pete	2035	8030	12
QuinFitz	2036	8030	12
Undermine	2037	8030	12
Kiev	2038	8030	12
Spudinkle	2039	8030	12
MADDOG	2040	8029	12
vVqSwKFMq	2041	8029	12
Vilia	2042	8029	12
HanamichiPYK	2043	8029	12
ejatnzldnk	2044	8029	12
yjloo	2045	8029	12
Melonduh	2046	8029	12
Fenrir	2047	8029	12
Ettuskitt	2048	8029	12
HOTGEYDAD	2049	8029	12
Wingman	2050	8029	12
Indígo	2051	8028	12
Dokomoy	2052	8028	12
TatersNGravy	2053	8028	12
Qab	2054	8028	12
xbukiiuynm	2055	8028	12
Ewell128	2056	8028	12
HappyFeet	2057	8028	12
Avignon	2058	8028	12
Deddy	2059	8028	12
Revalink	2060	8027	12
Kakashi	2061	8027	12
Neptune	2062	8027	12
UrchinChang4	2063	8027	12
熱切的棕褐色貓咪	2064	8027	12
血鹦鹉	2065	8027	12
Arizona	2066	8027	12
sky	2067	8027	12
webzlgu	2068	8027	12
간소한태도	2069	8027	12
Nyaruneko	2070	8027	12
RUARUARAU	2071	8027	12
DenDi	2072	8027	12
guzzly	2073	8027	12
Bookermvp	2074	8027	12
SPROPADOP	2075	8027	12
PingmeIquit	2076	8027	12
Det	2077	8027	12
Awesean	2078	8027	12
Isskel	2079	8026	12
Kami	2080	8026	12
GoldenToasty	2081	8026	12
Massy	2082	8026	12
Cbronson	2083	8026	12
scx503875	2084	8026	12
厄運束褲	2085	8026	12
Brancifur	2086	8026	12
Appleonly	2087	8026	12
zeus	2088	8026	12
Sarabi	2089	8026	12
JasperQ	2090	8026	12
kbuilder	2091	8026	12
Okarma	2092	8026	12
Rurikido	2093	8026	12
OryxTheKing	2094	8026	12
Jamba	2095	8026	12
Blaha	2096	8026	12
Gunshow	2097	8026	12
Kokko503	2098	8026	12
LazyTitan	2099	8025	12
josheewah	2100	8025	12
Paradoxdoxox	2101	8025	12
Jared	2102	8025	12
Kizzit	2103	8025	12
Mrtong	2104	8025	12
Contest121	2105	8025	12
DJNI	2106	8025	12
Lunatuna	2107	8025	12
guolude	2108	8025	12
Hactrain	2109	8025	12
MicroUser	2110	8025	12
cyv97	2111	8024	12
yuhailiang	2112	8024	12
GIAO	2113	8024	12
TURRIS	2114	8024	12
Cybrix	2115	8024	12
DonCorleone	2116	8024	12
Shermy	2117	8023	12
ling	2118	8023	12
天选人	2119	8023	12
Gash	2120	8023	12
Wenny6	2121	8023	12
dehua	2122	8023	12
bettlifeing	2123	8023	12
STNUUUU	2124	8023	12
shiguang	2125	8023	12
djwcb	2126	8023	12
deathwaiter	2127	8023	12
PAVLINGOD	2128	8023	12
VoLuMiZer	2129	8023	12
Blindman	2130	8023	12
darkknight	2131	8023	12
Boomaye	2132	8023	12
Paulamu	2133	8023	12
shiinaringo	2134	8023	12
noSwang	2135	8023	12
Bloody	2136	8023	12
leaf	2137	8023	12
Peplicious	2138	8022	12
WBEuKvecIIJ	2139	8022	12
ProMiseME	2140	8022	12
wfwf10	2141	8022	12
Ursk	2142	8022	12
Duongdaidot	2143	8022	12
Zixi	2144	8022	12
Axe255	2145	8022	12
好玩遊戲要繼續玩	2146	8022	12
THEGREATJON	2147	8022	12
DaStatzz	2148	8022	12
xixyf	2149	8021	12
guiastrath	2150	8021	12
DrWizard	2151	8021	12
fwduzpwj	2152	8021	12
Qwertyop	2153	8021	12
Snowak11	2154	8021	12
PassionFruit	2155	8021	12
y995	2156	8021	12
jenga	2157	8021	12
MaCheeseMo	2158	8021	12
SirParadox	2159	8021	12
OberherrXenu	2160	8021	12
Swiftwolf	2161	8021	12
Baddy	2162	8021	12
TangoMango	2163	8020	12
AdmrlJackbar	2164	8020	12
Tullius	2165	8020	12
木华	2166	8020	12
WJJBILL	2167	8020	12
boppol	2168	8020	12
Valstrax	2169	8020	12
ManuelDoseph	2170	8020	12
sakuralu	2171	8020	12
Elleazarz	2172	8020	12
神抽到你崩潰	2173	8020	12
Dedi	2174	8020	12
Rumata	2175	8020	12
Ropantsu	2176	8020	12
Gsniggs	2177	8020	12
Recab	2178	8020	12
Jane	2179	8020	12
Delecto	2180	8020	12
BulletMagnet	2181	8020	12
FluffyDragon	2182	8020	12
Junon	2183	8019	12
Fauxy	2184	8019	12
JadeDrake	2185	8019	12
GreyStag	2186	8019	12
saen	2187	8019	12
FREYA	2188	8019	12
Bboyplate22	2189	8019	12
Juzi	2190	8019	12
YiJinYeXing	2191	8019	12
LiZi	2192	8019	12
yilingsama	2193	8019	12
Dinari777	2194	8019	12
Dank	2195	8019	12
Spleensoup	2196	8019	12
Orano	2197	8019	12
Hang	2198	8019	12
bringy	2199	8019	12
tucker	2200	8019	12
Bleurgh	2201	8018	12
Chuzox	2202	8018	12
xue24hao	2203	8018	12
CNcutyAmumu	2204	8018	12
Costco	2205	8018	12
ZardoZ	2206	8018	12
EternalBlue	2207	8018	12
Zagybr	2208	8018	12
GeekRoy	2209	8018	12
Raxakuka	2210	8018	12
Joe	2211	8018	12
Bobeato	2212	8017	12
Vcat	2213	8017	12
Nestor	2214	8017	12
Argentina	2215	8017	12
氣泡精靈	2216	8017	12
Time	2217	8017	12
UhOh	2218	8017	12
Klowner	2219	8017	12
anonym	2220	8017	12
GraineGivrée	2221	8017	12
NightKnight	2222	8017	12
Daddy	2223	8017	12
LoreLord	2224	8017	12
Zerotan	2225	8017	12
Jayhova	2226	8017	12
Sarevok	2227	8017	12
Valmor	2228	8017	12
Spagooti	2229	8016	12
LANNCE	2230	8016	12
Scavengerhut	2231	8016	12
YppleWoo	2232	8016	12
xiaochou2024	2233	8016	12
Kr1s	2234	8016	12
Verdantfore	2235	8016	12
SmokeDinzhen	2236	8016	12
kokkolino	2237	8016	12
ratainmunda	2238	8016	12
JagerBomber	2239	8016	12
oinky	2240	8016	12
FlynnBoyo	2241	8016	12
Noleafclover	2242	8016	12
FakeSupp	2243	8016	12
CoolMintKid	2244	8016	12
Korik	2245	8016	12
Zenovitalis	2246	8016	12
Haritsuke	2247	8016	12
CervaBoy	2248	8016	12
Zavious	2249	8016	12
sippstrassi	2250	8015	12
Panther	2251	8015	12
Kristoff	2252	8015	12
暴雪尼玛死了	2253	8015	12
Leimeimei	2254	8015	12
sbbaoxuernm	2255	8015	12
Flipps	2256	8015	12
supertito7	2257	8015	12
MonkeyScream	2258	8015	12
SkyKoopa	2259	8015	12
AugustaVK	2260	8014	12
Triscuits	2261	8014	12
Shark	2262	8014	12
ĸizō	2263	8014	12
kakaka	2264	8014	12
apple	2265	8014	12
SpookyPoodle	2266	8014	12
Learns	2267	8014	12
VGxODIN	2268	8014	12
TAN	2269	8014	12
Lee	2270	8014	12
Drew	2271	8014	12
Zumgui	2272	8014	12
MattLB	2273	8013	12
walletgone	2274	8013	12
XangelnagiX	2275	8013	12
Fuglackh	2276	8013	12
pnizasdarr	2277	8013	12
eRqRofH	2278	8013	12
DovahKrab	2279	8013	12
DEATHDEALER	2280	8013	12
CrackVenom	2281	8013	12
HikerTrash	2282	8013	12
BTF	2283	8013	12
Odyssey	2284	8013	12
Ghostieha	2285	8013	12
Sergiiy	2286	8013	12
Shadein	2287	8012	12
JohnFox	2288	8012	12
Viridae	2289	8012	12
JuhjuhjuhJoa	2290	8012	12
netzach	2291	8012	12
nqqlbqwqdggy	2292	8012	12
YYKFCCTV	2293	8012	12
PPIIGG	2294	8012	12
REN	2295	8012	12
About12Cats	2296	8012	12
Delonce19	2297	8012	12
Keiranth	2298	8012	12
Nevermore	2299	8012	12
Sinnaabun	2300	8012	12
timtwins	2301	8012	12
Night	2302	8011	12
Elysia	2303	8011	12
mmf	2304	8011	12
PourAlice	2305	8011	12
Lonewolf003	2306	8011	12
Wallows	2307	8011	12
MattSalsa	2308	8011	12
DoJo	2309	8011	12
cero222	2310	8011	12
KaizoQueen	2311	8011	12
Zygomatic	2312	8011	12
Moez	2313	8011	12
Blakef93	2314	8011	12
Zezima	2315	8011	12
MaXueSheng	2316	8011	12
MangoFreshTV	2317	8010	12
Tabemono	2318	8010	12
Zachart	2319	8010	12
Niub	2320	8010	12
Loghn	2321	8010	12
Arkae	2322	8010	12
Hellfire6972	2323	8010	12
metaldani	2324	8010	12
重生我是小白杏核	2325	8010	12
RabbitSuu	2326	8010	12
rhino	2327	8010	12
sea	2328	8010	12
DRock84	2329	8010	12
SkyFarfadet	2330	8010	12
Dmace	2331	8010	12
Konvicka	2332	8010	12
cotton	2333	8010	12
Quillboard	2334	8010	12
Larry	2335	8010	12
Atboy159	2336	8010	12
Prizz	2337	8009	12
Pharoahzen	2338	8009	12
dblstufforeo	2339	8009	12
lch404nf	2340	8009	12
希加加	2341	8009	12
来自东方	2342	8009	12
qwq	2343	8009	12
WIZARDSNIPEZ	2344	8009	12
K2CO3	2345	8009	12
Tokki	2346	8009	12
Jaystew	2347	8009	12
Dragon	2348	8009	12
GhostDragon	2349	8009	12
cys1127	2350	8009	12
Sean	2351	8009	12
Vorpallord	2352	8009	12
Chong	2353	8009	12
ghostsandwch	2354	8008	12
xviii	2355	8008	12
Cassiopeia42	2356	8008	12
Ultibattle	2357	8008	12
CyaDiana	2358	8008	12
GonzoSacin	2359	8008	12
	2360	8008	12
Ripper	2361	8008	12
BurgerKahn	2362	8008	12
MushySmushy	2363	8008	12
Joe	2364	8008	12
Timsman	2365	8008	12
Havoc	2366	8008	12
TechnoYT	2367	8008	12
smeer	2368	8008	12
Hoff	2369	8008	12
epiphanyplx	2370	8007	12
TheAardvark	2371	8007	12
Loser6plus	2372	8007	12
tom	2373	8007	12
cospply	2374	8007	12
asdagg	2375	8007	12
TimeDevourer	2376	8007	12
orxfa	2377	8007	12
Meng	2378	8007	12
Sec0ndsleft	2379	8007	12
PERP	2380	8007	12
mccdizzl3	2381	8007	12
Chaosette	2382	8007	12
Frost	2383	8007	12
Trial	2384	8007	12
Cavalier	2385	8007	12
Eibitran	2386	8007	12
Otto42	2387	8006	12
Alfeeel	2388	8006	12
Lous	2389	8006	12
uncle857	2390	8006	12
BLZsima	2391	8006	12
Dacaibi	2392	8006	12
wujiakegui	2393	8006	12
Shonks	2394	8006	12
GrumpyMonk	2395	8006	12
Bohn	2396	8006	12
Zerito	2397	8006	12
Liam	2398	8006	12
VierJodan	2399	8006	12
sssssssss9	2400	8006	12
WeewuuWeeWuu	2401	8006	12
Jpfarah	2402	8005	12
zulukiwi	2403	8005	12
Sunny	2404	8005	12
shunda	2405	8005	12
Joker	2406	8005	12
Renee	2407	8005	12
skiFF	2408	8005	12
AwesumPossum	2409	8005	12
Melatonin	2410	8005	12
Doobieqc	2411	8005	12
sinpou	2412	8005	12
insightz	2413	8005	12
Magpie	2414	8004	12
Hobobaggins	2415	8004	12
Amia	2416	8004	12
Raggy0100	2417	8004	12
Fath6r	2418	8004	12
SBBAOXUE	2419	8004	12
Merlin	2420	8004	12
DJWCB	2421	8004	12
DropDedShred	2422	8004	12
Feels	2423	8004	12
PastorAdam	2424	8004	12
Raven	2425	8004	12
IceEarthGuar	2426	8004	12
Cosmonaut	2427	8004	12
Skullspawn	2428	8004	12
Noodle	2429	8004	12
UDH	2430	8004	12
Mari	2431	8004	12
vlladonx	2432	8004	12
GeeFry	2433	8003	12
Heisenberg	2434	8003	12
stucrab	2435	8003	12
XIAOSE	2436	8003	12
WYKnothing	2437	8003	12
深夜花屋	2438	8003	12
HiAmCHENKE	2439	8003	12
Brownie	2440	8003	12
Illegalbloom	2441	8003	12
Moonstone	2442	8003	12
DeMone	2443	8003	12
MadCat	2444	8002	12
BeepBoopBoop	2445	8002	12
SymondtY	2446	8002	12
fxxkbaoxue	2447	8002	12
Magician	2448	8002	12
SANS	2449	8002	12
MATaba	2450	8002	12
ryougishiki	2451	8002	12
IAMATRASHDPS	2452	8002	12
MightyElf	2453	8002	12
＄（＾＿＾）＄	2454	8002	12
Ippo	2455	8002	12
cheapcontact	2456	8002	12
toni	2457	8002	12
Omega	2458	8002	12
pigpen	2459	8002	12
Artacool	2460	8002	12
sXTitan	2461	8002	12
Premara	2462	8002	12
Ehss	2463	8001	12
Terry	2464	8001	12
demonium71	2465	8001	12
AppLE	2466	8001	12
Siuuuuu	2467	8001	12
Kazuha	2468	8001	12
romantic	2469	8001	12
Gk1	2470	8001	12
SuperMage	2471	8001	12
drdr3idel	2472	8001	12
Deth	2473	8001	12
Asthedream	2474	8001	12
PHILtheTANK	2475	8001	12
Paupy	2476	8001	12
massta0811	2477	8001	12
Divine00	2478	8001	12
Dezo16	2479	8001	12
SmithySmurf	2480	8001	12
Molizane	2481	8000	12
Feythe	2482	8000	12
jlee2394	2483	8000	12
Deathknight	2484	8000	12
ゴーストパンツ	2485	8000	12
Prisoner	2486	8000	12
ZHYES	2487	8000	12
Taylor	2488	8000	12
Copperwhiske	2489	8000	12
luoye	2490	8000	12
HappyShower	2491	8000	12
YoYoZhang	2492	8000	12
OverLord	2493	8000	12
Darking7u7o	2494	8000	12
sharkbyte	2495	8000	12
ttllittle	2496	8000	12
Yeska	2497	8000	12
wtfbill	2498	8000	12
Assertonsin	2499	8000	12
Waderaide	2500	8000	12
Lycann32	2501	8000	12
bLAKERS	2502	8000	12
Bonvil	2503	8000	12
EducatedC	1	19327	13
SaphirexX	2	19319	13
Mia	3	19137	13
Jared096	4	19116	13
Jared095	5	19055	13
xiaoming	6	19018	13
xiaoming	7	18986	13
UpsetKing	8	18882	13
BenRen	9	18172	13
PaleGuyHi	10	18029	13
willxking	11	17783	13
MissBowers	12	17457	13
SaS	13	17454	13
ToumaKazusa	14	16717	13
kkmzd	15	16451	13
koyomi	16	16404	13
斯文禽兽	17	16392	13
Soteca	18	16385	13
Taupe	19	16341	13
OMG	20	16263	13
Rogul	21	16261	13
Maisie	22	15999	13
Trudes	23	15847	13
Night	24	15762	13
Neo	25	15522	13
SwankyTiger	26	15460	13
優秀的榜一	27	15320	13
逸尘大宝贝儿	28	15305	13
AtheistCleri	29	15084	13
Kinkade	30	15081	13
Ying	31	15017	13
Spicetacular	32	15006	13
Jato	33	15001	13
JoffreyKing	34	14833	13
immortalsam	35	14679	13
GenshinxiaoL	36	14673	13
WDGlobster	37	14661	13
Itim	38	14562	13
lordjarbinks	39	14457	13
Pistonsport	40	14315	13
mUdQuAza	41	14309	13
Tuns	42	14307	13
sydanten	43	14285	13
Sleet	44	14265	13
EBFRLH11	45	14261	13
ayy	46	14223	13
thefool	47	14161	13
VerB	48	14142	13
DriedOrange	49	14089	13
Genshinfy	50	14059	13
Shen	51	13817	13
Grtwalofchna	52	13791	13
fireball901	53	13785	13
Rayna	54	13775	13
Lesmana	55	13666	13
NoahSchwartz	56	13624	13
DumplingDan	57	13448	13
ちぇいん	58	13411	13
kfcVme50	59	13371	13
Revolltzz	60	13353	13
Griddion	61	13348	13
Veggielord	62	13333	13
LeandroLeal	63	13293	13
枯燥的煙霧色老鷹	64	13267	13
brodo	65	13227	13
zark	66	13222	13
Tyler	67	13213	13
Mia	68	13188	13
PromiseLily	69	13183	13
Deathless	70	13161	13
Melanie	71	13134	13
QuirkyOrc	72	13132	13
Icewind	73	13115	13
Zachiswack	74	13064	13
Epicman	75	13042	13
Elysia	76	13015	13
Bryan	77	13009	13
HapaBear	78	12981	13
Emileminem	79	12973	13
edvango	80	12973	13
waterP	81	12931	13
cx000	82	12918	13
Jisoo	83	12916	13
OyamaMahiro	84	12907	13
FlasherPerv	85	12849	13
Chtholly	86	12849	13
Ameng	87	12799	13
LazyTitan	88	12796	13
sandrin	89	12783	13
Pookie	90	12782	13
StarDuck	91	12732	13
Dolan	92	12707	13
suan666	93	12630	13
BDY	94	12625	13
ISNTRAEL	95	12610	13
DoctorYilong	96	12595	13
Xinyu	97	12588	13
SurfInStorms	98	12572	13
Whobetter	99	12570	13
shinEE	100	12567	13
godtao	101	12525	13
SISII	102	12525	13
Rickymista	103	12515	13
CoachCory	104	12513	13
Braver	105	12502	13
DiaTech	106	12481	13
Dsyexlia	107	12476	13
nainiu	108	12454	13
cree	109	12435	13
Pickz	110	12400	13
Komari	111	12382	13
HERO	112	12356	13
Goldy	113	12354	13
nugget	114	12350	13
Rebelized	115	12350	13
PurginKeizer	116	12308	13
YYJMVP	117	12302	13
ZeNiTHOne	118	12239	13
Akeno	119	12210	13
สมชาย	120	12186	13
Superbig	121	12179	13
vMx	122	12165	13
ChristosG3	123	12148	13
NavyElk	124	12145	13
OldWhig	125	12141	13
natlog	126	12128	13
awedragon	127	12107	13
DannyOkay	128	12089	13
Đestroyer	129	12080	13
BigMacBunko	130	12074	13
Zdy	131	12035	13
jww	132	12025	13
HaapaE	133	12000	13
sXTitan	134	11996	13
Suspensible	135	11953	13
Poehog	136	11926	13
Alibrain	137	11925	13
blackmamba	138	11922	13
Karma	139	11911	13
xiaoyu	140	11895	13
Kingu	141	11889	13
ZXZjjz	142	11888	13
marvel	143	11869	13
Pikkuhousut	144	11868	13
BeetleKing	145	11867	13
RaviG37	146	11857	13
snownight	147	11847	13
Echoist	148	11833	13
bamboo	149	11803	13
Tyrone	150	11793	13
FlyingStars	151	11770	13
deadhard	152	11767	13
SourBoutThat	153	11749	13
AutoCAD	154	11746	13
Doinkboink	155	11743	13
FlaxHydra	156	11737	13
SrKah	157	11730	13
Orangutan	158	11727	13
IGzang	159	11724	13
djpandaa	160	11719	13
hollowknight	161	11718	13
Thatfrogkurt	162	11712	13
Nekarcos	163	11704	13
Vikester	164	11703	13
SupēsuǃDandi	165	11702	13
tsreyrtsy	166	11684	13
Draik	167	11682	13
Will	168	11667	13
Magequit	169	11662	13
Darkness	170	11641	13
kadasplayer	171	11641	13
Orson	172	11641	13
Gtmhs	173	11636	13
ChickenMagic	174	11634	13
Kami	175	11629	13
namabili	176	11618	13
Wizerdlol	177	11598	13
BFMoses	178	11596	13
LunaDial	179	11586	13
Sovq	180	11579	13
LeGeneralTao	181	11546	13
MarkMarkMark	182	11539	13
Listener	183	11537	13
ZEROTWO	184	11532	13
Phizy	185	11519	13
eraz	186	11510	13
Cosmic	187	11502	13
pooh	188	11485	13
YummYumms	189	11479	13
OWL	190	11477	13
smeer	191	11477	13
wwww	192	11462	13
kkt	193	11461	13
funcson	194	11433	13
ShuangYu2020	195	11425	13
ludoufu	196	11419	13
amvega	197	11394	13
stravv	198	11393	13
Bellers	199	11392	13
Dramatic	200	11389	13
Dricen	201	11386	13
Micen	202	11385	13
JumpyWizard	203	11379	13
Mythic	204	11373	13
Pyper	205	11364	13
JoeTFK	206	11352	13
whitedvl	207	11347	13
SyneLau	208	11328	13
hhsuper	209	11327	13
neverenough	210	11326	13
LordofMath	211	11325	13
abao	212	11323	13
ZeroBeat	213	11306	13
B2J	214	11285	13
NollReed	215	11282	13
Flash	216	11279	13
BeepImaJeep	217	11274	13
djwcb	218	11271	13
XIAOYU	219	11268	13
DeliciousBun	220	11259	13
l0v77	221	11246	13
Fungo	222	11244	13
RogueAI	223	11239	13
Wattleninja	224	11237	13
Dattypham	225	11233	13
Rekt	226	11233	13
WolfWhite	227	11223	13
Thealamo	228	11219	13
MrAmlice	229	11219	13
Hamsterboat	230	11217	13
ConcernedApe	231	11213	13
Youna	232	11212	13
StudioBR	233	11210	13
Panzerbjorn	234	11202	13
farb	235	11201	13
LucasMorais	236	11194	13
阿怪	237	11188	13
qwq	238	11170	13
banxia	239	11158	13
Nightwalk	240	11141	13
Jdn	241	11130	13
Taleraethian	242	11127	13
skirmglad	243	11123	13
FlyinPenguin	244	11122	13
RuYaSuiHe	245	11120	13
Ditto	246	11110	13
GavinLi	247	11106	13
chinatrump	248	11104	13
WildWolf	249	11099	13
Archduck	250	11095	13
mousehunter	251	11088	13
JamesX	252	11075	13
zlsjs	253	11074	13
Avenger	254	11069	13
Justin	255	11067	13
Pres	256	11059	13
clong2	257	11052	13
kenwu	258	11049	13
Deadlion0	259	11043	13
Razputin	260	11035	13
Talos	261	11026	13
Mythra	262	11021	13
magates	263	11019	13
wtybill	264	11017	13
JiaYingLG	265	11013	13
Jéssica	266	11012	13
Hun4onepiece	267	11009	13
EpicBlur	268	11003	13
kaitkat	269	10998	13
Hiebie	270	10998	13
Woah	271	10994	13
Cartman	272	10993	13
destiny	273	10992	13
Wrackle	274	10977	13
hillside	275	10962	13
Adney	276	10960	13
Evolution	277	10948	13
Magyk	278	10945	13
GobboJuggler	279	10933	13
Pingu	280	10921	13
MCHO	281	10920	13
LLAYOR	282	10909	13
dulcet	283	10906	13
Ninyad	284	10903	13
Vraxtus	285	10900	13
Pisci	286	10900	13
zogerreng	287	10897	13
JackShaw	288	10897	13
laveyCai	289	10896	13
Nassi	290	10896	13
Gazu	291	10889	13
Thow	292	10879	13
Chickenugget	293	10868	13
Orange	294	10861	13
kevin359	295	10849	13
metroid34	296	10843	13
ocFRCGryC	297	10843	13
BattleLucio	298	10827	13
MadCat	299	10825	13
qingqiu	300	10823	13
Stryder	301	10820	13
Nakazato	302	10816	13
lcfc	303	10812	13
Bernard	304	10811	13
Love2Receive	305	10802	13
Samx94	306	10799	13
白皮猪是又菜又笨	307	10798	13
Wizrod	308	10797	13
Generations	309	10794	13
Sukh	310	10788	13
Baconbot	311	10787	13
TWOindaP1NK	312	10786	13
Tony	313	10780	13
Stevezone360	314	10776	13
Formic	315	10774	13
Romanoodle	316	10774	13
jongster3908	317	10771	13
WHRoger	318	10768	13
chutian	319	10762	13
Smeak	320	10759	13
waaaade	321	10751	13
Mikmik	322	10745	13
mar1zzle	323	10740	13
DEATHDOS	324	10738	13
SPNKrX117	325	10737	13
noSwang	326	10737	13
cchatts	327	10736	13
Will	328	10735	13
wuma	329	10735	13
EZ3	330	10732	13
HunT	331	10723	13
callous	332	10711	13
KBril	333	10700	13
Targs	334	10685	13
oligg	335	10679	13
vibes	336	10675	13
oldguard	337	10662	13
TheYoungWolf	338	10653	13
Neko	339	10652	13
iktb	340	10651	13
Tommyvy	341	10636	13
natsing	342	10633	13
may	343	10632	13
Infernooo	344	10630	13
Larry	345	10626	13
CyanOrc	346	10617	13
GOx2001	347	10615	13
LeftyFC	348	10611	13
RedAstro	349	10606	13
kenboneurmom	350	10600	13
lioxvve	351	10600	13
ViKNG	352	10597	13
kat	353	10571	13
PocketPain	354	10565	13
NZoth	355	10564	13
DentalPlan	356	10564	13
Fainal	357	10563	13
FrozenTomato	358	10557	13
JMT123456789	359	10557	13
Kakrow	360	10546	13
JustinSP125	361	10545	13
TimeDevourer	362	10535	13
lordboogar	363	10534	13
HiddenSquid	364	10530	13
HuNter	365	10530	13
Storm	366	10524	13
YourKing	367	10524	13
Crqb	368	10522	13
LaKu	369	10517	13
Ryō	370	10515	13
Alaala	371	10514	13
lovelytian	372	10504	13
zaoplayer	373	10502	13
micreds	374	10498	13
ProcessTrust	375	10482	13
PaidActor	376	10477	13
Aceofsword	377	10475	13
SomPirate33	378	10474	13
JokerFace	379	10472	13
Kaoes	380	10469	13
Cibis	381	10462	13
Appleonly	382	10461	13
KyloRen	383	10459	13
barnsie	384	10451	13
Asyrusuna	385	10450	13
BreadMan	386	10442	13
shadowfury	387	10442	13
easy	388	10439	13
Westray	389	10439	13
Mugiwara	390	10438	13
JacobSopher	391	10434	13
machi	392	10433	13
Ealmighty	393	10430	13
fullmetaljon	394	10414	13
BensonBurger	395	10413	13
ŶĤŴĤ	396	10407	13
LVGE	397	10403	13
JakePaul	398	10401	13
nutEaaron	399	10392	13
Juanita	400	10391	13
Plant	401	10386	13
更喜欢狗是吗	402	10385	13
Pandax	403	10382	13
AngryTurtle	404	10379	13
Nihilism	405	10378	13
Evilmypriest	406	10374	13
JEANXIII	407	10371	13
RaveWars	408	10360	13
JSafety	409	10359	13
WillToWin	410	10359	13
PataPataPon	411	10354	13
bbaanngg	412	10351	13
SnarkyGoblin	413	10342	13
tatakai	414	10339	13
Duongdaidot	415	10308	13
reick	416	10306	13
cyv97	417	10305	13
Deadpool805	418	10303	13
Dandlewood	419	10303	13
DarkVan	420	10302	13
TemporaryFun	421	10301	13
Ventz	422	10298	13
shakezula	423	10297	13
Katie	424	10296	13
BeigeEagle	425	10290	13
NoctuleDrôle	426	10281	13
Drawman	427	10278	13
Hobotus	428	10278	13
LeoWang	429	10271	13
YeZo	430	10270	13
longweed	431	10266	13
MasterWu	432	10261	13
Moorden	433	10260	13
Fynance	434	10256	13
FrozenDevl	435	10251	13
notxxg	436	10250	13
UoU	437	10247	13
Unstark	438	10247	13
Deakku	439	10243	13
VOIDNESS	440	10239	13
Reraise	441	10238	13
Frank	442	10237	13
Robin	443	10236	13
TamaSong	444	10235	13
Tcon2	445	10227	13
znemoz	446	10225	13
Konodioda	447	10222	13
ninjagods	448	10219	13
Hearthstoner	449	10213	13
Staples	450	10209	13
xomor	451	10209	13
MightyElf	452	10206	13
fire105	453	10197	13
heartstone	454	10197	13
walletgone	455	10193	13
Liewin	456	10191	13
Kwynter	457	10180	13
limpgrimp	458	10179	13
Bweenus	459	10175	13
Lunatik5080	460	10173	13
Fsouza	461	10170	13
AgiDex	462	10167	13
Innkeeper	463	10167	13
bendandcough	464	10166	13
turtletime99	465	10166	13
PredatuX	466	10165	13
藍小熊	467	10162	13
Sandro	468	10160	13
ViviX	469	10155	13
zardSB	470	10153	13
Zion	471	10153	13
Slayergramps	472	10152	13
Noblepeasant	473	10150	13
baoer	474	10149	13
Levi	475	10148	13
Namikaze	476	10146	13
aitus	477	10145	13
MrAnimal	478	10145	13
ONEindaST1NK	479	10141	13
jeebus	480	10126	13
Pokkin	481	10125	13
Feels	482	10124	13
Tokki	483	10124	13
nXShadows	484	10124	13
Sherms3	485	10120	13
bob	486	10119	13
ȂŊŦȆȂŦȎȒ	487	10114	13
Fratios	488	10112	13
간소한태도	489	10111	13
Cp7	490	10111	13
Passionate	491	10106	13
TopDeckGod	492	10102	13
Moon	493	10100	13
novato	494	10099	13
Pochita	495	10097	13
LiAlH4	496	10096	13
GoldRogue	497	10092	13
Leo	498	10086	13
GEGURI	499	10081	13
pat5765	500	10080	13
Violentrabbi	501	10077	13
Sean	502	10075	13
pacman	503	10074	13
	504	10068	13
Elon	505	10065	13
colibri	506	10063	13
Pete	507	10061	13
Dinari777	508	10059	13
dutpotd	509	10059	13
Ganhiko	510	10057	13
StangGeef	511	10055	13
zxcsed	512	10051	13
Shadow	513	10050	13
GUIXIN	514	10050	13
FilthyFish	515	10046	13
Viczha99	516	10041	13
AnNVZZH	517	10040	13
jeffrojones	518	10040	13
Rookie13	519	10038	13
alexwow36	520	10037	13
Cyaegha	521	10036	13
huuga	522	10036	13
XTianE	523	10035	13
LastEmperor	524	10035	13
Rastafoo	525	10034	13
PICKLESyoo	526	10034	13
Brownies	527	10034	13
Youreducked	528	10031	13
zouboulitsa	529	10030	13
Baguette	530	10029	13
Eleezus	531	10029	13
RSPurnikus	532	10028	13
BuffaloKill	533	10026	13
Brayle	534	10025	13
dave14810	535	10023	13
Kerrigan	536	10022	13
Roxas	537	10020	13
MiniNinja	538	10017	13
Koawla	539	10017	13
Illya	540	10014	13
wcgod	541	10012	13
Selune	542	10012	13
Nashbeez	543	10010	13
royerdr1	544	10009	13
angelFly	545	10008	13
uwzgqu	546	10007	13
GreyBeast	547	10007	13
Fluy	548	10007	13
Cartier	549	10005	13
Faker97	550	10005	13
Liakusha	551	10003	13
TaTeeUnit	552	10002	13
Candyyman	553	10001	13
Godgun	554	10001	13
jeorge	555	9997	13
Bleurgh	556	9992	13
Fortify77	557	9992	13
Gilig	558	9990	13
Napa	559	9985	13
joe	560	9977	13
Andros	561	9970	13
KunkunCo	562	9968	13
jellyfish	563	9965	13
mikelol	564	9963	13
NickConti	565	9962	13
EvlCatsrmd99	566	9960	13
JerryL	567	9958	13
Nalvskv	568	9956	13
Nightshade17	569	9954	13
Cheekypete	570	9950	13
danylll	571	9949	13
Exodius003	572	9944	13
smashcroc	573	9944	13
Archer	574	9942	13
Sakamoto	575	9940	13
Deadheadd	576	9939	13
mistahfinkle	577	9934	13
ApexPredator	578	9930	13
JVCouto	579	9930	13
Fatalocity	580	9925	13
ByefOreSt	581	9920	13
LoveWe	582	9917	13
HiSean	583	9916	13
GrayBear	584	9914	13
ChiefCubone	585	9907	13
Terraria	586	9906	13
Dreamjokerz	587	9906	13
IMainSniperz	588	9900	13
Niclmaki	589	9894	13
DaStatzz	590	9894	13
Roofish4	591	9893	13
proASirTY	592	9893	13
mrdrchef	593	9892	13
SupaFly	594	9885	13
Gentleducks	595	9881	13
kaitou	596	9878	13
Wewmen	597	9872	13
Excaliber87	598	9871	13
木头人	599	9871	13
iTzSketchy	600	9869	13
INChina	601	9866	13
xiaofeixia	602	9859	13
jingCen	603	9853	13
Demian	604	9852	13
Limebleach	605	9851	13
ULHairyBlob	606	9850	13
DocTheBeard	607	9849	13
dogthiefcool	608	9847	13
熱切的單寧色貓咪	609	9841	13
SuperMage	610	9840	13
lzfcb	611	9840	13
Moonlight	612	9840	13
Happy1Up	613	9830	13
RobotMurloc	614	9829	13
gnahihz	615	9827	13
FalconCrux	616	9822	13
xiaoliaoo	617	9822	13
TheFishIsBig	618	9813	13
AFKay	619	9809	13
Zagybr	620	9807	13
sPwism	621	9804	13
WantaSpud	622	9804	13
Grego	623	9801	13
Lucky	624	9800	13
DragonGold7	625	9797	13
MildSambal	626	9796	13
HolyStrike	627	9794	13
LeFlipFlop	628	9792	13
Happystarcat	629	9790	13
SoloMatt	630	9780	13
Longcon69	631	9775	13
HolyCouto	632	9770	13
jmargaris2	633	9769	13
hexil1	634	9764	13
Last	635	9760	13
Adro	636	9760	13
青雀	637	9758	13
BobMyFriend	638	9756	13
Bubbo	639	9756	13
EckoEcko	640	9755	13
Jimmimie	641	9748	13
Luigi	642	9748	13
Thomas307	643	9748	13
Crow	644	9745	13
Dalykas	645	9744	13
shadow	646	9742	13
WinstonJR	647	9741	13
Epicbrucey	648	9737	13
yilidandan	649	9735	13
Abby	650	9734	13
Exteil	651	9730	13
paivosa	652	9729	13
我想交朋友	653	9726	13
SpamJavellin	654	9726	13
KidA	655	9724	13
NarakuSoul	656	9723	13
BrodyW	657	9722	13
Bruhffalo	658	9722	13
TylerLyons	659	9721	13
Undecided	660	9720	13
cougars002	661	9709	13
Jaybo	662	9709	13
trixyz	663	9703	13
Rehab	664	9699	13
CmdrKeint	665	9696	13
bagett111	666	9696	13
Deitus	667	9696	13
Flipps	668	9695	13
IlIlIlIlIl1	669	9690	13
Nothing	670	9687	13
xCrookyx	671	9686	13
CaoSiNiM	672	9686	13
bdw	673	9684	13
Brutus	674	9677	13
邪惡的灰色老鷹	675	9676	13
Shakalo	676	9675	13
Floofy	677	9675	13
Roman	678	9674	13
ProbeTier	679	9673	13
Ippo	680	9671	13
Defila	681	9667	13
stabbylottie	682	9666	13
火翼维克多	683	9662	13
ruite	684	9658	13
DjwSB	685	9658	13
Threebody	686	9658	13
FakeDoctor	687	9658	13
Qbear99	688	9653	13
ShadowStorm	689	9653	13
ckxtalents	690	9651	13
Okaerinasai	691	9648	13
dsfgs	692	9644	13
Ryderzor	693	9639	13
Orc	694	9638	13
bsn	695	9637	13
SuperMage	696	9636	13
Rijokev	697	9626	13
ThirdGathers	698	9626	13
SmellyPanda	699	9625	13
B4byPunch3r	700	9625	13
Footwerk	701	9625	13
SerenaJoy	702	9624	13
Solidituary	703	9624	13
WatsupDennys	704	9620	13
TooNinja	705	9620	13
LuckyOwl	706	9618	13
サタケ	707	9617	13
bLooD	708	9610	13
WhoIAm	709	9610	13
Imarines	710	9606	13
Pillow	711	9603	13
卢本伟	712	9601	13
Alphonse	713	9598	13
CaLaMaJO	714	9597	13
GhostDragon	715	9597	13
burning	716	9592	13
Salvation	717	9591	13
Molotov	718	9589	13
WolfofWallst	719	9588	13
sBCAFqjq	720	9587	13
NeedB4Greed	721	9587	13
a1659041294	722	9586	13
MiCuWanZi	723	9586	13
Cherb	724	9585	13
Js1499	725	9584	13
LeGAT	726	9582	13
ZerusGamer	727	9582	13
Ascius	728	9576	13
TheWord	729	9575	13
RightHandMan	730	9574	13
RenegadeFunk	731	9573	13
kunkun	732	9572	13
nightwalkdad	733	9568	13
Shamrock	734	9568	13
TheStampede	735	9566	13
Саня	736	9564	13
Armorman	737	9556	13
MisplayMaker	738	9555	13
pluto	739	9555	13
Excalibur	740	9554	13
Pharaoh	741	9553	13
Leandro	742	9552	13
CntrlVee	743	9549	13
eeveecute	744	9549	13
Sminoff	745	9549	13
RadDad	746	9548	13
Chovasboy	747	9547	13
TastyTyrone	748	9545	13
Fleetwood2	749	9543	13
zerodark	750	9541	13
Shadow	751	9541	13
jpdavil4	752	9539	13
Jethro	753	9539	13
Leostel	754	9539	13
ChessMan	755	9533	13
Oliveira	756	9530	13
WarMaster	757	9526	13
Ganymedes	758	9525	13
Slimbeef	759	9523	13
Peachy	760	9521	13
Fudgedup	761	9519	13
andre	762	9518	13
happaly	763	9512	13
TheShark	764	9507	13
DECAYINGNITE	765	9505	13
IntenseToast	766	9505	13
XangelnagiX	767	9502	13
zmaqq	768	9502	13
Golden	769	9500	13
Jibbles	770	9499	13
Beowolf	771	9499	13
abdessamad1	772	9497	13
fatgiraffe	773	9497	13
HDayes	774	9496	13
jay789111	775	9492	13
Asthedream	776	9492	13
bensra	777	9491	13
Jayhova	778	9491	13
PlayMacro	779	9489	13
MoralSupport	780	9489	13
Cookieman	781	9489	13
LoganPaul10	782	9487	13
trapflag	783	9482	13
RealityBreak	784	9482	13
slugsir	785	9481	13
JoeSchmoe	786	9481	13
Beefy	787	9479	13
WillyHayliam	788	9476	13
Multivites	789	9475	13
Porphyro	790	9474	13
DovahKrab	791	9470	13
XHSKY	792	9469	13
Wells	793	9467	13
YouZhaWanZi	794	9467	13
苟利国家	795	9466	13
Gallows	796	9463	13
Moggo	797	9463	13
Quin	798	9460	13
skyrent	799	9460	13
Charle	800	9459	13
OliveTank	801	9456	13
NowWTF	802	9455	13
MiningProbe	803	9454	13
JMan	804	9452	13
Biu	805	9449	13
stapog	806	9449	13
ProfAlstad	807	9449	13
Mig	808	9446	13
Undercovers	809	9445	13
ShallowDream	810	9444	13
Neravius	811	9443	13
Kun	812	9442	13
Papillon	813	9441	13
SmokeDinzhen	814	9441	13
Finesse	815	9440	13
abucio	816	9438	13
MissMuffins	817	9436	13
ŎwŎ	818	9433	13
Notifer	819	9432	13
Reid	820	9432	13
Iceberg	821	9428	13
CayJubKendal	822	9418	13
i4ni	823	9418	13
厄運束褲	824	9416	13
DubNation	825	9416	13
Stephan	826	9415	13
PolarBear	827	9414	13
Brixtah	828	9413	13
HazeyDreamz	829	9412	13
BoatZ	830	9411	13
LuckyOwl	831	9410	13
JSithe12	832	9408	13
Larryler	833	9404	13
wattershy	834	9402	13
Melonduh	835	9401	13
JStiff	836	9398	13
Diomedes	837	9398	13
Tylord	838	9392	13
wJMSWzDedEeA	839	9390	13
florypalooza	840	9389	13
Better	841	9385	13
aaaaaaa	842	9384	13
Demon	843	9383	13
Bastion	844	9383	13
Klowner	845	9381	13
King	846	9381	13
Paradox	847	9380	13
OnyxStag	848	9378	13
OneMana	849	9376	13
Soape	850	9376	13
SupriseisPHI	851	9375	13
GrabSlowpoke	852	9374	13
Mossjaw	853	9374	13
CuteSlowpoke	854	9373	13
Alcsaar	855	9373	13
FlamaJ	856	9372	13
GUT	857	9371	13
神經巫師	858	9368	13
HuoTuEr	859	9368	13
Spongemon9	860	9364	13
NameAllUsed	861	9360	13
duhduhdamage	862	9357	13
hodor	863	9356	13
Hawking	864	9356	13
Sanrr	865	9354	13
LittlePig	866	9352	13
commE	867	9346	13
ChineseSanta	868	9346	13
Harple	869	9344	13
Omok	870	9343	13
วาฬทมิฬ	871	9340	13
Elysia	872	9336	13
CypressKeys	873	9335	13
wwdenide	874	9335	13
Swedepino	875	9334	13
limingzhiren	876	9333	13
Zip	877	9333	13
MortalPlague	878	9331	13
ZestyMemes	879	9326	13
toddbruster	880	9325	13
Paradoxdoxox	881	9324	13
Allan	882	9324	13
somgi	883	9323	13
Bejorn	884	9322	13
Jonforce44	885	9319	13
WhosMcCree	886	9318	13
Neptune	887	9311	13
Tommycurse	888	9311	13
GrumpyMonk	889	9310	13
三边形战士光头捞	890	9309	13
HiddenPants	891	9307	13
ParasyteByte	892	9306	13
Cheeselad	893	9306	13
JThatDrummer	894	9304	13
TechnoYT	895	9304	13
Fxshy	896	9303	13
ItzFated	897	9302	13
Emberlash	898	9302	13
omniisciient	899	9301	13
shadows797	900	9299	13
Qnigmatic	901	9295	13
Niub	902	9293	13
Ultimaxe	903	9293	13
MediumPurple	904	9292	13
Ufo	905	9291	13
exlic	906	9289	13
KraM	907	9289	13
LilacGhost	908	9288	13
Doughboy39	909	9287	13
MickeyD	910	9285	13
Lee	911	9283	13
MTS	912	9283	13
MHKG	913	9282	13
UTmtnMan	914	9282	13
Arc	915	9280	13
Academia	916	9278	13
Zirconan	917	9278	13
hilalo	918	9277	13
Plasmatic	919	9277	13
Jetsetter	920	9275	13
Eosinic	921	9275	13
Ornitorrink	922	9272	13
xiaohang1031	923	9272	13
DorkDad	924	9272	13
HunkaJunk	925	9272	13
Alessandrovc	926	9266	13
Shieru	927	9265	13
gopherphanny	928	9264	13
critic	929	9261	13
Jokerf60	930	9259	13
Silverhand	931	9259	13
gruntlord6	932	9256	13
diegob6	933	9249	13
Extraordnary	934	9248	13
Nickle	935	9248	13
QHolland	936	9247	13
OrangeHeadz	937	9247	13
Atomicus	938	9240	13
Alifax	939	9239	13
JagerBomber	940	9239	13
Aevon	941	9238	13
Viner16	942	9238	13
Bat	943	9236	13
Odyssey	944	9236	13
Watari	945	9235	13
BlaStoiSe	946	9234	13
Delfru	947	9233	13
rg12138	948	9231	13
bpro	949	9231	13
OpalMage	950	9229	13
GrenDragC	951	9229	13
Eckobeasts	952	9228	13
CervaBoy	953	9227	13
H2O	954	9224	13
ifuwontw	955	9224	13
Thaibro	956	9221	13
GreenTallon	957	9218	13
JBinladen	958	9214	13
Valstrax	959	9213	13
Bunnie	960	9209	13
EdisonChen	961	9207	13
Knives	962	9205	13
Alien	963	9203	13
Kidoist	964	9203	13
blazingsky	965	9201	13
CyaDiana	966	9200	13
wAmpa	967	9198	13
Quintessence	968	9192	13
BillisDiDi	969	9191	13
Kizzit	970	9189	13
LouisLeGros	971	9189	13
SamiteHealer	972	9184	13
Adriann64	973	9180	13
Bromz	974	9178	13
Jatami	975	9177	13
Terrifictaco	976	9176	13
PHH	977	9171	13
Jorrd	978	9171	13
youbadbad	979	9170	13
Kay	980	9169	13
deekim	981	9167	13
NetaGator	982	9165	13
Leimeimei	983	9164	13
SolemnJerk	984	9163	13
Ryu13	985	9160	13
WDH	986	9160	13
Mattwi	987	9158	13
Dialed	988	9156	13
BoomMD	989	9156	13
Silmashiro	990	9153	13
EighthTerenc	991	9150	13
RacerX	992	9149	13
Cleveland	993	9148	13
S0meone	994	9148	13
SixthMonth	995	9147	13
Amia	996	9144	13
ZHSILVER	997	9144	13
Chris	998	9142	13
Zeohi	999	9142	13
Goldfinger	1000	9141	13
yewny	1001	9141	13
Caucasian	1002	9141	13
Seady	1003	9140	13
joeltechYT	1004	9139	13
cotton	1005	9139	13
Pudding	1006	9131	13
Pickletrash	1007	9128	13
Sonik	1008	9127	13
This	1009	9127	13
Salty	1010	9125	13
GrayOrc	1011	9124	13
HomieDixon	1012	9124	13
曹了暴雪的木琴	1013	9123	13
AYAYAAYAYA	1014	9123	13
Sooner04	1015	9123	13
Axe255	1016	9121	13
sovietpotato	1017	9120	13
xxyao	1018	9119	13
Snooder	1019	9119	13
甜心颖颖	1020	9116	13
Fox	1021	9115	13
po1arstar	1022	9114	13
wfwf10	1023	9112	13
lostelk	1024	9112	13
olfa	1025	9110	13
Baydon	1026	9109	13
Other7H	1027	9109	13
Dongling	1028	9109	13
MoistMate	1029	9107	13
Maximus	1030	9105	13
树懒拉臭臭	1031	9105	13
enV	1032	9101	13
Gambuan	1033	9099	13
Kaede	1034	9098	13
Maymay	1035	9095	13
fds	1036	9094	13
Geoatlas	1037	9092	13
Rapthor	1038	9090	13
azwang	1039	9090	13
Calm	1040	9089	13
SIGNULL	1041	9087	13
jeejee	1042	9087	13
Skullcrusher	1043	9086	13
XStormerX	1044	9085	13
Gary	1045	9084	13
WhitePowdy	1046	9084	13
Moo	1047	9083	13
Carefree	1048	9079	13
MANKEANDING	1049	9079	13
Attila2019	1050	9078	13
frostedpetal	1051	9077	13
justin	1052	9076	13
Yolo	1053	9076	13
NT7	1054	9076	13
jahfree	1055	9075	13
spdymeady	1056	9075	13
HeyDorch	1057	9073	13
stickyman	1058	9073	13
CaptFalcon	1059	9070	13
SPROPADOP	1060	9069	13
wasabi	1061	9064	13
MackSmith	1062	9062	13
Darian	1063	9062	13
Ralask	1064	9062	13
Krakenation	1065	9062	13
Creatur33	1066	9057	13
Grudgebearer	1067	9057	13
NLpieguy7	1068	9056	13
Robs	1069	9054	13
Hang	1070	9054	13
Siuuuuu	1071	9051	13
Direfire	1072	9048	13
Qianaihe	1073	9047	13
art2d2	1074	9046	13
AlanAshh	1075	9046	13
Serena	1076	9045	13
Baelrah	1077	9044	13
Galatea	1078	9044	13
bobbyex	1079	9043	13
DeMone	1080	9043	13
djwCB	1081	9042	13
HiddenTroll	1082	9042	13
Bonibelial	1083	9041	13
MagicTurtle	1084	9037	13
Edgewalker	1085	9037	13
Qwark	1086	9036	13
SoSavage	1087	9036	13
Nosadjay	1088	9033	13
Gebels	1089	9033	13
Lnsaab	1090	9033	13
DJWSGDCB	1091	9032	13
Rahn	1092	9031	13
Analyst	1093	9030	13
Zangetsu	1094	9030	13
Rudiniki	1095	9029	13
gknfEhL	1096	9027	13
Tingler	1097	9027	13
TalRasha	1098	9026	13
Chaen	1099	9026	13
Yuher	1100	9025	13
Remedies	1101	9025	13
Bibi	1102	9023	13
Algie	1103	9023	13
Jordinator	1104	9022	13
SilentKing	1105	9022	13
Pick1	1106	9020	13
keemza	1107	9018	13
james	1108	9016	13
Tony	1109	9014	13
DrPuppy	1110	9012	13
goiflin	1111	9012	13
Derp	1112	9012	13
GinoPascu	1113	9011	13
SuMLee	1114	9011	13
XGZ	1115	9008	13
HomeBrewed	1116	9008	13
dotdotdeo	1117	9006	13
crizzzt	1118	9006	13
IceBear	1119	9004	13
Haroldliven	1120	9004	13
ZeroBlue	1121	9003	13
Dividi	1122	9002	13
KWSchnizel	1123	9002	13
Elevory	1124	9000	13
farley	1125	9000	13
YZZ	1126	8998	13
Hammiee	1127	8998	13
Lightning	1128	8997	13
Keit10	1129	8996	13
JetttiTV	1130	8996	13
heheniubi	1131	8995	13
derkalucka	1132	8994	13
Teinosuke	1133	8988	13
Hotelhawaii	1134	8987	13
generalhenry	1135	8986	13
JMillz	1136	8985	13
Yonglesama	1137	8985	13
MrBombadil	1138	8985	13
Sel	1139	8984	13
Putz	1140	8982	13
yukibana	1141	8982	13
Konvicka	1142	8981	13
ゴーストパンツ	1143	8980	13
Unicorn	1144	8978	13
Jace	1145	8978	13
Skibi	1146	8978	13
Arcas	1147	8975	13
positions	1148	8973	13
Aaron	1149	8972	13
SMOEDOTS	1150	8972	13
ItsValky	1151	8970	13
isaac9020	1152	8969	13
Rudenewport	1153	8969	13
Okarma	1154	8968	13
WildWolf	1155	8960	13
azmatticus	1156	8958	13
FrostyFeet	1157	8957	13
Game	1158	8956	13
Falco	1159	8956	13
Biubiu	1160	8952	13
BitterSalt	1161	8950	13
Kr0n0s	1162	8946	13
TheSuspect	1163	8946	13
Eagleslayer	1164	8944	13
Rondini	1165	8944	13
AshLee3	1166	8943	13
Gankr	1167	8940	13
Dashoffury	1168	8939	13
Tranq	1169	8937	13
Nightfoe	1170	8936	13
Mandarin	1171	8936	13
Storme	1172	8935	13
wanderer	1173	8934	13
Tinytaro	1174	8931	13
BBDinyourass	1175	8929	13
myhohoho	1176	8926	13
Boomaye	1177	8925	13
Nathan	1178	8924	13
Holymama	1179	8920	13
Solipsism	1180	8920	13
gigafied	1181	8920	13
Ditwizwaz	1182	8918	13
AVENGEchu	1183	8918	13
Razz	1184	8916	13
ebmiller	1185	8915	13
Arkade	1186	8910	13
Baylife	1187	8909	13
Kwenz	1188	8908	13
Crazycou	1189	8908	13
Jakaso27	1190	8907	13
LavaSquid	1191	8906	13
PupsGoRooRoo	1192	8904	13
ZTR	1193	8903	13
nilsson	1194	8901	13
ProSS	1195	8901	13
MightyOwl	1196	8901	13
肉肉	1197	8899	13
Shonks	1198	8898	13
MMachado	1199	8896	13
ImmortalTony	1200	8893	13
Phatman	1201	8893	13
WolfBlue	1202	8892	13
DankPaladin	1203	8892	13
TresFresco53	1204	8892	13
Gigg	1205	8891	13
maddogmatt	1206	8890	13
Derkaderka	1207	8889	13
PHILtheTANK	1208	8889	13
Cyprux	1209	8889	13
去告别	1210	8888	13
SirGalahad	1211	8888	13
SirParadox	1212	8888	13
Jerry	1213	8887	13
CrovaX	1214	8885	13
GoldPhoenix	1215	8885	13
TheCast	1216	8884	13
curtix	1217	8883	13
WEIIII	1218	8882	13
Tiz	1219	8880	13
MAJEMALLEN	1220	8877	13
Beanlord	1221	8874	13
TheExplorer	1222	8874	13
Cup	1223	8870	13
Ruriko	1224	8869	13
Goominator	1225	8868	13
Turtleshell	1226	8867	13
啊发发	1227	8865	13
HotOWGuy	1228	8864	13
Ronincaptain	1229	8864	13
ChineseBunny	1230	8860	13
Jesh	1231	8859	13
Gideone	1232	8859	13
Wølfgang	1233	8859	13
HanzoMain	1234	8858	13
Gamer	1235	8853	13
Michaelis	1236	8852	13
Xizta	1237	8848	13
ColMustard	1238	8847	13
FireCarKing	1239	8846	13
SlowShadow	1240	8846	13
Midnightt	1241	8845	13
Miange	1242	8839	13
Teo2000	1243	8839	13
GiantTurkey	1244	8836	13
LavaThief	1245	8835	13
trexxxxxxxx	1246	8835	13
inksoul	1247	8834	13
Couchodyj95	1248	8833	13
PR69ANUELPR	1249	8833	13
RunBackwards	1250	8831	13
Khanarual	1251	8831	13
andyseher	1252	8831	13
荒原寒鸦	1253	8829	13
DalaranFB	1254	8829	13
Cakez	1255	8828	13
Kingcrow305	1256	8828	13
Oxton	1257	8827	13
godxuan	1258	8827	13
yak	1259	8825	13
catrific	1260	8824	13
Daddy	1261	8823	13
AOGE	1262	8821	13
Smither1mina	1263	8820	13
zmasterg1	1264	8820	13
TheShy	1265	8819	13
Vargox	1266	8818	13
firexJKxfire	1267	8817	13
AshleyRiot	1268	8816	13
Allirog	1269	8814	13
WhoDoVooDoo	1270	8811	13
FunnyRager	1271	8810	13
BobbyBridges	1272	8810	13
＄（＾＿＾）＄	1273	8809	13
MintRaven	1274	8807	13
Batman	1275	8806	13
DonCorleone	1276	8806	13
shikamarul	1277	8805	13
Joe	1278	8805	13
stucrab	1279	8803	13
JinShadow	1280	8802	13
Torbdid911	1281	8802	13
matt	1282	8800	13
soliddanny	1283	8799	13
RIAL	1284	8795	13
GravenCairns	1285	8788	13
Nefarius	1286	8787	13
NyuanliZ	1287	8785	13
Almtze	1288	8784	13
	1289	8784	13
SweepSheep	1290	8779	13
PrinzFrank	1291	8777	13
Jexter	1292	8776	13
psychar2	1293	8776	13
shadow	1294	8776	13
Wakamatsu	1295	8775	13
Ribs	1296	8775	13
So01	1297	8772	13
变老的大二	1298	8772	13
TTVChairShot	1299	8771	13
Bloodbath	1300	8771	13
Daddy	1301	8767	13
Kaylar	1302	8766	13
Cesinha	1303	8762	13
HaDoW	1304	8761	13
Alextasy	1305	8755	13
ICED	1306	8753	13
AbleTheBard	1307	8753	13
Feythe	1308	8752	13
fengzi	1309	8751	13
Tribles	1310	8750	13
evilalex	1311	8750	13
CycloneSpin	1312	8749	13
Vengeance	1313	8749	13
Dejay	1314	8748	13
Pandazsh	1315	8748	13
Batbat	1316	8747	13
timtwins	1317	8747	13
ThePhoenix	1318	8746	13
Sinnaabun	1319	8746	13
LavaRhino	1320	8745	13
gunser1	1321	8743	13
Iriemember	1322	8742	13
fgmfgbm	1323	8741	13
BeremyJ	1324	8741	13
NorinGrand	1325	8741	13
Wesmond	1326	8740	13
HoNJester	1327	8738	13
Wolfgang	1328	8738	13
Acerock	1329	8737	13
MarGOAT	1330	8736	13
Glimmer	1331	8736	13
Foxsplosion	1332	8735	13
AndovexceII	1333	8735	13
GreatSatan	1334	8735	13
Sollos	1335	8734	13
BakedApplePi	1336	8734	13
Voxtrel	1337	8734	13
Nexus	1338	8732	13
RedCat	1339	8730	13
Parkyee	1340	8726	13
GuhdVibe	1341	8724	13
yhzlx	1342	8724	13
Froztea	1343	8723	13
Sheiqck	1344	8722	13
j0bs	1345	8718	13
gorak	1346	8717	13
TheGreenGuy	1347	8715	13
Baymax21	1348	8713	13
arsecookie	1349	8712	13
GoRodGo	1350	8712	13
Zeldar26	1351	8711	13
mango	1352	8710	13
louman	1353	8709	13
Targramu	1354	8708	13
YellowMELO	1355	8708	13
Coldstyx	1356	8708	13
MemeMachine	1357	8705	13
densestracer	1358	8705	13
PeteSquents	1359	8703	13
sszzj	1360	8703	13
Zhs	1361	8702	13
Coconut	1362	8698	13
你个老逼登	1363	8696	13
Substitute	1364	8696	13
ham	1365	8694	13
SBBAOXUE	1366	8693	13
jadehsu	1367	8692	13
Jahk	1368	8691	13
Broxy	1369	8691	13
OVERMING	1370	8690	13
Hopper	1371	8688	13
Bobbywasabi	1372	8686	13
InkyHydra	1373	8686	13
EliphasLevi	1374	8686	13
Nephanski	1375	8686	13
gboom7	1376	8686	13
Feesh	1377	8685	13
vlchk4life	1378	8684	13
Lombax	1379	8684	13
Algebra	1380	8683	13
srsNono	1381	8682	13
Yomi	1382	8682	13
Pompom	1383	8681	13
MopJam	1384	8681	13
NicccKKKKKK	1385	8680	13
bringy	1386	8680	13
Ollie	1387	8678	13
Jinetix	1388	8677	13
Marta	1389	8671	13
AyZzeN	1390	8671	13
RobotNinja	1391	8671	13
Zeekin	1392	8670	13
Torenoni	1393	8668	13
Panachai	1394	8667	13
FlaxHound	1395	8667	13
Carlypanduhh	1396	8667	13
GATES	1397	8666	13
Speakeasy	1398	8664	13
Mowataplz	1399	8664	13
Ghostieha	1400	8662	13
Gilgamesh	1401	8661	13
Niros	1402	8661	13
Hoff	1403	8661	13
好玩遊戲要繼續玩	1404	8660	13
SADǃ	1405	8660	13
J0k3	1406	8658	13
Whopp	1407	8658	13
JimJammss	1408	8657	13
Symbiotic	1409	8656	13
Knyu	1410	8656	13
Baaaaa	1411	8655	13
Kayfabe	1412	8655	13
Silvous	1413	8655	13
GuMoc	1414	8654	13
CORROT	1415	8653	13
Eth3n	1416	8652	13
McLaren	1417	8651	13
Natekus	1418	8651	13
LingLingMei	1419	8650	13
Futtbutt	1420	8650	13
Arukasa	1421	8649	13
Wulala	1422	8648	13
Minilulu	1423	8648	13
Pillou	1424	8646	13
hdsjd	1425	8645	13
NicKy	1426	8642	13
sapodechapeu	1427	8641	13
blindexcel	1428	8641	13
nncj	1429	8640	13
Traub	1430	8640	13
DUCK	1431	8640	13
Avenged	1432	8639	13
MooncakeET	1433	8637	13
Thanatos1758	1434	8635	13
MiniMarco	1435	8634	13
Icymorning	1436	8634	13
LambertJohns	1437	8633	13
JENNINGS	1438	8632	13
Roman0rgy69	1439	8632	13
HansenC	1440	8630	13
rhonan	1441	8629	13
clown	1442	8629	13
最老的豋	1443	8628	13
PGa	1444	8628	13
FanMangaXD	1445	8628	13
Jayflea	1446	8626	13
t0ng	1447	8624	13
Dynasaur	1448	8624	13
NoMeNoBoB	1449	8624	13
Veage0726	1450	8624	13
LeMerlin	1451	8623	13
fragn3nt	1452	8621	13
Myth	1453	8621	13
JuanDaSwan	1454	8619	13
CrazyGamer	1455	8619	13
PirataBrasil	1456	8617	13
Wolfpack27	1457	8617	13
gerbs	1458	8617	13
metamorph8	1459	8616	13
Kinger22	1460	8615	13
tim27	1461	8614	13
Nitterboozle	1462	8614	13
ReachNoW	1463	8613	13
Vurpy	1464	8612	13
Kronos	1465	8612	13
jcbao77	1466	8609	13
NeroZanna	1467	8607	13
Cancanmi	1468	8606	13
Tacolord499	1469	8605	13
WindWalker	1470	8603	13
Dan	1471	8602	13
Jackie	1472	8601	13
Decarne	1473	8601	13
Piglet	1474	8600	13
johnxxxx	1475	8599	13
Worstdog	1476	8599	13
Hades	1477	8598	13
Envy	1478	8598	13
UsadaPekora	1479	8597	13
Smackydafrog	1480	8597	13
Splix	1481	8596	13
Meowki	1482	8595	13
Rollba	1483	8593	13
Silentdead	1484	8592	13
NotAeni	1485	8592	13
fevs6	1486	8591	13
Deglace	1487	8590	13
Firewing	1488	8589	13
Galvinator	1489	8587	13
Marfghar	1490	8585	13
ピヨ	1491	8584	13
みっちゃん	1492	8584	13
Ayanami	1493	8583	13
GrimRipper	1494	8581	13
Gutohero	1495	8580	13
Reign	1496	8580	13
Darktides	1497	8579	13
Revolution	1498	8579	13
ZeroCoolDown	1499	8578	13
Pelluco	1500	8578	13
Lous	1501	8577	13
thaihiihii	1502	8577	13
OVINIcultor	1503	8576	13
Faint	1504	8575	13
Prizz	1505	8575	13
ComShamrock	1506	8575	13
PAVLINGOD	1507	8575	13
XGod	1508	8574	13
Userwet	1509	8574	13
n0iZ	1510	8574	13
Addiction	1511	8573	13
明亮鐵鎚	1512	8571	13
Sozs	1513	8571	13
Kobyashi	1514	8569	13
Malensio	1515	8562	13
YANtheKILLER	1516	8560	13
jangius17	1517	8557	13
Humza	1518	8556	13
Pardofelis	1519	8555	13
kkatamina	1520	8555	13
Jdubs952	1521	8555	13
Naive	1522	8554	13
Shinichi	1523	8553	13
SecretBird	1524	8552	13
Heisenberg	1525	8550	13
Funkr	1526	8550	13
hypnoclipse	1527	8549	13
JL1008	1528	8548	13
Gotcha	1529	8547	13
dider103	1530	8547	13
Pinksparkles	1531	8546	13
Aidan	1532	8546	13
Dylan	1533	8546	13
Ezra	1534	8546	13
awahl97	1535	8544	13
NotToxicLOL	1536	8544	13
fishhope	1537	8543	13
JDog777	1538	8542	13
LeeJiEun	1539	8542	13
D4rk	1540	8542	13
Waldo	1541	8540	13
alchpake	1542	8537	13
Atlas	1543	8536	13
Bailey	1544	8535	13
MatheusElite	1545	8534	13
Nick	1546	8532	13
Amree	1547	8532	13
Mitch	1548	8531	13
GodInk	1549	8530	13
HalfHours	1550	8530	13
FlopyDolphn	1551	8528	13
Loghn	1552	8528	13
Snygg	1553	8526	13
huaixi	1554	8525	13
PervR	1555	8524	13
lannrycarter	1556	8523	13
JeffFaFaaaa	1557	8523	13
Jod420	1558	8522	13
melodyxcz2	1559	8519	13
MaeDoMatheus	1560	8519	13
adair	1561	8518	13
zen	1562	8518	13
littlepod	1563	8518	13
Crosea	1564	8517	13
SamNaCL	1565	8516	13
Gsullie	1566	8516	13
TinGar	1567	8515	13
NightWoCao	1568	8513	13
After	1569	8513	13
Mokey	1570	8511	13
CreMich	1571	8511	13
goat	1572	8511	13
mathhabs	1573	8509	13
Cyrus	1574	8508	13
van	1575	8508	13
Bigredz77	1576	8507	13
Bjorn024	1577	8507	13
ezlc327	1578	8507	13
MuzClapsAss	1579	8506	13
Joe	1580	8505	13
Nix	1581	8504	13
TopoMaster	1582	8504	13
Frosty	1583	8502	13
AwesumPossum	1584	8499	13
KoKoDaYo	1585	8498	13
chadstanz	1586	8498	13
McreeMagee	1587	8498	13
SoupSandwich	1588	8496	13
Cruelsock	1589	8494	13
jVZznkew	1590	8491	13
e718eternal	1591	8491	13
Doobles	1592	8489	13
Redemption	1593	8489	13
Crystox	1594	8489	13
EnlargedCob7	1595	8488	13
MMM100	1596	8488	13
CrazyMage	1597	8488	13
GìMP	1598	8488	13
osheanman	1599	8488	13
JROD4113	1600	8487	13
Backbail	1601	8485	13
Darren	1602	8485	13
josheewah	1603	8484	13
tomjtzig	1604	8484	13
新世纪福音权寄手	1605	8484	13
IFICANDOBETR	1606	8484	13
barelypoor	1607	8484	13
Boresark	1608	8484	13
Darhell	1609	8483	13
Jm4c	1610	8483	13
Dabomba123	1611	8480	13
BryceJar	1612	8479	13
pigpen	1613	8479	13
BlueDiarrhea	1614	8475	13
W1nd4all	1615	8475	13
SlowYourRoll	1616	8473	13
Asgard	1617	8473	13
Azurali	1618	8472	13
BobWRNG	1619	8472	13
Aporiashadow	1620	8472	13
Luna	1621	8472	13
Среброкрыл	1622	8471	13
Funshine	1623	8471	13
MadMarkXY	1624	8470	13
ErockJohnson	1625	8469	13
WeebDog	1626	8469	13
TastierSnail	1627	8468	13
Zachart	1628	8468	13
Otisbucketz	1629	8468	13
Doomsayer	1630	8468	13
nonoboy	1631	8467	13
zbx	1632	8467	13
Destaris	1633	8467	13
leaf	1634	8467	13
CoryDaCat	1635	8467	13
Dimawho	1636	8465	13
AAA	1637	8465	13
Dennis	1638	8464	13
CrankyPantz	1639	8462	13
Prophet	1640	8461	13
MrStealYoGrl	1641	8460	13
Pan	1642	8460	13
Reus	1643	8460	13
Nothy	1644	8458	13
warzon	1645	8458	13
Morph	1646	8457	13
P0is0n	1647	8455	13
IQwQl	1648	8454	13
DUDE10FAT	1649	8454	13
Pop	1650	8454	13
Pudood	1651	8454	13
shwepez	1652	8452	13
NotTrudes	1653	8452	13
silverhawk	1654	8452	13
PostalJebus	1655	8452	13
thehnicos	1656	8452	13
ddk	1657	8452	13
BradWong	1658	8451	13
Grae	1659	8451	13
Grant	1660	8450	13
NeverDie	1661	8450	13
HeySup	1662	8450	13
OldPig	1663	8449	13
Blaiddrodi	1664	8449	13
nitelight9	1665	8447	13
Murlockop	1666	8446	13
ThatGuy	1667	8445	13
Erika	1668	8440	13
LZX	1669	8440	13
Stefy	1670	8440	13
CoolaColada	1671	8437	13
SiulOluap	1672	8436	13
Majoca	1673	8436	13
Pplayer	1674	8436	13
YOGZULA	1675	8436	13
DueLizard	1676	8435	13
ZooTay	1677	8435	13
cloud	1678	8435	13
Gaffy	1679	8435	13
Tommyboy	1680	8434	13
TacoTuesday	1681	8432	13
Doobieqc	1682	8431	13
TheSkyFvcker	1683	8429	13
FielCoorte	1684	8429	13
Blazedpuppet	1685	8429	13
MoeJoe181	1686	8428	13
SigmaLethe	1687	8426	13
Thoughtsies	1688	8426	13
TheAdamBaum	1689	8425	13
父亲	1690	8424	13
KASHIN	1691	8424	13
Sarevok	1692	8424	13
ITellYouHwat	1693	8424	13
Hochwart	1694	8423	13
GhostDog	1695	8422	13
DaBoiiYagi	1696	8422	13
Mordeo	1697	8421	13
shambly	1698	8421	13
Shuckerr	1699	8421	13
McGRADY	1700	8420	13
icopping	1701	8418	13
ExRailgun	1702	8418	13
SandorVS	1703	8417	13
BGsIsTrash	1704	8417	13
dsoM	1705	8417	13
Battlelance	1706	8417	13
Chickenleg	1707	8416	13
Len	1708	8416	13
Autumn	1709	8416	13
QuirkyTurtle	1710	8414	13
GrogMalblood	1711	8413	13
ChiefRobot	1712	8411	13
Mitsuaki	1713	8411	13
jaded	1714	8410	13
Tanis	1715	8410	13
Christina	1716	8409	13
Elvis	1717	8409	13
EdAisinGioro	1718	8408	13
ButterBalls	1719	8408	13
MaXueSheng	1720	8407	13
达达	1721	8406	13
supertito7	1722	8406	13
Caseym	1723	8406	13
pumpdaddyc	1724	8404	13
JonTron007	1725	8404	13
DreamsOfWar	1726	8403	13
killshotu	1727	8402	13
TheDead19	1728	8402	13
血鹦鹉	1729	8399	13
baefu	1730	8399	13
Dekrow	1731	8398	13
Neryen	1732	8397	13
Cryndo	1733	8396	13
MagoLouco	1734	8395	13
Servietsky	1735	8393	13
SusanBoyle	1736	8393	13
Meng	1737	8392	13
Chelol	1738	8392	13
SkyClone	1739	8392	13
Staniochstew	1740	8391	13
Rovis	1741	8391	13
WindWizard	1742	8391	13
killer30538	1743	8391	13
MushySmushy	1744	8390	13
pokemang0	1745	8389	13
Keeban	1746	8388	13
snakez0r	1747	8388	13
EternalBlue	1748	8388	13
Celestial	1749	8386	13
Goygodx	1750	8385	13
CHILLYRAINBO	1751	8385	13
Ace	1752	8384	13
TinyRick	1753	8384	13
durty	1754	8384	13
FeRniiz	1755	8383	13
StranStran	1756	8382	13
Wammista	1757	8381	13
romero	1758	8380	13
Yemelyan	1759	8379	13
EbonHydra	1760	8378	13
ygagarin	1761	8378	13
Drfumbles	1762	8376	13
lucky	1763	8376	13
InYorFace	1764	8375	13
easygoal	1765	8375	13
Bardiche	1766	8375	13
Chi	1767	8374	13
Littletitty	1768	8374	13
Sentar	1769	8374	13
Kyn	1770	8372	13
VeryMuch	1771	8370	13
HurryMyCurry	1772	8369	13
KCargh	1773	8368	13
lrg	1774	8367	13
Igg	1775	8367	13
Ouch	1776	8365	13
BacoN	1777	8364	13
sushi	1778	8364	13
Xtrelevated	1779	8362	13
DemonCrystal	1780	8360	13
Militant	1781	8359	13
Hedges	1782	8359	13
shaoshao	1783	8358	13
White	1784	8358	13
ManuelDoseph	1785	8358	13
OberherrXenu	1786	8358	13
SnailHunter	1787	8357	13
Ultra	1788	8356	13
Tibarn	1789	8355	13
ChengDuinDhs	1790	8355	13
ToxicCurse	1791	8354	13
BlindShot	1792	8352	13
Hellfire6972	1793	8352	13
ming	1794	8352	13
Andy	1795	8352	13
Skyscourge	1796	8352	13
rousemat	1797	8352	13
Pootchacho	1798	8352	13
Rechtangles	1799	8352	13
NightRaven	1800	8351	13
Viceroy	1801	8351	13
Nippleman	1802	8350	13
larawyn	1803	8349	13
SenhorDoHit	1804	8349	13
Bloodwing	1805	8349	13
Wallows	1806	8348	13
HunnyRunner	1807	8347	13
Surry	1808	8347	13
hollatme	1809	8347	13
rczhang	1810	8346	13
BeefMan	1811	8345	13
我得重新集结部队	1812	8345	13
StandingRoom	1813	8343	13
Gitmuny	1814	8343	13
Spanker	1815	8342	13
Tiab	1816	8341	13
Spidey	1817	8341	13
ZugZug	1818	8341	13
Notable	1819	8340	13
StreamVen	1820	8340	13
PBM	1821	8340	13
Bucknutties	1822	8339	13
OODonger	1823	8339	13
ladiechels	1824	8338	13
Gingerbeard	1825	8338	13
moisesebq	1826	8337	13
Sellmebaby	1827	8337	13
QiYan	1828	8336	13
Kr1s	1829	8336	13
Link	1830	8334	13
STScyclone	1831	8333	13
Ezreal	1832	8331	13
SlyGoat	1833	8330	13
Scream	1834	8330	13
xxHairyGooch	1835	8330	13
Athermis	1836	8330	13
Undermine	1837	8330	13
Zucco	1838	8330	13
Walrus	1839	8330	13
Compensating	1840	8330	13
MasterBake	1841	8330	13
Kazudo	1842	8327	13
Cyer0	1843	8327	13
papa	1844	8326	13
Santa	1845	8326	13
nhgswaprtof	1846	8325	13
andrewru4	1847	8325	13
Duvet	1848	8324	13
Shonk	1849	8323	13
Stove	1850	8323	13
GHOST	1851	8321	13
GodAndAnime	1852	8319	13
LyingIsASin	1853	8319	13
StevenGRB	1854	8318	13
RumHam	1855	8317	13
agentfancy	1856	8316	13
tony511	1857	8316	13
ToooN	1858	8316	13
NinjaEau	1859	8315	13
DunnoU	1860	8314	13
embaci	1861	8314	13
CalcLeibniz	1862	8313	13
Relaxedsack	1863	8312	13
Williwompa	1864	8312	13
Fox2131	1865	8311	13
dwicker	1866	8311	13
Moserbomb	1867	8311	13
Romacpi	1868	8311	13
Mannie	1869	8311	13
Tamdan	1870	8311	13
Lonewolf003	1871	8310	13
AriLove	1872	8310	13
joyseh	1873	8310	13
Deini	1874	8307	13
BigO	1875	8307	13
Phillystyle	1876	8307	13
solutionln	1877	8306	13
ริคุ	1878	8306	13
Skorrn	1879	8306	13
tttttttcxxxx	1880	8305	13
Fubes	1881	8305	13
Verdantfore	1882	8304	13
JasperQ	1883	8304	13
xxYIIIIIIIxx	1884	8304	13
ninjin	1885	8303	13
サイレント	1886	8302	13
ling	1887	8301	13
Kthulhu	1888	8301	13
Cassaca	1889	8301	13
Fetafist	1890	8300	13
TheMickster	1891	8297	13
Commander121	1892	8297	13
Reverb	1893	8296	13
newbee	1894	8296	13
AnddresKille	1895	8296	13
osmark	1896	8296	13
GeTwHiTe	1897	8296	13
Jessie	1898	8296	13
AzureSenyi	1899	8295	13
Prisoner	1900	8294	13
Wolf	1901	8294	13
MrHobo	1902	8293	13
chromeZohar	1903	8293	13
Lowne	1904	8292	13
chukscp	1905	8292	13
Tito	1906	8290	13
MightyKevin	1907	8290	13
Never1st	1908	8290	13
ellenevers	1909	8287	13
Komorebi	1910	8287	13
Tsulami	1911	8287	13
Neconamis	1912	8287	13
Leon	1913	8286	13
Nikanoru	1914	8285	13
EDestroyer	1915	8285	13
Bg3495	1916	8284	13
YouGotCut	1917	8284	13
RED	1918	8284	13
Shannon	1919	8284	13
Schaurich	1920	8283	13
Siphonic	1921	8283	13
Halcyon	1922	8282	13
HITMAN8	1923	8282	13
Toron	1924	8282	13
Joker	1925	8282	13
Moonpie	1926	8281	13
Valeiah	1927	8281	13
lscsznmhw	1928	8278	13
DingDongJi	1929	8278	13
KhunLyon	1930	8277	13
Mattking	1931	8276	13
Gassiel	1932	8276	13
Ignatius	1933	8276	13
FreezingOdin	1934	8276	13
Toot	1935	8275	13
doubi123	1936	8274	13
みそ	1937	8273	13
pattaq	1938	8273	13
ogsarticuno	1939	8272	13
MeteorSage	1940	8272	13
VinceAyin	1941	8271	13
FAMlNE	1942	8270	13
arcaneking	1943	8270	13
magicforg	1944	8270	13
MysteryMan	1945	8270	13
Henako	1946	8270	13
Khold	1947	8269	13
SouthPark	1948	8268	13
mongiggity	1949	8268	13
Acidtiy	1950	8267	13
LokiFan101	1951	8266	13
Katt	1952	8265	13
Chrome	1953	8265	13
ItsUnusual	1954	8264	13
RKtheOP	1955	8264	13
Jaizix	1956	8264	13
ServeIapetus	1957	8263	13
Incoming2012	1958	8263	13
mitchwavy	1959	8263	13
Quinn32	1960	8263	13
Davidhow	1961	8263	13
Wisdom	1962	8263	13
Tumi	1963	8263	13
EXIT	1964	8262	13
Cello33	1965	8262	13
lidaye	1966	8261	13
Alfie	1967	8261	13
LockandNlock	1968	8260	13
Zeal	1969	8260	13
IssuEthEhaO	1970	8260	13
AngryTurtle2	1971	8258	13
Madgrins	1972	8258	13
DarkCoach	1973	8257	13
LittleReaper	1974	8256	13
SpeedyRogue	1975	8255	13
Amphibatron	1976	8255	13
Venancioh	1977	8255	13
Flatbush	1978	8254	13
MisoHoney	1979	8254	13
PooNug	1980	8254	13
DeathDefier	1981	8251	13
killerqueen	1982	8251	13
IMXIGUA	1983	8251	13
GamemeGam	1984	8251	13
SendHer2Moon	1985	8251	13
KraziEEEEE86	1986	8249	13
lorenzatto	1987	8249	13
Esper	1988	8249	13
pen15muncher	1989	8248	13
LoganRDJ	1990	8248	13
may10day	1991	8248	13
ThicAdjacent	1992	8248	13
Sinfonian	1993	8247	13
Nowurhealed	1994	8247	13
MadMatt	1995	8246	13
AlohaNaughty	1996	8246	13
Kelvin	1997	8246	13
catbrother	1998	8245	13
iCantStop	1999	8244	13
NineTailCat	2000	8243	13
SpankerButt	2001	8243	13
wzray	2002	8242	13
Flemington	2003	8242	13
Zarathustra	2004	8242	13
dcrk	2005	8241	13
Chenfucius	2006	8241	13
TenaciousTom	2007	8241	13
ĻÄMBŸ	2008	8240	13
mccdizzl3	2009	8240	13
FluffyDragon	2010	8238	13
BlackDeng	2011	8236	13
Phoenix	2012	8235	13
SoapInTheTip	2013	8234	13
CrazedCock	2014	8234	13
grindylo	2015	8234	13
Kitemare	2016	8233	13
diyuan	2017	8233	13
puppypenguin	2018	8233	13
WIZARDSNIPEZ	2019	8232	13
Macemagger	2020	8232	13
JonSnow	2021	8231	13
ItsHybrid	2022	8230	13
Ludra	2023	8230	13
Sizz	2024	8229	13
Oak	2025	8229	13
HmmmPie	2026	8229	13
Hyu	2027	8228	13
ScrubShaman	2028	8228	13
Danger	2029	8227	13
Mindmage	2030	8227	13
DIO	2031	8227	13
TonysProject	2032	8226	13
QuickAssist	2033	8225	13
deference	2034	8224	13
Sunny	2035	8224	13
Nubknight	2036	8223	13
iLycheeJelly	2037	8223	13
Josh	2038	8223	13
Preece04	2039	8221	13
Sans	2040	8220	13
TheOneWhoNox	2041	8220	13
MegaJerry	2042	8220	13
THEGREATJON	2043	8220	13
Potoe	2044	8218	13
SSRtaguzi	2045	8217	13
GarnetGrell	2046	8215	13
Boki	2047	8214	13
Babybish	2048	8214	13
Sage	2049	8214	13
Rafter654	2050	8213	13
FlynnBoyo	2051	8213	13
SwampApe	2052	8212	13
Mercy420	2053	8211	13
Djabanete	2054	8210	13
devtron	2055	8209	13
Yukochan	2056	8209	13
Wumbology	2057	8208	13
Ophiucos	2058	8207	13
gorila	2059	8206	13
panther	2060	8206	13
Bookermvp	2061	8206	13
lappy	2062	8206	13
NightKnight	2063	8205	13
Mathieu	2064	8205	13
Asilaydyin	2065	8205	13
Viridae	2066	8204	13
Millhouse	2067	8204	13
ehek	2068	8203	13
idrees	2069	8203	13
switzereva1	2070	8202	13
CrossFire	2071	8201	13
Sergiiy	2072	8201	13
Pacote	2073	8200	13
Shadowrulz	2074	8200	13
NEAR	2075	8200	13
porkee	2076	8199	13
Screammmmm	2077	8198	13
Patrick	2078	8197	13
Tassadar	2079	8197	13
GottedNorted	2080	8197	13
Dragonjump	2081	8196	13
Jane	2082	8196	13
BlazePascal	2083	8196	13
Bryan	2084	8195	13
GreyTank	2085	8195	13
Inquisidor	2086	8194	13
insightz	2087	8193	13
cruising	2088	8192	13
FrankOcean	2089	8192	13
Xera	2090	8191	13
GiantDwarf	2091	8190	13
DrMoreau	2092	8188	13
SargentOsama	2093	8188	13
Contaminants	2094	8185	13
whichi	2095	8184	13
Rushiin	2096	8184	13
Remunial	2097	8184	13
inkfrenzy	2098	8182	13
CBlais	2099	8181	13
StullenGoods	2100	8180	13
Zeratul	2101	8179	13
klaus	2102	8179	13
corwin	2103	8179	13
Jordanzobean	2104	8179	13
WhiteMamba24	2105	8179	13
MightyElf	2106	8177	13
Superdeutsch	2107	8177	13
Lycavian	2108	8177	13
Bigbadbeaver	2109	8177	13
Venomking12	2110	8176	13
Larthrost	2111	8176	13
GlizzardOfOz	2112	8176	13
Moonbaby	2113	8175	13
Lilarcor	2114	8175	13
epiphanyplx	2115	8174	13
BlackiePoo	2116	8174	13
L4Topher	2117	8174	13
Fofo181705	2118	8173	13
Z3phYr	2119	8172	13
Aviator	2120	8171	13
nullpointer	2121	8171	13
SpearEmperor	2122	8171	13
Deadlee	2123	8171	13
Xinho	2124	8171	13
RoaringBear	2125	8171	13
drnkenbttfly	2126	8170	13
lovelykitten	2127	8170	13
moshen	2128	8168	13
Jahrakal	2129	8168	13
Hikaru	2130	8168	13
guiastrath	2131	8167	13
Praline	2132	8167	13
Ermine719	2133	8166	13
Hunter	2134	8165	13
uorjji	2135	8165	13
MysteryDog	2136	8165	13
Simplemalk	2137	8164	13
Battlescar	2138	8164	13
WUHU	2139	8163	13
ArcadeICE	2140	8163	13
MinorSoju883	2141	8161	13
Jwenn	2142	8161	13
Reaper	2143	8161	13
NEX4TE	2144	8161	13
Spazdemonium	2145	8160	13
MrRoidicles	2146	8160	13
Jace	2147	8160	13
csyqd1p	2148	8159	13
Tifa	2149	8159	13
Yukiz	2150	8159	13
Kappa123	2151	8159	13
Slammminnn	2152	8159	13
RobotWizard	2153	8159	13
Baconlord117	2154	8159	13
king2789	2155	8159	13
DogsClucking	2156	8158	13
whiskeyfox	2157	8158	13
Unfantastic	2158	8157	13
KnuckleBob	2159	8156	13
aine	2160	8156	13
RopesAreRad	2161	8156	13
Zalrock	2162	8156	13
SneakySquid	2163	8155	13
Ryborn	2164	8155	13
Alabra	2165	8155	13
FrankyDee	2166	8154	13
Pezão	2167	8154	13
LordJudge	2168	8154	13
zosxy	2169	8154	13
Mastermind	2170	8154	13
squl	2171	8154	13
Tremus	2172	8153	13
Yukas	2173	8153	13
ex3c	2174	8152	13
JeffTheCow	2175	8150	13
Weeblenos	2176	8149	13
Actius	2177	8147	13
Dicgozinya	2178	8147	13
Mavee	2179	8147	13
DarkAngel	2180	8147	13
ANGRYBOAZ	2181	8146	13
ReZurWrecKeD	2182	8143	13
nickatnyt	2183	8142	13
Ceezy	2184	8141	13
AxelFolley	2185	8141	13
IrishBastard	2186	8141	13
DuckNINJAAA	2187	8141	13
CombatWomble	2188	8140	13
Terv	2189	8140	13
Vcat	2190	8138	13
Spidey48	2191	8138	13
JustGodly	2192	8137	13
crobra	2193	8137	13
木华	2194	8137	13
Nick	2195	8137	13
Ipleedafif	2196	8137	13
AdmrlJackbar	2197	8136	13
xwtftnsw	2198	8136	13
ColdShoulder	2199	8135	13
Sogrox	2200	8134	13
Shaoye	2201	8133	13
Mahrmahr	2202	8133	13
Paul	2203	8133	13
Helg	2204	8133	13
macshane	2205	8133	13
Sheldon	2206	8132	13
ShinyHero	2207	8132	13
Guy	2208	8131	13
ItTheBear	2209	8131	13
LateForWork	2210	8131	13
GoldenToasty	2211	8130	13
Wizrads	2212	8130	13
Fakey	2213	8130	13
Alx99	2214	8129	13
rood	2215	8129	13
MrPresident	2216	8128	13
BurstLink	2217	8127	13
MrCadejo	2218	8127	13
NUWildcat928	2219	8127	13
Bunglet	2220	8126	13
peteon	2221	8126	13
hardstylekid	2222	8126	13
captainWong	2223	8125	13
卡布拉你在哪	2224	8125	13
Toaster	2225	8125	13
Glooshy	2226	8125	13
Zores	2227	8124	13
AmiTuOfO	2228	8123	13
Kagnarok	2229	8123	13
KML	2230	8122	13
Dyorgyo	2231	8122	13
Crossflash	2232	8122	13
Dingodile	2233	8121	13
Elcoureudboi	2234	8121	13
Vret	2235	8120	13
Peixe	2236	8120	13
LuckyOwl	2237	8119	13
Baracunata	2238	8119	13
Chosen	2239	8118	13
Yukikko	2240	8118	13
SmoQ5	2241	8118	13
BrassTeapot	2242	8117	13
Dad	2243	8116	13
gabiruBR	2244	8116	13
Ravenite	2245	8114	13
SpainKenya	2246	8113	13
Shoopie	2247	8113	13
yobroimnasty	2248	8112	13
Zombifier	2249	8112	13
Syzygy	2250	8112	13
Skye	2251	8111	13
Bladedeye	2252	8111	13
JeffisBack	2253	8110	13
bionicchop2	2254	8109	13
Thring	2255	8109	13
AceFireFist	2256	8109	13
Godant	2257	8108	13
Gibster7	2258	8108	13
B3agle	2259	8108	13
syhr	2260	8108	13
SweetDaddy	2261	8107	13
hannibl	2262	8107	13
KillerQueen	2263	8106	13
ATSUYA	2264	8106	13
Spleensoup	2265	8106	13
DoJo	2266	8106	13
cheapsuit388	2267	8105	13
世阿弥	2268	8104	13
Mully	2269	8104	13
Hellsmsgr	2270	8103	13
Kayateaa	2271	8102	13
Glofododo	2272	8101	13
ElJefe	2273	8101	13
Tacos5001	2274	8100	13
oblivion	2275	8100	13
Echo	2276	8098	13
JARO	2277	8098	13
LemonYeti	2278	8098	13
iloveduckies	2279	8097	13
Justice	2280	8097	13
davidamos	2281	8097	13
Flyingv	2282	8097	13
SleepyBear	2283	8096	13
Maple211	2284	8096	13
LegendJeremy	2285	8096	13
Chico	2286	8095	13
Hikikyo	2287	8094	13
ThatGuy	2288	8093	13
我需要治疗	2289	8093	13
Cosmosalt	2290	8092	13
Arisen	2291	8092	13
	2292	8092	13
Taw	2293	8092	13
Vazh	2294	8091	13
Zen	2295	8090	13
NubBlaster	2296	8090	13
Fattoadguy	2297	8090	13
DrigonFist	2298	8090	13
Ragemasterz	2299	8090	13
skollaskell	2300	8090	13
Pilipalapiu	2301	8089	13
Zzitai	2302	8088	13
Unclemarc	2303	8088	13
Papiew	2304	8088	13
ShuYaminion	2305	8087	13
moyi	2306	8087	13
eeronblack	2307	8086	13
radiance	2308	8086	13
MadLifeOvO	2309	8086	13
Alteru	2310	8086	13
saxmachine	2311	8085	13
Camqtr	2312	8085	13
SkyKoopa	2313	8085	13
khchai	2314	8084	13
Umadibet	2315	8084	13
adsolut	2316	8084	13
GhostDog	2317	8084	13
ItSiren	2318	8084	13
Edge	2319	8084	13
nvs	2320	8084	13
greymateria	2321	8083	13
GrayHawk	2322	8083	13
ReyReyUsko	2323	8083	13
ChiefMeltz	2324	8083	13
Sastremig	2325	8083	13
GreyWind	2326	8082	13
Akusou	2327	8082	13
Rice	2328	8082	13
KuroKitsune	2329	8082	13
Psyre	2330	8082	13
sssssssss9	2331	8082	13
JonasB	2332	8082	13
Devenra	2333	8081	13
Molizane	2334	8081	13
G25G79087	2335	8081	13
METAMIN	2336	8081	13
Windrunner	2337	8081	13
Zephyr	2338	8081	13
hlw	2339	8080	13
RazieL	2340	8080	13
Quillboard	2341	8080	13
Wake	2342	8079	13
NinjaOtter	2343	8079	13
eyeholeman	2344	8079	13
pronnoob	2345	8079	13
Minekami	2346	8078	13
Nerdy	2347	8078	13
Luo	2348	8078	13
PriMaXe	2349	8078	13
PVolk	2350	8077	13
ANOMY	2351	8077	13
Sans	2352	8077	13
Bubcia	2353	8077	13
Arbs	2354	8077	13
Sycho	2355	8077	13
HamaLucifer	2356	8076	13
Elorf	2357	8076	13
Pixzzels	2358	8076	13
Miendiesen	2359	8076	13
CharlesZH	2360	8076	13
MorpheusQQ	2361	8076	13
bamamat1724	2362	8076	13
爱睡觉的粥	2363	8075	13
冷靜的單寧色龍獸	2364	8075	13
Dracos	2365	8075	13
Zonefluffy	2366	8075	13
Tabemono	2367	8074	13
BrownNapkin	2368	8074	13
xviii	2369	8074	13
Mickey	2370	8074	13
mery	2371	8074	13
STNUUUU	2372	8074	13
Moose	2373	8074	13
Sephir0th	2374	8074	13
Zeldune	2375	8074	13
Discordian	2376	8074	13
Delecto	2377	8074	13
princedarky	2378	8073	13
Squidcore	2379	8073	13
DOG	2380	8073	13
samsong20	2381	8073	13
Zombieseer	2382	8073	13
warclak	2383	8073	13
Toph	2384	8073	13
Sushi	2385	8072	13
羟基磷酸钙	2386	8072	13
dew333	2387	8072	13
dion	2388	8072	13
Heathen	2389	8072	13
mahkala	2390	8072	13
Holocron	2391	8071	13
dokidoki	2392	8071	13
PERP	2393	8071	13
Jamba	2394	8071	13
Vapour	2395	8071	13
Dorazio	2396	8071	13
Pancake	2397	8070	13
MidknightBlu	2398	8070	13
Nishoba	2399	8070	13
lildryboy	2400	8070	13
GerKop	2401	8069	13
TRENISFUN	2402	8069	13
baldof	2403	8069	13
NewFable	2404	8069	13
DaveHooktusk	2405	8068	13
bigbird	2406	8068	13
crnoinh8bxv8	2407	8068	13
ICEvAX	2408	8068	13
Dslaotao	2409	8068	13
MidnightMoon	2410	8068	13
Walkerteam	2411	8068	13
madsage2049	2412	8067	13
Bang	2413	8066	13
wjknihaoa	2414	8066	13
NiDie	2415	8066	13
EAdrian	2416	8066	13
KawaiiCat	2417	8066	13
KunpanXL	2418	8066	13
RIPvoodoo	2419	8066	13
KarlieJai	2420	8066	13
Bronk	2421	8066	13
Kosen	2422	8066	13
flavorful	2423	8066	13
TrueMyHeart	2424	8066	13
magi	2425	8065	13
farb1	2426	8065	13
farb0	2427	8065	13
zyk	2428	8065	13
Bacca	2429	8065	13
Trap	2430	8065	13
Liam	2431	8065	13
shadeogry101	2432	8065	13
HugIerFm	2433	8064	13
mzhlb	2434	8064	13
Rapid	2435	8064	13
Sylphen	2436	8064	13
Neuron	2437	8064	13
VagusBaasya	2438	8063	13
QuartzGhost	2439	8063	13
Jbay11	2440	8063	13
Nod	2441	8063	13
Sil3nt4ce	2442	8062	13
Raiden	2443	8062	13
ShadowStrike	2444	8062	13
Spells	2445	8062	13
LordJubJub	2446	8062	13
Tacticool	2447	8062	13
Squareleek	2448	8062	13
SunkDream	2449	8062	13
Blaha	2450	8062	13
Dii3	2451	8061	13
Frostash	2452	8061	13
hatersgonah8	2453	8061	13
Taz	2454	8061	13
Racric	2455	8061	13
JieMo	2456	8061	13
Tychicus	2457	8061	13
aHuman	2458	8060	13
Charliiiiie	2459	8060	13
jamesocy	2460	8060	13
MIT2024er	2461	8060	13
BattleBear	2462	8060	13
guolude	2463	8060	13
Ainracla	2464	8060	13
Hapzel	2465	8060	13
Spookz	2466	8059	13
KP2416	2467	8059	13
paughter	2468	8059	13
ZQL	2469	8059	13
SpikyBoy	2470	8059	13
Stackoverflo	2471	8059	13
BBNMSL	2472	8059	13
Adrian	2473	8059	13
Glori	2474	8059	13
onthatday	2475	8059	13
shalemirek	2476	8059	13
DemiGod6996	2477	8058	13
HiLLaBiLLy	2478	8058	13
Heejo	2479	8058	13
Ordukai	2480	8058	13
For3verLos3	2481	8058	13
RiffRaff14	2482	8057	13
Ready2Kill	2483	8057	13
Silent	2484	8057	13
Geekenex	2485	8057	13
MayTricks	2486	8057	13
Just2HarD	2487	8056	13
SteinsGate	2488	8056	13
Novicmrman	2489	8056	13
RestInPasta	2490	8056	13
Hargon	2491	8056	13
w1ldthrow	2492	8056	13
Dragon	2493	8056	13
foxn00dles	2494	8056	13
TheExiled	2495	8055	13
Rome0	2496	8055	13
VapeNaysh	2497	8055	13
Elderidge	2498	8055	13
Curty	2499	8054	13
ajhockeystar	2500	8054	13
AkiraSenpai	2501	8054	13
Dark	2502	8054	13
ColdWater	2503	8054	13
Mons	2504	8054	13
Bibby	2505	8054	13
Budderboy	2506	8054	13
Nanodesu	2507	8053	13
evanskie	2508	8053	13
TheBurple	2509	8053	13
Klovix	2510	8053	13
JahIthBer	2511	8053	13
MagicTurtle	2512	8053	13
SevenBenches	2513	8053	13
CuttyFlam	2514	8052	13
Raggy0100	2515	8052	13
Lucid	2516	8052	13
Apocalypse	2517	8052	13
Egg	2518	8052	13
QuartzOrc	2519	8052	13
Breno121	2520	8052	13
AnchorMilky	2521	8051	13
Sid	2522	8051	13
Bware24fit	2523	8051	13
Varem	2524	8051	13
Drakovich	2525	8051	13
Lokieye	2526	8051	13
Kojolika	2527	8050	13
chriskyo530	2528	8050	13
MJSD	2529	8050	13
nhhhgdfdd	2530	8050	13
FTHER	2531	8050	13
jvelas38	2532	8050	13
cjjknight	2533	8050	13
ZzeroChance	2534	8050	13
lazely	2535	8050	13
whatamwhatis	2536	8050	13
Glitch	2537	8050	13
BearBear	2538	8050	13
Smalls	2539	8050	13
Chupra	2540	8049	13
Pattrriicckk	2541	8049	13
yuyin	2542	8049	13
antiviris	2543	8049	13
DisdcioTerry	2544	8049	13
rebecca	2545	8049	13
OKdTB	2546	8049	13
Weakone	2547	8049	13
Xiero	2548	8048	13
PS1D	2549	8048	13
hhgg	2550	8048	13
Shiwakawa	2551	8048	13
kota	2552	8048	13
Spam	2553	8048	13
jlflores	2554	8048	13
Faraday	2555	8048	13
lch404nf	2556	8047	13
PatsFan	2557	8047	13
大可不熬夜	2558	8047	13
PkrHuntr	2559	8047	13
Arek	2560	8047	13
Brownie	2561	8047	13
H4NSW0L0	2562	8047	13
ZardoZ	2563	8047	13
Faker	2564	8047	13
Skullspawn	2565	8047	13
Yesem	2566	8047	13
Hooley	2567	8046	13
SleepyBear	2568	8046	13
Capetbrasida	2569	8046	13
Bearrito	2570	8046	13
Bigbob69	2571	8046	13
Mustafa	2572	8046	13
CRISON	2573	8046	13
PasserBi	2574	8046	13
Junglely	2575	8046	13
Foondart	2576	8046	13
jawnnyboi	2577	8046	13
STLzinx	2578	8046	13
Mari	2579	8046	13
Bobeato	2580	8045	13
PoisonMilk	2581	8045	13
Frailelement	2582	8045	13
DrWizard	2583	8045	13
JadeStag	2584	8045	13
Nanodesu	2585	8045	13
Tenaka	2586	8045	13
Raven	2587	8045	13
Southski	2588	8045	13
CunningBeast	2589	8045	13
WolffSniper	2590	8045	13
Daniel169	2591	8045	13
Mandyjo	2592	8045	13
Babadook	2593	8045	13
bubu	2594	8044	13
birdbxtch	2595	8044	13
OneHit	2596	8044	13
Gwendis	2597	8043	13
queque	2598	8043	13
Nefarias	2599	8043	13
DougBannock	2600	8043	13
Caspnee	2601	8043	13
SktBengi	2602	8043	13
整洁的棕色蛇	2603	8043	13
freddreht	2604	8043	13
OreilleD	2605	8043	13
WrenchDodger	2606	8043	13
TONKLA	2607	8043	13
GatotKaca	2608	8043	13
LOLOLOLOL	2609	8043	13
MexicanSoda	2610	8043	13
JewTactics	2611	8043	13
Omni	2612	8042	13
jakkybeat	2613	8042	13
gnpcggiz	2614	8042	13
ChrisnoChak	2615	8042	13
ltby	2616	8042	13
Dexydrone	2617	8042	13
Danielzz	2618	8042	13
MarkSteel	2619	8042	13
biohazard	2620	8041	13
Snowpig	2621	8041	13
ForestKin	2622	8041	13
Z22793	2623	8041	13
buickwaffle	2624	8041	13
CyBeR	2625	8041	13
Kiwi112	2626	8041	13
Chuzox	2627	8040	13
无敌暴龙战神	2628	8040	13
TinyMike	2629	8040	13
sizhijianke	2630	8040	13
Waddles	2631	8040	13
Night	2632	8040	13
MrBlingBling	2633	8040	13
Purpleface	2634	8040	13
hikaruu	2635	8040	13
spoofa	2636	8039	13
Teşi	2637	8039	13
Wazda	2638	8039	13
OnlyStitchy	2639	8039	13
Delonce19	2640	8039	13
Hactrain	2641	8039	13
iNzane	2642	8039	13
st1tchz	2643	8039	13
BrotherDoubt	2644	8039	13
CofféCaveman	2645	8039	13
Sojin	2646	8039	13
Try2be	2647	8038	13
Snowpiggy	2648	8038	13
scarlhu	2649	8038	13
BaiPang	2650	8038	13
CyanSquid	2651	8038	13
Naza	2652	8038	13
Newhite	2653	8038	13
dirtychurchi	2654	8038	13
Tleon	2655	8038	13
Jbob	2656	8038	13
Zakynthos	2657	8037	13
Tregear	2658	8037	13
NiDie1	2659	8037	13
Blacklisted	2660	8037	13
goofball	2661	8037	13
Gpsi	2662	8037	13
Bismark	2663	8037	13
Lucaria56	2664	8036	13
Gyarados	2665	8036	13
WildWolf	2666	8036	13
dynastical	2667	8036	13
molkuba	2668	8036	13
Fuglackh	2669	8036	13
OLAzusa	2670	8036	13
typ	2671	8036	13
aHaMage	2672	8036	13
Mstorm	2673	8036	13
Vigrant143	2674	8036	13
QuantumDance	2675	8036	13
xKirewx	2676	8036	13
Antoniousrex	2677	8036	13
Scragbadun	2678	8036	13
Panda	2679	8036	13
Voltage	2680	8035	13
drawkcaB	2681	8035	13
U235	2682	8035	13
CardHunter	2683	8035	13
TheRock1211	2684	8035	13
OvO	2685	8035	13
mlih	2686	8035	13
JonSolo	2687	8035	13
BasTiaN	2688	8034	13
Sunshine	2689	8034	13
Wayne	2690	8034	13
DVDVDV	2691	8034	13
MarinIsBae	2692	8034	13
TrickyHunter	2693	8034	13
Соломія	2694	8034	13
DIGAO	2695	8034	13
Duc	2696	8034	13
Forsaken	2697	8034	13
NOVA	2698	8034	13
Enyri	2699	8034	13
Stevo	2700	8033	13
Muzhii	2701	8033	13
SylphiaeM	2702	8033	13
Rad	2703	8033	13
LemonHawk	2704	8033	13
Pear	2705	8033	13
Dust	2706	8033	13
Bellrun	2707	8033	13
Qwacker	2708	8032	13
Coasterhops	2709	8032	13
凛的卫宫君	2710	8032	13
RussianSpy	2711	8032	13
CleverKenai	2712	8032	13
darkfire	2713	8032	13
Demorth	2714	8032	13
Lark	2715	8032	13
JimjimIII	2716	8032	13
DevilzNight	2717	8031	13
sPbpXoae	2718	8031	13
GameFuPanda	2719	8031	13
Breebreeze	2720	8031	13
Sleepybear	2721	8031	13
deeach63	2722	8031	13
Wrayth	2723	8031	13
HappyFeet	2724	8031	13
Motionz	2725	8031	13
Lionide	2726	8031	13
Flapjack	2727	8031	13
Malibu2026	2728	8031	13
allabala	2729	8031	13
Starawr	2730	8031	13
NecroCook	2731	8030	13
Millificent	2732	8030	13
Tiger	2733	8030	13
cut	2734	8030	13
satty	2735	8030	13
Lostar	2736	8030	13
Brimstone	2737	8030	13
FireFlare	2738	8030	13
Koreldyre	2739	8030	13
Randomguy	2740	8030	13
Mike	2741	8029	13
Hambagurgler	2742	8029	13
Ripley	2743	8029	13
MHG	2744	8029	13
mousa	2745	8029	13
Coathanger12	2746	8029	13
mango	2747	8029	13
Sage	2748	8029	13
PattyB	2749	8029	13
BaileyRosie	2750	8029	13
MrtiniWeenie	2751	8029	13
Turtlez	2752	8029	13
Snott	2753	8029	13
Dynamo	2754	8029	13
BunnyAwaker	2755	8028	13
FuzzyMonkey	2756	8028	13
TShadoz	2757	8028	13
Marlin	2758	8028	13
Parker	2759	8028	13
FordComejoy	2760	8028	13
希加加	2761	8028	13
aZhen0o0	2762	8028	13
HITandRUN001	2763	8028	13
Jelly	2764	8028	13
iFNeedy	2765	8028	13
Thaellin	2766	8028	13
DjEj	2767	8028	13
Tenderlion	2768	8028	13
justiceforhk	2769	8028	13
Imagineer	2770	8028	13
ikory	2771	8028	13
carterd2	2772	8027	13
kgadales	2773	8027	13
AigleAimable	2774	8027	13
Katara	2775	8027	13
Cx330	2776	8027	13
wan4216	2777	8027	13
Iseemara	2778	8027	13
Bleeurgh	2779	8027	13
Tavrys	2780	8027	13
Hexibell	2781	8027	13
TheAlamo	2782	8027	13
ian	2783	8026	13
TheLohrax	2784	8026	13
player547	2785	8026	13
Adventurer	2786	8026	13
YoungmidDR	2787	8026	13
Locomotive	2788	8026	13
Doloress	2789	8026	13
SuperiorSyn	2790	8026	13
Goku	2791	8026	13
sharkbyte	2792	8026	13
Zephyrinus	2793	8026	13
Onyx	2794	8026	13
Tiodiaz	2795	8026	13
MarxMarv	2796	8026	13
havok4tk	2797	8026	13
Madtad	2798	8026	13
ChuckyD	2799	8026	13
sporked	2800	8025	13
Sess	2801	8025	13
iShadowHeart	2802	8025	13
Pub	2803	8025	13
RHarv55	2804	8025	13
Ace	2805	8025	13
stephenvo	2806	8025	13
al19	2807	8025	13
DanteDrackis	2808	8025	13
Deej	2809	8025	13
Griffin	2810	8024	13
Fisherizzo47	2811	8024	13
dirtbag69	2812	8024	13
KainBishop	2813	8024	13
DeepThought	2814	8024	13
Sideburn	2815	8024	13
Koryoko	2816	8024	13
CoRekter	2817	8024	13
Jerms	2818	8024	13
Oxfly	2819	8024	13
rustAlot	2820	8023	13
yjloo	2821	8023	13
triangleCZH	2822	8023	13
DarkPetite	2823	8023	13
Varna	2824	8023	13
PoKz	2825	8023	13
MattLB	2826	8022	13
剑来	2827	8022	13
kj061223	2828	8022	13
WonderOfU	2829	8022	13
dudu	2830	8022	13
Matui	2831	8022	13
AlzyMero	2832	8022	13
gradymex	2833	8022	13
Axolotine	2834	8022	13
SW9	2835	8022	13
StormWalker	2836	8022	13
Veringrin	2837	8022	13
Zuchi	2838	8022	13
ApexSlug	2839	8022	13
Dahow	2840	8022	13
zrjve	2841	8022	13
Maggruber	2842	8021	13
Doubtless	2843	8021	13
Ck69	2844	8021	13
JyKri	2845	8021	13
DogGun	2846	8021	13
LavaDrake	2847	8021	13
coore	2848	8021	13
SSBS	2849	8021	13
nodnarbllik	2850	8021	13
Joebq	2851	8021	13
TheBrilliant	2852	8021	13
Taksaka	2853	8021	13
SMEO	2854	8021	13
VerySpecial	2855	8021	13
Destroyer	2856	8021	13
Kanny	2857	8021	13
Zelizondo	2858	8021	13
SilverStorm	2859	8021	13
TomLehrer	2860	8021	13
SuicideBobb	2861	8021	13
ziirka	2862	8021	13
DimpleSquimp	2863	8021	13
jethaz	2864	8021	13
SledgeHammer	2865	8021	13
babybaer	2866	8021	13
Rengar	2867	8021	13
LastTorch	2868	8020	13
Mythrydate	2869	8020	13
BUBUMOLI	2870	8020	13
HatTruck	2871	8020	13
palayutm	2872	8020	13
zhouzhou	2873	8020	13
dikams	2874	8020	13
ONEPUFF	2875	8020	13
mastermcm	2876	8020	13
noname	2877	8020	13
UOBoNe	2878	8020	13
Dinjisuyeon	2879	8020	13
vincebooks	2880	8020	13
bink	2881	8019	13
Elvis	2882	8019	13
JangoFett	2883	8019	13
stikkman007	2884	8019	13
Hapax	2885	8019	13
StandWithHK	2886	8018	13
Greed	2887	8018	13
rofatou	2888	8018	13
Khen	2889	8018	13
AQiang0o0	2890	8018	13
JadeHound	2891	8018	13
WibbleFarmer	2892	8018	13
MoneyBags	2893	8018	13
Stareu	2894	8018	13
Angeal	2895	8018	13
RydenSlayer	2896	8018	13
Toxiferous	2897	8018	13
Darrington	2898	8018	13
RageElixir	2899	8018	13
CocaCola	2900	8018	13
DeadlyFeet	2901	8018	13
Vincent	2902	8018	13
leaf42	2903	8018	13
untol	2904	8018	13
Xon	2905	8018	13
MrZeo	2906	8018	13
HeartDefect	2907	8017	13
LightUrple	2908	8017	13
itsevykins	2909	8017	13
storm	2910	8017	13
imNiigel	2911	8017	13
bayy	2912	8017	13
叫我帅哥就好了	2913	8017	13
blimpguy	2914	8017	13
Teabobaggins	2915	8017	13
Kirito	2916	8017	13
ynot	2917	8017	13
Samxixi	2918	8017	13
TsuruXelus	2919	8017	13
เป็ดครับ	2920	8017	13
Trial	2921	8017	13
Dumbask	2922	8017	13
Aedaras	2923	8017	13
Frank	2924	8017	13
ShadowMurloc	2925	8017	13
osea101	2926	8016	13
Grig	2927	8016	13
HanamichiPYK	2928	8016	13
plsNoReport	2929	8016	13
wfree	2930	8016	13
Chris	2931	8016	13
Cassandra	2932	8016	13
Cherrydear	2933	8016	13
Brennanasaur	2934	8016	13
Beat	2935	8016	13
JayFish	2936	8016	13
Thelonious	2937	8016	13
ABACABB	2938	8016	13
Imerald	2939	8016	13
PSCobra	2940	8016	13
Etienne	2941	8016	13
Wiisc	2942	8016	13
BoHassan	2943	8016	13
Bemos16	2944	8016	13
KapriSun	2945	8016	13
adewyn	2946	8016	13
Firebolt1176	2947	8016	13
Rope	2948	8015	13
bbbiiiggg	2949	8015	13
星渊歌者	2950	8015	13
ntpncbufg	2951	8015	13
Gunlook	2952	8015	13
Chewy	2953	8015	13
GrumpyMonk	2954	8015	13
DrozDroz	2955	8015	13
Rurikido	2956	8015	13
Dumbledore69	2957	8015	13
Ahto	2958	8015	13
VinCenTzCp	2959	8015	13
Ashun	2960	8015	13
WorldSinger	2961	8015	13
Dawnfinder	2962	8015	13
RusticGnoll	2963	8015	13
mp5	2964	8015	13
ArcherBird	2965	8015	13
Driggie	2966	8015	13
ASDG	2967	8015	13
tRANscend	2968	8015	13
JohnFox	2969	8014	13
Solaris	2970	8014	13
Marc	2971	8014	13
Adventurer	2972	8014	13
CHIHIRO	2973	8014	13
Bplayer123	2974	8014	13
Iggymonster	2975	8014	13
Baitah	2976	8014	13
Hakai	2977	8014	13
DEATHDEALER	2978	8014	13
dentheviking	2979	8014	13
DaYMan	2980	8014	13
paulz	2981	8014	13
Lightstalk	2982	8014	13
swampRabbitt	2983	8014	13
Spectre	2984	8014	13
Crypton	2985	8014	13
Strongfish	2986	8014	13
Avenger	2987	8013	13
Kishimo	2988	8013	13
bootysnatch	2989	8013	13
naks	2990	8013	13
KoothTaba	2991	8013	13
Koooshie	2992	8013	13
黑暗的梅色巫妖	2993	8013	13
Juggler	2994	8013	13
ScaryLarry	2995	8013	13
莫空	2996	8013	13
Richard	2997	8013	13
GetSkwerly	2998	8013	13
Geiz	2999	8013	13
殺手47	3000	8013	13
GopherChucks	3001	8013	13
SkillCyl	3002	8013	13
Maize	3003	8013	13
Balmung	3004	8013	13
Risek	3005	8013	13
payyn	3006	8013	13
KingDaddyP	3007	8013	13
kingsgames	3008	8013	13
Dasa	3009	8013	13
ChipDale	3010	8013	13
Jay	3011	8013	13
wiizart	3012	8012	13
Xohslol	3013	8012	13
blooden1985	3014	8012	13
luckytiger	3015	8012	13
Slept	3016	8012	13
PhantomWolf	3017	8012	13
JaqueMate	3018	8012	13
skullflayers	3019	8012	13
cw279	3020	8012	13
crstnhz	3021	8012	13
Nithil	3022	8012	13
Mercucio	3023	8012	13
MooKowz	3024	8012	13
Elinicus	3025	8012	13
Traygora	3026	8012	13
Maljurious	3027	8012	13
Eysis	3028	8012	13
Rise	3029	8012	13
ImmortallicA	3030	8011	13
Zero	3031	8011	13
freemomo	3032	8011	13
閃亮束褲	3033	8011	13
petit	3034	8011	13
Pingscat	3035	8011	13
berkaytas	3036	8011	13
Plastyqueen	3037	8011	13
AshCRR	3038	8011	13
CowScrotum	3039	8011	13
Obie25	3040	8011	13
Eon	3041	8011	13
StarvingGoat	3042	8011	13
Infinityecho	3043	8011	13
Kithanah	3044	8011	13
NightChen	3045	8011	13
WolFHawKMS	3046	8010	13
df5617531	3047	8010	13
Bloodmaiden	3048	8010	13
zaofan	3049	8010	13
MoFamily	3050	8010	13
ToMoe	3051	8010	13
System	3052	8010	13
Bearijuana	3053	8010	13
TurdGirth	3054	8010	13
Hawk	3055	8010	13
Tweekedout	3056	8010	13
GioLanh	3057	8010	13
Shatmepants	3058	8010	13
Booberry	3059	8010	13
lTrue	3060	8010	13
Kodac	3061	8009	13
히오스와동역학계	3062	8009	13
WaIkek	3063	8009	13
fenwuyil	3064	8009	13
PlayerOne	3065	8009	13
LeslieDW	3066	8009	13
Lorenzo	3067	8009	13
Player	3068	8009	13
NoobStyle	3069	8009	13
Fayssal	3070	8009	13
vlladonx	3071	8009	13
ahoxley	3072	8009	13
Jack	3073	8008	13
Cowslayer	3074	8008	13
ikun	3075	8008	13
djwcb	3076	8008	13
Amendment13L	3077	8008	13
drago	3078	8008	13
Doldrums	3079	8008	13
cgrazzy	3080	8008	13
Meuh	3081	8008	13
HappyFeet	3082	8008	13
Nortoreo	3083	8008	13
Neoteric	3084	8008	13
Sciphone	3085	8008	13
MightyMorphy	3086	8007	13
L123	3087	8007	13
SirSlapsalot	3088	8007	13
lllIllIlllI	3089	8007	13
Air26oC	3090	8007	13
PigPage	3091	8007	13
NightKnight	3092	8007	13
Jacazo	3093	8007	13
Sixteen	3094	8007	13
testiCLAP	3095	8007	13
MrSida	3096	8007	13
Vigorous	3097	8007	13
MidKnight	3098	8007	13
crossarms	3099	8007	13
MeganDarby	3100	8007	13
highmount	3101	8007	13
pcolakis	3102	8007	13
Valmor	3103	8007	13
Chalescu	3104	8007	13
Kira	3105	8007	13
Jeff	3106	8007	13
Zadith	3107	8007	13
lonewolf	3108	8007	13
Smokinjoe	3109	8007	13
KIngMarkieee	3110	8007	13
Uzz	3111	8007	13
FaZe	3112	8007	13
Premara	3113	8007	13
燕纕	3114	8007	13
Gaztoxique	3115	8007	13
unClucky	3116	8007	13
Aces	3117	8006	13
sctay17	3118	8006	13
Gibson	3119	8006	13
Aeshtrix	3120	8006	13
JPA	3121	8006	13
weiweiwei	3122	8006	13
GiantWorm	3123	8006	13
镜中花水中月	3124	8006	13
Matt	3125	8006	13
Equinox	3126	8006	13
Chronicler	3127	8006	13
crazynick	3128	8006	13
StandWithHK	3129	8006	13
Drake	3130	8006	13
Stadt	3131	8006	13
Kaibossy	3132	8005	13
Zintor	3133	8005	13
ArKaNot	3134	8005	13
Reflekt	3135	8005	13
Atraeus	3136	8005	13
TonyDeath	3137	8005	13
Abakaxy	3138	8005	13
lemiere	3139	8005	13
Nomi	3140	8005	13
HiddenPants	3141	8005	13
Godisgoodbro	3142	8005	13
冰萃檸檬	3143	8005	13
Devilicious	3144	8005	13
doublebow7	3145	8005	13
Heiwako	3146	8005	13
GIU29	3147	8005	13
Pugo	3148	8005	13
Lanvall	3149	8005	13
DAMMMMMM	3150	8005	13
Iuliia	3151	8005	13
Darkwicky	3152	8005	13
RuffDogRuff	3153	8005	13
Soleil	3154	8005	13
Purewind	3155	8004	13
FrozenCow	3156	8004	13
Cleopashley	3157	8004	13
ChillyKing	3158	8004	13
Kozen	3159	8004	13
Plustonium	3160	8004	13
Maidenless	3161	8004	13
Casualslayer	3162	8004	13
Miromat	3163	8004	13
AK9479	3164	8004	13
Cardslayer29	3165	8004	13
Wickedllama	3166	8003	13
cqandrews	3167	8003	13
Adventurer	3168	8003	13
OMG	3169	8003	13
真實的青色盜賊	3170	8003	13
hunter	3171	8003	13
青冰白夜	3172	8003	13
SadCat	3173	8003	13
GraineGivrée	3174	8003	13
Douzi	3175	8003	13
Malice	3176	8003	13
Ares	3177	8003	13
pineappleguy	3178	8003	13
PrivatePickl	3179	8003	13
covfefe	3180	8003	13
BSTAurora	3181	8003	13
DavEe	3182	8003	13
bUrN	3183	8003	13
Conker	3184	8003	13
DIRTYMIKE	3185	8003	13
MamaStrange	3186	8002	13
Kitchenfinks	3187	8002	13
Ragdoll0100	3188	8002	13
甘雨	3189	8002	13
ngy	3190	8002	13
hqh	3191	8002	13
GordtaCrnch	3192	8002	13
ProjectYam	3193	8002	13
GonzoSacin	3194	8002	13
SGMassacre	3195	8002	13
Chroniks	3196	8002	13
DanOHG	3197	8002	13
LoreLord	3198	8002	13
XxHIDD3NxX	3199	8002	13
Irregardless	3200	8002	13
Macrackin	3201	8002	13
YouriPilaF	3202	8002	13
Nevermore	3203	8002	13
Dillz	3204	8002	13
Yosho	3205	8002	13
NoPreesh	3206	8002	13
Maegwyna	3207	8002	13
Ahariek	3208	8002	13
ZiGfoRtH	3209	8002	13
TimProctor	3210	8001	13
POOKGAI	3211	8001	13
Huntress	3212	8001	13
Vincesamoli	3213	8001	13
Daybird	3214	8001	13
samuca20	3215	8001	13
KabuLj	3216	8001	13
チンコミルク	3217	8001	13
Cookster	3218	8001	13
Kuzum	3219	8001	13
HighZ	3220	8001	13
Saviour	3221	8001	13
bl00dcreat0r	3222	8001	13
zombiescarer	3223	8001	13
Toshka	3224	8001	13
Artzilol	3225	8000	13
Andywoohoo	3226	8000	13
Scrilla	3227	8000	13
Edd	3228	8000	13
MadMack	3229	8000	13
Malik2Nice	3230	8000	13
DeadlyFeet	3231	8000	13
zatarra	3232	8000	13
ly13j	3233	8000	13
Moonra	3234	8000	13
MightyElf	3235	8000	13
Scremf	3236	8000	13
saygracie	3237	8000	13
Random	3238	8000	13
Neopolitan	3239	8000	13
Baguette	3240	8000	13
Tboyswizzal	3241	8000	13
Arubix	3242	8000	13
ArkArkArkArk	3243	8000	13
Darkraiagain	3244	8000	13
Mjblack	3245	8000	13
Judgement	3246	8000	13
PowerLiam	3247	8000	13
Raposo	3248	8000	13
Kerkoporta	3249	8000	13
MrKinky	3250	8000	13
Bonvil	3251	8000	13
UpsetKing	1	21026	14
LimeDrake	2	21002	14
Ying	3	20703	14
忍た	4	20667	14
suan666	5	20214	14
Rekt	6	20172	14
Zachiswack	7	20049	14
Mia	8	19825	14
SaphirexX	9	19118	14
EducatedC	10	19106	14
PaleGuyHi	11	19008	14
ちぇいん	12	19001	14
BenRen	13	18947	14
Akeno	14	18570	14
ayy	15	18345	14
AtheistCleri	16	18187	14
Dolan	17	18141	14
RaviG37	18	18006	14
Grtwalofchna	19	17985	14
Kinkade	20	17945	14
JoffreyKing	21	17943	14
WDGlobster	22	17538	14
Epicman	23	17312	14
MediumPurple	24	17244	14
cx000	25	17077	14
Soteca	26	17005	14
Rogul	27	16979	14
DriedOrange	28	16784	14
逸尘大宝贝儿	29	16672	14
NoahSchwartz	30	16567	14
EBFRLH11	31	16380	14
Tuns	32	16379	14
BUBUMOLI	33	16207	14
Taupe	34	16030	14
skirmglad	35	15645	14
koitoyuu	36	15602	14
sydanten	37	15577	14
mUdQuAza	38	15561	14
ChristosG3	39	15416	14
Maisie	40	15333	14
xiaoming	41	15315	14
immortalsam	42	15144	14
thefool	43	15107	14
Jato	44	15068	14
Spicetacular	45	15055	14
HaapaE	46	15043	14
xiaoming	47	15020	14
Jakaso27	48	15015	14
Pikkuhousut	49	15004	14
Whobetter	50	14937	14
Veggielord	51	14914	14
zlsjs	52	14898	14
MissBowers	53	14870	14
kadasplayer	54	14856	14
Doinkboink	55	14829	14
Night	56	14750	14
wtybill	57	14690	14
Wrackle	58	14465	14
AngryTurtle	59	14451	14
Abaeckst	60	14451	14
MackSmith	61	14384	14
YYJMVP	62	14370	14
lioxvve	63	14302	14
oligg	64	14298	14
DUCK	65	14297	14
ZXZjjz	66	14293	14
SupriseisPHI	67	14277	14
DiaTech	68	14235	14
HapaBear	69	14213	14
YZZ	70	14158	14
MysteryMan	71	14145	14
hillside	72	14090	14
kunkun	73	14002	14
magates	74	13927	14
Fuglackh	75	13917	14
Icewind	76	13858	14
Exodius003	77	13847	14
Arceus	78	13834	14
FaZe	79	13765	14
Casualslayer	80	13748	14
DannyOkay	81	13687	14
MCHO	82	13513	14
bendandcough	83	13507	14
Lesmana	84	13496	14
LavaRhino	85	13488	14
ddk	86	13465	14
TWOindaP1NK	87	13362	14
Darkovya	88	13359	14
Bryan	89	13344	14
Jisoo	90	13290	14
waterP	91	13278	14
ByefOreSt	92	13272	14
Nightshade17	93	13269	14
QuirkyOrc	94	13221	14
Jethro	95	13197	14
Neo	96	13166	14
MarGOAT	97	13094	14
MisA	98	13089	14
Tyler	99	13086	14
AndovexceII	100	13056	14
chancewaters	101	13010	14
EndlessEnd	102	13002	14
CowScrotum	103	12998	14
jww	104	12985	14
Qnigmatic	105	12951	14
Jared096	106	12827	14
Jared095	107	12827	14
Youna	108	12815	14
Samx94	109	12812	14
FlasherPerv	110	12783	14
MadCat	111	12733	14
Pokkin	112	12591	14
Lustral	113	12500	14
barnsie	114	12499	14
Redemption	115	12473	14
Trudes	116	12445	14
LeftyFC	117	12426	14
TastyTyrone	118	12368	14
T820	119	12360	14
Threebody	120	12358	14
stucrab	121	12333	14
KingofKimchi	122	12330	14
Gouthlord	123	12323	14
Molotov	124	12309	14
brodo	125	12292	14
Forms	126	12290	14
OneEyedCamel	127	12236	14
Revolltzz	128	12217	14
EpicBlur	129	12212	14
JeppeLund	130	12177	14
Astrea	131	12153	14
Itim	132	12141	14
Brayle	133	12112	14
zark	134	12109	14
DEATHDOS	135	12103	14
JoeTFK	136	12068	14
LuckyOwl	137	12059	14
Stevezone360	138	12047	14
Lemonhunter	139	12035	14
FalconCrux	140	12029	14
Thomas307	141	12014	14
AutoCAD	142	11951	14
hollowknight	143	11950	14
IFICANDOBETR	144	11938	14
Fluy	145	11920	14
NoMeNoBoB	146	11908	14
SHIBALSEKI	147	11882	14
kevinschmidt	148	11882	14
Deadlion0	149	11837	14
GradymexJr	150	11823	14
NavyElk	151	11813	14
ONEindaST1NK	152	11804	14
Icymorning	153	11780	14
WaIkek	154	11727	14
XTianE	155	11725	14
Mythic	156	11671	14
GEGURI	157	11663	14
Sherms3	158	11654	14
kaitkat	159	11638	14
Hiebie	160	11638	14
Niub	161	11609	14
woc666	162	11605	14
STUVV	163	11579	14
triangleCZH	164	11578	14
LVGE	165	11565	14
Griddion	166	11562	14
Ryō	167	11562	14
Doughboy420	168	11556	14
LatinTechno	169	11544	14
Edgewalker	170	11518	14
Meero	171	11508	14
SmashSwimCap	172	11486	14
MildSambal	173	11480	14
三边形战士光头捞	174	11479	14
AshLee3	175	11440	14
funcson	176	11433	14
Ditto	177	11429	14
JQwerty	178	11429	14
Zdy	179	11411	14
Dragonjump	180	11397	14
Deadheadd	181	11394	14
Suspensible	182	11394	14
Voltage	183	11390	14
noSwang	184	11374	14
Bat	185	11373	14
nugget	186	11372	14
Rebelized	187	11370	14
SupaFly	188	11369	14
Tairitsu	189	11367	14
Stars	190	11358	14
Pookie	191	11346	14
ranpuz	192	11330	14
StarDuck	193	11326	14
Nekarcos	194	11321	14
MightyElf	195	11318	14
HolyStrike	196	11316	14
Chtholly	197	11308	14
HuNter	198	11288	14
OyamaMahiro	199	11285	14
SageRaven	200	11262	14
Snygg	201	11258	14
GRINEYFASE	202	11251	14
TheBirdman	203	11249	14
Drinks	204	11231	14
mlev	205	11228	14
Cosmic	206	11210	14
IGzang	207	11209	14
Violet	208	11203	14
Growkid	209	11202	14
SrKah	210	11188	14
FrankyDee	211	11159	14
Wattleninja	212	11153	14
Sastremig	213	11146	14
GREENDICK	214	11143	14
Yolo	215	11132	14
ピクルス	216	11120	14
SupēsuǃDandi	217	11117	14
JustinSP125	218	11111	14
Panzerbjorn	219	11100	14
Algebra	220	11100	14
Deadpool805	221	11099	14
Zuchi	222	11080	14
Cibis	223	11064	14
Tyrone	224	11059	14
CrunchyST	225	11055	14
TopDeckGod	226	11047	14
Marble	227	11043	14
Fsouza	228	11039	14
lordjarbinks	229	11033	14
Xinyu	230	11032	14
DoctorYilong	231	11032	14
DarkVan	232	11012	14
Biu	233	11008	14
Komari	234	11001	14
GFYwreckem	235	11001	14
Minekami	236	11000	14
EckoEcko	237	10993	14
litchibaobao	238	10981	14
eraz	239	10969	14
KleinMeow	240	10967	14
SourBoutThat	241	10964	14
Pisci	242	10961	14
Undermine	243	10947	14
KalinaXXX	244	10944	14
mousehunter	245	10943	14
RunBackwards	246	10939	14
Reprisal	247	10934	14
Tcon2	248	10933	14
SHfarking	249	10931	14
RWGlory	250	10931	14
Pingu	251	10925	14
KraM	252	10923	14
Wewmen	253	10916	14
Patrick	254	10907	14
VOIDNESS	255	10899	14
MiniNinja	256	10894	14
sjowyuicy	257	10888	14
killerqueen	258	10880	14
NineTailCat	259	10871	14
AgiDex	260	10867	14
jkirek	261	10861	14
Hexhare	262	10856	14
Taleraethian	263	10850	14
ItSiren	264	10842	14
Levi	265	10832	14
GravenCairns	266	10830	14
牛逼且驴子	267	10829	14
leaf42	268	10827	14
Саня	269	10825	14
PurginKeizer	270	10822	14
Dynamitekid2	271	10817	14
cougars002	272	10817	14
HolyCouto	273	10815	14
Rickymista	274	10814	14
LucasMorais	275	10812	14
Crqb	276	10811	14
CaLaMaJO	277	10806	14
Roofish4	278	10805	14
mrdrchef	279	10805	14
RiZZc	280	10803	14
Lucky	281	10800	14
Biubiu	282	10800	14
AriLove	283	10799	14
harry	284	10794	14
S3XPanther	285	10787	14
Rice	286	10786	14
yewny	287	10779	14
xiaoyu	288	10767	14
J0k3	289	10767	14
Zeohi	290	10766	14
BFMoses	291	10749	14
Jaybo	292	10747	14
TheShark	293	10743	14
awedragon	294	10742	14
BodackSea	295	10739	14
man	296	10734	14
Demian	297	10717	14
Zjunior	298	10685	14
FireRabbit	299	10683	14
Happy1Up	300	10673	14
RobotMurloc	301	10666	14
S0meone	302	10660	14
TeemoTooOp	303	10656	14
trixyz	304	10652	14
Feels	305	10650	14
JVCouto	306	10642	14
JvJnc	307	10641	14
wuma	308	10636	14
jpdavil4	309	10635	14
Dsyexlia	310	10631	14
Tokki	311	10627	14
OdaNobunaga	312	10611	14
Peachy	313	10610	14
Substitute	314	10609	14
Emileminem	315	10607	14
amvega	316	10604	14
WilkDog	317	10600	14
Talos	318	10595	14
Fynance	319	10592	14
Darkness	320	10589	14
fullmetaljon	321	10587	14
Nix	322	10585	14
ToumaKazusa	323	10581	14
Ditwizwaz	324	10577	14
Forced2Wipe	325	10577	14
Spagooti	326	10576	14
shadowfury	327	10576	14
MarkMarkMark	328	10572	14
thefang	329	10557	14
Sang	330	10542	14
MadToy	331	10537	14
Bweenus	332	10531	14
BeetleKing	333	10518	14
SSBS	334	10512	14
Scabbard	335	10501	14
Katie	336	10492	14
ToMoe	337	10485	14
Cartman	338	10484	14
Echo	339	10480	14
zogerreng	340	10463	14
OliveTank	341	10462	14
HazeyDreamz	342	10461	14
mitchwavy	343	10460	14
hhsuper	344	10450	14
pooh	345	10450	14
Lunatik5080	346	10449	14
Iriemember	347	10447	14
Storm	348	10447	14
ygagarin	349	10447	14
Damon	350	10447	14
Pinlil	351	10444	14
Zhs	352	10433	14
LastEmperor	353	10422	14
Karma	354	10419	14
Reraise	355	10403	14
WildWolf	356	10401	14
HunT	357	10384	14
KCargh	358	10372	14
kevin359	359	10372	14
adair	360	10371	14
	361	10370	14
DanteDrackis	362	10369	14
Sunless	363	10368	14
Dinjisuyeon	364	10357	14
doulekill210	365	10354	14
Dreamjokerz	366	10339	14
machi	367	10334	14
stickyman	368	10334	14
cheektavegas	369	10332	14
Quinn32	370	10323	14
Abies	371	10320	14
Rookie13	372	10315	14
zaoplayer	373	10310	14
Bearijuana	374	10305	14
Eagleslayer	375	10296	14
Shaoye	376	10294	14
Syzygy	377	10293	14
JakePaul	378	10291	14
Johnny	379	10291	14
Naori	380	10287	14
DankPaladin	381	10286	14
bobbyex	382	10276	14
Bearrito	383	10267	14
Neko	384	10263	14
SmellyPanda	385	10258	14
Larry	386	10256	14
Yuji	387	10255	14
LaKu	388	10240	14
Mitch	389	10234	14
วาฬทมิฬ	390	10233	14
Jayhova	391	10233	14
Creatur33	392	10226	14
LE1OU	393	10221	14
JMan	394	10220	14
Hammiee	395	10217	14
Sunset	396	10215	14
caboose	397	10209	14
SunvLoenix	398	10208	14
MrBombadil	399	10205	14
Bismark	400	10205	14
Kizzit	401	10202	14
ViKNG	402	10197	14
HotOWGuy	403	10197	14
zuzu	404	10197	14
FlaxHydra	405	10196	14
Nassi	406	10186	14
Nimajneb	407	10177	14
Qetor	408	10174	14
RainYM	409	10172	14
TheStevo	410	10171	14
Glen	411	10170	14
MaskPeter	412	10169	14
Nwb331	413	10158	14
YummyFood	414	10156	14
Protagoras	415	10149	14
shadows797	416	10148	14
callous	417	10138	14
LunaDial	418	10138	14
Niclmaki	419	10132	14
NiceAdept	420	10132	14
HERO	421	10131	14
DuangDuangCo	422	10123	14
WEIIII	423	10123	14
Cyaegha	424	10114	14
Littlemouse	425	10112	14
TheBarnso	426	10103	14
Đestroyer	427	10100	14
BCEGA	428	10098	14
warzon	429	10098	14
Dattypham	430	10093	14
spdymeady	431	10086	14
Nosadjay	432	10086	14
CyanOrc	433	10085	14
koyomi	434	10080	14
Stewy	435	10073	14
HaroldDaFrog	436	10073	14
KisiL	437	10070	14
SneezyGamer	438	10065	14
Adriatik	439	10065	14
Sfec	440	10065	14
初代たまご王子	441	10064	14
Envy	442	10062	14
DekA	443	10060	14
Hezekiel	444	10060	14
keepreal	445	10059	14
Wasabi	446	10059	14
Booberry	447	10054	14
Mecurial	448	10050	14
GoldSeed	449	10049	14
joyseh	450	10047	14
Rastafoo	451	10044	14
FISH	452	10044	14
triforkz	453	10043	14
Vraxtus	454	10041	14
Fainal	455	10040	14
Tangsin	456	10035	14
fatgiraffe	457	10034	14
PupsGoRooRoo	458	10031	14
ARKFIRE10	459	10031	14
LoganPaul10	460	10026	14
top555hoho	461	10025	14
米娜	462	10025	14
TemporaryFun	463	10019	14
MrBrightside	464	10016	14
Ryborn	465	10011	14
HiddenSquid	466	10010	14
Bastion	467	10010	14
Calm	468	10006	14
Asyrusuna	469	10005	14
delHosp	470	10005	14
NT7	471	10005	14
Pupppa	472	10002	14
Croisis	473	10002	14
Undercovers	474	10001	14
Wolfgang	475	10001	14
Sleepybear	476	9997	14
banxia	477	9992	14
TacoTuesday	478	9990	14
Gallows	479	9989	14
Hoff	480	9984	14
Soliduz	481	9982	14
Noleta	482	9978	14
gopherphanny	483	9974	14
CozyCat	484	9973	14
raven	485	9971	14
whit3giv3	486	9970	14
Woah	487	9969	14
RedCat	488	9968	14
Battlelance	489	9968	14
Dricen	490	9966	14
Turimboze	491	9951	14
GoRodGo	492	9945	14
CrispySalsa	493	9943	14
kuroishiina	494	9939	14
ZTR	495	9935	14
toddbruster	496	9930	14
smaug81243	497	9930	14
BocaDeSapato	498	9928	14
Bibi	499	9927	14
Shamrock	500	9927	14
Noblepeasant	501	9925	14
KillaQueen	502	9922	14
Nefarius	503	9917	14
WawayWildman	504	9915	14
Alisaie	505	9912	14
SmashRN	506	9911	14
JBinladen	507	9909	14
JumpyWizard	508	9907	14
CHILLYRAINBO	509	9900	14
azwang	510	9889	14
TheYoungWolf	511	9884	14
DecoderLiu	512	9882	14
Terry	513	9875	14
Dialed	514	9874	14
gigafied	515	9870	14
Pickz	516	9869	14
fireball901	517	9863	14
BensonBurger	518	9862	14
Gameslayer	519	9861	14
GREG	520	9859	14
iTzSketchy	521	9858	14
proASirTY	522	9858	14
Drollic	523	9856	14
JoeSchmoe	524	9852	14
Arc	525	9851	14
Ocarious	526	9849	14
SyneLau	527	9849	14
dirtychurchi	528	9848	14
HsOsullivan	529	9841	14
Effort	530	9837	14
Luigi	531	9836	14
BigMacBunko	532	9832	14
Phizy	533	9821	14
zerodark	534	9817	14
AzureWolf	535	9816	14
ParasyteByte	536	9812	14
IdiotSavant	537	9798	14
LockandNlock	538	9796	14
Klowner	539	9788	14
Eagles	540	9780	14
Flash	541	9779	14
Echoist	542	9775	14
natlog	543	9773	14
MarKhaan	544	9772	14
LeGeneralTao	545	9762	14
CVSPharmercy	546	9761	14
Wurmz	547	9761	14
Rodriqueleo	548	9757	14
Kami	549	9755	14
MMachado	550	9752	14
noflip	551	9751	14
GìMP	552	9743	14
NoctuleDrôle	553	9736	14
Mattking	554	9734	14
LeFlipFlop	555	9731	14
bernardox3	556	9727	14
Bruhffalo	557	9725	14
Aevon	558	9725	14
Sang	559	9719	14
WindWizard	560	9718	14
Dinari777	561	9715	14
Splintel	562	9712	14
EmptyNest	563	9709	14
WDGlobster	564	9700	14
imNiigel	565	9693	14
Cheekypete	566	9690	14
Randomguy	567	9688	14
sPwism	568	9678	14
Staples	569	9678	14
Theshylov3	570	9674	14
Penanabff	571	9673	14
Rivex	572	9670	14
Penana	573	9664	14
Origin	574	9663	14
木子	575	9658	14
kauna	576	9649	14
SmoQ5	577	9646	14
Malensio	578	9645	14
Ludra	579	9642	14
Iomedae	580	9641	14
ArtemisMoon	581	9638	14
MagicNoob	582	9636	14
Orson	583	9635	14
STLzinx	584	9629	14
Arukasa	585	9628	14
BattleLucio	586	9626	14
Hun4onepiece	587	9620	14
djpandaa	588	9612	14
BlackSwan	589	9610	14
TheFishIsBig	590	9609	14
cyv97	591	9608	14
lovelytian	592	9607	14
Duongdaidot	593	9603	14
Violentrabbi	594	9603	14
MyLife4Aiur	595	9601	14
CheeezWiz	596	9600	14
YummYumms	597	9597	14
Prophet	598	9594	14
SpaceDandy	599	9591	14
Kaoes	600	9590	14
Tribles	601	9584	14
yaa	602	9584	14
Geoatlas	603	9583	14
Novicmrman	604	9583	14
DubNation	605	9582	14
Majoca	606	9578	14
IvannW	607	9574	14
Relentless	608	9573	14
RamboJohny	609	9572	14
ChenghaoDu	610	9570	14
Elysia	611	9567	14
FrozenDevl	612	9567	14
Alabra	613	9566	14
HalfHours	614	9564	14
kaitou	615	9561	14
edvango	616	9556	14
GrumpyMonk	617	9551	14
MrAmlice	618	9551	14
Fofo181705	619	9550	14
Vmprnighthwk	620	9550	14
ConcernedApe	621	9550	14
ACrazyJedi	622	9545	14
ClamPuncher	623	9541	14
HanzoMain	624	9541	14
DrewTellMe	625	9539	14
Perfected	626	9532	14
nvs	627	9532	14
awahl97	628	9529	14
smeer	629	9527	14
lucky	630	9527	14
HiddenPants	631	9519	14
bensra	632	9519	14
Asthedream	633	9519	14
MHKG	634	9518	14
Jab	635	9517	14
Magnarr	636	9517	14
Bleurgh	637	9515	14
Losongz	638	9514	14
MrSpooky	639	9514	14
Nitterboozle	640	9513	14
Hobbs	641	9511	14
Dez	642	9510	14
brazASjunior	643	9509	14
Madokaaaaaaa	644	9508	14
shuama	645	9501	14
Xtrelevated	646	9501	14
Juanita	647	9500	14
hollatme	648	9498	14
PredatuX	649	9494	14
IceBear	650	9493	14
TrpZoner	651	9490	14
Chickenugget	652	9488	14
Ŧhrow	653	9488	14
CypressKeys	654	9487	14
Loftskip	655	9486	14
LLAYOR	656	9482	14
JangoFett	657	9481	14
Nekuronika	658	9480	14
Bigredz77	659	9479	14
Derkaderka	660	9473	14
nachall	661	9471	14
EvlCatsrmd99	662	9465	14
Destructible	663	9464	14
Bromz	664	9464	14
Kanny	665	9460	14
PirataBrasil	666	9459	14
GrumpyMonk	667	9453	14
ChengDuinDhs	668	9453	14
TomLehrer	669	9452	14
BobbyBridges	670	9452	14
xxYIIIIIIIxx	671	9448	14
Blight	672	9443	14
Azurali	673	9443	14
Addiction	674	9443	14
embaci	675	9435	14
GrimRipper	676	9433	14
Faraday	677	9432	14
TheFunk	678	9429	14
MANI	679	9428	14
Ice	680	9427	14
KyloRen	681	9421	14
TwitchATCxx	682	9414	14
SusanX	683	9411	14
GraineGivrée	684	9409	14
RedAstro	685	9408	14
littlepod	686	9407	14
Konvicka	687	9405	14
LeoWang	688	9404	14
Orangutan	689	9402	14
Will	690	9399	14
K2CO3	691	9398	14
DiscoWilly	692	9395	14
Plastyqueen	693	9394	14
陰沉的淺褐色貓咪	694	9393	14
Selune	695	9393	14
Shotofpercs	696	9392	14
Kayateaa	697	9391	14
Blofish	698	9389	14
Devium	699	9385	14
Golden	700	9384	14
itscurtiss	701	9382	14
Konodioda	702	9378	14
SpookyPoodle	703	9377	14
Jamagax	704	9375	14
CNBestPharah	705	9373	14
Kerkero66	706	9373	14
rg12138	707	9370	14
bezaap	708	9370	14
Infrared	709	9370	14
DuckNINJAAA	710	9370	14
DrPuppy	711	9369	14
kenboneurmom	712	9361	14
timtwins	713	9360	14
Grant	714	9359	14
gabiruBR	715	9358	14
Justice	716	9357	14
ToxicCurse	717	9355	14
Slimbeef	718	9351	14
micreds	719	9344	14
Ryderzor	720	9343	14
cys1127	721	9343	14
Jéssica	722	9340	14
DemonCrystal	723	9335	14
ZardoZ	724	9333	14
AzureSenyi	725	9332	14
Milvus	726	9331	14
Tr1X	727	9324	14
Pezão	728	9323	14
ExiledHybrid	729	9323	14
SilentStorm	730	9320	14
Gideone	731	9319	14
bai1	732	9313	14
PengX	733	9308	14
OrlandoX	734	9305	14
cree	735	9304	14
Gazu	736	9302	14
yuki	737	9299	14
YeZo	738	9298	14
SADǃ	739	9298	14
Reinhold	740	9293	14
pacman	741	9291	14
Chovasboy	742	9287	14
CoryDaCat	743	9287	14
Prowo	744	9286	14
EAdrian	745	9278	14
Limebleach	746	9277	14
smashcroc	747	9275	14
Fortify77	748	9273	14
Kishimo	749	9272	14
Blitz	750	9271	14
Pochita	751	9269	14
Ventz	752	9267	14
DatsACardMan	753	9266	14
LeLouch	754	9263	14
ItzFated	755	9260	14
Joe	756	9260	14
pen15muncher	757	9259	14
EternalBlue	758	9259	14
Orc	759	9257	14
Myn	760	9257	14
JakeJakeJake	761	9257	14
ebmiller	762	9257	14
Knocknock	763	9254	14
Bigrunner9	764	9252	14
GinoPascu	765	9251	14
WHRoger	766	9248	14
Griffin	767	9246	14
Fayn	768	9246	14
Dyorgyo	769	9245	14
Viner16	770	9242	14
Voxtrel	771	9241	14
leaf	772	9240	14
Shiba	773	9238	14
Silmashiro	774	9237	14
MANKEANDING	775	9232	14
SnarkyGoblin	776	9231	14
Keith3846	777	9230	14
vMx	778	9220	14
Mojo	779	9220	14
EmmanuelNJC	780	9218	14
Plasmatic	781	9217	14
CrazyDiamond	782	9215	14
Adrian	783	9214	14
Siccy	784	9208	14
i4ni	785	9202	14
Django	786	9202	14
Xilumenza	787	9201	14
Inconsistent	788	9198	14
JOMAMA	789	9193	14
grindylo	790	9191	14
Mickey	791	9189	14
Tarquin	792	9189	14
ricky	793	9187	14
Wickedllama	794	9185	14
Pensools	795	9183	14
Llanowan	796	9182	14
For3verLos3	797	9182	14
なす	798	9180	14
dreamguardia	799	9179	14
Doomsayer	800	9178	14
MagoLouco	801	9177	14
Edge	802	9177	14
Chris	803	9173	14
Moorden	804	9172	14
Jatami	805	9171	14
树懒拉臭臭	806	9170	14
Gambuan	807	9170	14
JSafety	808	9169	14
Klonoa	809	9169	14
Backbail	810	9169	14
Burgundron	811	9169	14
Maguire	812	9167	14
LoudSummer	813	9166	14
Rch	814	9164	14
Taw	815	9163	14
Potatolife	816	9159	14
Manwydnfblyr	817	9159	14
Kissbaby	818	9159	14
Chichikov	819	9157	14
MrRoidicles	820	9157	14
Camqtr	821	9155	14
bloodyninja	822	9155	14
Boomo	823	9154	14
Ursk	824	9149	14
SixthMonth	825	9148	14
AgNO3	826	9148	14
SilentKing	827	9147	14
FunnyRager	828	9142	14
wwww	829	9139	14
Mistaaytch	830	9136	14
Spidey48	831	9136	14
doublebow7	832	9136	14
JustGodly	833	9133	14
卢本伟	834	9131	14
rood	835	9131	14
Toast	836	9130	14
SolemnJerk	837	9129	14
frosteyflame	838	9128	14
DopeMonster	839	9126	14
DoBetter	840	9125	14
MrKinky	841	9122	14
MidKnight	842	9120	14
TheChrissila	843	9120	14
Arekkusu	844	9117	14
Frank	845	9115	14
Josh	846	9114	14
荒原寒鸦	847	9112	14
ronieh	848	9107	14
RobotNinja	849	9105	14
Fungo	850	9105	14
SBDOG	851	9105	14
Pigeonking	852	9104	14
wanderer	853	9104	14
twodogbo	854	9104	14
Richard	855	9103	14
SoloMatt	856	9103	14
SupremeToast	857	9103	14
Nashbeez	858	9100	14
Gouwa	859	9099	14
GodAndAnime	860	9096	14
MoneyBags	861	9095	14
barret	862	9093	14
Chupra	863	9092	14
Natsu	864	9092	14
LittleGringo	865	9090	14
TangoHor5e	866	9088	14
NewFable	867	9088	14
SerenaJoy	868	9086	14
justin	869	9085	14
LandinGuy	870	9081	14
Bplayer123	871	9081	14
ÑøŁãŧèȑ	872	9081	14
Leostel	873	9081	14
blazingsky	874	9080	14
TheFEi	875	9079	14
Gangere	876	9079	14
TheMickster	877	9079	14
Yike	878	9075	14
Seady	879	9073	14
TheMonk	880	9071	14
SATO	881	9070	14
VCYY5635	882	9069	14
SamNaCL	883	9067	14
ProfRaptor	884	9066	14
Millificent	885	9065	14
ZEROTWO	886	9065	14
Vikester	887	9061	14
Rajaat	888	9061	14
leet	889	9058	14
OrangeHeadz	890	9057	14
MadMatt	891	9054	14
FlyingStars	892	9054	14
frostedpetal	893	9052	14
Brendani	894	9051	14
MushySmushy	895	9050	14
MysteryHero	896	9050	14
Swegtston	897	9047	14
Danielzz	898	9045	14
JStiff	899	9044	14
blackmamba	900	9043	14
PiPiBoy	901	9042	14
Leandro	902	9042	14
CHRIS	903	9041	14
UsadaPekora	904	9041	14
kun	905	9041	14
lordboogar	906	9040	14
RangerPossum	907	9038	14
Boomaye	908	9036	14
FodaDeFuder	909	9033	14
LazyTitan	910	9032	14
Millhouse	911	9032	14
Sagarras	912	9032	14
Serena	913	9029	14
WebShank	914	9028	14
ham	915	9026	14
Jahrakal	916	9026	14
Foxsplosion	917	9025	14
Rickyric	918	9024	14
Allan	919	9024	14
Igg	920	9020	14
Nick	921	9016	14
Mini	922	9014	14
turtletime99	923	9013	14
Swarlie	924	9012	14
skollaskell	925	9011	14
Sollos	926	9010	14
Chainsawman	927	9009	14
CrazyMage	928	9009	14
ZhuZong	929	9008	14
zhouzhou	930	9008	14
Meuh	931	9008	14
RiffRaff14	932	9007	14
blue1924	933	9006	14
Nagisa	934	9004	14
surprise	935	8999	14
Hegemonkey	936	8999	14
BJammin	937	8998	14
Candyyman	938	8997	14
abdessamad1	939	8995	14
SOCKMONSTER	940	8993	14
Bonvil	941	8992	14
wtfitzbrian	942	8991	14
Pearic	943	8991	14
jxxxn	944	8990	14
Silverhand	945	8988	14
ikun	946	8986	14
EasonLiao	947	8983	14
Armorman	948	8979	14
RaveWars	949	8978	14
PawndaKilla	950	8978	14
xxyao	951	8978	14
Kerse45	952	8977	14
Kagnarok	953	8974	14
Updog	954	8971	14
Nikanoru	955	8970	14
JyKri	956	8969	14
SiulOluap	957	8969	14
DingDongJi	958	8969	14
Staniochstew	959	8969	14
Derk	960	8969	14
Spells	961	8967	14
Leeeeeeeeroy	962	8967	14
Midnightt	963	8967	14
Albert	964	8957	14
Falco	965	8957	14
Kojolika	966	8956	14
samuca20	967	8955	14
Tibarn	968	8955	14
Wizrod	969	8953	14
Nutmeg	970	8949	14
Rocka	971	8948	14
서릿발공	972	8948	14
Meechiee17	973	8943	14
StranStran	974	8941	14
SkySpectrum	975	8940	14
IntenseToast	976	8937	14
RunOrDie	977	8935	14
Targs	978	8931	14
Mudg	979	8930	14
ImZer0	980	8930	14
Carlson	981	8928	14
GeTwHiTe	982	8928	14
plsNoReport	983	8927	14
Chaen	984	8925	14
Deddy	985	8918	14
Heisenberg	986	8916	14
Fletchee	987	8913	14
buickwaffle	988	8904	14
Ventchman	989	8903	14
Monkesito	990	8903	14
Kaede	991	8901	14
Zion	992	8901	14
Micen	993	8900	14
MarxMarv	994	8897	14
Keklort	995	8896	14
timmyjay	996	8895	14
kkatamina	997	8893	14
Fygor	998	8891	14
Fondle	999	8886	14
Mike	1000	8882	14
Nathan	1001	8880	14
Larryler	1002	8876	14
Protocol	1003	8875	14
BonerJetson	1004	8875	14
Onyx	1005	8875	14
Zynyatta	1006	8874	14
Randori	1007	8871	14
durty	1008	8870	14
OWL	1009	8865	14
Chosen	1010	8865	14
ReWane	1011	8864	14
LittleElf	1012	8860	14
Arcas	1013	8860	14
Joker	1014	8859	14
Thealamo	1015	8856	14
Lobsthyr	1016	8854	14
Thatfrogkurt	1017	8851	14
edrak1	1018	8850	14
ŦheLonelyŦub	1019	8849	14
Deakku	1020	8848	14
XziRx	1021	8847	14
WhoDoVooDoo	1022	8846	14
Death12	1023	8845	14
znemoz	1024	8840	14
wa33fu1	1025	8838	14
DECAYINGNITE	1026	8837	14
HeySup	1027	8836	14
ZeroCoolDown	1028	8834	14
Bnmin	1029	8834	14
bigbollo	1030	8834	14
xCrookyx	1031	8832	14
TheBest	1032	8831	14
HomieDixon	1033	8831	14
mlxg	1034	8825	14
Nextella	1035	8825	14
Wyvern	1036	8825	14
StrobeFranco	1037	8823	14
Sophia	1038	8821	14
Nubknight	1039	8820	14
ninjin	1040	8818	14
Zenpai	1041	8817	14
PattyB	1042	8816	14
itscls	1043	8815	14
Narwhal	1044	8813	14
m0s	1045	8813	14
ninjagods	1046	8812	14
KraziEEEEE86	1047	8810	14
NEX4TE	1048	8810	14
WrxZ	1049	8806	14
DanTheSpoon	1050	8805	14
Beowolf	1051	8805	14
Whicker	1052	8803	14
diegob6	1053	8803	14
ArkArkArkArk	1054	8802	14
Kakadrilus	1055	8800	14
Thesway	1056	8796	14
Sciphone	1057	8795	14
Torkon	1058	8793	14
KnuckleBob	1059	8791	14
IronHeadAwsm	1060	8790	14
chadstanz	1061	8790	14
Shoopie	1062	8790	14
dew333	1063	8786	14
Sonic	1064	8783	14
Samxixi	1065	8783	14
ScurvyCur	1066	8783	14
Mitsuaki	1067	8782	14
Andree1	1068	8780	14
Chronicle	1069	8779	14
ピヨ	1070	8778	14
みっちゃん	1071	8778	14
ProbeTier	1072	8777	14
porkee	1073	8775	14
celo	1074	8773	14
Rohman	1075	8773	14
JaqueMate	1076	8772	14
xafrion	1077	8770	14
G0DREX	1078	8770	14
gbhfra	1079	8770	14
trapflag	1080	8766	14
elegy1	1081	8763	14
Shina	1082	8763	14
Advasarii	1083	8763	14
flavorful	1084	8762	14
Westray	1085	8760	14
Player	1086	8760	14
Sil3nt4ce	1087	8759	14
Kobyashi	1088	8757	14
Atd09	1089	8756	14
Arlexsss	1090	8755	14
Brysn	1091	8754	14
Moez	1092	8754	14
Matcha	1093	8753	14
crazykilller	1094	8753	14
BDuang	1095	8752	14
Ganymedes	1096	8752	14
Lunatuna	1097	8750	14
DonCorleone	1098	8749	14
Ascius	1099	8747	14
fragn3nt	1100	8746	14
jeef	1101	8746	14
ming	1102	8744	14
SweetDaddy	1103	8744	14
MoYing	1104	8742	14
beastofman21	1105	8741	14
HuoTuEr	1106	8740	14
lostelk	1107	8739	14
Action	1108	8738	14
e718eternal	1109	8738	14
HelmetBoy4	1110	8736	14
morfim	1111	8730	14
Alessandrovc	1112	8728	14
Massy	1113	8727	14
YaoGuai	1114	8726	14
Wilfight	1115	8726	14
QuantumDance	1116	8726	14
Teabobaggins	1117	8725	14
HungryDrake	1118	8723	14
mybattletag	1119	8722	14
Yuuon	1120	8721	14
GeneralTso	1121	8721	14
gingerkids	1122	8719	14
DUDE10FAT	1123	8716	14
Azrelix	1124	8716	14
Fre	1125	8715	14
Thatevo	1126	8715	14
Excalibur	1127	8714	14
Pickletrash	1128	8714	14
Explosion	1129	8713	14
Mud	1130	8712	14
Lifebinder	1131	8712	14
Try2be	1132	8708	14
Anthoneh	1133	8707	14
ScootLoop	1134	8706	14
Loci	1135	8702	14
ohmygodaaron	1136	8702	14
Mor	1137	8701	14
ellenevers	1138	8701	14
MegaJerry	1139	8701	14
ISNTRAEL	1140	8700	14
IceRage	1141	8699	14
agamenon	1142	8698	14
xiaoliaoo	1143	8693	14
Brocklo	1144	8690	14
Parasoul	1145	8688	14
AhaBazinga	1146	8686	14
zmasterg1	1147	8686	14
BattleTag	1148	8684	14
Valmor	1149	8684	14
setdrow	1150	8680	14
DumplingDan	1151	8680	14
Matthew	1152	8678	14
PremzY	1153	8675	14
LoganCarp	1154	8674	14
marticus	1155	8673	14
KidZ	1156	8670	14
Dan	1157	8669	14
TheCast	1158	8667	14
Commander121	1159	8665	14
maexxna	1160	8664	14
BacoN	1161	8662	14
Stryder	1162	8662	14
Ambition	1163	8661	14
mp5	1164	8661	14
Destroyer	1165	8660	14
Sooner04	1166	8659	14
Aomilex	1167	8657	14
Raddosh	1168	8656	14
dsoM	1169	8656	14
Zeratul	1170	8655	14
DragonGold7	1171	8654	14
Lenose	1172	8652	14
Apurtr	1173	8651	14
Gebels	1174	8648	14
CoonBot	1175	8647	14
Galatea	1176	8647	14
Cruelsock	1177	8644	14
Pandax	1178	8643	14
Plant	1179	8643	14
Fleetwood2	1180	8642	14
CRISON	1181	8641	14
NeverDie	1182	8641	14
whichi	1183	8639	14
crizzzt	1184	8639	14
MinorSoju883	1185	8638	14
Percival	1186	8637	14
Humza	1187	8637	14
Chuzox	1188	8636	14
Salty	1189	8636	14
ulki00	1190	8633	14
DBlitz	1191	8630	14
lucario	1192	8630	14
Meteorites	1193	8630	14
OsamaBinGlau	1194	8627	14
ZeroRequiem	1195	8626	14
Danyul	1196	8623	14
HHBake	1197	8623	14
PatsFan	1198	8621	14
Saga	1199	8621	14
memebois	1200	8620	14
MonkeyChief	1201	8618	14
kunhei	1202	8618	14
rayburger	1203	8618	14
StayDre	1204	8617	14
kongbai	1205	8616	14
Blaxe	1206	8615	14
dududu	1207	8614	14
SlyGoat	1208	8611	14
Ace	1209	8610	14
MrtiniWeenie	1210	8609	14
mistahfinkle	1211	8607	14
Unstark	1212	8606	14
ShadowStorm	1213	8606	14
Trial	1214	8605	14
Kimonai	1215	8603	14
Paranoia	1216	8602	14
Shrink	1217	8602	14
JazzHands	1218	8598	14
kRipptonite	1219	8596	14
GAMBOA5535	1220	8595	14
LZX	1221	8594	14
WingChun	1222	8591	14
Orange232	1223	8591	14
gnahihz	1224	8589	14
PocketPain	1225	8588	14
Davy	1226	8586	14
CocoLemon	1227	8586	14
世阿弥	1228	8586	14
MightBeRoss	1229	8586	14
Kyn	1230	8585	14
MightyElf	1231	8585	14
Asalot1	1232	8585	14
KidA	1233	8584	14
Eckobeasts	1234	8584	14
Toothless	1235	8584	14
scarlhu	1236	8583	14
Eon	1237	8583	14
Hellbent	1238	8582	14
gcats	1239	8582	14
Bboyplate22	1240	8579	14
SnakeEyez	1241	8578	14
insurtz	1242	8578	14
Attila2019	1243	8577	14
Rosie	1244	8577	14
ComShamrock	1245	8573	14
Elon	1246	8573	14
Pier	1247	8572	14
Confession	1248	8572	14
Gilig	1249	8571	14
WantaSpud	1250	8570	14
Chelol	1251	8570	14
ForestSound	1252	8570	14
Buggy	1253	8570	14
Smeak	1254	8570	14
Nowurhealed	1255	8570	14
Krakenation	1256	8568	14
Alien	1257	8568	14
RydenSlayer	1258	8567	14
metroid34	1259	8566	14
Hank	1260	8566	14
art2d2	1261	8566	14
Knives	1262	8565	14
Arthursxg	1263	8565	14
GoRainn	1264	8563	14
Nahtazu	1265	8563	14
SPROPADOP	1266	8562	14
Maymay	1267	8560	14
Vorga	1268	8557	14
abs	1269	8556	14
Trancemuzik	1270	8554	14
ArcZer0	1271	8553	14
ehek	1272	8553	14
FrozenCow	1273	8551	14
michilo12	1274	8550	14
WolfWhite	1275	8548	14
MistaMurder	1276	8546	14
DueLizard	1277	8544	14
RayW	1278	8543	14
BurstLink	1279	8540	14
KevinSalinas	1280	8539	14
ŎwŎ	1281	8537	14
mahiru	1282	8535	14
PlayerOne	1283	8533	14
LokiFan101	1284	8533	14
aine	1285	8533	14
Baeckr	1286	8531	14
Coldstyx	1287	8528	14
Yuher	1288	8527	14
Justin	1289	8527	14
新世纪福音权寄手	1290	8526	14
PooNug	1291	8524	14
zyk	1292	8523	14
Subasion	1293	8523	14
hcolon	1294	8521	14
Ozzy	1295	8521	14
LamenThief	1296	8521	14
OliveImp	1297	8520	14
SvddenBvby	1298	8520	14
Roman0rgy69	1299	8520	14
banz	1300	8519	14
Noeyedeer	1301	8518	14
Whopp	1302	8515	14
CraziB0ii	1303	8515	14
Grego	1304	8514	14
Vyrl	1305	8513	14
HansenC	1306	8512	14
Magequit	1307	8512	14
Wolf	1308	8511	14
Risa	1309	8510	14
SwansGuy	1310	8509	14
Shadowfax	1311	8509	14
Lex	1312	8506	14
Ipman	1313	8505	14
buenozzz	1314	8503	14
hodor	1315	8502	14
newbee	1316	8502	14
TheExiled	1317	8499	14
VarusLegion	1318	8499	14
Penguin	1319	8498	14
We1	1320	8497	14
IAmTKingH	1321	8496	14
BlackDeng	1322	8495	14
MMM100	1323	8493	14
EXIT	1324	8493	14
GreatSatan	1325	8493	14
GiantTurkey	1326	8490	14
evanskie	1327	8489	14
Ajodan	1328	8488	14
mar1zzle	1329	8487	14
간소한태도	1330	8486	14
Airy0	1331	8485	14
Realistic	1332	8483	14
Froztea	1333	8482	14
TsuruXelus	1334	8479	14
Sean	1335	8479	14
DunnoU	1336	8478	14
VerB	1337	8478	14
Isskel	1338	8477	14
TheAardvark	1339	8476	14
magjison	1340	8476	14
Wreckloose	1341	8475	14
Tony	1342	8474	14
Skyscourge	1343	8474	14
AlanAshh	1344	8474	14
Draik	1345	8474	14
nilsson	1346	8472	14
Firebolt1176	1347	8472	14
Genshin	1348	8471	14
DarkAngel	1349	8471	14
VorheeheesTV	1350	8469	14
chaz	1351	8468	14
GrogMalblood	1352	8468	14
Chico	1353	8468	14
Lahadi	1354	8467	14
Leon	1355	8466	14
prpaxson	1356	8465	14
Ouch	1357	8465	14
JustSomeGuy	1358	8465	14
Listener	1359	8464	14
B1ngB0ng	1360	8463	14
Pavlikovsky	1361	8463	14
Tranq	1362	8462	14
Joey	1363	8462	14
DaStatzz	1364	8462	14
csyqd1p	1365	8461	14
ItsValky	1366	8460	14
syhr	1367	8459	14
Serafall	1368	8459	14
Bas0philia	1369	8459	14
iNzane	1370	8456	14
Yukas	1371	8456	14
hhgg	1372	8455	14
JBPieGuy7	1373	8455	14
Xeno	1374	8453	14
gladyn	1375	8453	14
DJWCB	1376	8452	14
GiantDwarf	1377	8452	14
Realizzator	1378	8451	14
Screammmmm	1379	8449	14
Apoka	1380	8449	14
RyugaQuan	1381	8449	14
Riot	1382	8448	14
pjm	1383	8448	14
Bailey	1384	8448	14
Fakey	1385	8448	14
Funkr	1386	8446	14
NightSpitz	1387	8445	14
Shadow	1388	8445	14
Squareleek	1389	8444	14
JBitz	1390	8443	14
Zeph	1391	8443	14
ǍŜŬŊǍ	1392	8442	14
Crazycou	1393	8442	14
JasonBjörn	1394	8441	14
Bigtrunk	1395	8441	14
Keit10	1396	8440	14
dwicker	1397	8439	14
king2789	1398	8439	14
HappyFeet	1399	8438	14
LucasOFDOOM	1400	8437	14
untol	1401	8437	14
quamassbobo	1402	8435	14
Burn	1403	8432	14
Zero	1404	8431	14
ex3c	1405	8431	14
Davidhow	1406	8431	14
Molizane	1407	8424	14
Woody	1408	8424	14
Siphonic	1409	8424	14
LM10	1410	8423	14
Actius	1411	8422	14
PromiseLily	1412	8422	14
Sora	1413	8422	14
Tyler53000	1414	8421	14
qingqiu	1415	8418	14
Teinosuke	1416	8418	14
Terv	1417	8418	14
alchpake	1418	8417	14
WhiteMamba24	1419	8417	14
BerthMania	1420	8416	14
AnyPro	1421	8414	14
NubBlaster	1422	8414	14
jay	1423	8413	14
sxc	1424	8412	14
Cheeseball11	1425	8412	14
Hotkey123	1426	8411	14
sfortenn	1427	8410	14
Zhugeliang	1428	8410	14
Shogunate	1429	8409	14
Bonibelial	1430	8408	14
Roadkill04	1431	8407	14
Lukas	1432	8405	14
rousemat	1433	8403	14
happaly	1434	8402	14
Spudinkle	1435	8402	14
GiraffeRider	1436	8401	14
whover	1437	8401	14
Sasori	1438	8400	14
Crossflash	1439	8400	14
YMFX	1440	8399	14
lrg	1441	8397	14
SmallPurple	1442	8397	14
Generations	1443	8397	14
ScubaPete	1444	8396	14
BILLisDD	1445	8395	14
StevenGRB	1446	8394	14
SktBengi	1447	8393	14
BunnyAwaker	1448	8392	14
MartiniousTP	1449	8391	14
Lecasual	1450	8390	14
Kingu	1451	8390	14
WillyHayliam	1452	8390	14
Aeshtrix	1453	8389	14
sctay17	1454	8387	14
Angelhuambo	1455	8387	14
爱睡觉的粥	1456	8386	14
mzhlb	1457	8386	14
stravv	1458	8386	14
Dawnbringer	1459	8386	14
srsNono	1460	8385	14
Dallas	1461	8385	14
Rottweiler	1462	8384	14
kota	1463	8383	14
GOx2001	1464	8383	14
iwik	1465	8381	14
Meedo	1466	8380	14
blimpguy	1467	8380	14
rtscaptain	1468	8380	14
XStormerX	1469	8380	14
wAmpa	1470	8378	14
TheStampede	1471	8377	14
xiaobaidedie	1472	8376	14
ChineseBunny	1473	8375	14
Jhinxed	1474	8374	14
Mayhalf	1475	8373	14
BecauseOfMe	1476	8373	14
Durty	1477	8372	14
Kwynter	1478	8371	14
BluePants	1479	8371	14
Porphyro	1480	8371	14
mikelol	1481	8370	14
Ares	1482	8368	14
Pyro7733	1483	8368	14
Prag	1484	8367	14
Ekimerton	1485	8366	14
Thoughtsies	1486	8366	14
Ammy	1487	8364	14
cgrazzy	1488	8363	14
Liakusha	1489	8362	14
Hook	1490	8362	14
MopJam	1491	8362	14
traderjems	1492	8360	14
Nuke55554	1493	8358	14
ICampNBD	1494	8358	14
SouthPark	1495	8358	14
chutian	1496	8357	14
Ailikebai	1497	8351	14
FakeDoctor	1498	8349	14
ANOMY	1499	8348	14
Jamesdj2011	1500	8348	14
Deldaro	1501	8345	14
Darkwood	1502	8344	14
Issariel	1503	8344	14
Alex	1504	8343	14
Cakez	1505	8343	14
Rabidmonkay	1506	8343	14
Zirconan	1507	8342	14
eeveecute	1508	8341	14
bringy	1509	8340	14
WomboCombo	1510	8339	14
GayPear	1511	8339	14
swimsteel	1512	8338	14
MaXueSheng	1513	8337	14
GEEKER	1514	8333	14
GreyBeast	1515	8333	14
CombatWombat	1516	8332	14
NicccKKKKKK	1517	8332	14
friedrice	1518	8332	14
Sun	1519	8331	14
Inception	1520	8331	14
Blayst	1521	8331	14
AyyItsMe	1522	8330	14
Zarathustra	1523	8329	14
Vettori	1524	8329	14
jeffrojones	1525	8329	14
freezagold	1526	8328	14
LemorasCards	1527	8327	14
pumpdaddyc	1528	8326	14
epiphanyplx	1529	8324	14
SatanMuffin	1530	8324	14
Crow	1531	8324	14
McSweeny	1532	8323	14
Qutektasha	1533	8323	14
DeckReaper	1534	8322	14
Mul4444	1535	8321	14
Anigodagewi	1536	8321	14
Lightningirl	1537	8321	14
Xflango	1538	8320	14
Drako	1539	8320	14
xHOKEYx	1540	8319	14
Acerock	1541	8319	14
Victor	1542	8317	14
Dandlewood	1543	8317	14
Kythechixguy	1544	8315	14
Rea1DavIs	1545	8314	14
bebotheboss	1546	8313	14
Cbe	1547	8313	14
Thaibro	1548	8313	14
Hunter	1549	8311	14
nickatnyt	1550	8311	14
andbartwo	1551	8310	14
Xyrun	1552	8310	14
Mag	1553	8310	14
JEANXIII	1554	8309	14
hatersgonah8	1555	8307	14
Jordinator	1556	8307	14
MatKas	1557	8306	14
ViviX	1558	8304	14
Decksterous	1559	8303	14
Hikaru	1560	8302	14
Leo	1561	8301	14
Fetafist	1562	8300	14
Budderboy	1563	8300	14
walak	1564	8298	14
Nakilix	1565	8298	14
PhantomZ	1566	8298	14
Frosty	1567	8295	14
Zhanthos	1568	8294	14
Kinger22	1569	8294	14
AyZzeN	1570	8293	14
Elephantus	1571	8293	14
Cherryrum	1572	8293	14
MangoGrell	1573	8293	14
Innkeeper	1574	8292	14
JokerKalrke	1575	8291	14
Dealwizit	1576	8291	14
Clear	1577	8291	14
andyseher	1578	8291	14
kithfree	1579	8290	14
Jroc573	1580	8287	14
TheMaxSaiYi	1581	8287	14
Santa	1582	8287	14
sxnhubwd	1583	8284	14
Stove	1584	8284	14
Pillow	1585	8284	14
DG1	1586	8282	14
LemonHawk	1587	8281	14
YorgenWorgen	1588	8278	14
jay789111	1589	8278	14
Windstrom	1590	8277	14
Hopper	1591	8276	14
Batman	1592	8275	14
ThomasDATank	1593	8274	14
MightyOwl	1594	8274	14
Twins	1595	8274	14
Finesse	1596	8273	14
MoistMate	1597	8273	14
Shibari	1598	8273	14
MissMuffins	1599	8273	14
Cup	1600	8273	14
Doubtless	1601	8272	14
bigpoppasexy	1602	8272	14
Renee	1603	8271	14
Clear	1604	8271	14
Moggo	1605	8269	14
Noitev	1606	8268	14
Cherrydear	1607	8265	14
Juniper	1608	8265	14
Deathless	1609	8264	14
TimeDevourer	1610	8262	14
Cheeselad	1611	8262	14
raviv	1612	8262	14
Mobocracy	1613	8261	14
ZeroBeat	1614	8260	14
GerKop	1615	8260	14
Nithil	1616	8260	14
Greed	1617	8259	14
PearlLoa	1618	8259	14
ratainmunda	1619	8259	14
natsing	1620	8258	14
Evilmypriest	1621	8256	14
Amandil	1622	8256	14
Ermine719	1623	8255	14
SwankyTiger	1624	8255	14
devtron	1625	8254	14
FlynnBoyo	1626	8254	14
Bswizz	1627	8253	14
Hildagrim	1628	8253	14
xerozen	1629	8253	14
prinxikou	1630	8252	14
Scramble	1631	8251	14
Zach96	1632	8251	14
hunterjoel	1633	8251	14
Rovis	1634	8250	14
Xinho	1635	8250	14
sovietpotato	1636	8249	14
ecco	1637	8248	14
Chafouin	1638	8247	14
Eilean	1639	8247	14
EminemStt	1640	8247	14
Shadoyama	1641	8247	14
Staledorito	1642	8247	14
Fatman	1643	8246	14
kingkarp	1644	8246	14
AllForAiur	1645	8245	14
zyk1	1646	8245	14
DrewBert	1647	8245	14
SpecialChild	1648	8244	14
Pooleboy	1649	8244	14
GraySquid	1650	8241	14
MagicTurtle	1651	8240	14
Grudgebearer	1652	8240	14
Djsmith22	1653	8238	14
AndresBello	1654	8236	14
SoulboySG	1655	8236	14
Hurrdy	1656	8235	14
Yomi	1657	8234	14
oibaf35	1658	8233	14
Amree	1659	8233	14
Moon	1660	8233	14
DeathWhisper	1661	8233	14
KoothTaba	1662	8232	14
Adriann64	1663	8232	14
Russian	1664	8231	14
RogueAI13	1665	8230	14
Faint	1666	8229	14
Richard798	1667	8229	14
Gordo	1668	8229	14
Lobo	1669	8228	14
NICKTHEBOT	1670	8228	14
ryanq	1671	8228	14
PlumWisp	1672	8226	14
Robin	1673	8226	14
毐奶协会会长	1674	8225	14
yanggang2020	1675	8225	14
Viceroy	1676	8223	14
noswett	1677	8223	14
Dragoon	1678	8222	14
BadMove	1679	8222	14
kymetheslime	1680	8221	14
Windigo	1681	8220	14
clatskie	1682	8219	14
fha94	1683	8218	14
Darian	1684	8218	14
NexenQC	1685	8217	14
SkirpADerp	1686	8217	14
KATE	1687	8217	14
DarthWoody12	1688	8216	14
Badger	1689	8215	14
MangoHydra	1690	8214	14
Gamer	1691	8214	14
Chokalho	1692	8213	14
Kronos	1693	8212	14
NC11	1694	8212	14
jhq	1695	8211	14
Shima	1696	8211	14
Charwall	1697	8208	14
Ialwaysmiss	1698	8204	14
Covneeddiet	1699	8204	14
Zucco	1700	8204	14
好玩遊戲要繼續玩	1701	8203	14
SatoO	1702	8203	14
discuits	1703	8203	14
Jesusreport	1704	8203	14
Foxlebt	1705	8202	14
iLycheeJelly	1706	8201	14
Fatalocity	1707	8200	14
Ana	1708	8200	14
pisedpinaple	1709	8200	14
GordtaCrnch	1710	8199	14
Mustek	1711	8197	14
RNJESUS	1712	8196	14
tonizle	1713	8196	14
Razputin	1714	8196	14
Baxrus	1715	8193	14
WarMaster	1716	8192	14
Monty21	1717	8192	14
LoneSoldier	1718	8192	14
dracoblaste	1719	8192	14
SuMLee	1720	8190	14
EricbsMC	1721	8189	14
BastionMain	1722	8188	14
HotSun	1723	8187	14
RNGaben	1724	8186	14
Slightly	1725	8186	14
BlueDiarrhea	1726	8185	14
CrankyPantz	1727	8185	14
Baguette	1728	8185	14
Pixzzels	1729	8182	14
klingky	1730	8180	14
เป็ดครับ	1731	8180	14
Haedon	1732	8180	14
ГигантМорж	1733	8179	14
Dabomba123	1734	8178	14
SIGA	1735	8177	14
Bejorn	1736	8177	14
yobroimnasty	1737	8176	14
Burgundy	1738	8175	14
Thelonious	1739	8174	14
Adam123	1740	8174	14
Holymama	1741	8173	14
Goldfinger	1742	8172	14
Rockets	1743	8172	14
Dasani	1744	8172	14
Neptune	1745	8171	14
supertito7	1746	8171	14
Hellavator	1747	8170	14
bamamat1724	1748	8170	14
Dante	1749	8167	14
Rahek0n	1750	8166	14
SaltyCracker	1751	8165	14
Jelly	1752	8164	14
arbiterhs	1753	8164	14
Dragonway	1754	8163	14
Arek	1755	8162	14
Pathos883	1756	8162	14
Kithanah	1757	8160	14
Michl	1758	8159	14
TIEN	1759	8159	14
N1NNO	1760	8157	14
SimplyaBomb	1761	8157	14
ProGenji	1762	8157	14
KWSchnizel	1763	8157	14
thehnicos	1764	8156	14
Airbrush89	1765	8155	14
Husy	1766	8154	14
Gpsi	1767	8154	14
Stevo	1768	8154	14
Pompem	1769	8154	14
Balto	1770	8154	14
Khatastrophe	1771	8153	14
SunflowerGrl	1772	8153	14
DarthTelly	1773	8152	14
stabbylottie	1774	8152	14
ClsProduct	1775	8151	14
Tubertuber	1776	8150	14
skullflayers	1777	8150	14
DANKING	1778	8149	14
triniboy98	1779	8149	14
Ash	1780	8149	14
Pompom	1781	8148	14
SaltIsSalty	1782	8147	14
Wingman	1783	8147	14
Bertrand96	1784	8147	14
charming	1785	8146	14
CadenD14	1786	8146	14
typ	1787	8145	14
Antox13	1788	8145	14
CrovaX	1789	8145	14
BigSausage	1790	8144	14
LastP	1791	8144	14
TheScantiest	1792	8143	14
Shirokuma	1793	8143	14
Daneel	1794	8142	14
IamAnoob12	1795	8142	14
ohmgointer	1796	8142	14
Marcavious	1797	8142	14
ddBanzai	1798	8142	14
tomboyslime	1799	8140	14
Jod420	1800	8140	14
B1GM4CK3Y	1801	8140	14
Tacos60	1802	8139	14
Kozen	1803	8139	14
hlw	1804	8138	14
Breebreeze	1805	8138	14
BallzDeep420	1806	8138	14
Kadez	1807	8138	14
ToThoshi	1808	8137	14
Matt	1809	8137	14
SquishyGregO	1810	8136	14
ACguy	1811	8136	14
Breno121	1812	8135	14
DragonC007	1813	8134	14
Susanoo	1814	8133	14
Moserbomb	1815	8133	14
Pemberto	1816	8133	14
Shiroi	1817	8132	14
barelypoor	1818	8132	14
Tab	1819	8131	14
omniisciient	1820	8131	14
Fred	1821	8130	14
Phong	1822	8130	14
Null	1823	8128	14
Exteil	1824	8128	14
corruptsmurf	1825	8128	14
Sozs	1826	8128	14
InYorFace	1827	8125	14
jevkinz	1828	8125	14
Reid	1829	8125	14
RIAL	1830	8124	14
Thimro	1831	8124	14
Ahariek	1832	8123	14
SnarkyGoblin	1833	8122	14
CoolMintKid	1834	8122	14
LazyCarnage3	1835	8122	14
LeoMito	1836	8120	14
Bg3495	1837	8120	14
Jayflea	1838	8119	14
CoggyDoggy	1839	8117	14
Raidbreak	1840	8117	14
Chance	1841	8116	14
PigPage	1842	8116	14
honeydew	1843	8116	14
Soul	1844	8116	14
LateForWork	1845	8116	14
JacobSopher	1846	8115	14
SuperiorSyn	1847	8115	14
dUwUmfist	1848	8114	14
TinyGZY	1849	8114	14
HDAWG	1850	8113	14
Shanko	1851	8112	14
dirtbag69	1852	8112	14
Mstorm	1853	8112	14
MasterWu	1854	8111	14
Poehog	1855	8110	14
ime	1856	8109	14
Phaos	1857	8109	14
Pudood	1858	8108	14
slugsir	1859	8107	14
OmgHahaLOLxD	1860	8107	14
Symbiotic	1861	8106	14
timidori	1862	8105	14
sajack	1863	8105	14
abacus	1864	8105	14
Viczha99	1865	8104	14
SandClock88	1866	8104	14
Anarchae	1867	8104	14
DargonLoMein	1868	8104	14
fengzi	1869	8104	14
NinjaOtter	1870	8102	14
Deadlee	1871	8102	14
SuperPants	1872	8102	14
EDestroyer	1873	8102	14
Seven	1874	8100	14
Maggruber	1875	8098	14
Yuki	1876	8098	14
sosokLiLi	1877	8098	14
Legacy	1878	8097	14
DragonSpire	1879	8097	14
Aldias	1880	8096	14
Damon	1881	8096	14
TakeItBoy	1882	8095	14
Stephan	1883	8094	14
ElJefe	1884	8094	14
CheekiBreeki	1885	8094	14
lolxdddddddd	1886	8094	14
Gentleducks	1887	8094	14
Hades	1888	8093	14
IHP4ncho	1889	8093	14
SL7FAH	1890	8091	14
NicKy	1891	8091	14
Obie25	1892	8091	14
BigDaddyJ830	1893	8090	14
growingcrows	1894	8090	14
JayFish	1895	8090	14
Alcsaar	1896	8090	14
TechnoYT	1897	8089	14
Spongemon9	1898	8089	14
Mag	1899	8089	14
Maegwyna	1900	8088	14
Rieta	1901	8087	14
QuartzOrc	1902	8087	14
Shadow	1903	8087	14
CoachCory	1904	8086	14
Netzaj	1905	8085	14
MHG	1906	8085	14
trivial	1907	8085	14
Basb	1908	8085	14
Wrinkle	1909	8085	14
JasonPluto	1910	8085	14
Asgard	1911	8085	14
Lashy	1912	8085	14
JustKidding	1913	8084	14
Fennzey	1914	8083	14
Darktides	1915	8083	14
Baelefone	1916	8082	14
P0is0n	1917	8082	14
Zetta	1918	8082	14
MosesFlakes	1919	8082	14
ÜberØMüschi	1920	8082	14
Fedy	1921	8081	14
vekikrk	1922	8081	14
ButterBalls	1923	8081	14
Lenore	1924	8081	14
Toshka	1925	8081	14
WhaleKing	1926	8081	14
SunCrusher	1927	8080	14
Aishdodana	1928	8080	14
Charybdis	1929	8080	14
Sycamore	1930	8080	14
Vigorous	1931	8080	14
Jazzcabbage	1932	8080	14
Dijangow	1933	8080	14
Drg	1934	8079	14
CyanCrane	1935	8079	14
CiberNinja	1936	8079	14
Myth	1937	8079	14
DizzyRogue	1938	8078	14
tommoyo	1939	8078	14
BitterSalt	1940	8078	14
Yelena	1941	8078	14
PetrePlays	1942	8078	14
Frone	1943	8078	14
sasspanda	1944	8078	14
Vero	1945	8077	14
SpiderPig	1946	8077	14
氣泡精靈	1947	8077	14
FrostyFeet	1948	8077	14
mortincarne	1949	8077	14
CrazyGamer	1950	8077	14
Jusang	1951	8076	14
Ultraman	1952	8076	14
EnCyph3r	1953	8076	14
RobotWizard	1954	8076	14
intruder017	1955	8076	14
Mansell	1956	8075	14
Ainracla	1957	8075	14
Sinnaabun	1958	8075	14
hiddena0	1959	8075	14
AceBlade	1960	8074	14
Gtmhs	1961	8074	14
GiantWorm	1962	8074	14
HappyFeet	1963	8074	14
frostpigeon2	1964	8074	14
Skiller	1965	8074	14
Steamboat	1966	8074	14
irisqqq	1967	8073	14
Stateomatter	1968	8073	14
JROD4113	1969	8072	14
Shekt	1970	8072	14
Charliiiiie	1971	8072	14
Cirenhoj	1972	8072	14
ChiefCubone	1973	8072	14
DoxSlayer	1974	8072	14
Raines	1975	8072	14
Solasys	1976	8071	14
JThatDrummer	1977	8071	14
Nureyev	1978	8071	14
Ben	1979	8071	14
baldof	1980	8071	14
Fubes	1981	8071	14
Solz	1982	8071	14
Genan	1983	8070	14
Skmist	1984	8070	14
SilentStorm	1985	8070	14
MagiLatte	1986	8070	14
Southski	1987	8070	14
NorinGrand	1988	8070	14
Nei	1989	8070	14
Sagishi	1990	8069	14
IronLow	1991	8069	14
Amphibatron	1992	8069	14
gcy1996	1993	8068	14
oDawg	1994	8068	14
jaquesto	1995	8068	14
ZidaneTribal	1996	8068	14
Tregear	1997	8067	14
freaknasty	1998	8067	14
Zanith	1999	8067	14
TheChaosKing	2000	8067	14
Jake	2001	8067	14
NoeScogge	2002	8066	14
ArtyomCw	2003	8066	14
BooGahLoo	2004	8066	14
covfefe	2005	8066	14
matt	2006	8066	14
Sheiqck	2007	8065	14
Youjyo	2008	8065	14
bootysnatch	2009	8065	14
Kazaam	2010	8065	14
AsahiSupDry	2011	8065	14
Skzmzy	2012	8065	14
Aikiriwae	2013	8065	14
Korris	2014	8065	14
HiGeorge	2015	8065	14
Hungerer	2016	8065	14
KingofApples	2017	8065	14
HeatSkeeter	2018	8065	14
叫我帅哥就好了	2019	8064	14
Alex	2020	8064	14
DarkRanger	2021	8064	14
Brae	2022	8064	14
DPacman	2023	8063	14
Ornitorrink	2024	8063	14
wattershy	2025	8063	14
DEZZNUZZ	2026	8063	14
NPRDolphin	2027	8063	14
MarinaBoo	2028	8063	14
Psyre	2029	8063	14
Adventurer	2030	8062	14
Mee	2031	8062	14
Whiteknights	2032	8062	14
zd666	2033	8062	14
Moncolus	2034	8062	14
Topann	2035	8062	14
Cleggman	2036	8062	14
Herpalaids	2037	8062	14
RafaMoya27	2038	8062	14
Pierre	2039	8062	14
PapaPopOff	2040	8062	14
Joey	2041	8061	14
Varan	2042	8061	14
gopack50	2043	8061	14
Jack	2044	8061	14
Ares	2045	8060	14
LilPickle	2046	8060	14
PearlRhino	2047	8060	14
LaneLI	2048	8060	14
Orckefeller	2049	8060	14
Ahto	2050	8060	14
stealthmeh	2051	8060	14
LazoPrime	2052	8059	14
glutton	2053	8059	14
Zathi	2054	8059	14
malice	2055	8059	14
RobotWizard	2056	8059	14
ziirka	2057	8059	14
Shakalo	2058	8058	14
DominionGodz	2059	8058	14
Pelluco	2060	8058	14
clong2	2061	8058	14
MiniTitã	2062	8058	14
SpazzyMints	2063	8058	14
Mossjaw	2064	8058	14
NQGam1ng	2065	8058	14
KIngMarkieee	2066	8058	14
AshleyRiot	2067	8058	14
Lightning	2068	8058	14
Kl4ssyKx	2069	8058	14
Bubbo	2070	8058	14
wickedr	2071	8058	14
IceEye	2072	8057	14
Shieru	2073	8057	14
PPK11	2074	8057	14
Firefly	2075	8057	14
BilboSwaggin	2076	8057	14
snakez0r	2077	8056	14
Nedlohh50	2078	8056	14
Baelef	2079	8056	14
weiweiwei	2080	8056	14
Kirito	2081	8056	14
TribalArtist	2082	8056	14
Sylphen	2083	8056	14
loheed	2084	8056	14
TheWord	2085	8055	14
eoHuEded	2086	8055	14
NavyBear	2087	8055	14
gradymex	2088	8055	14
Knox	2089	8055	14
Wrongest	2090	8055	14
Battlescar	2091	8055	14
OhDavey	2092	8055	14
ShadowMurloc	2093	8055	14
limpgrimp	2094	8054	14
SuperMage	2095	8054	14
ProjectYam	2096	8054	14
WIZARDSNIPEZ	2097	8054	14
SMEO	2098	8054	14
NostraThomas	2099	8054	14
Vast	2100	8054	14
SneakyTurtle	2101	8053	14
ihua	2102	8053	14
Reid121	2103	8053	14
PepperSiuMai	2104	8053	14
Shiwakawa	2105	8053	14
Hellon	2106	8053	14
Crisxen	2107	8053	14
EYEQ	2108	8052	14
Rawliet	2109	8052	14
Chummy	2110	8052	14
Kilonova	2111	8052	14
macshane	2112	8052	14
Blaky18	2113	8052	14
Toph	2114	8052	14
GotEm	2115	8052	14
Cassaca	2116	8052	14
Revel	2117	8051	14
見到鹿鹿	2118	8051	14
AndrewT6699	2119	8051	14
RubOnMyChest	2120	8051	14
MATT	2121	8051	14
RedEyeStorm7	2122	8051	14
THPNOMNOM	2123	8050	14
FalebCogle	2124	8050	14
Teşi	2125	8050	14
FloxP	2126	8050	14
Rakoth	2127	8049	14
Daniel44000	2128	8049	14
Bushwookie	2129	8049	14
hannibl	2130	8049	14
StevenFocker	2131	8048	14
Wilsicle14	2132	8048	14
fakenews	2133	8048	14
Dongling	2134	8048	14
IlIlIlIlIl1	2135	8048	14
Tanis	2136	8048	14
TheKangaroo	2137	8048	14
BigQ	2138	8048	14
keemza	2139	8047	14
neyen	2140	8047	14
Stillson	2141	8047	14
Tbssen	2142	8047	14
Xera	2143	8047	14
Fattoo	2144	8047	14
Tommyvy	2145	8047	14
Zky	2146	8046	14
dillyg10	2147	8046	14
SPNKrX117	2148	8046	14
TheArtorias	2149	8046	14
TaxExempt	2150	8046	14
aliens	2151	8046	14
GIRLHELL1999	2152	8046	14
Apollo	2153	8046	14
Shmanks	2154	8046	14
Kekschaos	2155	8045	14
yijia	2156	8045	14
arsecookie	2157	8045	14
jess	2158	8045	14
jaded	2159	8045	14
THORN	2160	8045	14
FireAndBlood	2161	8044	14
Keeban	2162	8044	14
Zaroua	2163	8044	14
Meeney	2164	8044	14
PrettyCure	2165	8044	14
ATSUYA	2166	8044	14
Shonks	2167	8044	14
KreamyCenter	2168	8044	14
Brimstone	2169	8044	14
catrific	2170	8044	14
JumpyWizard	2171	8044	14
Ambition	2172	8044	14
Elysia	2173	8043	14
kounijiwa	2174	8043	14
faffsa	2175	8043	14
hugo	2176	8043	14
HikerTrash	2177	8043	14
maddogmatt	2178	8043	14
Jakequille	2179	8043	14
Quads	2180	8043	14
jefflourenco	2181	8042	14
Gwendis	2182	8042	14
Gigem	2183	8042	14
KingFesti	2184	8042	14
PHILtheTANK	2185	8042	14
PDXfearless	2186	8042	14
Kaagin	2187	8042	14
NateTheGreat	2188	8042	14
Imarines	2189	8042	14
Chi	2190	8042	14
Ev3nt	2191	8042	14
truth	2192	8041	14
Gato	2193	8041	14
Xephet	2194	8041	14
Schwalben	2195	8041	14
farb	2196	8041	14
nutEaaron	2197	8041	14
Defila	2198	8041	14
	2199	8041	14
Koawla	2200	8041	14
Silentlaze	2201	8041	14
Zylo	2202	8041	14
Vogriu	2203	8041	14
Sevment	2204	8041	14
Faker	2205	8041	14
WeepingSoul	2206	8041	14
xKlux	2207	8041	14
BoAngeL	2208	8041	14
YOMOGaming	2209	8041	14
snowman	2210	8040	14
MightyElf	2211	8040	14
gaspo	2212	8040	14
Axe255	2213	8040	14
Swagmuffin7	2214	8040	14
Jane	2215	8040	14
Makezi	2216	8040	14
hellahyphy	2217	8039	14
Crispy	2218	8039	14
Bostic	2219	8039	14
Deadnight	2220	8039	14
Wrecked	2221	8039	14
Boduar	2222	8039	14
Jamelee88	2223	8039	14
Sel	2224	8039	14
Nemo	2225	8039	14
Viktoree	2226	8039	14
Malibu2026	2227	8039	14
CoolaColada	2228	8038	14
bread	2229	8038	14
JLash117	2230	8038	14
Nathyyy	2231	8038	14
M0N3YK1LL3R	2232	8038	14
Aditya	2233	8038	14
Quik	2234	8038	14
Imerald	2235	8038	14
Hobotus	2236	8038	14
kuhloo	2237	8038	14
AmeMoyou	2238	8037	14
HUNTER	2239	8037	14
MangoHawk	2240	8037	14
SoupSandwich	2241	8037	14
goofball	2242	8037	14
Samein11	2243	8037	14
PolarBear	2244	8037	14
Beldhyr	2245	8037	14
Starawr	2246	8037	14
AbrahamZX1	2247	8036	14
RumHam	2248	8036	14
flood	2249	8036	14
Gohas	2250	8036	14
Camdiddy	2251	8036	14
Ueland	2252	8036	14
Meguminlof	2253	8036	14
FreeHK	2254	8036	14
Shy	2255	8036	14
Blackrabbit	2256	8035	14
DAMMMMMM	2257	8035	14
RopesAreRad	2258	8035	14
ArcherBird	2259	8035	14
USAFHercules	2260	8035	14
Huds900	2261	8035	14
Yodorei	2262	8035	14
Asldkjf	2263	8034	14
RadDad	2264	8034	14
jojo	2265	8034	14
Saintsation	2266	8034	14
Duhvided	2267	8034	14
Gywn	2268	8034	14
This	2269	8034	14
DeMone	2270	8034	14
Evolution	2271	8034	14
Oxfly	2272	8034	14
AarZ	2273	8033	14
Marta	2274	8033	14
椒唐	2275	8033	14
Mustafa	2276	8033	14
BBDinyourass	2277	8033	14
BaiPiZhu	2278	8033	14
Dormontius	2279	8033	14
Beat	2280	8033	14
AFKay	2281	8033	14
Asurah	2282	8033	14
Temperize	2283	8033	14
TheRoadcone	2284	8033	14
BobMyFriend	2285	8033	14
kj061223	2286	8032	14
kivmqq	2287	8032	14
Deez	2288	8032	14
Chrollo3mek	2289	8032	14
Bibs	2290	8032	14
wasdbob	2291	8032	14
RoaringBear	2292	8032	14
Tassadar	2293	8032	14
Kaylar	2294	8032	14
HeyDorch	2295	8031	14
HotZergling	2296	8031	14
xviii	2297	8031	14
Deini	2298	8031	14
Zeldar26	2299	8031	14
BoHassan	2300	8031	14
GhostDragon	2301	8031	14
Babadook	2302	8031	14
FireEmblemZ	2303	8030	14
tandabear23	2304	8030	14
Cody	2305	8030	14
Draenorlord	2306	8030	14
Lorenzo	2307	8030	14
PassionFruit	2308	8030	14
Tony	2309	8030	14
Lee	2310	8030	14
JerryEffect	2311	8030	14
Woody	2312	8030	14
Artzilol	2313	8029	14
Colinfucius	2314	8029	14
Stefa	2315	8029	14
pickle	2316	8029	14
SlurpySloth	2317	8029	14
Ironlung	2318	8029	14
Avignon	2319	8029	14
TommyTom	2320	8029	14
Turuletee	2321	8029	14
Fearqq	2322	8028	14
Chewy	2323	8028	14
IcebergPrime	2324	8028	14
NTrustworthy	2325	8028	14
Skylab	2326	8028	14
Bochy44	2327	8028	14
ChillyKing	2328	8028	14
captyuth	2329	8028	14
Flame	2330	8028	14
HiddenLeaf	2331	8028	14
MasterPear5	2332	8028	14
Switch	2333	8028	14
humads	2334	8028	14
Valasio	2335	8028	14
Aroven	2336	8028	14
Aurorus	2337	8027	14
Rainhart	2338	8027	14
Necronerser	2339	8027	14
Trap	2340	8027	14
Mapitus	2341	8027	14
Fenrir	2342	8027	14
Perry	2343	8027	14
AceDaAtheist	2344	8027	14
Kaibossy	2345	8026	14
Googs	2346	8026	14
OliveYeti	2347	8026	14
Daniel	2348	8026	14
AnnoyingCat	2349	8026	14
BigDishes	2350	8026	14
Pugo	2351	8026	14
Sheldon	2352	8026	14
Allirog	2353	8026	14
mahkala	2354	8026	14
Tusk	2355	8026	14
AuDiO	2356	8025	14
Cryptoby	2357	8025	14
Inno	2358	8025	14
itsevykins	2359	8025	14
Eugene	2360	8025	14
AzureRogue	2361	8025	14
Lwwwwwwwwwww	2362	8025	14
Tortured	2363	8025	14
Cppotter	2364	8025	14
Forward	2365	8025	14
RussianSpy	2366	8025	14
JaqueLeGrand	2367	8025	14
Ohh	2368	8025	14
IMainSniperz	2369	8025	14
Delta508	2370	8025	14
Littletitty	2371	8025	14
squiglyordie	2372	8024	14
Batbat	2373	8024	14
larawyn	2374	8024	14
rogue	2375	8024	14
Cj979	2376	8024	14
Tabs	2377	8024	14
Fox	2378	8024	14
	2379	8024	14
CBlais	2380	8024	14
NtrBulb	2381	8024	14
Cupcake	2382	8024	14
Scoosha	2383	8023	14
justin	2384	8023	14
NothingSoul	2385	8023	14
Jumana	2386	8023	14
moyi	2387	8023	14
BIindGardian	2388	8023	14
NCTian	2389	8023	14
HeroicSocks	2390	8023	14
Sirvin	2391	8023	14
Shatmepants	2392	8023	14
Drolljin	2393	8023	14
Mortzor	2394	8023	14
RedMage	2395	8023	14
Carlypanduhh	2396	8023	14
DougBannock	2397	8022	14
TheRoach125	2398	8022	14
SppermSender	2399	8022	14
ToS	2400	8022	14
NickConti	2401	8022	14
goat	2402	8022	14
Legendmaker	2403	8022	14
Shazgath	2404	8022	14
CrownedHero	2405	8022	14
DrozDroz	2406	8022	14
raimundo627	2407	8022	14
Poncho	2408	8022	14
NigerianNewt	2409	8022	14
RED	2410	8022	14
NUWildcat928	2411	8022	14
Nighttorment	2412	8022	14
kingsgames	2413	8022	14
Duby	2414	8022	14
RobinHoodTTV	2415	8022	14
ZiGfoRtH	2416	8022	14
FAMlNE	2417	8021	14
LunaRei	2418	8021	14
BLegendary	2419	8021	14
Tarr	2420	8021	14
Helg	2421	8021	14
Wammyflammy	2422	8021	14
Forsaken	2423	8021	14
Delzman	2424	8020	14
Flidwer	2425	8020	14
Lilith	2426	8020	14
ama	2427	8020	14
Zombifier	2428	8020	14
Showdown	2429	8020	14
HoNJester	2430	8020	14
Hithros	2431	8020	14
JohnnyMadDog	2432	8020	14
Quintessence	2433	8020	14
Abby	2434	8020	14
Bobbyrewdas	2435	8020	14
bethanyk	2436	8020	14
ctako125	2437	8020	14
ReturnTrue	2438	8020	14
Heskey4Lyfe	2439	8019	14
CURIOSITY	2440	8019	14
ilovecaffe9t	2441	8019	14
纵使骸骨成尘而去	2442	8019	14
sdfsgh	2443	8019	14
Joesmoe	2444	8019	14
PS1D	2445	8019	14
Rapthor	2446	8019	14
Samanosuke	2447	8019	14
Peppermint	2448	8019	14
DuesVult	2449	8019	14
Dillz	2450	8019	14
Delineate	2451	8019	14
Justin	2452	8019	14
Caseym	2453	8019	14
Disconnected	2454	8019	14
Blaiddrodi	2455	8019	14
MurknTurk	2456	8019	14
Nakazato	2457	8019	14
Mont	2458	8018	14
HKG	2459	8018	14
overwater	2460	8018	14
SneakySquid	2461	8018	14
Hayat	2462	8018	14
toothy3000	2463	8018	14
Junglely	2464	8018	14
Sakamoto	2465	8018	14
WrenchDodger	2466	8018	14
LilBill328	2467	8018	14
Milo16Milo	2468	8018	14
tom	2469	8018	14
Shuckerr	2470	8018	14
Savathar	2471	8018	14
Jillwiches	2472	8017	14
Sid	2473	8017	14
troydefeater	2474	8017	14
DrMoreau	2475	8017	14
YourKing	2476	8017	14
オルフェウス	2477	8017	14
GeneralWayne	2478	8017	14
Solidituary	2479	8017	14
DaZanii	2480	8017	14
Skibi	2481	8017	14
LustrumPlan	2482	8017	14
Cardslayer29	2483	8017	14
InfinityBro	2484	8016	14
Xàvîęr	2485	8016	14
Incoming2012	2486	8016	14
Adventurer	2487	8016	14
GhostDog	2488	8016	14
Praedyth	2489	8016	14
Coten	2490	8016	14
GrittyBang	2491	8016	14
Spleensoup	2492	8016	14
jontrills	2493	8016	14
xRASTAx	2494	8016	14
Tleon	2495	8016	14
pineappleguy	2496	8016	14
Myth	2497	8016	14
D3moQc	2498	8016	14
RazieL	2499	8016	14
pigpen	2500	8016	14
AkumA	2501	8016	14
BlazingRhino	2502	8016	14
Rehab	2503	8016	14
Splix	2504	8016	14
Zintor	2505	8015	14
missmassikur	2506	8015	14
Fudgedup	2507	8015	14
kjoct	2508	8015	14
Pip	2509	8015	14
BusterSlash	2510	8015	14
Pudding	2511	8015	14
LiLLOCZ14	2512	8015	14
ttvLuchTTv	2513	8015	14
AP0CALYPS3	2514	8015	14
Yeast	2515	8014	14
SLOTHIZ	2516	8014	14
Lukiss	2517	8014	14
Micky	2518	8014	14
corwin	2519	8014	14
Dracolich	2520	8014	14
JimmerRange	2521	8014	14
Rick	2522	8014	14
Spicycanada	2523	8014	14
Grae	2524	8014	14
Hazuki	2525	8014	14
gdlz	2526	8014	14
Bdeved	2527	8014	14
Remedies	2528	8014	14
queque	2529	8013	14
adeadlyviper	2530	8013	14
GarnetOwl	2531	8013	14
agentfancy	2532	8013	14
Oliveira	2533	8013	14
Jimmimie	2534	8013	14
Brennanasaur	2535	8013	14
Kasue	2536	8013	14
Shinrabansho	2537	8013	14
Dizzlx	2538	8013	14
Rapid	2539	8013	14
Diomedes	2540	8013	14
Veringrin	2541	8013	14
ChcknDinner	2542	8013	14
Frank	2543	8013	14
ehstevahn	2544	8013	14
SMAUS	2545	8013	14
SandorVS	2546	8012	14
ThatGuy	2547	8012	14
Tae	2548	8012	14
AdmrlJackbar	2549	8012	14
LongArms	2550	8012	14
MauveOtter	2551	8012	14
Djsprinkles	2552	8012	14
jakobaka	2553	8012	14
SwampApe	2554	8012	14
Militant	2555	8012	14
AlphaQueueUp	2556	8012	14
WillToWin	2557	8012	14
NMLGUANWILL	2558	8012	14
Rookstar	2559	8012	14
Jremz	2560	8012	14
NVRSleeps	2561	8012	14
Ravarek	2562	8012	14
RealityBreak	2563	8012	14
danaze9001	2564	8012	14
Avenger	2565	8011	14
Boofmeister	2566	8011	14
LavaSquid	2567	8011	14
Acoop24	2568	8011	14
Denebula	2569	8011	14
Or2	2570	8011	14
Tifa	2571	8011	14
PlayerOne	2572	8011	14
Jokerf60	2573	8011	14
StalkleAmour	2574	8011	14
Champ	2575	8011	14
irishman91	2576	8011	14
Animalcraker	2577	8011	14
Mrox	2578	8011	14
ITellYouHwat	2579	8011	14
Deathpool	2580	8011	14
PyramidHead	2581	8011	14
Vestiad	2582	8011	14
MangoThief	2583	8011	14
Airton	2584	8011	14
Beast	2585	8011	14
WolFHawKMS	2586	8010	14
jjtman	2587	8010	14
UnknownB1	2588	8010	14
plampy	2589	8010	14
aehOOOOO	2590	8010	14
phantonz	2591	8010	14
Thiago	2592	8010	14
sanco	2593	8010	14
Jade	2594	8010	14
ScouTzHonour	2595	8010	14
Sparkilla	2596	8010	14
Cdub	2597	8010	14
BloodSaint	2598	8010	14
Tubsiwub	2599	8010	14
SargentOsama	2600	8010	14
Dreamcatcher	2601	8010	14
Iceking	2602	8010	14
BigP	2603	8010	14
Psychodawg	2604	8010	14
Kustum	2605	8010	14
PorLaHorda	2606	8010	14
SavvyDavvy	2607	8010	14
Hedges	2608	8010	14
coenix	2609	8009	14
ldk1609	2610	8009	14
Paradox	2611	8009	14
RAYRAY017	2612	8009	14
Serein	2613	8009	14
BattleBear	2614	8009	14
cyclesnap	2615	8009	14
ltby	2616	8009	14
iJava	2617	8009	14
HiRize	2618	8009	14
MrWazowski	2619	8009	14
KingLooch	2620	8009	14
pleonexia	2621	8009	14
babybaer	2622	8009	14
llamasinc	2623	8008	14
Sandro	2624	8008	14
Zero	2625	8008	14
Báthory	2626	8008	14
Ayyyyyyyy	2627	8008	14
crstnhz	2628	8008	14
LoreLord	2629	8008	14
crazynick	2630	8008	14
Notelos	2631	8008	14
RockerCota	2632	8008	14
bpro	2633	8008	14
Wisdom	2634	8008	14
WinstonJR	2635	8008	14
Ribit	2636	8008	14
ShinyHero	2637	8008	14
Zeraxis	2638	8007	14
Crosea	2639	8007	14
DiscoFire	2640	8007	14
JPA	2641	8007	14
MonMon	2642	8007	14
LilDucky	2643	8007	14
nopants	2644	8007	14
Adam	2645	8007	14
Shprotoss	2646	8007	14
Katosomoto	2647	8007	14
hawkoblanco	2648	8007	14
RoyalRexmor	2649	8007	14
azmatticus	2650	8007	14
Link	2651	8007	14
Varna	2652	8007	14
Ty12ael	2653	8006	14
Wazzap	2654	8006	14
JmBlood	2655	8006	14
TastierSnail	2656	8006	14
LemonOrc	2657	8006	14
DeepBlueApu	2658	8006	14
YoYoZhang	2659	8006	14
NoU	2660	8006	14
PvME	2661	8006	14
Kerrigan	2662	8006	14
SpaciousKey	2663	8006	14
dentheviking	2664	8006	14
Fujitora	2665	8006	14
derkalucka	2666	8006	14
Zix	2667	8006	14
AceFireFist	2668	8006	14
Fugbucker	2669	8006	14
ScOoT10303	2670	8006	14
acejc3	2671	8005	14
tendergreens	2672	8005	14
MickeyD	2673	8005	14
Godant	2674	8005	14
Alfeeel	2675	8005	14
WeiXia	2676	8005	14
Lmaoonadee	2677	8005	14
Tremus	2678	8005	14
Taylor	2679	8005	14
themoonlight	2680	8005	14
Mez	2681	8005	14
Gir	2682	8005	14
Silent	2683	8005	14
draperza	2684	8005	14
Bloodyknife	2685	8005	14
TonyZ	2686	8005	14
Jeff	2687	8005	14
schaubyy	2688	8005	14
themedik	2689	8005	14
Grandpowecor	2690	8005	14
LyingIsASin	2691	8005	14
HiddenTroll	2692	8005	14
TheEvelynn	2693	8004	14
Patrick	2694	8004	14
JacquesLeBo	2695	8004	14
Protoman	2696	8004	14
Cookster	2697	8004	14
Gingerbeard	2698	8004	14
TooNinja	2699	8004	14
Nightmare	2700	8004	14
Hactrain	2701	8004	14
chanman	2702	8004	14
BlackReaperx	2703	8004	14
Alarak	2704	8004	14
Rifftt	2705	8003	14
Twinfeeler	2706	8003	14
Adney	2707	8003	14
SleepingBaby	2708	8003	14
IcyDeluge	2709	8003	14
Pathf1nder	2710	8003	14
Qwark	2711	8003	14
Defold	2712	8003	14
Tenebrus	2713	8003	14
Bonedruid	2714	8003	14
Rhuark	2715	8003	14
Baconlord117	2716	8003	14
ŶĤŴĤ	2717	8003	14
Never1st	2718	8003	14
TheBehrg	2719	8003	14
Demorth	2720	8003	14
Makima	2721	8003	14
ItsAKiwi	2722	8003	14
ServeIapetus	2723	8002	14
Sinfonian	2724	8002	14
Sportaflop	2725	8002	14
ladiechels	2726	8002	14
Diskette	2727	8002	14
ForsakenHK	2728	8002	14
ХхУбивАшкАхХ	2729	8002	14
raikore	2730	8002	14
Tempted	2731	8002	14
trid	2732	8002	14
Kross	2733	8002	14
Mp9000	2734	8002	14
Vertex	2735	8002	14
Ilidan	2736	8002	14
UL7RA	2737	8002	14
Lithsp	2738	8002	14
ghpkhg	2739	8002	14
Madrox	2740	8002	14
Juice	2741	8002	14
Calbania	2742	8002	14
ItzComical	2743	8002	14
Watari	2744	8002	14
Vargox	2745	8002	14
CHUCKECHEESE	2746	8001	14
PaladinZ	2747	8001	14
Dii3	2748	8001	14
Gyarados	2749	8001	14
Wary	2750	8001	14
M42	2751	8001	14
Katt	2752	8001	14
CrazzyTeddy	2753	8001	14
MisoHoney	2754	8001	14
boten25	2755	8001	14
WizeGuize	2756	8001	14
OODonger	2757	8001	14
Infinityecho	2758	8001	14
snowl	2759	8001	14
KingofBlaze	2760	8001	14
Temmie	2761	8001	14
Muzek	2762	8001	14
TimProctor	2763	8000	14
pvue1026	2764	8000	14
Adventurer	2765	8000	14
Analyst	2766	8000	14
Shiro	2767	8000	14
SoloInfantry	2768	8000	14
Pacote	2769	8000	14
Okarma	2770	8000	14
mlady	2771	8000	14
skyroad	2772	8000	14
MrZinch	2773	8000	14
Sideburn	2774	8000	14
Glitterpony	2775	8000	14
A2TeMiS	2776	8000	14
shack	2777	8000	14
Haroldliven	2778	8000	14
brandragon	2779	8000	14
Bardiche	2780	8000	14
V13tkong	2781	8000	14
X3L	2782	8000	14
willxking	1	21695	15
Zachiswack	2	21425	15
UpsetKing	3	21043	15
ayy	4	20635	15
Fuglackh	5	20001	15
PaleGuyHi	6	19654	15
Rekt	7	18775	15
RaviG37	8	18635	15
Lesmana	9	18464	15
Whobetter	10	18130	15
SaphirexX	11	18090	15
DUCK	12	17800	15
chancewaters	13	17669	15
Exodius003	14	17492	15
cx000	15	17358	15
ちぇいん	16	17349	15
Jared095	17	16798	15
Jared096	18	16730	15
MediumPurple	19	16600	15
EducatedC	20	16447	15
suan666	21	16344	15
Kinkade	22	16318	15
mUdQuAza	23	16256	15
sydanten	24	16209	15
YYJMVP	25	16196	15
awedragon	26	16159	15
ZXZjjz	27	16141	15
OyamaMahiro	28	15536	15
Chtholly	29	15523	15
Taupe	30	15457	15
Ying	31	15371	15
Rogul	32	15355	15
Eduardo	33	15261	15
LeftyFC	34	15093	15
Mia	35	15017	15
BenRen	36	14605	15
SupriseisPHI	37	14504	15
fireball901	38	14447	15
FISH	39	14321	15
Arceus	40	14317	15
WindWizard	41	14239	15
DoBetter	42	14069	15
Revolltzz	43	14036	15
PupsGoRooRoo	44	14014	15
Akeno	45	14004	15
LimeDrake	46	13868	15
Jakaso27	47	13839	15
ByefOreSt	48	13750	15
Nightshade17	49	13740	15
DriedOrange	50	13585	15
Katie	51	13452	15
NoahSchwartz	52	13431	15
Đestroyer	53	13423	15
alittlebear	54	13350	15
Grtwalofchna	55	13286	15
AtheistCleri	56	13262	15
Molotov	57	13260	15
Threebody	58	13219	15
FaZe	59	13106	15
glutton	60	13026	15
lordjarbinks	61	13011	15
skirmglad	62	12948	15
magates	63	12819	15
Nin123	64	12792	15
Veggielord	65	12671	15
FlasherPerv	66	12637	15
Kaede	67	12625	15
thefool	68	12594	15
Tyler	69	12587	15
PPIIGG	70	12586	15
EBFRLH11	71	12556	15
immortalsam	72	12553	15
ChristosG3	73	12538	15
Meero	74	12527	15
Tony	75	12492	15
MissBowers	76	12470	15
EL7TE	77	12383	15
kevinschmidt	78	12379	15
HolyStrike	79	12302	15
忍た	80	12281	15
Griddion	81	12269	15
SOCKMONSTER	82	12258	15
Jato	83	12243	15
Mythic	84	12222	15
Spicetacular	85	12222	15
namabili	86	12208	15
GavinLi	87	12154	15
lioxvve	88	12090	15
Dragonjump	89	12087	15
Voltage	90	12065	15
RangerPossum	91	12054	15
kunkun	92	12047	15
Academia	93	12009	15
Pokkin	94	11996	15
ddBanzai	95	11990	15
Last	96	11989	15
oligg	97	11929	15
Narcissus	98	11920	15
Nick	99	11857	15
dulcet	100	11820	15
wtybill	101	11800	15
MisA	102	11759	15
AngryTurtle	103	11717	15
BoomMD	104	11680	15
Keeban	105	11629	15
Unity	106	11627	15
WaIkek	107	11624	15
逸尘大宝贝儿	108	11576	15
ONEindaST1NK	109	11558	15
UnknownB1	110	11549	15
三边形战士光头捞	111	11535	15
Mint	112	11526	15
CaLaMaJO	113	11483	15
Bat	114	11466	15
Jisoo	115	11462	15
mayumi	116	11416	15
FalconCrux	117	11409	15
TWOindaP1NK	118	11390	15
Maisie	119	11374	15
Cosmic	120	11354	15
MadCat	121	11351	15
Neko	122	11326	15
gorila	123	11309	15
waterP	124	11301	15
Zeohi	125	11298	15
yewny	126	11296	15
Tcon2	127	11287	15
RWGlory	128	11244	15
SmallPurple	129	11241	15
Pisci	130	11240	15
Casualslayer	131	11212	15
Crqb	132	11194	15
SupēsuǃDandi	133	11125	15
ŎwŎ	134	11116	15
DannyOkay	135	11112	15
Amree	136	11074	15
Faint	137	11070	15
JMan	138	11035	15
Angelsim	139	11030	15
Mecurial	140	11025	15
Lustral	141	11025	15
ProcessTrust	142	11024	15
Tangsin	143	11017	15
Dolan	144	11003	15
Brayle	145	10961	15
leaf42	146	10958	15
woc666	147	10910	15
Moorden	148	10898	15
Quinn32	149	10893	15
HuNter	150	10887	15
Hexhare	151	10884	15
JakePaul	152	10866	15
jww	153	10864	15
ddk	154	10838	15
MysteryMan	155	10831	15
XTianE	156	10822	15
Raidbreak	157	10817	15
TopDeckGod	158	10791	15
YummyFood	159	10786	15
Dami	160	10779	15
DiaTech	161	10779	15
Ditto	162	10774	15
RacerX	163	10754	15
BeetleKing	164	10737	15
SoSavage	165	10725	15
GREENDICK	166	10723	15
LavaRhino	167	10701	15
Deadheadd	168	10699	15
Passionate	169	10684	15
AgiDex	170	10653	15
zerodark	171	10647	15
Bigrunner9	172	10632	15
EndlessEnd	173	10627	15
Elm	174	10603	15
jmargaris2	175	10601	15
lucky	176	10582	15
MarkMarkMark	177	10573	15
ArcherBird	178	10570	15
hollatme	179	10566	15
Scabbard	180	10521	15
Levi	181	10518	15
Darkovya	182	10503	15
LunaDial	183	10502	15
Zion	184	10494	15
Deadlion0	185	10466	15
IGzang	186	10463	15
sleepypoly	187	10454	15
AndovexceII	188	10453	15
Forced2Wipe	189	10434	15
Epicman	190	10422	15
Soliduz	191	10416	15
Alabra	192	10396	15
Dynamitekid2	193	10389	15
Arumba	194	10388	15
Chupra	195	10382	15
Zuchi	196	10366	15
Aslie	197	10346	15
JustGodly	198	10338	15
QHolland	199	10337	15
SunvLoenix	200	10336	15
LE1OU	201	10332	15
KCargh	202	10311	15
Samxixi	203	10311	15
Terry	204	10310	15
Marble	205	10308	15
Ludra	206	10306	15
Mike	207	10299	15
Fre	208	10296	15
Timeless	209	10292	15
Blees	210	10286	15
CrunchyST	211	10277	15
BlaStoiSe	212	10248	15
Pochita	213	10240	15
DrSeaBreeze	214	10230	15
RiffRaff14	215	10224	15
jesse	216	10214	15
GREG	217	10208	15
B2J	218	10202	15
สมชาย	219	10195	15
MiniNinja	220	10191	15
FlaxHydra	221	10187	15
Roofish4	222	10185	15
GEGURI	223	10182	15
T820	224	10181	15
Bismark	225	10175	15
BensonBurger	226	10173	15
mrdrchef	227	10164	15
Eagles	228	10152	15
skyrent	229	10147	15
tonizle	230	10146	15
AnyPro	231	10143	15
xxyao	232	10143	15
Myn	233	10143	15
Kayateaa	234	10142	15
Redemption	235	10139	15
mousehunter	236	10137	15
Tommyvy	237	10135	15
barnsie	238	10134	15
SrKah	239	10132	15
DuckNINJAAA	240	10130	15
MiningProbe	241	10122	15
DEATHDOS	242	10113	15
Penana	243	10110	15
YourKing	244	10107	15
Stevezone360	245	10093	15
Blirby	246	10085	15
YZZ	247	10084	15
Wrackle	248	10081	15
angrybirdman	249	10063	15
ArkArkArkArk	250	10060	15
AYAYAAYAYA	251	10054	15
Vmprnighthwk	252	10043	15
MightyElf	253	10035	15
Flash	254	10031	15
Constantine	255	10015	15
Fluy	256	10013	15
Night	257	10012	15
eraz	258	10010	15
BlackSwan	259	10007	15
Liakusha	260	10001	15
Tr1X	261	10000	15
Wasabi	262	9993	15
ZardoZ	263	9986	15
Kaoes	264	9977	15
Duongdaidot	265	9971	15
bringy	266	9971	15
ZestyMemes	267	9969	15
Jab	268	9967	15
LastEmperor	269	9957	15
SyneLau	270	9937	15
machi	271	9935	15
kaitkat	272	9928	15
Hiebie	273	9928	15
Fayssal	274	9908	15
Perfected	275	9893	15
YoChap	276	9891	15
Icewind	277	9881	15
Turtlecus	278	9878	15
Penanabff	279	9874	15
nilsson	280	9872	15
proASirTY	281	9863	15
nutEaaron	282	9852	15
Pillow	283	9850	15
Night	284	9847	15
adair	285	9846	15
JumpyWizard	286	9841	15
EXIT	287	9838	15
Phizy	288	9835	15
JQwerty	289	9829	15
Sportaflop	290	9825	15
Legacy	291	9825	15
Kwynter	292	9821	15
Ufo	293	9820	15
ChatGPT69	294	9814	15
IFICANDOBETR	295	9812	15
Darian	296	9805	15
Panzerbjorn	297	9799	15
CalebEhlers	298	9798	15
GradymexJr	299	9787	15
Eduarmar	300	9748	15
HERO	301	9743	15
NoMeNoBoB	302	9743	15
PurginKeizer	303	9739	15
TheBirdman	304	9734	15
Caseym	305	9731	15
PremzY	306	9729	15
Vraxtus	307	9726	15
StoneWall	308	9723	15
TonySniper	309	9718	15
Apocry	310	9718	15
荒原寒鸦	311	9710	15
AxyRift	312	9709	15
Cartman	313	9708	15
Demonarcher	314	9695	15
Pigduh	315	9693	15
Growkid	316	9692	15
Djsmith22	317	9689	15
Encrypted	318	9689	15
Youna	319	9681	15
thefang	320	9680	15
dirtychurchi	321	9676	15
MrBombadil	322	9670	15
Grudgebearer	323	9662	15
HomieDixon	324	9653	15
diegob6	325	9653	15
zhouzhou	326	9648	15
Empty	327	9644	15
Hun4onepiece	328	9635	15
Peachy	329	9628	15
Cleggman	330	9624	15
Lmeow	331	9622	15
Deakku	332	9620	15
cheektavegas	333	9617	15
EpicBlur	334	9616	15
Monkesito	335	9615	15
LemonHawk	336	9614	15
HaapaE	337	9613	15
Pikkuhousut	338	9610	15
MCHO	339	9606	15
Envy	340	9605	15
justiceforhk	341	9596	15
Darkseid	342	9580	15
Arge	343	9579	15
KingofKimchi	344	9567	15
GoRodGo	345	9554	15
ToxicCurse	346	9554	15
cyv97	347	9553	15
DemonCrystal	348	9548	15
Sherms3	349	9547	15
Eckobeasts	350	9546	15
wanderer	351	9545	15
Chelol	352	9544	15
ANOMY	353	9543	15
Cherrydear	354	9543	15
Nwb331	355	9541	15
Crossflash	356	9529	15
RikkaSakura	357	9527	15
Evolution	358	9522	15
WhoDoVooDoo	359	9518	15
LambT	360	9515	15
Staples	361	9510	15
Arcas	362	9508	15
natlog	363	9500	15
TwitchATCxx	364	9497	15
Undercovers	365	9488	15
Allan	366	9488	15
Schwalben	367	9487	15
Serein	368	9476	15
CrunchyNapkn	369	9466	15
TheBarnso	370	9465	15
imNiigel	371	9464	15
Randomguy	372	9464	15
sjowyuicy	373	9462	15
Shotofpercs	374	9461	15
TastierSnail	375	9448	15
Zhanthos	376	9447	15
Kelsier	377	9437	15
Aznislander	378	9430	15
Azrael	379	9423	15
Rivex	380	9423	15
DanteDrackis	381	9419	15
Jayhova	382	9417	15
azwang	383	9406	15
Drinks	384	9401	15
mlev	385	9397	15
abdessamad1	386	9396	15
harry	387	9396	15
zlsjs	388	9371	15
RainYM	389	9368	15
BUBUMOLI	390	9365	15
Neryen	391	9356	15
AriLove	392	9350	15
Listener	393	9350	15
Draik	394	9341	15
RiZZc	395	9330	15
Adventurer	396	9329	15
Horsethief	397	9318	15
kadasplayer	398	9315	15
Yuher	399	9309	15
Sciphone	400	9308	15
Spongemon9	401	9304	15
KleinMeow	402	9303	15
KalinaXXX	403	9303	15
Reprisal	404	9302	15
JangoFett	405	9301	15
nicoag	406	9298	15
BigMacBunko	407	9295	15
Zhs	408	9288	15
Justice	409	9287	15
amvega	410	9287	15
Tribles	411	9282	15
Temperize	412	9282	15
Cibis	413	9273	15
Noitev	414	9271	15
MightyElf	415	9267	15
Nicesuke	416	9267	15
Doinkboink	417	9264	15
Feels	418	9261	15
Tokki	419	9260	15
Bellers	420	9257	15
LeGeneralTao	421	9257	15
Protagoras	422	9252	15
Ocarious	423	9252	15
Booberry	424	9251	15
LucasMorais	425	9250	15
Goatlord	426	9250	15
Nitterboozle	427	9249	15
Fsouza	428	9243	15
LeoWang	429	9243	15
ISNTRAEL	430	9239	15
KraziEEEEE86	431	9238	15
Doughboy420	432	9238	15
Anthoneh	433	9236	15
Nefarius	434	9228	15
Number23	435	9227	15
Stephan	436	9227	15
HazeyDreamz	437	9221	15
ScootLoop	438	9218	15
JokerKalrke	439	9214	15
Samx94	440	9213	15
pooh	441	9210	15
durty	442	9208	15
Libra	443	9205	15
Genji	444	9201	15
Wrecked	445	9199	15
Orianna	446	9196	15
SmoQ5	447	9192	15
Ajani	448	9191	15
mattiwest	449	9188	15
matt	450	9184	15
Mattking	451	9180	15
Warwick	452	9180	15
Jelon	453	9178	15
Undermine	454	9178	15
Alex	455	9175	15
Nubknight	456	9171	15
Nassi	457	9168	15
Thealamo	458	9160	15
Sonic	459	9158	15
Lunatik5080	460	9152	15
MightyElf	461	9150	15
lovelytian	462	9143	15
apocalypse	463	9139	15
HoNJester	464	9131	15
Johnny	465	9127	15
Lardiizy	466	9127	15
Fofo181705	467	9123	15
ColdSeven	468	9119	15
stickyman	469	9116	15
Eagleslayer	470	9106	15
Juanita	471	9106	15
Shacy	472	9105	15
OralCannon	473	9097	15
Hykailu	474	9095	15
YorgenWorgen	475	9095	15
FlngPrgn	476	9093	15
ltby	477	9092	15
Joe	478	9091	15
Chaen	479	9081	15
Defila	480	9080	15
gigafied	481	9080	15
GeTwHiTe	482	9067	15
fullmetaljon	483	9066	15
Larryler	484	9061	15
Natsu	485	9059	15
iNzane	486	9059	15
Theshylov3	487	9058	15
木子	488	9032	15
Mini	489	9024	15
Rastafoo	490	9020	15
ItzFated	491	9019	15
scthesheep	492	9014	15
wfree	493	9013	15
Loci	494	9009	15
Demian	495	9005	15
Plastyqueen	496	9002	15
Advasarii	497	9002	15
ǍŜŬŊǍ	498	9000	15
Atd09	499	8997	15
Rch	500	8997	15
azkiskis	501	8996	15
卢本伟	502	8994	15
Bebekarmy	503	8991	15
PlayerOne	504	8984	15
NavyElk	505	8979	15
shambly	506	8974	15
CaptFalcon	507	8973	15
Jaimewn	508	8971	15
stabbylottie	509	8970	15
dave14810	510	8962	15
Doubtless	511	8955	15
NiceAdept	512	8955	15
RamboJohny	513	8952	15
ACrazyJedi	514	8949	15
jpdavil4	515	8943	15
MarcosMVB	516	8943	15
Nightmare	517	8942	15
Rice	518	8937	15
Wickedllama	519	8936	15
JakeJakeJake	520	8933	15
MurtosinhA	521	8932	15
JayReborn8	522	8930	15
Ditwizwaz	523	8925	15
Justin	524	8924	15
ComShamrock	525	8922	15
Ironstaff	526	8908	15
madsage2049	527	8907	15
NeverDie	528	8897	15
crizzzt	529	8893	15
Tyrone	530	8893	15
BlackAlpaca	531	8892	15
Qingjun	532	8889	15
Asyrusuna	533	8887	15
Shulin	534	8886	15
TastyTyrone	535	8886	15
NoodleArms	536	8885	15
Emrakul	537	8883	15
WebShank	538	8881	15
yuki	539	8880	15
HHBake	540	8876	15
Deathlobsta	541	8874	15
BBNMSL	542	8871	15
Imarines	543	8864	15
CowScrotum	544	8859	15
Hikaru	545	8855	15
Sastremig	546	8854	15
Kapibara	547	8852	15
AlzyMero	548	8852	15
Ribit	549	8851	15
DaNiUuU	550	8849	15
koitoyuu	551	8849	15
crazykilller	552	8849	15
trestice	553	8849	15
Bryan	554	8843	15
dillyg10	555	8838	15
Noleta	556	8837	15
Yukas	557	8834	15
JBinladen	558	8830	15
Calm	559	8825	15
hlw	560	8824	15
noSwang	561	8819	15
Ash	562	8818	15
SmellyPanda	563	8817	15
Goldlock	564	8812	15
mortincarne	565	8806	15
BocaDeSapato	566	8805	15
Jethro	567	8802	15
NT7	568	8797	15
MeatHamma	569	8795	15
dreamguardia	570	8793	15
StevenGRB	571	8792	15
Contheicon	572	8792	15
mlxg	573	8789	15
G0DREX	574	8788	15
ARKFIRE10	575	8788	15
i4ni	576	8786	15
kevin359	577	8783	15
Xera	578	8781	15
Noblepeasant	579	8776	15
B4byPunch3r	580	8774	15
DizzyRogue	581	8767	15
	582	8766	15
zogerreng	583	8764	15
SLOTHIZ	584	8762	15
Aldias	585	8753	15
Metzli	586	8753	15
UnjustApple	587	8753	15
TheAardvark	588	8752	15
BFMoses	589	8751	15
Mitch	590	8750	15
GrogMalblood	591	8748	15
Prophet	592	8748	15
xCrookyx	593	8747	15
Mulligan	594	8747	15
Deadpool805	595	8746	15
ZardoZ	596	8743	15
Last	597	8741	15
MegaJerry	598	8741	15
ChenLing66	599	8738	15
BigDaddyJ830	600	8737	15
cw279	601	8737	15
H2O	602	8737	15
JELLEH	603	8735	15
XangelnagiX	604	8734	15
SoloMatt	605	8734	15
Ornitorrink	606	8731	15
xiaoyu	607	8731	15
Animalcraker	608	8730	15
ThismeansWar	609	8729	15
RedAstro	610	8728	15
HansenC	611	8727	15
Leostel	612	8727	15
Potoe	613	8725	15
TeemoTooOp	614	8723	15
Isherwood	615	8723	15
DominionGodz	616	8722	15
Oger	617	8722	15
KyloRen	618	8721	15
Spazdemonium	619	8720	15
Zeratul	620	8719	15
Boosh90	621	8717	15
GetSkwerly	622	8706	15
Toothless	623	8706	15
JoeTFK	624	8705	15
aine	625	8699	15
Weiß	626	8698	15
Jonck	627	8696	15
Pathos883	628	8694	15
Bplayer123	629	8693	15
fragn3nt	630	8692	15
LuckyOwl	631	8689	15
kenboneurmom	632	8688	15
Serafall	633	8687	15
Moekaveli	634	8684	15
Vashaz	635	8683	15
NinjaOtter	636	8680	15
IvannW	637	8679	15
may	638	8674	15
Lenose	639	8672	15
elmayordelos	640	8672	15
STUVV	641	8670	15
Cockroach	642	8670	15
MMM100	643	8667	15
marvel	644	8667	15
Rookie13	645	8665	15
Daddy	646	8657	15
TemporaryFun	647	8656	15
Flarenova	648	8654	15
Lukaol	649	8652	15
Sora	650	8652	15
Nextella	651	8651	15
SusanX	652	8647	15
Reraise	653	8642	15
Meedo	654	8639	15
LittleGringo	655	8637	15
Azurali	656	8636	15
Woah	657	8636	15
iktb	658	8635	15
Thomas307	659	8635	15
Brendani	660	8631	15
ICampNBD	661	8628	15
Bruhffalo	662	8628	15
＄（＾＿＾）＄	663	8626	15
UhOh	664	8625	15
xafrion	665	8624	15
Calakan	666	8622	15
Gilig	667	8622	15
SatanMuffin	668	8619	15
hatersgonah8	669	8609	15
Goon1	670	8607	15
prpaxson	671	8601	15
Terebrine	672	8601	15
Inconsistent	673	8599	15
Furaxis	674	8597	15
Barryiswack	675	8596	15
WeepingSoul	676	8596	15
Happy1Up	677	8595	15
KimboSlice	678	8592	15
Gamer	679	8589	15
StudioBR	680	8587	15
Rossboss51	681	8586	15
Marcavious	682	8585	15
Amgine	683	8585	15
Eveslagesux	684	8583	15
ReeserRocket	685	8579	15
RealHumanGrl	686	8577	15
TheFishIsBig	687	8570	15
ServeIapetus	688	8568	15
PROMEDIOGAME	689	8568	15
MoneyBags	690	8563	15
Incoming2012	691	8562	15
機器魚人	692	8559	15
Edgewalker	693	8559	15
fakenews	694	8558	15
Dillz	695	8557	15
ForTheHorde	696	8552	15
Sollos	697	8552	15
top555hoho	698	8552	15
LLAYOR	699	8552	15
Leeeeeeeeroy	700	8550	15
DumplingDan	701	8546	15
SincereLiar	702	8537	15
Helios	703	8536	15
Deselect	704	8533	15
BlackReaperx	705	8532	15
spence	706	8528	15
GoldSeed	707	8525	15
Z3lda	708	8522	15
Dastey	709	8522	15
Jroc573	710	8521	15
ViviX	711	8521	15
FodaDeFuder	712	8518	15
Derk	713	8518	15
FFuk	714	8517	15
Wolf	715	8515	15
FrankyDee	716	8514	15
Slimbeef	717	8514	15
Staledorito	718	8513	15
Firebolt1176	719	8512	15
ピクルス	720	8510	15
QuirkyOrc	721	8508	15
Jvcp	722	8507	15
Vate	723	8507	15
buluote	724	8506	15
insurtz	725	8505	15
Boomo	726	8504	15
Chickenugget	727	8500	15
PvME	728	8496	15
Golden	729	8495	15
Zynyatta	730	8489	15
EYEQ	731	8487	15
AllForAiur	732	8485	15
eKZ	733	8484	15
Xilumenza	734	8483	15
Undecided	735	8480	15
brodo	736	8474	15
ArQ	737	8474	15
Hochwart	738	8473	15
frosteyflame	739	8471	15
ZhouCM	740	8468	15
Eiyuu	741	8466	15
Dattypham	742	8464	15
zark	743	8463	15
YeshuaIsBoss	744	8455	15
cookie	745	8452	15
flavorful	746	8451	15
Humza	747	8448	15
TheMickster	748	8446	15
TheShark	749	8443	15
Ana	750	8436	15
Rapthor	751	8436	15
みっちゃん	752	8435	15
Taylor	753	8434	15
ŶĤŴĤ	754	8433	15
Ursk	755	8432	15
sPwism	756	8430	15
Ekimerton	757	8429	15
micreds	758	8428	15
ピヨ	759	8427	15
Destructible	760	8424	15
DopeMonster	761	8423	15
Reid121	762	8422	15
LuckVampire	763	8422	15
e718eternal	764	8411	15
Zenpai	765	8409	15
Superchewie	766	8408	15
MadMatt	767	8408	15
Jordinator	768	8395	15
Alex	769	8394	15
AgraZero	770	8393	15
ViniKP	771	8391	15
CrazyDiamond	772	8390	15
LeGratrava	773	8390	15
Huntress	774	8389	15
LoganCarp	775	8389	15
Blaze	776	8388	15
爱来自中国	777	8387	15
Klonoa	778	8387	15
SpookyPoodle	779	8387	15
TsuruXelus	780	8384	15
Foxlebt	781	8382	15
Kerse45	782	8381	15
Evilmypriest	783	8379	15
Wizrod	784	8376	15
CntrlVee	785	8375	15
DarkCoach	786	8375	15
Matt90977	787	8371	15
rob4755	788	8370	15
Stryder	789	8370	15
Ox0	790	8368	15
Pudding	791	8368	15
jefflourenco	792	8366	15
smeer	793	8366	15
Smeak	794	8366	15
gopack50	795	8363	15
KillaQueen	796	8359	15
Shakalo	797	8357	15
joyride	798	8356	15
Iriemember	799	8354	15
Sang	800	8354	15
KoothTaba	801	8351	15
PirthyGenis	802	8351	15
Paradoxdoxox	803	8349	15
WIZARDSNIPEZ	804	8343	15
ohmygodaaron	805	8343	15
Edge	806	8342	15
Fynance	807	8341	15
prowl	808	8339	15
Kerkero66	809	8338	15
MarkSteel	810	8338	15
Zach96	811	8336	15
MightBeRoss	812	8335	15
Rickymista	813	8334	15
Sandman	814	8334	15
Excalibur	815	8334	15
WillyHayliam	816	8331	15
ReachNoW	817	8329	15
Lahadi	818	8328	15
bamamat1724	819	8325	15
간소한태도	820	8324	15
树懒拉臭臭	821	8320	15
Gambuan	822	8320	15
JimmyTwoInch	823	8320	15
Dreamjokerz	824	8318	15
Wafflesjr	825	8317	15
TopoMaster	826	8315	15
Moggo	827	8315	15
Salty	828	8313	15
Jujulenul	829	8309	15
Milvus	830	8308	15
raouhh	831	8307	15
Aeshtrix	832	8306	15
Dsyexlia	833	8306	15
Palajoe	834	8304	15
Chronicle	835	8304	15
MamaStrange	836	8303	15
Ratsu	837	8303	15
GordtaCrnch	838	8302	15
Muntjxc	839	8302	15
HappyFeet	840	8299	15
blindexcel	841	8299	15
Kakrow	842	8298	15
GregsterBens	843	8298	15
Blayst	844	8298	15
ȂŊŦȆȂŦȎȒ	845	8298	15
shikamarul	846	8297	15
GiantDwarf	847	8297	15
TheDiablo3	848	8295	15
Littlemouse	849	8293	15
VurkeTTV	850	8292	15
HDAWG	851	8290	15
Nashbeez	852	8288	15
Crisxen	853	8288	15
Babadook	854	8288	15
Nodnolb	855	8288	15
dirtbag69	856	8287	15
Llama	857	8287	15
DocTheBeard	858	8286	15
MangoMudkips	859	8286	15
YirbyDunfer	860	8286	15
Pyro	861	8278	15
MLGPROEnzoh	862	8274	15
Siphonic	863	8273	15
Greentlc	864	8271	15
TVbathtubatx	865	8269	15
Hawking	866	8268	15
Rain	867	8265	15
SATO	868	8263	15
squl	869	8262	15
LatinTechno	870	8257	15
Savastano	871	8257	15
Astronius	872	8256	15
ZhuZong	873	8253	15
Soiled	874	8253	15
triforkz	875	8251	15
ninjagods	876	8251	15
Vanquish	877	8250	15
Cong	878	8249	15
Hustev95	879	8245	15
Itim	880	8243	15
lildryboy	881	8243	15
MurloKMarine	882	8242	15
AgentWinds	883	8242	15
SneakyMcPete	884	8241	15
Massy	885	8240	15
YankeWNoBrim	886	8239	15
LazyTitan	887	8237	15
Frost	888	8237	15
Саня	889	8236	15
Destaris	890	8235	15
Bboyplate22	891	8233	15
SSBS	892	8232	15
Daneel	893	8231	15
Mossjaw	894	8231	15
Nei	895	8228	15
beastofman21	896	8227	15
TonysProject	897	8226	15
Stardust	898	8225	15
Rumata	899	8225	15
iLycheeJelly	900	8225	15
DiscoWilly	901	8225	15
corvusTel	902	8224	15
BackWhen	903	8223	15
Wyvern	904	8223	15
sXTitan	905	8223	15
Dashoffury	906	8222	15
ItsJustRevy	907	8221	15
Buuh	908	8221	15
TheStevo	909	8220	15
clong2	910	8220	15
chaz	911	8219	15
Kedge	912	8219	15
MakiXCed	913	8219	15
Rajaat	914	8218	15
Ryderzor	915	8217	15
SupaFly	916	8216	15
Pigslide	917	8214	15
princedarky	918	8213	15
Duckkyyyyyy	919	8212	15
Substitute	920	8212	15
Vret	921	8211	15
PoisonMilk	922	8209	15
STLC22	923	8209	15
RunBackwards	924	8205	15
wAmpa	925	8204	15
Rohman	926	8204	15
xiaoliaoo	927	8201	15
Wild	928	8200	15
Lakecarrot	929	8199	15
Flowzy	930	8198	15
Elephant	931	8198	15
jahfree	932	8196	15
ZrAzrael	933	8194	15
More8	934	8191	15
WokeToes	935	8191	15
Beowolf	936	8191	15
Adriatik	937	8190	15
Creatur33	938	8189	15
Dance	939	8189	15
Topann	940	8187	15
petey	941	8186	15
Khatastrophe	942	8185	15
LM10	943	8184	15
Aethric	944	8184	15
omniisciient	945	8184	15
AmeMoyou	946	8181	15
Kozen	947	8180	15
datboi	948	8177	15
Nick	949	8177	15
Gargamel	950	8175	15
smaug81243	951	8175	15
NorinGrand	952	8175	15
ThomasDATank	953	8173	15
Stewy	954	8173	15
Stillson	955	8173	15
Dennis	956	8172	15
ToMoe	957	8169	15
Lex	958	8168	15
Mintay	959	8167	15
MightyElf	960	8167	15
KDKevin	961	8167	15
isaac9020	962	8166	15
justin	963	8166	15
Steamboat	964	8166	15
Serena	965	8164	15
AnnoyingCat	966	8164	15
morfim	967	8163	15
Ettuskitt	968	8163	15
CarrotLake	969	8159	15
Orson	970	8156	15
Kiwi112	971	8154	15
Dricen	972	8153	15
MinorSoju883	973	8152	15
eeveecute	974	8151	15
Frazi	975	8151	15
VincentZeda	976	8151	15
DirePants	977	8148	15
WilkDog	978	8148	15
Pookie	979	8148	15
Nix	980	8147	15
Trudes	981	8147	15
Rebelized	982	8147	15
Biu	983	8146	15
BattleBear	984	8146	15
StarDuck	985	8146	15
Echo	986	8146	15
HurryMyCurry	987	8142	15
HungryDrake	988	8140	15
OneEyedCamel	989	8138	15
LioN	990	8134	15
Staniochstew	991	8134	15
DaddyWrangle	992	8133	15
nugget	993	8133	15
Bonvil	994	8133	15
FakeBadger	995	8132	15
baoshi1	996	8131	15
deference	997	8130	15
PocketPain	998	8126	15
Kitemare	999	8124	15
Skywalker	1000	8124	15
Zeta	1001	8122	15
Clouds	1002	8121	15
gnahihz	1003	8120	15
BlueRapid	1004	8120	15
Crimson	1005	8120	15
tomo187	1006	8120	15
Sandro	1007	8119	15
TangoHor5e	1008	8119	15
Sgtandrew	1009	8116	15
YummYumms	1010	8116	15
xxYIIIIIIIxx	1011	8114	15
SenorBeef	1012	8113	15
Grant	1013	8111	15
Ganymedes	1014	8111	15
TakeItBoy	1015	8111	15
TRENISFUN	1016	8107	15
ROSIE	1017	8105	15
Shadowfax	1018	8103	15
sosokLiLi	1019	8103	15
lordboogar	1020	8103	15
ResilintBear	1021	8101	15
UnBEARable	1022	8101	15
Malibu2026	1023	8100	15
Ultimaxe	1024	8098	15
GoldenThong	1025	8097	15
dogs	1026	8095	15
Arekkusu	1027	8094	15
Kodac	1028	8093	15
Mykon	1029	8091	15
Mochi	1030	8091	15
Okarma	1031	8089	15
bloodyninja	1032	8089	15
bakuboyboom	1033	8089	15
elkikam	1034	8088	15
EckoEcko	1035	8088	15
Lye	1036	8086	15
Val	1037	8086	15
Dingodile	1038	8084	15
TimProctor	1039	8083	15
Silmashiro	1040	8082	15
XStormerX	1041	8082	15
anonym	1042	8081	15
highmount	1043	8081	15
MasterPear5	1044	8081	15
Artemis	1045	8080	15
art2d2	1046	8080	15
Bubcia	1047	8080	15
Tempethyst	1048	8080	15
Tven	1049	8078	15
killerqueen	1050	8078	15
BoomyBeats	1051	8078	15
Hexenarch	1052	8078	15
Remedies	1053	8078	15
ninjin	1054	8077	15
NineTailCat	1055	8077	15
Grimjammerie	1056	8077	15
Keith3846	1057	8077	15
ApertureFace	1058	8077	15
Paranoia	1059	8076	15
Zen	1060	8076	15
xBruno	1061	8076	15
NicccKKKKKK	1062	8076	15
Fungo	1063	8076	15
Okonkwo	1064	8075	15
Kelioth	1065	8075	15
Death12	1066	8074	15
Gato	1067	8074	15
Nota1ent	1068	8073	15
AGOODGUY	1069	8073	15
MushySmushy	1070	8073	15
Acenova87	1071	8073	15
delHosp	1072	8072	15
VorheeheesTV	1073	8072	15
Leandro	1074	8071	15
Manwydnfblyr	1075	8070	15
FrankThePug	1076	8070	15
bl00dcreat0r	1077	8070	15
joe	1078	8070	15
Alfeeel	1079	8069	15
SiulOluap	1080	8069	15
LoCs1n	1081	8068	15
Frostybungly	1082	8068	15
Phunwa	1083	8068	15
Analyst	1084	8067	15
Charybdis	1085	8067	15
Mrgllglrrmgl	1086	8066	15
MissMuffins	1087	8066	15
makaroni	1088	8065	15
gruntlord6	1089	8064	15
pinki375	1090	8064	15
DRextremo	1091	8064	15
Rapid	1092	8064	15
SvddenBvby	1093	8064	15
Adventurer	1094	8063	15
Finesse	1095	8062	15
dvsrome	1096	8062	15
Suolis	1097	8062	15
RealGlovebox	1098	8061	15
itscurtiss	1099	8061	15
Nevermore	1100	8061	15
纵使骸骨成尘而去	1101	8060	15
ONEPUFF	1102	8060	15
Silent	1103	8060	15
Chickenfun	1104	8060	15
Pupppa	1105	8060	15
Luxius	1106	8060	15
Ricky	1107	8059	15
hodor	1108	8059	15
NickConti	1109	8059	15
imkhpie	1110	8059	15
Nikanoru	1111	8058	15
GOx2001	1112	8058	15
Synergy	1113	8058	15
Hearthgodz	1114	8057	15
椒唐	1115	8057	15
Saintsation	1116	8057	15
JiveTurkey	1117	8057	15
Lucas	1118	8056	15
Jimmimie	1119	8056	15
BelieveLight	1120	8056	15
kauna	1121	8056	15
maexxna	1122	8055	15
xbloodx	1123	8055	15
RoaringBear	1124	8054	15
NGHTMRE	1125	8054	15
Pielover447	1126	8053	15
JasonPluto	1127	8053	15
ROZ	1128	8052	15
LastP	1129	8052	15
Micen	1130	8052	15
CyanOrc	1131	8051	15
DrMoreau	1132	8051	15
AarZ	1133	8050	15
FCLefty	1134	8050	15
Kross	1135	8050	15
baby	1136	8050	15
Ziphex	1137	8049	15
LilBill328	1138	8049	15
S3XPanther	1139	8049	15
HiddenPants	1140	8048	15
Josaca	1141	8048	15
JEANXIII	1142	8047	15
Reidan	1143	8047	15
irisqqq	1144	8045	15
DiCE	1145	8045	15
OODonger	1146	8045	15
Thanaga	1147	8045	15
Xurium	1148	8045	15
Savvon	1149	8044	15
Jéssica	1150	8044	15
Viner16	1151	8044	15
GrumpyMonk	1152	8043	15
Cing	1153	8043	15
YoYoZhang	1154	8043	15
Charwall	1155	8042	15
Nomad	1156	8042	15
Anonymous	1157	8041	15
LockandNlock	1158	8041	15
MartiniousTP	1159	8041	15
Potato98774	1160	8040	15
generalneos	1161	8040	15
大傻逼	1162	8039	15
Tavrys	1163	8039	15
Rags	1164	8039	15
Robbit	1165	8039	15
Tilted	1166	8037	15
Ej4y	1167	8037	15
x0ldd	1168	8037	15
TheKangaroo	1169	8037	15
ÜberØMüschi	1170	8036	15
SkyKoopa	1171	8036	15
Footwerk	1172	8036	15
Melapica	1173	8035	15
Neuron	1174	8035	15
InkyGOAT69	1175	8034	15
avlleeII	1176	8034	15
Cyaegha	1177	8034	15
CyanSquid	1178	8034	15
GIU29	1179	8034	15
Dinjisuyeon	1180	8034	15
Arek	1181	8033	15
Infinityecho	1182	8033	15
Ouch	1183	8032	15
Noya	1184	8032	15
Filberto	1185	8032	15
BigFatZhou	1186	8032	15
Answer	1187	8032	15
BigMoss	1188	8032	15
Flash	1189	8032	15
REN	1190	8032	15
Beanlord	1191	8032	15
Hoff	1192	8032	15
Faker	1193	8031	15
Chuzox	1194	8030	15
Scandium	1195	8030	15
Mistaaytch	1196	8030	15
Gabriels17	1197	8030	15
Thesun123	1198	8030	15
VierJodan	1199	8030	15
DamnSkippy	1200	8030	15
wickedr	1201	8030	15
SteinsGate	1202	8029	15
HolyCouto	1203	8029	15
Spudinkle	1204	8029	15
notFlash	1205	8028	15
JellyF	1206	8028	15
Ventchman	1207	8028	15
FraggyShaggy	1208	8028	15
Socatoa	1209	8028	15
Happyjoyjoy	1210	8027	15
MrKinky	1211	8027	15
hcolon	1212	8026	15
TheNippler	1213	8026	15
Pyro7733	1214	8026	15
PeipeiScott	1215	8026	15
nvs	1216	8026	15
MattLB	1217	8025	15
JLash117	1218	8025	15
RobinHoodTTV	1219	8025	15
FrozenCow	1220	8024	15
Rahek0n	1221	8024	15
ToTo	1222	8024	15
Makfishka	1223	8024	15
nachall	1224	8024	15
Abby	1225	8024	15
VGxODIN	1226	8024	15
Amphibatron	1227	8024	15
dylduk213	1228	8024	15
กบหิมะ	1229	8023	15
Evileyes	1230	8023	15
VINDOS1789	1231	8023	15
Coldstyx	1232	8023	15
Pie	1233	8023	15
JeevesJairo	1234	8023	15
HappyFeet	1235	8023	15
Umadibet	1236	8022	15
SteaR	1237	8022	15
Looper	1238	8022	15
Fullofhate	1239	8022	15
KoreaBoss	1240	8022	15
Flipps	1241	8022	15
Slimpickens	1242	8022	15
Weebism	1243	8022	15
Bread	1244	8021	15
Azula	1245	8021	15
BooGahLoo	1246	8021	15
BigLasagna	1247	8021	15
SMEO	1248	8021	15
RaveWars	1249	8020	15
Inno	1250	8020	15
czy666	1251	8020	15
Konodioda	1252	8020	15
sonicboom333	1253	8020	15
LoreLord	1254	8020	15
Vajonas	1255	8020	15
Jessikadee	1256	8020	15
mikelol	1257	8020	15
Wisdom	1258	8020	15
Turuletee	1259	8020	15
TheYoungWolf	1260	8020	15
Blitz	1261	8020	15
Danyul	1262	8019	15
Challamander	1263	8019	15
MaryKate1D	1264	8019	15
untol	1265	8019	15
Addiction	1266	8019	15
grindylo	1267	8019	15
JOJOJoanna	1268	8018	15
Missora	1269	8018	15
LeFlipFlop	1270	8018	15
S0meone	1271	8018	15
Rustyman	1272	8018	15
BelleVerge	1273	8018	15
Bananacognac	1274	8018	15
Niclmaki	1275	8017	15
J0k3	1276	8017	15
melodyxcz	1277	8017	15
Gallows	1278	8017	15
FrozenDevl	1279	8017	15
stucrab	1280	8016	15
Kissbaby	1281	8016	15
FemmeFatale	1282	8016	15
neyen	1283	8016	15
JVCouto	1284	8016	15
Jane	1285	8016	15
Cyndicate	1286	8016	15
Jasonmario	1287	8016	15
Dourn	1288	8016	15
TheStampede	1289	8015	15
noflip	1290	8015	15
VCYY5635	1291	8015	15
kj061223	1292	8015	15
Baguette	1293	8015	15
Sillyack	1294	8015	15
SemiCascade	1295	8015	15
Mgondim	1296	8015	15
Nithil	1297	8015	15
MCELGUNN	1298	8015	15
XiaoHuPiZZZ	1299	8014	15
BaoXue4001	1300	8014	15
Romacpi	1301	8014	15
m0s	1302	8014	15
CHILLYRAINBO	1303	8014	15
Gigamonkey2	1304	8014	15
Contaminants	1305	8014	15
JDemption	1306	8013	15
hollowknight	1307	8013	15
AutoCAD	1308	8013	15
waldow69	1309	8013	15
GrumpyMonk	1310	8013	15
Colgate	1311	8013	15
Arbot	1312	8013	15
PolarBear	1313	8013	15
callous	1314	8012	15
LandinGuy	1315	8012	15
kithfree	1316	8012	15
stravv	1317	8012	15
MyLife4Aiur	1318	8012	15
Iambehindyou	1319	8011	15
Eon	1320	8011	15
NLpieguy7	1321	8011	15
willbladeXZ	1322	8010	15
Jelly	1323	8010	15
RazieL	1324	8010	15
Kobyashi	1325	8010	15
Jetsetter	1326	8010	15
Gebels	1327	8010	15
Stickelation	1328	8009	15
初代たまご王子	1329	8009	15
Arukasa	1330	8009	15
KraM	1331	8009	15
Galatea	1332	8009	15
AshleyRiot	1333	8009	15
gladyn	1334	8009	15
Alessandrovc	1335	8008	15
wtfitzbrian	1336	8008	15
Try2be	1337	8008	15
SPNKrX117	1338	8008	15
Amplify	1339	8008	15
Inquisidor	1340	8008	15
Adamer85	1341	8008	15
Psychotic	1342	8008	15
Darrington	1343	8008	15
PPK11	1344	8008	15
Daved	1345	8008	15
Genkaigun	1346	8008	15
Marshmellow	1347	8007	15
leet	1348	8007	15
TamilBro	1349	8007	15
TastyTreats	1350	8007	15
Gilgamesh	1351	8007	15
SilverHawk	1352	8007	15
Krakenation	1353	8007	15
Igg	1354	8007	15
BWxInferno	1355	8006	15
Skzmzy	1356	8006	15
CVSPharmercy	1357	8006	15
VORTOS1788	1358	8006	15
luislit	1359	8006	15
Ablazeolive	1360	8006	15
Vapour	1361	8006	15
agentfancy	1362	8005	15
Klowner	1363	8005	15
ulki00	1364	8005	15
TrpZoner	1365	8005	15
Crazycou	1366	8005	15
Okabayashi	1367	8005	15
tendergreens	1368	8004	15
Feythe	1369	8004	15
NoctuleDrôle	1370	8004	15
Hexador	1371	8004	15
Myth	1372	8004	15
Mob	1373	8003	15
buenozzz	1374	8003	15
Thaasaw	1375	8003	15
nickatnyt	1376	8003	15
Balmung	1377	8003	15
jpjpeg	1378	8003	15
shipl0ad	1379	8003	15
Ahariek	1380	8003	15
Froztea	1381	8003	15
MANI	1382	8002	15
Militant	1383	8002	15
Chronic89	1384	8002	15
Lightstalk	1385	8002	15
Forsaken	1386	8002	15
CraziB0ii	1387	8002	15
MrSoxs	1388	8001	15
Spells	1389	8001	15
joyseh	1390	8001	15
BodGlessed	1391	8001	15
Zanith	1392	8001	15
Thesway	1393	8001	15
Gumby0136	1394	8001	15
Dallas	1395	8001	15
plant	1396	8001	15
Shadow	1397	8001	15
Zhenggggg	1398	8001	15
Savathar	1399	8001	15
Viridae	1400	8000	15
Wumbology	1401	8000	15
Arkae	1402	8000	15
PrEPrEPrEP	1403	8000	15
firecrochet	1404	8000	15
NoP	1405	8000	15
stealthmeh	1406	8000	15
Shway	1407	8000	15
UpsetKing	1	22672	16
Fuglackh	2	22006	16
PaleGuyHi	3	21853	16
DUCK	4	20321	16
Dami	5	20028	16
RaviG37	6	20028	16
ちぇいん	7	20020	16
Zachiswack	8	19964	16
cx000	9	19962	16
gentle	10	19210	16
fireball901	11	19103	16
Rekt	12	18885	16
PurginKeizer	13	18659	16
suan666	14	18551	16
kaitkat	15	18269	16
Whobetter	16	18157	16
Ying	17	17906	16
chancewaters	18	17703	16
ayy	19	17136	16
Jared096	20	17061	16
Wrackle	21	17053	16
Jared095	22	17029	16
逸尘大宝贝儿	23	16897	16
Mia	24	16888	16
MediumPurple	25	16687	16
Exodius003	26	16541	16
SaphirexX	27	16136	16
KingofKimchi	28	16088	16
WindWizard	29	16001	16
sydanten	30	15899	16
mUdQuAza	31	15883	16
Deathless	32	15842	16
PromiseLily	33	15768	16
冷風	34	15535	16
PupsGoRooRoo	35	15498	16
Hiebie	36	15465	16
Lesmana	37	15388	16
Tyler	38	15013	16
Duongdaidot	39	14979	16
immortalsam	40	14969	16
cyv97	41	14938	16
Epicman	42	14924	16
LeftyFC	43	14863	16
FISH	44	14838	16
Rogul	45	14777	16
Arceus	46	14752	16
waterP	47	14636	16
Jisoo	48	14544	16
FlasherPerv	49	14471	16
kunkun	50	14422	16
Jato	51	14417	16
Spicetacular	52	14400	16
AtheistCleri	53	14357	16
Meero	54	14318	16
Kinkade	55	14287	16
Threebody	56	14143	16
Mia	57	14044	16
XTianE	58	14016	16
Stevezone360	59	14014	16
DEATHDOS	60	14008	16
Molotov	61	14001	16
Griddion	62	13910	16
GodgunCB	63	13743	16
DJWCB	64	13740	16
jww	65	13693	16
GabrielDie	66	13683	16
EducatedC	67	13658	16
TWOindaP1NK	68	13643	16
ŎwŎ	69	13630	16
lordjarbinks	70	13508	16
ByefOreSt	71	13398	16
Nightshade17	72	13384	16
Turtlecus	73	13304	16
QuirkyOrc	74	13216	16
wanderer	75	13210	16
Massy	76	13196	16
荒原寒鸦	77	13164	16
HungryDrake	78	13164	16
Kaede	79	13068	16
DannyOkay	80	13036	16
Tony	81	13024	16
Pokkin	82	13024	16
VINDOS1789	83	13008	16
VORTOS1788	84	12969	16
FaZe	85	12924	16
leaf42	86	12914	16
Hexhare	87	12914	16
CrunchyST	88	12838	16
hollatme	89	12831	16
ONEindaST1NK	90	12804	16
SrKah	91	12802	16
lucky	92	12755	16
zerodark	93	12750	16
thefool	94	12723	16
WaIkek	95	12694	16
willxking	96	12561	16
barnsie	97	12541	16
Tangsin	98	12437	16
Mythic	99	12388	16
Mecurial	100	12365	16
Voltage	101	12342	16
Dragonjump	102	12342	16
deathSTAR	103	12336	16
HolyStrike	104	12336	16
Akeno	105	12285	16
Shotofpercs	106	12276	16
TwitchATCxx	107	12276	16
Hildagrim	108	12274	16
Sang	109	12261	16
Madokaaaaaaa	110	12258	16
AgiDex	111	12238	16
bravemac	112	12232	16
Elysia	113	12219	16
BUBUMOLI	114	12191	16
Eduarmar	115	12142	16
Fluy	116	12112	16
Veggielord	117	12073	16
RangerPossum	118	12043	16
JoeTFK	119	12030	16
Namikaze	120	12030	16
Pisci	121	12017	16
bobbyex	122	12007	16
Goon1	123	12004	16
ProcessTrust	124	12004	16
Burn	125	12001	16
Dizzlx	126	11998	16
Kaoes	127	11997	16
Pie	128	11970	16
LE1OU	129	11866	16
Brayle	130	11851	16
Passionate	131	11796	16
SmallPurple	132	11794	16
Cosmic	133	11792	16
TopDeckGod	134	11764	16
Deadheadd	135	11760	16
LavaRhino	136	11757	16
DanTheSpoon	137	11746	16
DiaTech	138	11717	16
NightRaven	139	11663	16
Deadlion0	140	11661	16
Vraxtus	141	11654	16
TylerLyons	142	11654	16
Minecrafter7	143	11648	16
GEGURI	144	11635	16
Casualslayer	145	11599	16
Zuchi	146	11578	16
Undercovers	147	11569	16
LWY	148	11568	16
DanteDrackis	149	11561	16
PlayerOne	150	11553	16
Bobbywasabi	151	11540	16
StoneWall	152	11516	16
wtybill	153	11502	16
Apocry	154	11481	16
Stikka	155	11478	16
GoRodGo	156	11476	16
Neko	157	11465	16
angrybirdman	158	11448	16
木子	159	11436	16
Swedepino	160	11424	16
WhosMcCree	161	11405	16
bbaanngg	162	11403	16
RWGlory	163	11398	16
Djsmith22	164	11393	16
kymetheslime	165	11389	16
Theshylov3	166	11386	16
KillaQueen	167	11349	16
Jamagax	168	11330	16
Darkovya	169	11308	16
BobMyFriend	170	11302	16
AndrewT6699	171	11296	16
Blirby	172	11282	16
Eduardo	173	11266	16
troydefeater	174	11248	16
Levi	175	11235	16
Prowo	176	11222	16
tonizle	177	11218	16
Maisie	178	11204	16
EndlessEnd	179	11203	16
MadCat	180	11188	16
Sang	181	11183	16
Deadpool805	182	11177	16
noReggin	183	11142	16
Biu	184	11122	16
noSwang	185	11121	16
toddbruster	186	11119	16
Taupe	187	11116	16
Icewind	188	11105	16
Blacksword	189	11097	16
TheCanadian	190	11072	16
Liakusha	191	11062	16
Edgewalker	192	11047	16
Marlin	193	11036	16
ygagarin	194	11029	16
Bellers	195	11020	16
SkrO	196	11017	16
SupriseisPHI	197	11014	16
Ice	198	10998	16
shuama	199	10998	16
Trudes	200	10993	16
gopherphanny	201	10988	16
Zynyatta	202	10987	16
Alabra	203	10982	16
Kaninian	204	10977	16
SunvLoenix	205	10959	16
Dillz	206	10951	16
Kwynter	207	10943	16
Roofish4	208	10938	16
mrdrchef	209	10938	16
PandaTh	210	10928	16
JustGodly	211	10921	16
koitoyuu	212	10916	16
jessikawkaw	213	10902	16
Oger	214	10902	16
XangelnagiX	215	10900	16
Jelon	216	10895	16
STUVV	217	10893	16
H2O	218	10892	16
lioxvve	219	10864	16
Kindly	220	10861	16
FrankyDee	221	10859	16
Showdown	222	10842	16
GlizzardOfOz	223	10842	16
oligg	224	10833	16
JakePaul	225	10829	16
Pochita	226	10823	16
hahah	227	10812	16
Flash	228	10799	16
fragn3nt	229	10792	16
asfnot	230	10781	16
Kelsier	231	10776	16
Staples	232	10769	16
Toothless	233	10758	16
ToxicCurse	234	10749	16
Kavalier	235	10745	16
Elm	236	10742	16
WhoDoVooDoo	237	10733	16
YYJMVP	238	10721	16
Xaj	239	10720	16
TonysProject	240	10702	16
NeroZanna	241	10697	16
Greentlc	242	10684	16
AzureWolf	243	10673	16
DemonCrystal	244	10667	16
MrBrightside	245	10664	16
Mike	246	10645	16
MangoMudkips	247	10632	16
iNzane	248	10629	16
PROMEDIOGAME	249	10624	16
Protocol	250	10622	16
brodo	251	10619	16
zark	252	10618	16
Ocarious	253	10612	16
Suspensible	254	10603	16
RedZombie	255	10593	16
Autumn	256	10574	16
Nitterboozle	257	10569	16
IvannW	258	10567	16
iTzSketchy	259	10534	16
NT7	260	10532	16
Mattking	261	10528	16
PinkFloyd	262	10527	16
SusanX	263	10516	16
Hovy	264	10513	16
J0k3	265	10512	16
HalflingHR	266	10510	16
Zhanthos	267	10503	16
Stephan	268	10497	16
Keeban	269	10494	16
Spongemon9	270	10492	16
Skycake	271	10485	16
Calm	272	10481	16
gopack50	273	10480	16
Ornitorrink	274	10476	16
Night	275	10458	16
KCargh	276	10449	16
Rocka	277	10449	16
서릿발공	278	10449	16
DuckNINJAAA	279	10442	16
Kayateaa	280	10437	16
warzon	281	10437	16
ZTR	282	10427	16
dave14810	283	10426	16
ACrazyJedi	284	10424	16
Mrgllglrrmgl	285	10421	16
HalfHours	286	10403	16
Mint	287	10400	16
SOCKMONSTER	288	10400	16
MisA	289	10398	16
Rxs	290	10379	16
BenRen	291	10375	16
Alphonse	292	10369	16
RaveWars	293	10355	16
SupremeToast	294	10349	16
HazeyDreamz	295	10346	16
Eagleslayer	296	10345	16
stickyman	297	10336	16
MightyElf	298	10335	16
Kizzit	299	10330	16
JazzHands	300	10329	16
dirtychurchi	301	10327	16
Саня	302	10322	16
eraz	303	10319	16
Keklort	304	10316	16
Reid	305	10315	16
DriedOrange	306	10314	16
SyneLau	307	10313	16
Tyrone	308	10306	16
ArcherBird	309	10299	16
NoahSchwartz	310	10288	16
applesauce	311	10286	16
ŦheLonelyŦub	312	10279	16
FlaxHydra	313	10271	16
SaltyCracker	314	10270	16
Rebelized	315	10269	16
Asyrusuna	316	10267	16
SimplyaBomb	317	10257	16
shadowfury	318	10255	16
sleepypoly	319	10254	16
Death12	320	10252	16
Tommyvy	321	10247	16
Letmepass	322	10243	16
Vmprnighthwk	323	10234	16
skirmglad	324	10234	16
Mitch	325	10233	16
BlackSwan	326	10231	16
i4ni	327	10230	16
Dolan	328	10229	16
Frone	329	10229	16
Hun4onepiece	330	10216	16
cheektavegas	331	10212	16
Chupra	332	10204	16
WawayWildman	333	10204	16
Schwalben	334	10199	16
JMan	335	10199	16
lllIllIlllI	336	10194	16
nugget	337	10190	16
sXTitan	338	10190	16
B1ngB0ng	339	10189	16
Bigrunner9	340	10186	16
zogerreng	341	10182	16
Django	342	10165	16
Allan	343	10162	16
Fygor	344	10156	16
Janet	345	10153	16
ZestyMemes	346	10141	16
jaded	347	10130	16
barelypoor	348	10129	16
proASirTY	349	10128	16
Igg	350	10127	16
Littlesworth	351	10118	16
Natsu	352	10115	16
T820	353	10115	16
VerB	354	10105	16
NiceAdept	355	10101	16
Katie	356	10094	16
Deathz	357	10094	16
grindylo	358	10092	16
Jayhova	359	10090	16
ItzFated	360	10067	16
Protagoras	361	10061	16
WillyHayliam	362	10049	16
Otisbucketz	363	10046	16
MakiXCed	364	10044	16
CaLaMaJO	365	10039	16
Itim	366	10039	16
Wickedllama	367	10038	16
Listener	368	10034	16
MadToy	369	10027	16
Serein	370	10025	16
Gywn	371	10023	16
ServeIapetus	372	10021	16
rsxotx	373	10019	16
Juanita	374	10012	16
sjowyuicy	375	10012	16
小奈里	376	10011	16
Katsa	377	10008	16
Yoshino	378	10008	16
diegob6	379	10006	16
Animalcraker	380	10005	16
M0N3YK1LL3R	381	10004	16
LuckVampire	382	10004	16
Draik	383	10000	16
Eiyuu	384	9999	16
RenSei	385	9999	16
Dongling	386	9986	16
NorinGrand	387	9980	16
三边形战士光头捞	388	9975	16
stucrab	389	9973	16
PlayerOne	390	9973	16
RainYM	391	9971	16
RhitaGawr	392	9967	16
woc666	393	9964	16
Allen	394	9959	16
RiZZc	395	9956	16
Bat	396	9951	16
Audi	397	9949	16
HomeBrewed	398	9943	16
Wolfgang	399	9942	16
wuma	400	9941	16
Happy1Up	401	9927	16
StarLord	402	9926	16
Ryderzor	403	9923	16
Purewind	404	9921	16
Envy	405	9920	16
CaptFalcon	406	9920	16
smeer	407	9910	16
Lecasual	408	9907	16
Soliduz	409	9905	16
MrBombadil	410	9904	16
LastEmperor	411	9900	16
ChessKid	412	9897	16
Rijokev	413	9896	16
Woody	414	9871	16
SunCrusher	415	9869	16
Moggo	416	9862	16
damSXN	417	9856	16
Terry	418	9845	16
Hoff	419	9838	16
Amree	420	9834	16
Klonoa	421	9834	16
MushySmushy	422	9830	16
FrozenDevl	423	9826	16
逸尘大宝贝	424	9818	16
bigricitian	425	9814	16
Talos	426	9813	16
Leeeeeeeeroy	427	9811	16
Mojo	428	9810	16
Faint	429	9804	16
OvO	430	9804	16
Deselect	431	9785	16
gigafied	432	9785	16
Sang3000	433	9782	16
R1chard	434	9775	16
ArkArkArkArk	435	9770	16
FalconCrux	436	9767	16
Pillow	437	9760	16
Planke	438	9748	16
Crqb	439	9739	16
Atd09	440	9734	16
Tr1X	441	9727	16
Shiru	442	9723	16
skyrent	443	9722	16
StrobeFranco	444	9712	16
Yewk	445	9710	16
YummyFood	446	9709	16
BeetleKing	447	9698	16
Cartman	448	9696	16
Raidbreak	449	9696	16
Rastafoo	450	9695	16
Nassi	451	9687	16
SmellyPanda	452	9663	16
SurfInStorms	453	9663	16
Deathlobsta	454	9658	16
Grtwalofchna	455	9651	16
Nefarius	456	9647	16
Adro	457	9640	16
Zhs	458	9638	16
notFlash	459	9637	16
EYEQ	460	9630	16
LittleGringo	461	9627	16
MiningProbe	462	9622	16
Origin	463	9620	16
Zeldar26	464	9619	16
BensonBurger	465	9617	16
Jaimewn	466	9616	16
Erasecar	467	9615	16
Hapax	468	9609	16
wumianyang	469	9608	16
SMEO	470	9607	16
Ilidan	471	9605	16
Millificent	472	9600	16
M4SH4	473	9598	16
pacman	474	9595	16
magates	475	9586	16
YZZ	476	9582	16
Kerrigan	477	9582	16
awedragon	478	9568	16
LucasMorais	479	9567	16
ltby	480	9563	16
rcon623	481	9555	16
FromWar	482	9554	16
Crossflash	483	9554	16
JBPieGuy7	484	9549	16
FalebCogle	485	9543	16
lscb	486	9540	16
Lustral	487	9540	16
KyloRen	488	9538	16
bringy	489	9538	16
kenboneurmom	490	9536	16
DapperDwarf	491	9534	16
Rookie13	492	9528	16
ROUbiX	493	9527	16
Bruhffalo	494	9527	16
Reraise	495	9526	16
Serafall	496	9525	16
bootysnatch	497	9523	16
Adventurer	498	9522	16
Sora	499	9522	16
EBFRLH11	500	9519	16
mayumi	501	9513	16
Elysia	502	9506	16
Yonglesama	503	9505	16
GrumpyMonk	504	9505	16
Kozen	505	9496	16
MissBowers	506	9491	16
Chuzox	507	9483	16
WilkDog	508	9482	16
Echo	509	9482	16
Chaen	510	9481	16
Babadook	511	9481	16
NickConti	512	9474	16
Fedy	513	9471	16
霍格船长来我身边	514	9469	16
Prag	515	9463	16
Tychicus	516	9458	16
Millhouse	517	9449	16
Penana	518	9446	16
succie	519	9445	16
Harloww	520	9442	16
DianZiYang	521	9439	16
MiniNinja	522	9438	16
Genji	523	9430	16
Yuher	524	9430	16
OneHit	525	9428	16
VanKee	526	9424	16
Jod420	527	9422	16
Penanabff	528	9420	16
TaTeeUnit	529	9420	16
ChengDuinDhs	530	9419	16
NetaGator	531	9418	16
nvs	532	9417	16
Dinjisuyeon	533	9417	16
RamboJohny	534	9415	16
DarkVan	535	9405	16
MegaJerry	536	9401	16
soumaz	537	9400	16
DrEdward	538	9396	16
树懒拉臭臭	539	9387	16
Gambuan	540	9387	16
BlueDiarrhea	541	9385	16
Eckobeasts	542	9381	16
Cup	543	9377	16
ccerise	544	9376	16
Aaronnys	545	9372	16
CrankyPantz	546	9367	16
GreyBeast	547	9367	16
TTVChairShot	548	9366	16
Cakez	549	9364	16
ARKFIRE10	550	9363	16
Moorden	551	9362	16
Joker	552	9361	16
Osaat	553	9360	16
elkikam	554	9350	16
S0meone	555	9349	16
NiceTheCute	556	9345	16
PredatuX	557	9343	16
morfim	558	9341	16
Mannie	559	9335	16
Silmashiro	560	9333	16
GeTwHiTe	561	9332	16
ToxicDoggggg	562	9332	16
Viner16	563	9329	16
ZXZjjz	564	9326	16
CNBestPharah	565	9326	16
IAmMurloc	566	9326	16
lordboogar	567	9317	16
StudioBR	568	9316	16
evanskie	569	9306	16
Larry	570	9304	16
WifeLeaver	571	9298	16
SympathySun	572	9294	16
BananaMan	573	9293	16
gbhfra	574	9293	16
bbking	575	9293	16
AngryTurtle	576	9289	16
Tarjaen	577	9285	16
Excalibur	578	9285	16
mousehunter	579	9285	16
Salty	580	9283	16
Yukiz	581	9278	16
Inconsistent	582	9270	16
fullmetaljon	583	9266	16
Beanlord	584	9259	16
ナガネギマン	585	9258	16
B2J	586	9252	16
Panzerbjorn	587	9247	16
ZoboCamel	588	9242	16
สมชาย	589	9237	16
Lily	590	9235	16
Emrakul	591	9228	16
SageRaven	592	9227	16
Algebra	593	9226	16
PremzY	594	9224	16
JRocc	595	9218	16
Gazu	596	9215	16
Samxixi	597	9212	16
Hexenarch	598	9211	16
Zeratul	599	9201	16
Huggietron	600	9200	16
Ignatius	601	9200	16
CrownedHero	602	9199	16
Saintvince	603	9195	16
FishyFishy	604	9193	16
Thesway	605	9193	16
FrozenCow	606	9190	16
Vikester	607	9189	16
ApertureFace	608	9186	16
harry	609	9182	16
TatersNGravy	610	9178	16
MeatHamma	611	9175	16
Jasons	612	9167	16
Vilaça	613	9165	16
Demian	614	9150	16
Cockroach	615	9148	16
flameloaNA	616	9143	16
Fre	617	9143	16
Jroc573	618	9141	16
GreyGhost	619	9137	16
Zjunior	620	9136	16
Calasanto	621	9133	16
FlyingStars	622	9133	16
mistahfinkle	623	9132	16
CowScrotum	624	9130	16
STryKrr	625	9125	16
Doomsayer	626	9125	16
TheRad	627	9124	16
Anthoneh	628	9115	16
bUrN	629	9113	16
DireRaven	630	9104	16
Broxy	631	9103	16
kira	632	9097	16
hbbbbbbbbbbb	633	9095	16
Kingu	634	9095	16
Arkae	635	9093	16
SpaciousKey	636	9093	16
Luan	637	9092	16
Leave	638	9092	16
Rivex	639	9092	16
SupaFly	640	9091	16
DunnoU	641	9091	16
ddBanzai	642	9089	16
Tunana	643	9086	16
SteveChibs	644	9086	16
NovemberX	645	9084	16
Ssita	646	9081	16
Nick	647	9081	16
Fsouza	648	9080	16
jmargaris2	649	9079	16
Chico	650	9077	16
IntenseToast	651	9076	16
Peachy	652	9074	16
tomo187	653	9071	16
GavinLi	654	9067	16
Kodac	655	9065	16
Zion	656	9055	16
Crisxen	657	9052	16
e718eternal	658	9050	16
ButterBalls	659	9046	16
Dawnfinder	660	9046	16
Moon	661	9045	16
NanaBalala	662	9042	16
dUwUmfist	663	9041	16
pcccc	664	9041	16
Fynance	665	9038	16
Leostel	666	9036	16
Joe	667	9036	16
Number23	668	9035	16
QuinFitz	669	9035	16
QuartzOrc	670	9034	16
Coco	671	9032	16
MANKEANDING	672	9032	16
Korkin	673	9029	16
Tavrys	674	9028	16
Growkid	675	9028	16
Tcon2	676	9027	16
Jillwiches	677	9023	16
FatalClutch	678	9023	16
Schnozzer69	679	9023	16
Molizane	680	9020	16
MrNiceXD	681	9014	16
Meta4s	682	9007	16
GinoPascu	683	9003	16
machi	684	9002	16
DroolingNoob	685	9001	16
GREENDICK	686	9000	16
TangyZizzler	687	8998	16
RedAstro	688	8995	16
NarakuSoul	689	8994	16
BFMoses	690	8993	16
SoloMatt	691	8990	16
Razputin	692	8989	16
Qevolvax	693	8983	16
SSBS	694	8983	16
TheAardvark	695	8978	16
UnknownB1	696	8977	16
ToMoe	697	8977	16
xiaoyu	698	8975	16
Katt	699	8972	16
Iworkhard	700	8971	16
Nureyev	701	8971	16
MrZinch	702	8969	16
Moserbomb	703	8967	16
LemonHawk	704	8965	16
Sblounskched	705	8965	16
gaegool	706	8961	16
LilFa1co	707	8960	16
Wiede	708	8959	16
LoveRosé	709	8958	16
Jazzcabbage	710	8952	16
MaXueSheng	711	8951	16
Hikaru	712	8942	16
Dinari777	713	8935	16
Rahek0n	714	8933	16
FrostyFeet	715	8928	16
LeGeneralTao	716	8927	16
Matt	717	8926	16
NicKy	718	8926	16
TooNinja	719	8924	16
milktea	720	8923	16
Monty21	721	8923	16
GFYwreckem	722	8920	16
willalex	723	8911	16
Imerald	724	8909	16
Dattypham	725	8902	16
Monkesito	726	8902	16
Umay	727	8894	16
Mattwi	728	8885	16
ERROR0601	729	8884	16
JangoFett	730	8882	16
Yagamiar15	731	8879	16
SmoQ5	732	8879	16
Heisenberg	733	8878	16
MLGPROEnzoh	734	8877	16
Crusader	735	8876	16
Angelsim	736	8875	16
Sgtbrute	737	8875	16
SeñorChamán	738	8875	16
Tifa	739	8874	16
Elon	740	8873	16
KraM	741	8873	16
OneEyedCamel	742	8871	16
Littlemouse	743	8868	16
Starchaser	744	8867	16
Thealamo	745	8864	16
Ccking	746	8863	16
trixyz	747	8861	16
Boomo	748	8859	16
Smokinjoe	749	8857	16
Jane	750	8856	16
Sfec	751	8852	16
Bwatte	752	8848	16
GiantDwarf	753	8839	16
Footwerk	754	8839	16
Damon	755	8838	16
EckoEcko	756	8837	16
NexenQC	757	8835	16
Ribs	758	8834	16
Rudenewport	759	8833	16
Blaiddrodi	760	8833	16
Hiruneko	761	8830	16
Shao	762	8824	16
Brownies	763	8823	16
Loki	764	8821	16
Aznislander	765	8820	16
Remedies	766	8820	16
JvJnc	767	8816	16
Tubertuber	768	8813	16
Horsethief	769	8812	16
baoshi1	770	8807	16
Swarm	771	8807	16
TheShark	772	8806	16
Treacherouss	773	8805	16
Milvus	774	8804	16
joyseh	775	8803	16
McreeMagee	776	8801	16
Minekami	777	8799	16
Pelluco	778	8799	16
ChatGPT69	779	8798	16
CalebEhlers	780	8797	16
FalfaSprouts	781	8796	16
Aldias	782	8795	16
Jade	783	8795	16
CiberNinja	784	8795	16
NoodleArms	785	8791	16
Kilonova	786	8791	16
Pigduh	787	8788	16
mortincarne	788	8785	16
Cibis	789	8785	16
Malibu2026	790	8783	16
Nubknight	791	8782	16
Ashnod	792	8782	16
DominionGodz	793	8781	16
Helios	794	8781	16
Rice	795	8779	16
CoonBot	796	8776	16
CVSPharmercy	797	8776	16
CyanOrc	798	8773	16
Vazh	799	8773	16
Astronius	800	8770	16
Aurelios	801	8770	16
tommartell	802	8765	16
Analyst	803	8764	16
thefang	804	8764	16
Sonic	805	8763	16
Pudding	806	8762	16
Gallows	807	8761	16
Chikky	808	8759	16
Liewin	809	8759	16
MHG	810	8754	16
Roman	811	8754	16
BattleOoze	812	8753	16
ÜberØMüschi	813	8753	16
Squil	814	8751	16
JimJammss	815	8750	16
Aya	816	8747	16
Sherms3	817	8747	16
Inno	818	8743	16
Aeshtrix	819	8742	16
jjackattack	820	8741	16
MisterMatt	821	8734	16
Bort	822	8734	16
Noname233333	823	8733	16
Solasys	824	8732	16
ebmiller	825	8732	16
wattershy	826	8731	16
raven	827	8730	16
TheStampede	828	8728	16
Zarathustra	829	8728	16
SvddenBvby	830	8728	16
Lastrike	831	8724	16
Stardust	832	8724	16
LeGratrava	833	8721	16
akid124	834	8721	16
Brendani	835	8718	16
SilentKing	836	8718	16
derkalucka	837	8718	16
Losongz	838	8717	16
Cherrydear	839	8716	16
Zer0	840	8716	16
ParasyteByte	841	8715	16
Teabobaggins	842	8715	16
Blaxe	843	8715	16
Marta	844	8712	16
baqie	845	8712	16
N1NNO	846	8711	16
Tleon	847	8710	16
nickatnyt	848	8709	16
Lunatik5080	849	8709	16
Eldrazifish	850	8708	16
tigerb	851	8708	16
Ŧhrow	852	8706	16
PlumWisp	853	8704	16
KalinaXXX	854	8704	16
biohazard	855	8702	16
Patrick	856	8702	16
CyBeR	857	8701	16
YoChap	858	8697	16
Henrie	859	8695	16
rikodo	860	8694	16
kadasplayer	861	8692	16
Caseym	862	8692	16
TheFunk	863	8690	16
Tcoop	864	8689	16
Boomaye	865	8689	16
Xilumenza	866	8687	16
TheRoach125	867	8686	16
Lenore	868	8686	16
citycent	869	8684	16
Marcavious	870	8683	16
Goldlock	871	8682	16
LoganCarp	872	8682	16
bamamat1724	873	8678	16
MrSheepW	874	8673	16
JonasB	875	8672	16
Chickenugget	876	8669	16
ChestyPuller	877	8665	16
Rossboss51	878	8663	16
Gohas	879	8661	16
Tibarn	880	8660	16
SiulOluap	881	8659	16
Reprisal	882	8658	16
bendandcough	883	8658	16
Revolltzz	884	8657	16
Remi	885	8657	16
ANOMY	886	8655	16
AnnoyingCat	887	8653	16
TheS	888	8650	16
eeveecute	889	8648	16
Phantolynx	890	8647	16
Amgine	891	8647	16
Bibzuda7	892	8645	16
Nikanoru	893	8643	16
Joker	894	8640	16
LateForWork	895	8640	16
Kerkero66	896	8638	16
tendergreens	897	8636	16
Libra	898	8636	16
Malensio	899	8634	16
KermitKommie	900	8634	16
Orianna	901	8634	16
RaGe296	902	8634	16
mcgeeber	903	8625	16
EvlCatsrmd99	904	8624	16
Avignon	905	8624	16
Darian	906	8623	16
JohnHWatson	907	8620	16
FoolsErrand	908	8619	16
AlzyMero	909	8618	16
BradWong	910	8617	16
ChenghaoDu	911	8616	16
LLAYOR	912	8616	16
Imajesker	913	8615	16
lildryboy	914	8612	16
Tabs	915	8608	16
TastyTyrone	916	8604	16
ZugZug	917	8602	16
Osamurai	918	8598	16
jontrills	919	8595	16
	920	8593	16
Niclmaki	921	8592	16
natlog	922	8591	16
Jackie	923	8591	16
delHosp	924	8589	16
FanMangaXD	925	8589	16
Keres	926	8587	16
Punchinello	927	8587	16
leon1355	928	8587	16
Gameslayer	929	8585	16
TonySniper	930	8584	16
Konvicka	931	8584	16
IdiotSavant	932	8581	16
みっちゃん	933	8580	16
DireRaven	934	8577	16
Z3lda	935	8577	16
Swegtston	936	8577	16
DizzyRogue	937	8576	16
Wreckloose	938	8569	16
ピヨ	939	8568	16
oryox	940	8566	16
Phunwa	941	8564	16
CheeseKing72	942	8564	16
BecauseOfMe	943	8562	16
Fayssal	944	8562	16
Destroyer	945	8558	16
Rechtangles	946	8557	16
Nomad	947	8556	16
Azula	948	8551	16
MrMyagi	949	8545	16
SLOTHIZ	950	8541	16
yoyoyo	951	8541	16
Terrifictaco	952	8539	16
Danielzz	953	8539	16
Glen	954	8534	16
agamenon	955	8534	16
GMYE	956	8530	16
Diomedes	957	8530	16
QuadNips	958	8528	16
RafaelCanuto	959	8526	16
Bswizz	960	8524	16
Alex	961	8524	16
gabiruBR	962	8523	16
t0ng	963	8520	16
SmashRN	964	8518	16
ThirdGathers	965	8517	16
ZardoZ	966	8515	16
Shino	967	8504	16
iLycheeJelly	968	8502	16
CoralElk	969	8501	16
Elephant	970	8499	16
SwansGuy	971	8498	16
yuki	972	8498	16
julianchow28	973	8498	16
DiCE	974	8498	16
Blaze	975	8495	16
ltsPing	976	8494	16
Joe	977	8493	16
NeverDie	978	8491	16
FireAndBlood	979	8489	16
Orc	980	8489	16
mileyvnttv	981	8487	16
hlw	982	8486	16
sin873	983	8484	16
allabala	984	8483	16
NicccKKKKKK	985	8477	16
Stove	986	8474	16
Delecto	987	8474	16
ArtemisMoon	988	8473	16
strawburry	989	8472	16
Monan	990	8471	16
Vanquish	991	8471	16
aine	992	8471	16
Auhstounded	993	8469	16
clong2	994	8468	16
Artemis	995	8467	16
SuGuy	996	8467	16
Midnightt	997	8467	16
BIGDECKKEK	998	8466	16
Calkins	999	8466	16
Opsimath	1000	8465	16
Orson	1001	8464	16
Arge	1002	8462	16
MortalPlague	1003	8461	16
AceFireFist	1004	8460	16
WantaSpud	1005	8458	16
Ares	1006	8458	16
BlaStoiSe	1007	8458	16
Cooties	1008	8458	16
zzhs1	1009	8457	16
Fallhaven	1010	8454	16
aelove	1011	8454	16
DrSeaBreeze	1012	8452	16
Cyaegha	1013	8450	16
BigMacBunko	1014	8450	16
hamby91	1015	8450	16
MattBatt	1016	8450	16
Froztea	1017	8450	16
Puddingcup	1018	8449	16
HONEYROASTED	1019	8448	16
OrangeHeadz	1020	8447	16
Sillyack	1021	8447	16
RiP	1022	8447	16
Pingskayia	1023	8446	16
Pingscat	1024	8444	16
MysteryMan	1025	8444	16
LemonYeti	1026	8443	16
Mustard	1027	8442	16
Grudgebearer	1028	8441	16
Shneaky	1029	8437	16
tacocat	1030	8436	16
HankleToot	1031	8436	16
NoctuleDrôle	1032	8435	16
BIGAKDAVE	1033	8434	16
Tilt	1034	8431	16
Jéssica	1035	8427	16
VanZero	1036	8425	16
NerfMerf	1037	8425	16
trestice	1038	8425	16
fplbot	1039	8424	16
MrFlops	1040	8424	16
GoldenThong	1041	8423	16
SamNaCL	1042	8423	16
Iriemember	1043	8421	16
BigJoint	1044	8421	16
StickySpore	1045	8416	16
lleiria	1046	8416	16
ninjagods	1047	8415	16
Potoe	1048	8410	16
Sooner04	1049	8409	16
jpjpeg	1050	8409	16
Hersir	1051	8407	16
Pplayer	1052	8407	16
Jable9527	1053	8407	16
Pillou	1054	8405	16
Sideburn	1055	8404	16
jay	1056	8404	16
Dracotek	1057	8403	16
MCHO	1058	8402	16
JumpyWizard	1059	8401	16
yaosyfox	1060	8400	16
Phizy	1061	8400	16
Stryder	1062	8400	16
Zucco	1063	8399	16
Zedd	1064	8398	16
MoneyBags	1065	8397	16
Ox0	1066	8395	16
DAMMMMMM	1067	8395	16
PhantomZ	1068	8395	16
SkirpADerp	1069	8394	16
Blees	1070	8394	16
Arek	1071	8392	16
Perfected	1072	8391	16
BillyMaysHur	1073	8379	16
TsuruXelus	1074	8378	16
chefkael	1075	8375	16
Dragoon	1076	8375	16
Jeanmi	1077	8375	16
BatedROCK	1078	8373	16
xxyao	1079	8372	16
Saidgewick	1080	8371	16
Frost	1081	8371	16
LyingIsASin	1082	8368	16
Booberry	1083	8367	16
TigerLu	1084	8367	16
WolfBlue	1085	8365	16
zancan2	1086	8363	16
Bonvil	1087	8362	16
忍た	1088	8360	16
Vajonas	1089	8360	16
jawnnyboi	1090	8360	16
sPwism	1091	8359	16
ElderPopPop	1092	8359	16
THPNOMNOM	1093	8357	16
Deddy	1094	8357	16
WhipDeChi	1095	8354	16
Draze22	1096	8354	16
Croissant	1097	8354	16
Kroth	1098	8354	16
tianT	1099	8353	16
RedBirdDr06	1100	8352	16
noflip	1101	8352	16
YummYumms	1102	8351	16
Ahariek	1103	8346	16
EDestroyer	1104	8345	16
Среброкрыл	1105	8344	16
Umadibet	1106	8343	16
星渊歌者	1107	8343	16
Smeak	1108	8343	16
wtfitzbrian	1109	8342	16
McNastyRay	1110	8342	16
Birdgirl	1111	8342	16
Happystarcat	1112	8340	16
PosteriorLik	1113	8339	16
YokiTT	1114	8337	16
x0ldd	1115	8337	16
Jrb	1116	8337	16
STLzinx	1117	8337	16
blueSnake	1118	8336	16
mikelol	1119	8334	16
Greed	1120	8332	16
Academia	1121	8329	16
Ialwaysmiss	1122	8329	16
NCTian	1123	8329	16
Amplify	1124	8329	16
Sagarras	1125	8329	16
Orano	1126	8329	16
Last	1127	8328	16
Chris	1128	8325	16
Greebus	1129	8323	16
phantonz	1130	8322	16
Tuesdays	1131	8320	16
Tippzy	1132	8319	16
BaoXue4001	1133	8318	16
Xstatic	1134	8317	16
Zero	1135	8314	16
Turuletee	1136	8312	16
SolemnJerk	1137	8311	16
Eon	1138	8311	16
Sockdolager	1139	8309	16
rood	1140	8307	16
World656	1141	8307	16
Tarquin	1142	8306	16
Coathanger12	1143	8304	16
Anindo	1144	8303	16
BlindShot	1145	8301	16
QuickAssist	1146	8301	16
Savathar	1147	8301	16
Ironstaff	1148	8299	16
Aurora	1149	8299	16
Phasad	1150	8295	16
SouthPark	1151	8294	16
gorila	1152	8293	16
tomski	1153	8292	16
Sollos	1154	8288	16
King	1155	8285	16
Jasn	1156	8284	16
adair	1157	8283	16
MauveLich	1158	8282	16
Ap3xLawL	1159	8282	16
mlxg	1160	8281	16
Pyro7733	1161	8280	16
Yak	1162	8277	16
shalemirek	1163	8277	16
htownaggie	1164	8276	16
ZergCrush	1165	8276	16
EternalBlue	1166	8276	16
Shamrock	1167	8275	16
ГигантДух	1168	8274	16
mitchwavy	1169	8274	16
amvega	1170	8274	16
Gigamonkey2	1171	8273	16
ПозднийКот	1172	8272	16
PokeOwen	1173	8272	16
Reign	1174	8272	16
MarKhaan	1175	8267	16
Zephyrinus	1176	8267	16
pooh	1177	8265	16
Ealmighty	1178	8264	16
MasterBaner	1179	8264	16
baobao	1180	8262	16
Chendox	1181	8261	16
Lord	1182	8260	16
Dricen	1183	8256	16
vMx	1184	8256	16
Nudels	1185	8255	16
Tregear	1186	8255	16
Meedo	1187	8254	16
SneezyGamer	1188	8251	16
NightRaven	1189	8251	16
LazyTitan	1190	8250	16
VorheeheesTV	1191	8249	16
Stillson	1192	8249	16
Zell488	1193	8249	16
DingDongJi	1194	8248	16
Dreamjokerz	1195	8247	16
Doinkboink	1196	8246	16
Demonarcher	1197	8245	16
Ajani	1198	8244	16
Sgtandrew	1199	8244	16
BastionMain	1200	8244	16
RunBackwards	1201	8243	16
drip	1202	8243	16
Gamer	1203	8242	16
Battlelance	1204	8241	16
AyZzeN	1205	8240	16
WebShank	1206	8240	16
Toshka	1207	8240	16
Shakalo	1208	8238	16
Undefined	1209	8237	16
Iomedae	1210	8237	16
Axe255	1211	8237	16
Lucid	1212	8236	16
Rbt	1213	8236	16
MinorSoju883	1214	8234	16
SirPebble	1215	8234	16
glutton	1216	8232	16
NinjaOtter	1217	8232	16
Demolition	1218	8232	16
Arcite	1219	8231	16
Goliath	1220	8229	16
jesse	1221	8228	16
MildSambal	1222	8227	16
Yuuki	1223	8225	16
lovelytian	1224	8224	16
Jhinxed	1225	8224	16
gruntlord6	1226	8223	16
Meteorites	1227	8223	16
pinbol	1228	8222	16
grekolicious	1229	8221	16
ForTheHorde	1230	8220	16
Bakemono	1231	8216	16
ScienceGuy	1232	8215	16
Clear	1233	8215	16
TheChaosKing	1234	8214	16
DueyCuminer	1235	8214	16
Camby	1236	8212	16
Kross	1237	8210	16
NeedB4Greed	1238	8209	16
zswff1	1239	8208	16
InkyGOAT69	1240	8208	16
Elysia	1241	8208	16
IfThenLoop	1242	8206	16
Prophet	1243	8206	16
RobotMurloc	1244	8206	16
Loci	1245	8205	16
Kobyashi	1246	8204	16
UnBEARable	1247	8202	16
SpookyPoodle	1248	8201	16
captyuth	1249	8201	16
HeroCrusher	1250	8200	16
bezaap	1251	8200	16
Thiagoobp	1252	8198	16
Plastyqueen	1253	8198	16
Glimmer	1254	8198	16
SandorVS	1255	8197	16
FluckBubble	1256	8197	16
IFICANDOBETR	1257	8197	16
Star	1258	8196	16
c0ndy	1259	8195	16
ITellYouHwat	1260	8193	16
TheGKey	1261	8191	16
Kevin	1262	8191	16
MooncakeET	1263	8190	16
NubBlaster	1264	8190	16
Shadoyama	1265	8189	16
abs	1266	8189	16
Brandon592	1267	8188	16
Cong	1268	8187	16
Bot1	1269	8186	16
Mustafa	1270	8185	16
chesgeek	1271	8185	16
TommyTom	1272	8185	16
NTrustworthy	1273	8184	16
Jefferino	1274	8183	16
Dolaameng	1275	8181	16
Destrukter88	1276	8180	16
Scil	1277	8180	16
zhouzhou	1278	8179	16
DeadlyKitten	1279	8177	16
Viridae	1280	8176	16
Foxsplosion	1281	8176	16
pipizzy	1282	8176	16
ZrAzrael	1283	8176	16
Neryen	1284	8176	16
MemeMachine	1285	8175	16
IamAnoob12	1286	8175	16
SilentStorm	1287	8175	16
Exzist	1288	8173	16
卢本伟	1289	8172	16
GotEm	1290	8172	16
FlyinZamby	1291	8171	16
edvango	1292	8171	16
SamiteHealer	1293	8170	16
Substitute	1294	8168	16
JudgeJude07	1295	8167	16
default	1296	8167	16
Unity	1297	8166	16
hillside	1298	8164	16
raouhh	1299	8164	16
Sinnaabun	1300	8164	16
Elaboratlime	1301	8162	16
Peetak	1302	8161	16
Hochwart	1303	8160	16
Derkaderka	1304	8160	16
ImThatCat	1305	8160	16
BattleTag	1306	8158	16
Voxtrel	1307	8158	16
Ghost	1308	8157	16
leaf	1309	8155	16
Frank	1310	8154	16
Gilig	1311	8154	16
ItSiren	1312	8153	16
corwin	1313	8153	16
THEMAN2O	1314	8153	16
TUPALITOPUNT	1315	8152	16
andbartwo	1316	8151	16
Fox	1317	8151	16
Tribles	1318	8150	16
justin	1319	8149	16
Ditwizwaz	1320	8148	16
ZeTheMan	1321	8148	16
Shadowfax	1322	8148	16
간소한태도	1323	8147	16
Maxwellllz	1324	8146	16
OberstJager	1325	8143	16
RoaringBear	1326	8141	16
Mgondim	1327	8140	16
SlyGoat	1328	8138	16
Zheron	1329	8135	16
Baguette	1330	8134	16
sUzlUn	1331	8132	16
Yeti	1332	8132	16
Nextella	1333	8129	16
niugneP	1334	8128	16
Seth	1335	8127	16
LSA	1336	8127	16
LeoMito	1337	8126	16
Serena	1338	8125	16
whichi	1339	8125	16
Kasue	1340	8124	16
Chovasboy	1341	8123	16
NoMeNoBoB	1342	8123	16
jpdavil4	1343	8122	16
Boosh90	1344	8121	16
Fcbadass	1345	8121	16
PigeonsPunch	1346	8121	16
Kanny	1347	8119	16
CHILLYRAINBO	1348	8119	16
Cereal4Me	1349	8118	16
Justin	1350	8118	16
bakalakadaka	1351	8117	16
Arkaeopteryx	1352	8116	16
PEENER	1353	8114	16
Doterboat	1354	8113	16
MisoHoney	1355	8113	16
SEXGIANT	1356	8112	16
herpasherp	1357	8112	16
Soiled	1358	8111	16
Baguette	1359	8111	16
justiceforhk	1360	8111	16
Doubtless	1361	8109	16
Devilicious	1362	8109	16
Valeiah	1363	8109	16
Leo	1364	8108	16
Kakrow	1365	8108	16
MrOperator42	1366	8108	16
BigJoeJuses	1367	8106	16
Nagelbagel	1368	8104	16
Neuron	1369	8103	16
parINDa	1370	8102	16
Ventchman	1371	8102	16
Babyfacebell	1372	8101	16
ohmgointer	1373	8101	16
Arukasa	1374	8100	16
bakuboyboom	1375	8100	16
GopherChucks	1376	8099	16
RichBrian	1377	8098	16
Ganymedes	1378	8095	16
TeemoTooOp	1379	8094	16
dududu	1380	8094	16
czy666	1381	8093	16
sctay17	1382	8090	16
PYJY	1383	8090	16
nut	1384	8089	16
wizer	1385	8089	16
Pelmiene	1386	8088	16
Mulligan	1387	8088	16
joyride	1388	8087	16
coenix	1389	8086	16
ǍŜŬŊǍ	1390	8086	16
GrayLion	1391	8086	16
For3verLos3	1392	8086	16
BattleBear	1393	8085	16
JaqueMate	1394	8085	16
Asthedream	1395	8085	16
bensra	1396	8084	16
Nix	1397	8083	16
Legit4it	1398	8083	16
Mayhalf	1399	8083	16
prpaxson	1400	8082	16
MadMatt	1401	8082	16
soliddanny	1402	8082	16
Last	1403	8082	16
Darkspark	1404	8082	16
NoobDetector	1405	8081	16
Moontinged	1406	8081	16
mcmcsalot	1407	8081	16
fourth	1408	8080	16
ChineseBunny	1409	8080	16
Orangewater	1410	8079	16
dylduk213	1411	8078	16
HorsePope	1412	8078	16
Vigrant143	1413	8077	16
Vret	1414	8076	16
BlueEevee	1415	8076	16
kjoct	1416	8076	16
Butters	1417	8076	16
InterMundos	1418	8075	16
LocosDoritoe	1419	8074	16
mullac	1420	8074	16
Buuh	1421	8074	16
KunpanXL	1422	8074	16
BigQ	1423	8074	16
LustrumPlan	1424	8074	16
Ventz	1425	8073	16
CP13	1426	8073	16
LemonTank	1427	8073	16
Timmoh	1428	8073	16
xSwarthy	1429	8073	16
Thaasaw	1430	8072	16
Jehdo	1431	8072	16
SpiderPig	1432	8071	16
PumpkinDrake	1433	8071	16
Umbrafalx	1434	8071	16
Jacakeus	1435	8070	16
DaStatzz	1436	8070	16
LazerLemon	1437	8068	16
djwdcb	1438	8068	16
Rashnok	1439	8068	16
Carl	1440	8067	16
azguy	1441	8066	16
Gato	1442	8065	16
maexxna	1443	8065	16
Sandni9az	1444	8065	16
Fiddlesticks	1445	8065	16
Akata	1446	8065	16
MiniMac	1447	8065	16
Chronicle	1448	8065	16
SeZomg	1449	8064	16
陰沉的淺褐色貓咪	1450	8064	16
TZaraki	1451	8063	16
bumpcamel	1452	8063	16
shikamarul	1453	8063	16
Jvcp	1454	8063	16
GrogMalblood	1455	8063	16
Canucho	1456	8063	16
WitloLoli	1457	8063	16
LoboCalmo	1458	8062	16
Lyzserg	1459	8062	16
chanman	1460	8062	16
Infinityecho	1461	8062	16
asapbush	1462	8061	16
Shiba	1463	8061	16
Leandro	1464	8061	16
Alphie	1465	8060	16
JasonBjörn	1466	8059	16
ENF0RCEP41N	1467	8058	16
Ink	1468	8058	16
San	1469	8058	16
Moribundo	1470	8058	16
wickedr	1471	8058	16
StevenGRB	1472	8057	16
Maymay	1473	8057	16
Reddude154	1474	8057	16
Dracos	1475	8056	16
pvue1026	1476	8055	16
Praolis	1477	8055	16
TheBest	1478	8055	16
YouriPilaF	1479	8055	16
Contheicon	1480	8055	16
Portalis	1481	8055	16
SemNossao	1482	8054	16
DctrY	1483	8054	16
Shwayze	1484	8054	16
Zira	1485	8054	16
Funkr	1486	8054	16
MoonCabbage	1487	8054	16
Dourn	1488	8054	16
Gavin	1489	8053	16
NotSoInkyKod	1490	8053	16
Creatur33	1491	8053	16
Evyii	1492	8053	16
Lightstalk	1493	8053	16
Faraday	1494	8053	16
ValikaOchko	1495	8053	16
RealGlovebox	1496	8052	16
Egg	1497	8052	16
Thetubbygoat	1498	8052	16
LeoWang	1499	8052	16
Shuckerr	1500	8052	16
CobblerHole	1501	8051	16
Lilariorl	1502	8051	16
Tacticool	1503	8051	16
Hearthstone	1504	8051	16
JSafety	1505	8050	16
Duckkyyyyyy	1506	8050	16
Bubblyballz6	1507	8050	16
Golden	1508	8050	16
Ahto	1509	8050	16
maniakil	1510	8050	16
Weebism	1511	8050	16
aspasia	1512	8050	16
Okabayashi	1513	8050	16
yeknomtserof	1514	8049	16
Undecided	1515	8049	16
Sandman	1516	8049	16
BlackAlpaca	1517	8048	16
ShadowMurloc	1518	8048	16
Syzygy	1519	8047	16
FlagnorFail	1520	8046	16
Churbro	1521	8046	16
Rutus	1522	8046	16
DarkGeist	1523	8045	16
Novicmrman	1524	8045	16
Nicesuke	1525	8045	16
Haroldliven	1526	8045	16
Firebolt1176	1527	8045	16
Akayasha	1528	8044	16
PaladinZ	1529	8044	16
Mickey	1530	8044	16
crazykilller	1531	8044	16
JT2519	1532	8044	16
DameTrillard	1533	8044	16
Dastardly	1534	8043	16
PawndaKilla	1535	8043	16
BL4ZE	1536	8043	16
Racric	1537	8043	16
Wolfgang	1538	8043	16
Gebels	1539	8043	16
Dasani	1540	8043	16
ElMister	1541	8042	16
Albert	1542	8042	16
drnkenbttfly	1543	8042	16
DeMone	1544	8041	16
DaddyWrangle	1545	8040	16
ChestersMill	1546	8040	16
Deitus	1547	8040	16
AnyPro	1548	8039	16
Mothman	1549	8039	16
JeffisBack	1550	8039	16
FisheyeVance	1551	8039	16
TriPiva	1552	8038	16
Drucc	1553	8038	16
king	1554	8037	16
Orwellian	1555	8037	16
FlngPrgn	1556	8036	16
Toddhunter	1557	8036	16
Artzilol	1558	8035	16
LiLLOCZ14	1559	8035	16
superidol	1560	8034	16
Mrtom	1561	8034	16
Xera	1562	8034	16
Noxin	1563	8034	16
lichadin	1564	8033	16
sporkzilla	1565	8033	16
princedarky	1566	8032	16
Scandium	1567	8032	16
Mistaaytch	1568	8032	16
Hype	1569	8032	16
bread	1570	8032	16
OliveLich	1571	8032	16
GhostPants	1572	8032	16
NameAllUsed	1573	8032	16
JeevesJairo	1574	8032	16
Arrrr	1575	8032	16
Scyfe	1576	8032	16
Subtle	1577	8031	16
agasg	1578	8031	16
椒唐	1579	8031	16
KingFesti	1580	8031	16
Hexador	1581	8031	16
VarusLegion	1582	8031	16
digdug43	1583	8031	16
blindexcel	1584	8031	16
SneakyTurtle	1585	8030	16
Synergy	1586	8030	16
HVS	1587	8030	16
Slimbeef	1588	8029	16
Lukaol	1589	8029	16
Lukiss	1590	8029	16
BigLasagna	1591	8029	16
PostalJebus	1592	8029	16
DouNick	1593	8029	16
TheRoadcone	1594	8029	16
Xàvîęr	1595	8028	16
LoftyDreamer	1596	8028	16
Alipheese	1597	8028	16
Django	1598	8028	16
Dallas	1599	8028	16
Orange	1600	8027	16
JadeMage	1601	8027	16
randycrc	1602	8027	16
Renee	1603	8027	16
Amandil	1604	8027	16
Arsene	1605	8027	16
TangoHor5e	1606	8027	16
Mag	1607	8027	16
Akarios	1608	8027	16
Alcsaar	1609	8027	16
Hellsgrundle	1610	8026	16
aTurgidKnave	1611	8026	16
nicoag	1612	8026	16
Glückszwerg	1613	8026	16
Shawnee104	1614	8026	16
kj061223	1615	8026	16
Nishoba	1616	8026	16
GarnetStag	1617	8025	16
Mapitus	1618	8025	16
PandaBearGuy	1619	8025	16
Alfred	1620	8025	16
Saintsation	1621	8024	16
GunnarValstn	1622	8024	16
Pwnbot	1623	8024	16
Tuber	1624	8024	16
imkhpie	1625	8024	16
Ricky	1626	8023	16
Voark	1627	8023	16
Matheusvs	1628	8023	16
KraziEEEEE86	1629	8022	16
Mythrydate	1630	8022	16
Miange	1631	8022	16
CrystalPsych	1632	8022	16
Leafblower	1633	8022	16
DayssAce	1634	8022	16
Frizzo	1635	8022	16
Crowle	1636	8022	16
plant	1637	8022	16
Neo	1638	8021	16
Thraxx	1639	8021	16
Kami	1640	8021	16
HappyShark	1641	8021	16
Aristocrat	1642	8021	16
P0rn0Star0	1643	8021	16
IGzang	1644	8021	16
Goatlord	1645	8021	16
Herpalaids	1646	8021	16
Forced2Wipe	1647	8021	16
Tranq	1648	8021	16
Nosey	1649	8021	16
Pumpkin	1650	8020	16
Ufo	1651	8020	16
durty	1652	8020	16
Xtrelevated	1653	8020	16
Belvira	1654	8019	16
Aquinbean	1655	8019	16
Bromz	1656	8019	16
apocalypse	1657	8019	16
Aldreck	1658	8019	16
Tadpolelegs	1659	8019	16
Justice	1660	8019	16
LiYONS	1661	8019	16
Galatea	1662	8019	16
markle	1663	8019	16
Switch	1664	8019	16
larawyn	1665	8018	16
chi2waa	1666	8018	16
xCrookyx	1667	8018	16
Hero9696	1668	8018	16
JoeSchmoe	1669	8018	16
Liyr	1670	8018	16
KevinSalinas	1671	8018	16
Chronic89	1672	8018	16
Valadon	1673	8018	16
KingLooch	1674	8018	16
SilkenTofu	1675	8018	16
ScrubShaman	1676	8018	16
Saitam	1677	8018	16
Okama	1678	8018	16
Doobles	1679	8017	16
Redlotus	1680	8017	16
Antox13	1681	8017	16
Blaky18	1682	8017	16
SmilyPlatyps	1683	8017	16
Nardolam	1684	8017	16
LSDAvenger	1685	8016	16
Flame	1686	8016	16
NotAeni	1687	8016	16
BruInfinity	1688	8016	16
JakeJakeJake	1689	8016	16
kingsgames	1690	8016	16
SpookyBum	1691	8016	16
ChiefWahopin	1692	8016	16
Talos	1693	8015	16
ulki00	1694	8015	16
cjjknight	1695	8015	16
TheMickster	1696	8015	16
CrazyMage	1697	8015	16
HDSKI	1698	8015	16
Einsoph5	1699	8015	16
Pub	1700	8014	16
MightyElf	1701	8014	16
TheLadyBeatU	1702	8014	16
LockandNlock	1703	8014	16
Shaoye	1704	8014	16
HailDraigo	1705	8014	16
AwesumPossum	1706	8014	16
RiffRaff14	1707	8013	16
jefflourenco	1708	8013	16
j4zeus	1709	8013	16
Cryptic	1710	8013	16
Dominicasta	1711	8013	16
crazynick	1712	8013	16
KillerNoise	1713	8013	16
Broverload	1714	8013	16
KrustyNipple	1715	8013	16
zword	1716	8012	16
ChaosUnicorn	1717	8012	16
OudWood	1718	8012	16
catkill	1719	8012	16
Cyanite	1720	8012	16
Numind	1721	8012	16
Gsm1212	1722	8012	16
CrustyManiac	1723	8012	16
CrazyGamer	1724	8012	16
	1725	8012	16
Chi	1726	8012	16
PhailedJet	1727	8011	16
MagicTurtle	1728	8011	16
Qwertyop	1729	8011	16
Slybow74	1730	8011	16
Scabbard	1731	8011	16
syhr	1732	8011	16
Imbob	1733	8011	16
HolyLance	1734	8011	16
PowLock	1735	8011	16
Blitz	1736	8011	16
Aleena	1737	8010	16
YankeWNoBrim	1738	8010	16
Pohsib	1739	8010	16
nuclearknees	1740	8010	16
Phobos	1741	8010	16
Kingcrow305	1742	8010	16
Syrusion	1743	8010	16
Burgundron	1744	8010	16
Sheiqck	1745	8009	16
GRIM	1746	8009	16
DougBannock	1747	8009	16
赫萝的苹果	1748	8009	16
Player	1749	8009	16
brandoh	1750	8009	16
CunningBeast	1751	8009	16
Phoenix	1752	8009	16
MattLB	1753	8008	16
Micloo	1754	8008	16
RobotNinja4	1755	8008	16
EasonLiao	1756	8008	16
Hungry	1757	8008	16
Pathf1nder	1758	8008	16
Klowner	1759	8008	16
LeFlipFlop	1760	8008	16
xInsanityx	1761	8008	16
Forsaken	1762	8008	16
Psyre	1763	8008	16
azmatticus	1764	8008	16
dillyg10	1765	8007	16
kuhlworld	1766	8007	16
纵使骸骨成尘而去	1767	8007	16
coore	1768	8007	16
arsecookie	1769	8007	16
xXProReapsXx	1770	8007	16
Rajaat	1771	8007	16
ThicAdjacent	1772	8007	16
Bwats	1773	8007	16
MrFreeman	1774	8007	16
Shacy	1775	8006	16
Cody712	1776	8006	16
rob4755	1777	8006	16
Wizrod	1778	8006	16
Peanutbutter	1779	8006	16
ThismeansWar	1780	8006	16
Bedwrath	1781	8006	16
MrKinky	1782	8006	16
CoralWisp	1783	8005	16
Horgad	1784	8005	16
Storm	1785	8005	16
MrAmish	1786	8005	16
D3MoNHuNt3R	1787	8005	16
Grego	1788	8005	16
Cupofcare	1789	8005	16
Maljurious	1790	8005	16
Fortify77	1791	8005	16
MarkSteel	1792	8005	16
GdFella	1793	8004	16
itslukas	1794	8004	16
dean	1795	8004	16
Yelena	1796	8004	16
MrStealYoGrl	1797	8004	16
LittleElf	1798	8004	16
Gigg	1799	8004	16
Spam	1800	8004	16
Mcjunior007	1801	8004	16
Wurmz	1802	8004	16
RyugaQuan	1803	8004	16
Killjester	1804	8004	16
Fofo181705	1805	8003	16
BigSmackin	1806	8003	16
Cassiopeia42	1807	8003	16
PirthyGenis	1808	8003	16
Okarma	1809	8003	16
ProfRaptor	1810	8003	16
kalelkainalu	1811	8003	16
Rain	1812	8003	16
Stefa	1813	8002	16
qerlly	1814	8002	16
MVLICE	1815	8002	16
Vegeta	1816	8002	16
Kinger22	1817	8002	16
dacosta	1818	8001	16
Spidey48	1819	8001	16
eYeti	1820	8001	16
Katastrophe	1821	8001	16
MasterPear5	1822	8001	16
Serb	1823	8001	16
SHWACKED	1824	8001	16
Noran	1825	8001	16
kuroishiina	1826	8000	16
Von	1827	8000	16
Coldstyx	1828	8000	16
rg12138	1829	8000	16
Blindy	1830	8000	16
Pensools	1831	8000	16
Dashoffury	1832	8000	16
shadows797	1833	8000	16
HiddenTroll	1834	8000	16
CenturySam	1835	8000	16
Epicman	1	26770	17
Fuglackh	2	25809	17
Zachiswack	3	24103	17
PaleGuyHi	4	22770	17
Ying	5	21146	17
DUCK	6	21097	17
RaviG37	7	20454	17
ちぇいん	8	20138	17
cx000	9	19784	17
Tyler	10	19570	17
TTVChairShot	11	19453	17
Caseym	12	19431	17
UpsetKing	13	18334	17
ayy	14	18250	17
逸尘大宝贝儿	15	17970	17
LeGeneralTao	16	17890	17
Neo	17	17808	17
ArkArkArkArk	18	17580	17
Ornitorrink	19	17355	17
mUdQuAza	20	17350	17
sydanten	21	17350	17
SaphirexX	22	17339	17
immortalsam	23	17256	17
Rekt	24	17134	17
lordjarbinks	25	17116	17
Swedepino	26	16828	17
TylerLyons	27	16772	17
Exodius003	28	16690	17
MediumPurple	29	16545	17
WhosMcCree	30	16504	17
PupsGoRooRoo	31	16353	17
Kinkade	32	16321	17
Jisoo	33	16277	17
PandaTh	34	16218	17
waterP	35	16176	17
Lesmana	36	16007	17
Domi	37	15823	17
Whobetter	38	15701	17
AtheistCleri	39	15466	17
VINDOS1789	40	15228	17
VORTOS1788	41	15183	17
FlameloaNA2	42	15038	17
Sayu	43	15014	17
Molotov	44	14991	17
WifeLeaver	45	14761	17
Threebody	46	14745	17
Pie	47	14650	17
TheCanadian	48	14627	17
fireball901	49	14536	17
woc666	50	14491	17
EducatedC	51	14475	17
tonizle	52	14438	17
DanTheSpoon	53	14409	17
荒原寒鸦	54	14227	17
wanderer	55	14188	17
bootysnatch	56	14099	17
Trudes	57	14038	17
SmallPurple	58	14022	17
CptainSalmon	59	14020	17
Arceus	60	13939	17
FISH	61	13929	17
Nerouz	62	13857	17
Pokkin	63	13814	17
KillaQueen	64	13799	17
LeftyFC	65	13781	17
DannyOkay	66	13731	17
bravemac	67	13722	17
YYJMVP	68	13700	17
PurginKeizer	69	13691	17
Madokaaaaaaa	70	13679	17
Elysia	71	13661	17
Mythic	72	13660	17
Jato	73	13498	17
Spicetacular	74	13498	17
Griddion	75	13476	17
ZXZjjz	76	13456	17
WaIkek	77	13456	17
Passionate	78	13452	17
Brayle	79	13452	17
Vilaça	80	13217	17
ByefOreSt	81	13207	17
Nightshade17	82	13207	17
TWOindaP1NK	83	13061	17
Bellers	84	13048	17
Kelsier	85	13043	17
DriedOrange	86	13027	17
NoahSchwartz	87	13026	17
IAmMurloc	88	13004	17
JoeTFK	89	12962	17
Hiebie	90	12881	17
HazeyDreamz	91	12785	17
WindWizard	92	12772	17
c0ndy	93	12761	17
AgiDex	94	12752	17
Beta3N	95	12749	17
Rxs	96	12745	17
MadCat	97	12696	17
ONEindaST1NK	98	12676	17
DEATHDOS	99	12617	17
Stevezone360	100	12615	17
thefool	101	12593	17
Rch	102	12524	17
Plastyqueen	103	12500	17
bernardox3	104	12500	17
DominionGodz	105	12475	17
SrKah	106	12469	17
Eduarmar	107	12438	17
gnahihz	108	12413	17
NewFable	109	12397	17
xiaoliaoo	110	12314	17
Dami	111	12299	17
Doomsayer	112	12294	17
RacerX	113	12285	17
Serein	114	12233	17
SoSavage	115	12223	17
BenRen	116	12218	17
Schwalben	117	12213	17
machi	118	12210	17
Death12	119	12161	17
Tyler	120	12107	17
JJSous	121	12099	17
ERROR0601	122	12067	17
SupriseisPHI	123	12040	17
ProcessTrust	124	12036	17
Marlin	125	12029	17
Jod420	126	12010	17
Millhouse	127	12002	17
Zynyatta	128	11980	17
BlaStoiSe	129	11948	17
fishdman	130	11935	17
Fluy	131	11923	17
Nitterboozle	132	11914	17
MCHO	133	11899	17
OliveLich	134	11896	17
Mike	135	11886	17
noSwang	136	11864	17
PlayerOne	137	11831	17
Viconia	138	11828	17
yuki	139	11756	17
bbaanngg	140	11733	17
Mannie	141	11720	17
Letmepass	142	11715	17
Greed	143	11712	17
suan666	144	11710	17
Raidbreak	145	11705	17
Zero	146	11703	17
Envy	147	11689	17
EL7TE	148	11685	17
jww	149	11666	17
MrBombadil	150	11666	17
Foxsplosion	151	11658	17
LastEmperor	152	11656	17
RangerPossum	153	11651	17
OneTarget	154	11646	17
Sonic	155	11645	17
Levi	156	11633	17
Nefarius	157	11627	17
Alabra	158	11588	17
PinkFloyd	159	11588	17
Stryder	160	11584	17
Smeak	161	11583	17
Nekarcos	162	11575	17
LE1OU	163	11556	17
kaitkat	164	11544	17
Eagleslayer	165	11543	17
stickyman	166	11543	17
JustGodly	167	11540	17
OyamaMahiro	168	11524	17
Akeno	169	11506	17
STryKrr	170	11503	17
DireRaven	171	11503	17
oligg	172	11499	17
DrewTellMe	173	11499	17
Lustral	174	11481	17
angrybirdman	175	11479	17
Brownies	176	11461	17
Bobbywasabi	177	11459	17
lioxvve	178	11452	17
Chtholly	179	11450	17
Roman	180	11450	17
hahah	181	11410	17
ILoveValk	182	11409	17
Deathlobsta	183	11404	17
Deadlion0	184	11396	17
Flat	185	11392	17
Zuchi	186	11389	17
Explosion	187	11348	17
noReggin	188	11334	17
Jared095	189	11333	17
Maguire	190	11313	17
smeer	191	11312	17
Goon2	192	11300	17
Toph	193	11296	17
Jared096	194	11292	17
wtybill	195	11292	17
Gywn	196	11267	17
kadasplayer	197	11266	17
Donatsuki	198	11250	17
THPNOMNOM	199	11240	17
Sora	200	11235	17
Serafall	201	11235	17
Doinkboink	202	11228	17
StarLord	203	11221	17
i4ni	204	11220	17
iNzane	205	11212	17
Atd09	206	11199	17
Llamahawk	207	11199	17
Chupra	208	11186	17
Vret	209	11179	17
Icewind	210	11154	17
GEGURI	211	11144	17
Otisbucketz	212	11143	17
FodaDeFuder	213	11136	17
Dynamitekid2	214	11124	17
Joemfbiden	215	11090	17
zark	216	11085	17
Littlemouse	217	11077	17
TheDarkLink	218	11066	17
ChenghaoDu	219	11065	17
Duongdaidot	220	11064	17
cyv97	221	11062	17
hillside	222	11060	17
IvannW	223	11048	17
LWY	224	11048	17
brodo	225	11047	17
SusanX	226	11039	17
QuirkyOrc	227	11030	17
htownaggie	228	11024	17
Vraxtus	229	11020	17
Incoming2012	230	11014	17
HeroCrusher	231	11006	17
Hun4onepiece	232	10992	17
GFYwreckem	233	10983	17
Vmprnighthwk	234	10981	17
BlackSwan	235	10981	17
Nashbeez	236	10976	17
Deusdonum	237	10974	17
JakePaul	238	10952	17
Lenose	239	10941	17
GoRodGo	240	10931	17
NT7	241	10924	17
soumaz	242	10921	17
Undercovers	243	10918	17
Horsethief	244	10911	17
Xtrelevated	245	10910	17
Calm	246	10906	17
Percival	247	10902	17
JBPieGuy7	248	10899	17
JumpyWizard	249	10888	17
Phizy	250	10885	17
Patrick	251	10871	17
sjowyuicy	252	10842	17
XTianE	253	10839	17
PlumWisp	254	10835	17
awedragon	255	10822	17
Subasion	256	10815	17
tomo187	257	10813	17
Eiyuu	258	10807	17
Razputin	259	10801	17
Deathless	260	10784	17
Llanowan	261	10776	17
ServeIapetus	262	10769	17
mahkala	263	10765	17
KoreaBoss	264	10763	17
SuperNova	265	10762	17
PromiseLily	266	10746	17
Pisci	267	10736	17
JBinladen	268	10735	17
Tr1X	269	10717	17
TacoTuesday	270	10717	17
ObtuseExcuse	271	10713	17
Toron	272	10706	17
Meta4s	273	10705	17
KraziEEEEE86	274	10702	17
TheMagicBoy	275	10692	17
DomGov	276	10690	17
TK680	277	10671	17
Ronin	278	10669	17
Placebo	279	10668	17
MrBrightside	280	10661	17
trestice	281	10654	17
Skye	282	10652	17
Biu	283	10649	17
TwitchATCxx	284	10642	17
fullmetaljon	285	10636	17
Millificent	286	10622	17
bumpcamel	287	10620	17
Hotsoup	288	10619	17
Rookie13	289	10599	17
Shotofpercs	290	10591	17
Crisxen	291	10570	17
Reraise	292	10563	17
Happy1Up	293	10551	17
Turimboze	294	10549	17
超級魚人	295	10546	17
Lmeow	296	10536	17
ToxicCurse	297	10532	17
DemonCrystal	298	10531	17
CiberNinja	299	10528	17
Algebra	300	10521	17
Tcon2	301	10511	17
Neko	302	10495	17
Marble	303	10469	17
Asyrusuna	304	10459	17
Kingslayer	305	10451	17
Kwynter	306	10449	17
Silnetto	307	10435	17
YourKing	308	10431	17
Farllen	309	10431	17
Pillou	310	10428	17
B1ngB0ng	311	10422	17
Prowo	312	10421	17
Crqb	313	10410	17
NumbahOne	314	10406	17
J0k3	315	10404	17
troydefeater	316	10404	17
jay	317	10402	17
Solasys	318	10400	17
Hype	319	10397	17
Tondo	320	10390	17
BL4ZE	321	10388	17
Static	322	10383	17
Ryderzor	323	10351	17
Jaimewn	324	10347	17
Jamagax	325	10347	17
noname	326	10335	17
Syhlex	327	10326	17
Tomoya	328	10324	17
Soda	329	10320	17
Jane	330	10317	17
RichBrian	331	10314	17
STUVV	332	10312	17
SouthPark	333	10306	17
JonnyBaby	334	10291	17
Ben	335	10281	17
ICampNBD	336	10276	17
Mida	337	10270	17
kunkun	338	10264	17
xafrion	339	10263	17
Tommyvy	340	10257	17
yewny	341	10252	17
Zeohi	342	10252	17
H1RO	343	10242	17
DiaTech	344	10239	17
Саня	345	10236	17
ARKFIRE10	346	10207	17
Veggielord	347	10196	17
StoneWall	348	10196	17
LoilSocks	349	10195	17
Ejimmy	350	10191	17
M0N3YK1LL3R	351	10188	17
Flash	352	10183	17
nutEaaron	353	10182	17
Suplashu	354	10170	17
Substitute	355	10167	17
EYEQ	356	10163	17
Lpaynee	357	10161	17
AxyRift	358	10160	17
BouncyKnight	359	10159	17
陰沉的淺褐色貓咪	360	10141	17
Staniochstew	361	10139	17
Demon	362	10136	17
ItzFated	363	10135	17
madsage2049	364	10133	17
MightBeRoss	365	10132	17
Hoff	366	10127	17
ScubaSteve	367	10124	17
Dongling	368	10121	17
Mesacrazyale	369	10116	17
docteurX	370	10115	17
JMan	371	10110	17
Mitch	372	10109	17
Wolfgang	373	10101	17
Edgewalker	374	10101	17
delHosp	375	10093	17
BensonBurger	376	10092	17
Tyrone	377	10082	17
Grant	378	10077	17
ANOMY	379	10074	17
LemonHawk	380	10074	17
Cherrydear	381	10072	17
Zenitsu	382	10070	17
逸尘大宝贝	383	10067	17
AYAYAAYAYA	384	10067	17
ShakrystalNB	385	10062	17
jpjpeg	386	10062	17
X3L	387	10062	17
OriginalDizz	388	10055	17
rsxotx	389	10051	17
PolarBear	390	10051	17
StevenGRB	391	10050	17
SyneLau	392	10047	17
Allen	393	10045	17
Fedy	394	10039	17
Purplehazze	395	10039	17
Jiv	396	10038	17
Milvus	397	10038	17
Kavalier	398	10037	17
Nix	399	10037	17
Liakusha	400	10033	17
Metzli	401	10032	17
Charwall	402	10032	17
BunnyAwaker	403	10031	17
Jayhova	404	10031	17
Monstroyer	405	10030	17
Cassaca	406	10030	17
Spazdemonium	407	10024	17
Fynance	408	10024	17
Blaze	409	10024	17
XxMoonxX	410	10020	17
Wizrod	411	10020	17
Dombrownies	412	10020	17
Juanita	413	10018	17
Saintsation	414	10015	17
Ox0	415	10011	17
Toshka	416	10011	17
MoneyBags	417	10010	17
Ghost	418	10006	17
x3kevin	419	10006	17
Gazu	420	10004	17
Zefiris	421	10003	17
nilsson	422	10001	17
NeroZanna	423	9998	17
Starawr	424	9997	17
eraz	425	9995	17
LateForWork	426	9991	17
Xaj	427	9990	17
Ricky	428	9973	17
adrien	429	9971	17
OvO	430	9968	17
Mecurial	431	9966	17
Predator	432	9966	17
Keeban	433	9963	17
elkikam	434	9963	17
Tangsin	435	9958	17
Sgtbrute	436	9957	17
bigricitian	437	9942	17
Protagoras	438	9939	17
aine	439	9937	17
RainYM	440	9934	17
cheektavegas	441	9926	17
RayW	442	9925	17
Bromz	443	9923	17
Chuzox	444	9922	17
dirtychurchi	445	9920	17
Rudy	446	9912	17
Cyaegha	447	9909	17
damSXN	448	9909	17
DapperDwarf	449	9908	17
harry	450	9907	17
Planke	451	9899	17
Jubsky	452	9896	17
CVSPharmercy	453	9895	17
Charybdis	454	9893	17
Jelon	455	9891	17
Hikaru	456	9891	17
CHILLYRAINBO	457	9890	17
DanteDrackis	458	9883	17
aronat21	459	9880	17
succie	460	9878	17
Pigduh	461	9877	17
Kerkero66	462	9877	17
Nassi	463	9876	17
jige	464	9873	17
Swifty	465	9868	17
willxking	466	9856	17
TemporaryFun	467	9851	17
Thomas307	468	9849	17
YummyFood	469	9848	17
ArcherBird	470	9845	17
Jimmimie	471	9844	17
Seshomaru	472	9843	17
EvlCatsrmd99	473	9840	17
TastyTyrone	474	9838	17
Abby	475	9837	17
Revolltzz	476	9826	17
Sho	477	9822	17
Monkesito	478	9815	17
BlueDiarrhea	479	9814	17
Penanabff	480	9811	17
Darkovya	481	9811	17
Generations	482	9807	17
gorila	483	9805	17
cheznet	484	9795	17
Penana	485	9795	17
Contheicon	486	9785	17
AigleChauve	487	9783	17
CrankyPantz	488	9782	17
LuckyOwl	489	9781	17
MinorSoju883	490	9780	17
barnsie	491	9768	17
discuits	492	9767	17
Theshylov3	493	9765	17
BWB	494	9764	17
AnddresKille	495	9763	17
Bucknutties	496	9761	17
FrankyDee	497	9744	17
HuNter	498	9736	17
Rohman	499	9735	17
Helios	500	9729	17
WawayWildman	501	9724	17
JiveTurkey	502	9723	17
jpdavil4	503	9718	17
Gangar	504	9715	17
SamNaCL	505	9714	17
Nick	506	9711	17
BooGahLoo	507	9707	17
Cup	508	9699	17
TheShark	509	9698	17
RafaelCanuto	510	9691	17
oryox	511	9691	17
jdunnsup	512	9685	17
Sang	513	9670	17
Emrakul	514	9669	17
Noleta	515	9669	17
Blirby	516	9669	17
banxia	517	9667	17
MooncakeET	518	9665	17
Multivites	519	9657	17
PosteriorLik	520	9657	17
BocaDeSapato	521	9653	17
Skye	522	9650	17
Penguin	523	9648	17
Allan	524	9648	17
grindylo	525	9648	17
Cakez	526	9647	17
Pielover447	527	9644	17
撸管王	528	9643	17
Igg	529	9641	17
WuYanZu	530	9638	17
LLAYOR	531	9637	17
azwang	532	9632	17
OberstJager	533	9631	17
BFMoses	534	9618	17
Deadpool805	535	9617	17
Voxtrel	536	9617	17
Jerry	537	9616	17
MightyElf	538	9613	17
Peachy	539	9612	17
Mini	540	9607	17
Thaibro	541	9606	17
Joe	542	9602	17
Autumn	543	9601	17
xiaoyu	544	9599	17
木子	545	9599	17
Mando66	546	9598	17
Jonforce44	547	9594	17
Golden	548	9586	17
MEIonly	549	9585	17
Destrukter88	550	9562	17
Nevermore	551	9559	17
mrdrchef	552	9555	17
Growkid	553	9553	17
Tuiki	554	9552	17
Roofish4	555	9546	17
DizzyRogue	556	9544	17
RobotMurloc	557	9542	17
toddbruster	558	9531	17
madpatter	559	9524	17
MaXueSheng	560	9521	17
rexasaurus	561	9517	17
clong2	562	9513	17
SLOTHIZ	563	9512	17
ZergCrush	564	9510	17
Slimbeef	565	9508	17
Jack	566	9506	17
AgNO3	567	9504	17
QuadNips	568	9503	17
Oger	569	9499	17
Chickenugget	570	9499	17
CyBeR	571	9499	17
Evolution	572	9497	17
bringy	573	9491	17
Kozen	574	9490	17
SunvLoenix	575	9479	17
ZhuZong	576	9471	17
Ealmighty	577	9468	17
Kaoes	578	9468	17
Danger	579	9456	17
Forward	580	9456	17
ZestyMemes	581	9449	17
Yukiz	582	9448	17
xKirewx	583	9447	17
Danielzz	584	9446	17
LockandNlock	585	9442	17
jay789111	586	9435	17
wdtsage	587	9434	17
Cody	588	9432	17
Vapour	589	9427	17
FrenzyFox	590	9424	17
FaZe	591	9421	17
TaTeeUnit	592	9420	17
AgentScarn	593	9419	17
Prag	594	9415	17
Quinn32	595	9415	17
Thimro	596	9414	17
PredatuX	597	9412	17
Kythechixguy	598	9411	17
Carlson	599	9402	17
Gohas	600	9399	17
LicLicminge	601	9392	17
Pochita	602	9391	17
Muntjxc	603	9384	17
Listener	604	9382	17
Thatguy	605	9370	17
milkshakes	606	9366	17
Draik	607	9359	17
ygagarin	608	9358	17
ナガネギマン	609	9355	17
GodAndAnime	610	9349	17
cottonbarn	611	9349	17
RoaringBear	612	9349	17
We1	613	9344	17
Neopolitan	614	9343	17
Chewy	615	9340	17
Jake	616	9337	17
WebShank	617	9336	17
Youna	618	9330	17
Jusang	619	9330	17
Zeldar26	620	9330	17
FraggyShaggy	621	9328	17
Drake	622	9328	17
WillyHayliam	623	9321	17
Zika	624	9320	17
Calakan	625	9320	17
Pplayer	626	9317	17
xInsanityx	627	9314	17
Cranmer	628	9313	17
SunflowerGrl	629	9312	17
Zhs	630	9310	17
Xera	631	9307	17
Mojo	632	9307	17
Yuher	633	9305	17
BattleBear	634	9303	17
Rastafoo	635	9298	17
EXIT	636	9295	17
shambly	637	9295	17
Rhapsody	638	9291	17
amvega	639	9278	17
pooh	640	9276	17
Thetubbygoat	641	9273	17
Moggo	642	9270	17
Alfeeel	643	9264	17
ShalKing	644	9262	17
GAMBOA5535	645	9252	17
Nimajneb	646	9246	17
Delia	647	9244	17
Aya	648	9243	17
MegaJerry	649	9239	17
Night	650	9238	17
Demolition	651	9231	17
LUNATIC	652	9222	17
Eckobeasts	653	9220	17
rg12138	654	9213	17
Advasarii	655	9213	17
MissBowers	656	9210	17
gopherphanny	657	9208	17
xSwarthy	658	9200	17
Reign	659	9199	17
Zeratul	660	9196	17
KraM	661	9195	17
LTHM	662	9192	17
TangoHor5e	663	9189	17
みっちゃん	664	9189	17
サタケ	665	9188	17
SgtDweeb	666	9185	17
leaf42	667	9184	17
Hexhare	668	9184	17
ScootLoop	669	9181	17
Prince	670	9179	17
GarnetStag	671	9178	17
blueSnake	672	9178	17
agentfancy	673	9174	17
HopesEnd	674	9170	17
Fallhaven	675	9166	17
Push	676	9163	17
Ursk	677	9158	17
マダム・ゴヤ	678	9157	17
TopDeckGod	679	9157	17
Nureyev	680	9156	17
dave14810	681	9154	17
LeGratrava	682	9153	17
Ilidan	683	9151	17
Zion	684	9149	17
Sakamoto	685	9147	17
Xstatic	686	9144	17
ピヨ	687	9142	17
Dolan	688	9139	17
CrunchyNapkn	689	9137	17
ThicAdjacent	690	9137	17
World656	691	9132	17
Orwellian	692	9131	17
Burgundron	693	9131	17
Humza	694	9129	17
KalinaXXX	695	9126	17
Phoenix	696	9124	17
Folklore	697	9124	17
ulki00	698	9123	17
Stardust	699	9123	17
Stonewalpaul	700	9120	17
Arcite	701	9120	17
Wyvern323	702	9120	17
MrZinch	703	9117	17
kuroishiina	704	9116	17
Necronerser	705	9116	17
FrozenDevl	706	9113	17
Blaiddrodi	707	9113	17
Armaddon	708	9112	17
jjackattack	709	9110	17
Turtlecus	710	9110	17
Reprisal	711	9107	17
Edge	712	9105	17
Tarjaen	713	9102	17
toyop	714	9100	17
BattleTag	715	9098	17
BattleTag	716	9098	17
MHG	717	9096	17
Eon	718	9095	17
Adventurer	719	9094	17
Sillyguy	720	9093	17
Pelluco	721	9090	17
Bigpopy	722	9090	17
X3r3quinha	723	9079	17
Roonweld	724	9075	17
VC5635	725	9074	17
ButterBalls	726	9073	17
PaulUrban	727	9072	17
CrazyGamer	728	9072	17
Caden	729	9065	17
Staples	730	9065	17
pat5765	731	9063	17
GabrielDie	732	9063	17
Niko	733	9062	17
ddBanzai	734	9061	17
RichardPlant	735	9060	17
TanVReaper	736	9055	17
sin873	737	9055	17
IWishIWasDed	738	9054	17
ImSoBArD	739	9053	17
Nutt	740	9051	17
OrderedOwl	741	9050	17
Frost	742	9048	17
ŎwŎ	743	9046	17
LittleGringo	744	9043	17
Miao	745	9042	17
Leon	746	9041	17
纵使骸骨成尘而去	747	9038	17
Inconsistent	748	9031	17
Nin123	749	9030	17
Foveredx	750	9029	17
Perfected	751	9021	17
Dillz	752	9016	17
Josh	753	9016	17
Dasani	754	9015	17
Nick	755	9013	17
Matsumie	756	9011	17
Fsouza	757	9009	17
Danky	758	9009	17
Bigdaddy	759	9008	17
Nemesis	760	9007	17
BattleMercy	761	9007	17
NBluey	762	9007	17
DuckNINJAAA	763	9007	17
椒唐	764	9005	17
Gigamonkey2	765	9004	17
Delecto	766	9001	17
Honath	767	8999	17
agamenon	768	8997	17
Firebolt1176	769	8996	17
NightRaven	770	8990	17
NOWFORWRATH	771	8989	17
metroid34	772	8986	17
Saidgewick	773	8985	17
Nagelbagel	774	8984	17
鐵支支	775	8984	17
JRocc	776	8977	17
CowScrotum	777	8974	17
baby	778	8971	17
Cibis	779	8971	17
MilkMan	780	8970	17
Obie25	781	8969	17
RiZZc	782	8967	17
PimPofEadiE	783	8967	17
Kayateaa	784	8966	17
Goatlord	785	8961	17
BigLasagna	786	8953	17
Katsa	787	8950	17
HankleToot	788	8950	17
NorinGrand	789	8946	17
McNastyRay	790	8945	17
Molizane	791	8940	17
Jemmy	792	8936	17
Coldstyx	793	8935	17
nugget	794	8934	17
EasonLiao	795	8930	17
Rebelized	796	8928	17
ZhouCM	797	8924	17
Nubknight	798	8922	17
wuma	799	8921	17
Yoshino	800	8920	17
kymetheslime	801	8918	17
Cristea7	802	8917	17
dirtysneaker	803	8916	17
jw1496	804	8915	17
DrozDroz	805	8912	17
Kawis	806	8912	17
glutton	807	8910	17
Talos	808	8909	17
xXProReapsXx	809	8908	17
wumianyang	810	8907	17
TsuruXelus	811	8907	17
Narcissus	812	8905	17
Rapthor	813	8902	17
Sunny	814	8895	17
Bean	815	8892	17
tomski	816	8890	17
SeñorChamán	817	8890	17
QuartzOrc	818	8889	17
Beanlord	819	8885	17
FearItself	820	8880	17
TonysProject	821	8877	17
DubNation	822	8877	17
RJO	823	8876	17
lscb	824	8876	17
prpaxson	825	8868	17
Shadowfax	826	8865	17
Mechanizm	827	8865	17
Hildagrim	828	8859	17
MysteryMan	829	8859	17
Chico	830	8855	17
melodyxcz	831	8852	17
epiphanyplx	832	8851	17
RobotNinja	833	8851	17
mcmcsalot	834	8846	17
Ajani	835	8841	17
Rafael	836	8840	17
Gazelle	837	8839	17
Floskeee	838	8837	17
MrDisciple	839	8837	17
wickedr	840	8835	17
SatanMuffin	841	8829	17
TheCast	842	8828	17
Rahek0n	843	8828	17
PileDriver	844	8827	17
NoctuleDrôle	845	8825	17
DAMMMMMM	846	8824	17
ZTR	847	8820	17
Phantaxein	848	8819	17
lovelytian	849	8813	17
stabbylottie	850	8813	17
GeTwHiTe	851	8811	17
lordboogar	852	8810	17
PlayerOne	853	8804	17
GiantDwarf	854	8804	17
Lunatik5080	855	8803	17
Hithros	856	8795	17
BigLattes	857	8789	17
zyk1	858	8788	17
chanman	859	8787	17
Hiruneko	860	8785	17
BattleOoze	861	8785	17
Shamrock	862	8785	17
NiceTheCute	863	8782	17
Baelef	864	8778	17
WoogienatorZ	865	8778	17
Raidon	866	8778	17
Dman1500	867	8778	17
TonyMokbel	868	8777	17
mousehunter	869	8774	17
icopping	870	8773	17
Mia	871	8773	17
warzon	872	8769	17
Rudenewport	873	8769	17
SympathySun	874	8768	17
sasspanda	875	8766	17
Exorcisme	876	8765	17
WeepingSoul	877	8764	17
Babby	878	8763	17
BralonMando	879	8761	17
LemonYeti	880	8760	17
NanaBalala	881	8751	17
ebmiller	882	8750	17
klingky	883	8747	17
lucario	884	8746	17
Hochwart	885	8744	17
willalex	886	8740	17
LilBill328	887	8740	17
Ventz	888	8739	17
Sideburn	889	8739	17
Feya	890	8736	17
LITVIN	891	8736	17
connioe	892	8730	17
hodor	893	8729	17
Destroyer	894	8726	17
Lucksack	895	8725	17
LoboCalmo	896	8724	17
jahfree	897	8714	17
zerodark	898	8713	17
Deadheadd	899	8709	17
Gato	900	8705	17
Sel	901	8704	17
MagicTurtle	902	8703	17
Boomaye	903	8702	17
Lightningirl	904	8702	17
WhiteMamba24	905	8701	17
UL7RA	906	8698	17
Dragoon	907	8697	17
Frank	908	8696	17
YorgenWorgen	909	8696	17
Sithes	910	8696	17
Sandman	911	8692	17
ltby	912	8692	17
DianZiYang	913	8690	17
Shawnee104	914	8690	17
Dingodile	915	8689	17
Birdking	916	8687	17
Tacticswag	917	8685	17
Nwb331	918	8685	17
Mujirushi	919	8684	17
Novicmrman	920	8680	17
Bigrunner9	921	8680	17
switzereva1	922	8679	17
Gigem	923	8678	17
shimmer	924	8676	17
sleepininja	925	8675	17
sPwism	926	8672	17
SilentKing	927	8672	17
Reid121	928	8666	17
Solandir	929	8666	17
Stifmeister	930	8665	17
Bananaszn	931	8663	17
Clouds	932	8658	17
Gambuan	933	8658	17
Coolcon	934	8654	17
AndrewT6699	935	8654	17
John798	936	8653	17
asfnot	937	8653	17
T820	938	8653	17
Punchinello	939	8652	17
Wekapidia	940	8646	17
Aheron	941	8646	17
Swamer	942	8646	17
Cleggman	943	8646	17
ZoboCamel	944	8646	17
t0ng	945	8645	17
GordoJoe	946	8644	17
NBrangerF	947	8644	17
Gallows	948	8644	17
Hiloka	949	8640	17
Klowner	950	8638	17
Unsung	951	8635	17
LeoWang	952	8634	17
AquaDemon	953	8633	17
DanMon45	954	8632	17
JasonBjörn	955	8632	17
Hobotus	956	8631	17
McBoone	957	8628	17
Remedies	958	8627	17
Yak	959	8625	17
MeatHamma	960	8625	17
Phasad	961	8625	17
Pelmiene	962	8624	17
Elm	963	8623	17
Leandro	964	8622	17
Rehab	965	8621	17
Analyst	966	8618	17
Sandni9az	967	8617	17
Fastidious	968	8616	17
ParasyteByte	969	8615	17
Fudgedup	970	8615	17
StrobeFranco	971	8609	17
Pingscat	972	8607	17
A420Boi	973	8607	17
LightYoggami	974	8603	17
Keres	975	8602	17
Falco	976	8602	17
Goldentaint	977	8600	17
VarusLegion	978	8600	17
JumpyLion	979	8598	17
e718eternal	980	8598	17
nmsll	981	8597	17
Pingskayia	982	8591	17
Mystic	983	8591	17
lildryboy	984	8590	17
fourth	985	8585	17
Fcbadass	986	8585	17
wuhui000	987	8585	17
Zheron	988	8583	17
Terrabrand	989	8579	17
MiniNinja	990	8576	17
MrKinky	991	8574	17
GunnarValstn	992	8571	17
Offmeta	993	8571	17
树懒拉臭臭	994	8568	17
Klonoa	995	8568	17
Wary	996	8565	17
SneakyTurtle	997	8563	17
Moodful	998	8563	17
Alphonse	999	8562	17
CaLaMaJO	1000	8562	17
Wurmz	1001	8562	17
Jslay	1002	8561	17
Huds900	1003	8560	17
Sassymak	1004	8559	17
ProxyMarine	1005	8558	17
TheBarnso	1006	8557	17
Sogeking	1007	8556	17
Saitam	1008	8555	17
Crazycou	1009	8553	17
Pillow	1010	8553	17
Johcamp	1011	8550	17
Argonnix	1012	8549	17
EnCyph3r	1013	8548	17
Alcsaar	1014	8546	17
FlaxHydra	1015	8544	17
Reddude154	1016	8543	17
MightyOwl	1017	8541	17
Shakalo	1018	8539	17
znemoz	1019	8533	17
Stonecold	1020	8532	17
fusion009	1021	8530	17
pvue1026	1022	8529	17
Hersir	1023	8528	17
Spidey48	1024	8527	17
Terrifictaco	1025	8525	17
ToLife	1026	8524	17
gbhfra	1027	8524	17
Kirby4D	1028	8523	17
Assassins	1029	8522	17
MisoHoney	1030	8521	17
Genan	1031	8520	17
Egg	1032	8519	17
Bread	1033	8516	17
DeadlyKitten	1034	8516	17
ProdigalSon	1035	8516	17
XuDoorYu	1036	8515	17
Gaffy	1037	8514	17
Nephanski	1038	8514	17
Forsaken	1039	8514	17
Lilylee	1040	8513	17
Xolaryn	1041	8512	17
imkhpie	1042	8510	17
Tombladesh	1043	8509	17
Barryiswack	1044	8506	17
ŦheLonelyŦub	1045	8504	17
Narrathoth	1046	8504	17
Keith3846	1047	8503	17
zhaozhao	1048	8501	17
RydenSlayer	1049	8500	17
GotEm	1050	8500	17
Demian	1051	8498	17
Nextella	1052	8496	17
GiantAxe	1053	8494	17
mitchwavy	1054	8493	17
QuantumDance	1055	8491	17
Aeshtrix	1056	8488	17
josheewah	1057	8487	17
MobLovesMilk	1058	8487	17
Lcccccc	1059	8487	17
KingLooch	1060	8487	17
MoistMate	1061	8486	17
Henriqs	1062	8483	17
Racric	1063	8483	17
Stugie	1064	8481	17
soliddanny	1065	8479	17
BBQBanditz	1066	8476	17
BUBUMOLI	1067	8471	17
Imarines	1068	8471	17
Nei	1069	8469	17
Pork	1070	8469	17
HDSKI	1071	8469	17
QuocDung	1072	8466	17
DarkGeist	1073	8463	17
jess	1074	8461	17
wells	1075	8461	17
NicccKKKKKK	1076	8460	17
NGUeTholon	1077	8458	17
Zae	1078	8457	17
Raines	1079	8456	17
Zach96	1080	8455	17
mistahfinkle	1081	8454	17
Zucco	1082	8446	17
xCrookyx	1083	8441	17
Relativity	1084	8441	17
yydingzhen	1085	8440	17
Daddy	1086	8439	17
Sheiqck	1087	8436	17
Dangheckin	1088	8434	17
ONEPUFF	1089	8432	17
CyanOrc	1090	8430	17
HolyStrike	1091	8428	17
DingDongJi	1092	8423	17
Moss	1093	8423	17
Froztea	1094	8423	17
Th3Proj3ct	1095	8422	17
NinjaSpawn	1096	8419	17
Sephir0th	1097	8419	17
Fitz	1098	8416	17
Doobles	1099	8412	17
NarakuSoul	1100	8411	17
MrStealYoGrl	1101	8411	17
akumasakana	1102	8411	17
WuDaoKou	1103	8407	17
Gilig	1104	8407	17
OliveOrc	1105	8405	17
Zayl	1106	8401	17
PackOfCorgis	1107	8401	17
huuga	1108	8400	17
brazASjunior	1109	8399	17
sauronfisico	1110	8395	17
amiuno303	1111	8394	17
Invas	1112	8394	17
Kingcrow305	1113	8394	17
Woody	1114	8394	17
Yellowiceman	1115	8392	17
LordRonin	1116	8391	17
Tiel	1117	8390	17
eeveecute	1118	8390	17
gabiruBR	1119	8390	17
Supreme	1120	8390	17
Tribles	1121	8388	17
Gsm1212	1122	8388	17
SamuraiJack	1123	8386	17
asapbush	1124	8385	17
granola	1125	8384	17
MaybeGandhi	1126	8384	17
Mowataplz	1127	8384	17
gerbs	1128	8384	17
Cuckmatt1337	1129	8382	17
Elon	1130	8381	17
kenboneurmom	1131	8380	17
UĿŦRAJC	1132	8380	17
KyloRen	1133	8380	17
Wooly	1134	8379	17
Heisenberg	1135	8378	17
Griffin	1136	8378	17
joyseh	1137	8377	17
darkposeiden	1138	8375	17
RinsedGoob	1139	8374	17
Bladedeye	1140	8374	17
carloswong	1141	8374	17
Eldrazifish	1142	8371	17
Elephant	1143	8369	17
t4nk3r	1144	8368	17
gopack50	1145	8368	17
Stewy	1146	8367	17
Aoke	1147	8366	17
Jcksn	1148	8364	17
yuo	1149	8363	17
好玩遊戲要繼續玩	1150	8361	17
TheExiled	1151	8359	17
adamdontmiss	1152	8359	17
Xephet	1153	8355	17
Hexenarch	1154	8354	17
Riot	1155	8352	17
ReeserRocket	1156	8352	17
Shino	1157	8352	17
PostalJebus	1158	8349	17
RonDonkey	1159	8347	17
bxnmmsl	1160	8346	17
Eilean	1161	8345	17
zmasterg1	1162	8344	17
Plasmatic	1163	8344	17
Taidana	1164	8341	17
andbartwo	1165	8339	17
NoodleArms	1166	8338	17
Pery	1167	8337	17
TakeItBoy	1168	8337	17
Yuki	1169	8330	17
Keklort	1170	8329	17
Kroth	1171	8329	17
OMG	1172	8328	17
Dattypham	1173	8328	17
CrovaX	1174	8327	17
AloeBaloe	1175	8325	17
ForTheHorde	1176	8325	17
Imajesker	1177	8325	17
SpiderPig	1178	8324	17
YogLappland	1179	8324	17
swampRabbitt	1180	8324	17
Cursed14	1181	8324	17
CypressKeys	1182	8323	17
Devilicious	1183	8323	17
GAtenhu	1184	8322	17
AceFireFist	1185	8322	17
dudu	1186	8321	17
SupremeToast	1187	8320	17
syn	1188	8320	17
Funderpants	1189	8320	17
Foxlebt	1190	8319	17
NudeGoddess	1191	8316	17
Coco	1192	8316	17
BigMacBunko	1193	8315	17
TeeToeTonka	1194	8315	17
mexorcist	1195	8314	17
stucrab	1196	8312	17
Adney	1197	8311	17
DweebBooster	1198	8311	17
ronieh	1199	8310	17
PawndaKilla	1200	8310	17
Albert	1201	8310	17
Auggy2627	1202	8309	17
IfThenLoop	1203	8307	17
barret	1204	8305	17
晨宝	1205	8303	17
GrenDragC	1206	8303	17
Vulpes	1207	8303	17
TheStevo	1208	8302	17
alchpake	1209	8302	17
Farandus	1210	8302	17
monika	1211	8301	17
Rarefiedrook	1212	8299	17
Sofisinon175	1213	8299	17
SaltyCracker	1214	8294	17
Arrrr	1215	8294	17
Dracotek	1216	8293	17
SimplyaBomb	1217	8293	17
MadMatt	1218	8292	17
voin	1219	8292	17
Chronicle	1220	8289	17
Kraigen	1221	8288	17
ltsIce	1222	8288	17
Dennis	1223	8287	17
Santa	1224	8284	17
IWJWI	1225	8284	17
Sunless	1226	8283	17
Nymeria	1227	8282	17
Ermine719	1228	8281	17
dulcet	1229	8280	17
SuricatoBR	1230	8279	17
Apocalypse	1231	8278	17
KillerNoise	1232	8278	17
Savvy	1233	8278	17
mortincarne	1234	8277	17
Silent	1235	8276	17
Serb	1236	8276	17
Hypnos	1237	8276	17
plant	1238	8275	17
RealityBreak	1239	8274	17
ScienceGuy	1240	8273	17
natlog	1241	8273	17
Zodiak	1242	8272	17
Frone	1243	8271	17
Auhstounded	1244	8270	17
XauZ	1245	8269	17
Broxy	1246	8268	17
AwesumPossum	1247	8266	17
Lights	1248	8266	17
WhiteSugar	1249	8265	17
KoalaTHerb	1250	8265	17
HoNJester	1251	8264	17
BBDinyourass	1252	8263	17
AnnoyingCat	1253	8262	17
TheKangaroo	1254	8262	17
Cockroach	1255	8262	17
devtron	1256	8260	17
hamby91	1257	8260	17
R4FAZ0NE	1258	8260	17
Helg	1259	8259	17
Zerato	1260	8259	17
TheMickster	1261	8254	17
Ikettle	1262	8253	17
Loci	1263	8252	17
Antox13	1264	8251	17
Thakorn	1265	8249	17
Halcyon	1266	8247	17
Z3lda	1267	8247	17
shadows797	1268	8245	17
RedZombie	1269	8244	17
Ghost	1270	8244	17
BrightHammer	1271	8243	17
Manwydnfblyr	1272	8241	17
Zeke	1273	8241	17
DynaLight	1274	8240	17
Leeeeeeeeroy	1275	8240	17
K02	1276	8239	17
PolarBear	1277	8239	17
kyarol	1278	8239	17
Aldias	1279	8238	17
Chovasboy	1280	8238	17
Bouncy	1281	8237	17
Jack	1282	8236	17
crazydragon	1283	8236	17
DaGamer	1284	8236	17
WingChun	1285	8234	17
Arina	1286	8234	17
youxiaobai	1287	8234	17
PPIIGG	1288	8233	17
Buttjaco	1289	8233	17
Salty	1290	8232	17
Podraig	1291	8227	17
XangelnagiX	1292	8226	17
gcy1996	1293	8226	17
djwdcb	1294	8224	17
MemeMachine	1295	8224	17
PDXfearless	1296	8224	17
Ditto	1297	8220	17
Liewin	1298	8219	17
Kr0n0s	1299	8216	17
Yuya	1300	8213	17
FisheyeVance	1301	8211	17
Velathnia	1302	8209	17
Poisn	1303	8208	17
Silentkey	1304	8208	17
galaxy	1305	8205	17
Funkr	1306	8205	17
Orange	1307	8204	17
안녕로봇	1308	8202	17
Djsmith22	1309	8202	17
DragonMaster	1310	8201	17
Malorinia	1311	8201	17
Kami	1312	8200	17
Ares	1313	8200	17
ÜberØMüschi	1314	8200	17
CoralElk	1315	8199	17
GroovyTaterz	1316	8199	17
Ando	1317	8198	17
Randomguy	1318	8196	17
For3verLos3	1319	8195	17
Apocry	1320	8194	17
DongDe	1321	8193	17
Solwol28	1322	8193	17
LoganPaul10	1323	8192	17
YamiTheOne	1324	8192	17
Lethal	1325	8192	17
GravenCairns	1326	8191	17
MattyIce	1327	8190	17
wattershy	1328	8190	17
King	1329	8190	17
VodKanockers	1330	8189	17
RWGlory	1331	8189	17
hatersgonah8	1332	8188	17
Hawkesho	1333	8187	17
BigMoss	1334	8187	17
Tylersum6	1335	8187	17
EagleX	1336	8185	17
InkyGOAT69	1337	8185	17
GeneralTso	1338	8185	17
Neeks	1339	8185	17
Zenpai	1340	8182	17
Flashy	1341	8181	17
jsilvestri39	1342	8181	17
jeebus	1343	8180	17
PingAn	1344	8179	17
Revelous	1345	8179	17
beardedshark	1346	8177	17
Hubli	1347	8176	17
JimJammss	1348	8176	17
EpiCheese	1349	8174	17
mastermcm	1350	8174	17
Fratios	1351	8172	17
Tubsiwub	1352	8171	17
Nixos	1353	8170	17
yijia	1354	8169	17
Destroy128	1355	8169	17
WantedMan	1356	8168	17
Khatastrophe	1357	8167	17
fatgiraffe	1358	8166	17
Dayix	1359	8166	17
Or2	1360	8164	17
Yuuki	1361	8163	17
Damoncool12	1362	8162	17
Perse	1363	8162	17
Frazi	1364	8162	17
JMDSKZ	1365	8161	17
Rovis	1366	8161	17
PolarBear	1367	8161	17
Alex	1368	8161	17
Excalibur	1369	8160	17
ǺƔǺƔǺ	1370	8157	17
imNiigel	1371	8157	17
Astronius	1372	8157	17
Zae	1373	8155	17
Sinnaabun	1374	8154	17
Animalcraker	1375	8153	17
Konvicka	1376	8153	17
Seth	1377	8153	17
Arkae	1378	8150	17
Inferno	1379	8150	17
Chillafox	1380	8149	17
Colanderp	1381	8148	17
LazerLemon	1382	8147	17
Ddazey	1383	8146	17
Aurelios	1384	8145	17
MKTwelve	1385	8144	17
MauveOtter	1386	8143	17
HappyFeet	1387	8143	17
JDog777	1388	8141	17
Carousel	1389	8141	17
Deadlee	1390	8141	17
Gitmuny	1391	8140	17
Fchango	1392	8138	17
Pandazsh	1393	8138	17
HappyShark	1394	8136	17
fragn3nt	1395	8136	17
Brisk	1396	8135	17
Vczzz	1397	8133	17
spacebootz	1398	8132	17
Hey	1399	8132	17
Rossboss51	1400	8131	17
MEHARDMAN	1401	8130	17
Superdeutsch	1402	8128	17
Laroche	1403	8128	17
ComShamrock	1404	8127	17
Jandarii	1405	8127	17
JogoMortal	1406	8124	17
Yan	1407	8124	17
RandyBoBandy	1408	8123	17
ChodySpanks	1409	8123	17
holiestness	1410	8122	17
plim	1411	8120	17
KoothTaba	1412	8120	17
Marc	1413	8119	17
Relo	1414	8118	17
Holymama	1415	8117	17
Alessandrovc	1416	8116	17
NEX4TE	1417	8116	17
BearCheese	1418	8115	17
whO	1419	8114	17
GrayLion	1420	8114	17
maddogmatt	1421	8114	17
Viinjiince	1422	8113	17
Dexterv2	1423	8113	17
Kotor	1424	8113	17
lannrycarter	1425	8112	17
JSafety	1426	8111	17
NeverDie	1427	8110	17
NightKnight	1428	8109	17
OGKnappy	1429	8109	17
Hovy	1430	8108	17
randycrc	1431	8106	17
Last	1432	8104	17
Psyduc	1433	8104	17
Ting	1434	8101	17
Captnkrunch	1435	8101	17
Calkins	1436	8101	17
Skycake	1437	8100	17
Milo16Milo	1438	8100	17
koitoyuu	1439	8099	17
Pawnpac	1440	8099	17
Origin	1441	8099	17
Vortex	1442	8098	17
CrazyWood	1443	8097	17
Toothless	1444	8097	17
CntrlVee	1445	8096	17
Kizzit	1446	8095	17
goofball	1447	8094	17
Mrtom	1448	8093	17
Larry	1449	8093	17
Hotkey123	1450	8091	17
HoydaBro	1451	8091	17
Swegtston	1452	8091	17
Sang	1453	8091	17
Chrispy	1454	8089	17
Shazgath	1455	8089	17
Tavrys	1456	8089	17
IntenseToast	1457	8089	17
Kishimo	1458	8088	17
Faker	1459	8087	17
ian	1460	8086	17
FlynnBoyo	1461	8086	17
Blossy	1462	8085	17
SweetJehebus	1463	8084	17
Vargas	1464	8084	17
DoesNotExist	1465	8084	17
Blackh0le	1466	8084	17
FlyingStars	1467	8083	17
WhoDoVooDoo	1468	8083	17
mecoso	1469	8083	17
Bonvil	1470	8083	17
Ribs	1471	8082	17
Cp7	1472	8082	17
Eis	1473	8082	17
Bakemono	1474	8081	17
MagicBlanket	1475	8080	17
Vikester	1476	8080	17
Mayhalf	1477	8080	17
MPr	1478	8080	17
Sithlighting	1479	8078	17
mrwendyxxl	1480	8078	17
biohazard	1481	8077	17
Stephan	1482	8077	17
Spongemon9	1483	8077	17
Boone	1484	8077	17
trexxxxxxxx	1485	8076	17
Atlas	1486	8075	17
kynni	1487	8075	17
DaWarDevil	1488	8075	17
Grygorn	1489	8075	17
Adriatik	1490	8075	17
Thesway	1491	8075	17
chi2waa	1492	8074	17
qpdb	1493	8074	17
Henderson	1494	8074	17
JudgeJude07	1495	8074	17
SmilePlatyps	1496	8074	17
Thortag	1497	8074	17
Hapax	1498	8074	17
Switerz	1499	8073	17
RedAstro	1500	8073	17
Mulligan	1501	8073	17
Cranerry1	1502	8073	17
Nvc98	1503	8072	17
Krakenation	1504	8072	17
Oassis	1505	8071	17
Dekane	1506	8071	17
BoomMD	1507	8071	17
JaqueLeGrand	1508	8071	17
MoeJoe181	1509	8070	17
Mrwang	1510	8070	17
Trap	1511	8070	17
Rudyck	1512	8070	17
Whiteknights	1513	8069	17
dsoM	1514	8069	17
Bnmin	1515	8069	17
IVIaximus	1516	8069	17
Pooleboy	1517	8069	17
RamboJohny	1518	8069	17
FlameWight	1519	8069	17
lostvenue	1520	8068	17
snowygryphon	1521	8068	17
Cryndo	1522	8068	17
Serena	1523	8067	17
MonMon	1524	8066	17
Vincesaurus	1525	8066	17
Risa	1526	8066	17
TheFishIsBig	1527	8066	17
Vazkiel	1528	8066	17
cloma	1529	8065	17
Kromka	1530	8065	17
RazieL	1531	8065	17
CooneyLittle	1532	8065	17
ClappDance	1533	8065	17
shuifashi	1534	8064	17
UncleDian	1535	8064	17
NicKy	1536	8064	17
Melwindyne	1537	8064	17
MrFreeman	1538	8064	17
LeLouch	1539	8063	17
AndyFunn	1540	8063	17
Forsaken	1541	8063	17
Hedges	1542	8063	17
kj061223	1543	8062	17
Paladin	1544	8062	17
Yukas	1545	8062	17
Weebism	1546	8062	17
GreyBeast	1547	8061	17
Flame	1548	8060	17
Arbot	1549	8060	17
TheGrouch	1550	8060	17
bzai	1551	8059	17
Danmer	1552	8059	17
Caninosauro	1553	8058	17
Samx94	1554	8057	17
Obraoin	1555	8057	17
Arukasa	1556	8056	17
Potato98774	1557	8055	17
Viztix	1558	8055	17
itsmeaton	1559	8055	17
Vast	1560	8055	17
Nathyyy	1561	8054	17
DECAYINGNITE	1562	8054	17
oogai	1563	8054	17
TonySniper	1564	8053	17
Veronica	1565	8053	17
RedJohn	1566	8053	17
Hyu	1567	8053	17
Evileyes	1568	8052	17
JerryChan	1569	8052	17
Phlasmatic	1570	8052	17
emil21041	1571	8052	17
GunSwitch	1572	8052	17
FriarBill	1573	8052	17
FlyPhillyFly	1574	8052	17
Fitz	1575	8051	17
Nish	1576	8051	17
DeadlyPants	1577	8051	17
SHIP	1578	8051	17
Jakaso27	1579	8051	17
julianchow28	1580	8050	17
Tifa	1581	8050	17
PBuhJelly	1582	8050	17
GHOST	1583	8050	17
Easy	1584	8050	17
CaptFalcon	1585	8050	17
bannedagain	1586	8049	17
Wykwintny	1587	8049	17
chefkael	1588	8049	17
MiskMusk	1589	8049	17
ZugZug	1590	8049	17
Colgate	1591	8049	17
Gray	1592	8049	17
Madrox	1593	8049	17
TheChrissila	1594	8049	17
Terryannie	1595	8048	17
Krabchop213	1596	8048	17
Frizzo	1597	8048	17
Durty	1598	8048	17
Wattleninja	1599	8048	17
G0DREX	1600	8047	17
Pain	1601	8047	17
laggy	1602	8047	17
Timemaster	1603	8047	17
KnotsmokeB	1604	8046	17
AkioTakagui	1605	8046	17
Darian	1606	8046	17
간소한태도	1607	8045	17
Flay	1608	8045	17
PeakyLord	1609	8045	17
Casses	1610	8044	17
MadlyInAnger	1611	8044	17
Scremf	1612	8044	17
TamilBro	1613	8044	17
Marta	1614	8043	17
Celeste	1615	8043	17
Webster	1616	8043	17
TopShelf	1617	8043	17
DeadOfTheEnd	1618	8042	17
Elephant	1619	8042	17
MattyMixers	1620	8042	17
MildSambal	1621	8042	17
solarayz	1622	8042	17
Dinjisuyeon	1623	8042	17
Tiz	1624	8041	17
cyclesnap	1625	8041	17
ZookieSwag	1626	8041	17
goobcowman	1627	8041	17
Bleeurgh	1628	8041	17
MidDayMoon	1629	8040	17
Anduhroo	1630	8040	17
OrangeSpy	1631	8040	17
FakeDoctor	1632	8040	17
Beauregard	1633	8040	17
justin	1634	8039	17
LucasMorais	1635	8039	17
Enzo	1636	8039	17
MichaelMight	1637	8039	17
CptRichards	1638	8039	17
MarkSteel	1639	8039	17
herpasherp	1640	8039	17
Blackreign	1641	8038	17
iStun4FunLOL	1642	8038	17
vengeance	1643	8038	17
Calasanto	1644	8038	17
Terrini	1645	8038	17
TheFEi	1646	8038	17
LavaDrake	1647	8038	17
TrevorSoEver	1648	8038	17
Crazy	1649	8038	17
mp5	1650	8038	17
CantFitMyNam	1651	8038	17
Chef	1652	8038	17
Naza	1653	8037	17
Katerinka	1654	8037	17
PureMisery	1655	8037	17
Fattoo	1656	8037	17
DunnoU	1657	8036	17
Denivas	1658	8036	17
Squidward	1659	8035	17
PlatypsSmily	1660	8035	17
morfim	1661	8035	17
Ariyasu	1662	8034	17
Nikanoru	1663	8034	17
Zurizzttv	1664	8034	17
Sid	1665	8034	17
JazzHands	1666	8034	17
Battlescar	1667	8034	17
teddy	1668	8033	17
Tomazi123	1669	8033	17
Tubertuber	1670	8033	17
Addiction	1671	8033	17
Majesticul	1672	8032	17
SteinsGate	1673	8032	17
AlexUrolog	1674	8032	17
IOnlyScam	1675	8032	17
grREUQR	1676	8031	17
dctrX	1677	8031	17
Nicole	1678	8031	17
Hellgunnerzz	1679	8031	17
Chopper	1680	8031	17
Dallas	1681	8031	17
Nortoreo	1682	8031	17
Cooties	1683	8031	17
Holocron	1684	8030	17
Ambition	1685	8030	17
BlueMage	1686	8030	17
Spacemile	1687	8030	17
jafita32	1688	8030	17
NickConti	1689	8030	17
Hexador	1690	8030	17
BlackNavin	1691	8030	17
Niclmaki	1692	8029	17
CCC	1693	8029	17
Aziimov	1694	8029	17
Quainty	1695	8029	17
Ripley	1696	8028	17
Lucian	1697	8028	17
Yoimiya	1698	8028	17
DeadlyFeet	1699	8028	17
MagoLouco	1700	8028	17
jacksss233	1701	8028	17
Charliebobbi	1702	8028	17
bensra	1703	8027	17
Asthedream	1704	8027	17
MasterPear5	1705	8027	17
Korint	1706	8027	17
trixyz	1707	8027	17
Meeney	1708	8026	17
Albaaaaaaaaa	1709	8026	17
Natsu	1710	8026	17
ZORAK	1711	8026	17
Crabby	1712	8026	17
GrimRipper	1713	8026	17
TidesOfTime	1714	8026	17
Militant	1715	8026	17
DiegoBrando	1716	8026	17
sillicon	1717	8026	17
Meta69	1718	8026	17
Fetafist	1719	8026	17
Chubuda	1720	8026	17
Reynier	1721	8026	17
TheRoach125	1722	8025	17
Chen	1723	8025	17
CCLemon	1724	8025	17
fairyneko	1725	8025	17
Tibarn	1726	8025	17
Xands	1727	8025	17
Korris	1728	8025	17
Thornflame	1729	8025	17
Ice	1730	8025	17
shuama	1731	8025	17
Nausea	1732	8025	17
TheAardvark	1733	8024	17
CoolaColada	1734	8024	17
vexing	1735	8024	17
Xilumenza	1736	8024	17
Coathanger12	1737	8023	17
Ronyx46	1738	8023	17
Maxwellllz	1739	8023	17
shadowfury	1740	8023	17
Chumbie	1741	8023	17
Wyvern	1742	8023	17
CaeligoCielo	1743	8022	17
Storm	1744	8022	17
Sanji	1745	8022	17
NoU	1746	8022	17
windee448	1747	8022	17
Aldelia	1748	8022	17
Kobyashi	1749	8022	17
DuraznoLimon	1750	8022	17
Nippleman	1751	8021	17
NoeScogge	1752	8021	17
Sirvin	1753	8021	17
Okarma	1754	8021	17
Cake	1755	8021	17
Shiba	1756	8021	17
SunCrusher	1757	8020	17
docteurx	1758	8020	17
ShiroKuma	1759	8020	17
PearlElekk	1760	8020	17
PokeOwen	1761	8020	17
Hijenxi	1762	8020	17
dylduk213	1763	8020	17
Alextreme	1764	8020	17
Wickedllama	1765	8019	17
lichadin	1766	8019	17
dacosta	1767	8019	17
TopShagger1	1768	8019	17
skirmglad	1769	8019	17
RJRJ	1770	8019	17
Numind	1771	8019	17
Swazzy	1772	8018	17
HUNTER	1773	8018	17
Cra2yninja77	1774	8018	17
Mickey	1775	8018	17
Cryptic	1776	8018	17
Tleon	1777	8018	17
FragrantFowl	1778	8018	17
Kerrigan	1779	8018	17
Shujinko	1780	8018	17
Django	1781	8018	17
Bedwrath	1782	8018	17
Xenot	1783	8018	17
AndreIceCold	1784	8017	17
eitaIcaro	1785	8017	17
BrainTheist	1786	8016	17
DeathEnder	1787	8016	17
PokerPete702	1788	8016	17
DroolingNoob	1789	8016	17
Journey	1790	8016	17
hetgigher	1791	8016	17
AmalgamX	1792	8016	17
LaMachine	1793	8016	17
Frosstbyte	1794	8016	17
aTurgidKnave	1795	8015	17
raikore	1796	8015	17
Buuh	1797	8015	17
Joker	1798	8015	17
BloodSaint	1799	8015	17
FrostyCow	1800	8015	17
Hellavator	1801	8015	17
Moltar	1802	8015	17
DiscoSpider	1803	8015	17
beastmode	1804	8015	17
ArcZer0	1805	8014	17
Tharx	1806	8014	17
Cassiopeia42	1807	8014	17
JuanMystic	1808	8014	17
RimboSlice	1809	8014	17
StranStran	1810	8014	17
SmilyPlatyps	1811	8014	17
Foodbank	1812	8013	17
Oskie	1813	8013	17
Gameslayer	1814	8013	17
hank	1815	8013	17
Caio	1816	8013	17
Brendani	1817	8013	17
Myu	1818	8013	17
Nomad	1819	8013	17
BlinkyBill	1820	8013	17
MrSoxs	1821	8012	17
spiltmilk	1822	8012	17
agreetedboat	1823	8012	17
Joker	1824	8012	17
Piracy	1825	8012	17
Smokinjoe	1826	8012	17
Kaitou	1827	8012	17
StikofSalami	1828	8011	17
Machiavelik	1829	8011	17
Leafblower	1830	8011	17
Ray	1831	8011	17
gosuGANK	1832	8011	17
Merlin	1833	8011	17
Hexibell	1834	8011	17
NexenQC	1835	8010	17
PageOne	1836	8010	17
Ana	1837	8010	17
Bboyplate22	1838	8010	17
GopherChucks	1839	8010	17
shikamarul	1840	8010	17
Mahrmahr	1841	8010	17
DJMcSwaggy	1842	8010	17
HONEYROASTED	1843	8010	17
Fayn	1844	8010	17
Heskey4Lyfe	1845	8009	17
art2d2	1846	8009	17
Ariegiii	1847	8009	17
Jacypoo66	1848	8009	17
Mud	1849	8009	17
CosmicFire	1850	8009	17
doublebow7	1851	8009	17
Cing	1852	8009	17
SmellyPanda	1853	8009	17
GrogMalblood	1854	8009	17
Bdeved	1855	8009	17
Lucas	1856	8008	17
AfternoonNap	1857	8008	17
DayssAce	1858	8008	17
OODonger	1859	8008	17
Geralest	1860	8008	17
LordAl	1861	8007	17
shott	1862	8007	17
Dmass	1863	8007	17
ihavmoarsweg	1864	8006	17
Song	1865	8006	17
Cen	1866	8006	17
DizzyRogue	1867	8006	17
Jackie	1868	8006	17
R3APER	1869	8006	17
Peixe	1870	8006	17
wizer	1871	8006	17
Stratagem	1872	8006	17
Jehdo	1873	8006	17
FanMangaXD	1874	8006	17
BritBilly	1875	8006	17
TommyD	1876	8005	17
Adventurer	1877	8005	17
GMYE	1878	8005	17
Rianu	1879	8005	17
Killjester	1880	8005	17
Glückszwerg	1881	8004	17
DougBannock	1882	8004	17
LingLingMei	1883	8004	17
Lye	1884	8004	17
DjEj	1885	8004	17
Doxofbonuts	1886	8004	17
Hook	1887	8004	17
MasterRadox	1888	8004	17
Timo	1889	8004	17
HOLKIZAR	1890	8003	17
Bigbob69	1891	8003	17
MasterMind	1892	8003	17
FakeBadger	1893	8003	17
Cookster	1894	8003	17
YokiTT	1895	8002	17
Katt	1896	8002	17
happaly	1897	8002	17
Basb	1898	8002	17
Alipheese	1899	8002	17
ex3c	1900	8002	17
Pumpkin	1901	8002	17
SEXGIANT	1902	8002	17
Geordan	1903	8002	17
tianT	1904	8002	17
ZNo2	1905	8002	17
JamesDoido	1906	8002	17
Ignatius	1907	8002	17
Cyndicate	1908	8002	17
Jurlkani	1909	8001	17
Brishky	1910	8001	17
Squishy	1911	8001	17
BROCCOLItr33	1912	8001	17
PkrHuntr	1913	8001	17
Ir0npanda	1914	8001	17
ninjagods	1915	8001	17
juicerboy	1916	8001	17
parINDa	1917	8001	17
Thealamo	1918	8001	17
Sweaty	1919	8001	17
memz	1920	8001	17
Shark	1921	8001	17
gruntlord6	1922	8000	17
aehOOOOO	1923	8000	17
UnbrokenVet	1924	8000	17
Ordal	1925	8000	17
GrosBS	1926	8000	17
Winning	1927	8000	17
Sgtandrew	1928	8000	17
mamoun545	1929	8000	17
Arge	1930	8000	17
Epicman	1	28566	18
RaviG37	2	22905	18
PaleGuyHi	3	22567	18
Fuglackh	4	22369	18
fireball901	5	22246	18
Zachiswack	6	22132	18
Sayu	7	21861	18
TTVChairShot	8	21352	18
ArkArkArkArk	9	21094	18
Caseym	10	20627	18
Exodius003	11	20147	18
Ying	12	19227	18
DUCK	13	18830	18
Goon2	14	18293	18
Swedepino	15	17821	18
WhosMcCree	16	17798	18
ちぇいん	17	17729	18
mUdQuAza	18	16662	18
sydanten	19	16662	18
IAmMurloc	20	16659	18
PandaTh	21	16563	18
DanTheSpoon	22	16557	18
Whobetter	23	16441	18
MediumPurple	24	16433	18
AlphaDecay	25	16430	18
Tyler	26	16364	18
cx000	27	16358	18
woc666	28	16096	18
AtheistCleri	29	15296	18
immortalsam	30	15266	18
Kinkade	31	15233	18
tonizle	32	14709	18
LeftyFC	33	14669	18
Vilaça	34	14501	18
Brayle	35	14397	18
Schnozzer69	36	14376	18
M0N3YK1LL3R	37	14358	18
Passionate	38	14355	18
ayy	39	14230	18
flameloaNA	40	14182	18
Donatsuki	41	14150	18
Deadlion0	42	14106	18
Arceus	43	13847	18
Marlin	44	13834	18
FISH	45	13822	18
Rxs	46	13784	18
Domi	47	13774	18
lordjarbinks	48	13627	18
ERROR0601	49	13600	18
Serafall	50	13577	18
SupriseisPHI	51	13573	18
Sora	52	13571	18
Swegtston	53	13537	18
FaZe	54	13528	18
DominionGodz	55	13522	18
Pie	56	13520	18
Mannie	57	13466	18
WaIkek	58	13442	18
DannyOkay	59	13413	18
skillstone	60	13370	18
GEGURI	61	13325	18
leaf42	62	13245	18
SmallPurple	63	13240	18
Hexhare	64	13184	18
ScubaSteve	65	13127	18
Jelon	66	13127	18
Pokkin	67	13123	18
noSwang	68	13100	18
Pochita	69	13099	18
SADǃ	70	13032	18
thefool	71	13031	18
SaphirexX	72	13017	18
TWOindaP1NK	73	12935	18
TylerLyons	74	12935	18
noReggin	75	12852	18
Tomoya	76	12767	18
ONEindaST1NK	77	12757	18
banxia	78	12573	18
VINDOS1789	79	12538	18
VORTOS1788	80	12536	18
ByefOreSt	81	12304	18
Nightshade17	82	12304	18
Tangsin	83	12226	18
Stephan	84	12216	18
Spongemon9	85	12208	18
Molotov	86	12206	18
Mecurial	87	12196	18
Threebody	88	12176	18
GoRodGo	89	12165	18
WindWizard	90	12164	18
Nitterboozle	91	12141	18
Eduarmar	92	12133	18
troydefeater	93	12110	18
MadCat	94	12032	18
Nerouz	95	12020	18
JJSous	96	12012	18
Jisoo	97	11998	18
waterP	98	11975	18
baby	99	11968	18
PlayerOne	100	11967	18
Zynyatta	101	11957	18
Mando66	102	11953	18
Adventurer	103	11903	18
逸尘大宝贝儿	104	11886	18
BlackSwan	105	11875	18
Foxsplosion	106	11836	18
Vmprnighthwk	107	11832	18
Chupra	108	11802	18
dirtychurchi	109	11763	18
cheektavegas	110	11755	18
LeGeneralTao	111	11675	18
Bubbo	112	11672	18
Angelsim	113	11656	18
cottonbarn	114	11644	18
yydingzhen	115	11631	18
Keeban	116	11613	18
Daddy	117	11609	18
UnknownB1	118	11595	18
JBPieGuy7	119	11529	18
Trudes	120	11491	18
RoaringBear	121	11490	18
HazeyDreamz	122	11456	18
Neo	123	11422	18
SrKah	124	11410	18
Mike	125	11405	18
BattleBear	126	11400	18
PlumWisp	127	11382	18
Mustek	128	11368	18
PDXfearless	129	11357	18
荒原寒鸦	130	11356	18
TheEvelynn	131	11350	18
Dillz	132	11324	18
CalebEhlers	133	11311	18
ChatGPT69	134	11307	18
JoeTFK	135	11289	18
Bismark	136	11270	18
Simon	137	11257	18
JMan	138	11236	18
KraziEEEEE86	139	11217	18
wanderer	140	11187	18
H2O	141	11166	18
LilFa1co	142	11157	18
i4ni	143	11125	18
NQGam1ng	144	11120	18
Prowo	145	11107	18
BensonBurger	146	11094	18
Footwerk	147	11092	18
Tyrone	148	11079	18
Cris	149	11037	18
Rekt	150	11035	18
jokax	151	11033	18
Jamagax	152	11029	18
AYAYAAYAYA	153	11026	18
Doomsayer	154	11024	18
TooNinja	155	11023	18
bootysnatch	156	11020	18
LE1OU	157	11006	18
stickyman	158	11001	18
angrybirdman	159	10989	18
Jayhova	160	10977	18
Nekarcos	161	10976	18
zerodark	162	10970	18
Sandman	163	10948	18
Tr1X	164	10891	18
Danielzz	165	10876	18
Lustral	166	10841	18
ViviX	167	10833	18
KillaQueen	168	10831	18
Crqb	169	10820	18
Sonic	170	10784	18
Crossflash	171	10779	18
Pingscat	172	10760	18
Nefarius	173	10760	18
NumbahOne	174	10742	18
Ricky	175	10737	18
Ben	176	10722	18
Ornitorrink	177	10714	18
Eagleslayer	178	10711	18
IlIlIlIlIlI	179	10702	18
Elm	180	10698	18
Beanlord	181	10696	18
Vret	182	10695	18
Pingskayia	183	10686	18
Llamahawk	184	10685	18
MiniNinja	185	10675	18
JakePaul	186	10647	18
VanZero	187	10642	18
bernardox3	188	10641	18
MiniNinja	189	10628	18
AxyRift	190	10627	18
xiaoliaoo	191	10603	18
Саня	192	10596	18
Astrea	193	10587	18
Ditwizwaz	194	10563	18
BeetleKing	195	10554	18
Deusdonum	196	10552	18
gnahihz	197	10550	18
Tcon2	198	10522	18
zzyAlex	199	10522	18
SouthPark	200	10518	18
呵呵	201	10516	18
duke	202	10486	18
gopherphanny	203	10449	18
Sgtbrute	204	10441	18
StrobeFranco	205	10436	18
ZestyMemes	206	10423	18
Jiv	207	10422	18
Greed	208	10419	18
Zero	209	10418	18
Skye	210	10409	18
MrBombadil	211	10408	18
Gazu	212	10401	18
Hun4onepiece	213	10399	18
OnyxLich	214	10392	18
jay	215	10384	18
Libra	216	10363	18
Envy	217	10359	18
caboose	218	10351	18
NeroZanna	219	10345	18
KingLooch	220	10342	18
Lmeow	221	10328	18
Orianna	222	10321	18
Kwynter	223	10320	18
OvO	224	10317	18
lscb	225	10316	18
toddbruster	226	10312	18
EYEQ	227	10310	18
Flash	228	10310	18
Konodioda	229	10307	18
MissBowers	230	10306	18
QuadNips	231	10302	18
Neko	232	10293	18
GunnarValstn	233	10293	18
SupaFly	234	10289	18
CiberNinja	235	10288	18
Tiange	236	10287	18
Cartman	237	10281	18
FlaxHydra	238	10280	18
wumianyang	239	10273	18
Dizzlx	240	10273	18
RangerPossum	241	10255	18
WifeLeaver	242	10226	18
Django	243	10220	18
Moggo	244	10214	18
machi	245	10208	18
trestice	246	10205	18
gameikrat	247	10199	18
B1ngB0ng	248	10183	18
Wolfgang	249	10174	18
Razputin	250	10173	18
WillyHayliam	251	10168	18
J0k3	252	10157	18
Deadheadd	253	10156	18
Dinjisuyeon	254	10152	18
GrumpyMonk	255	10150	18
Veggielord	256	10144	18
oligg	257	10143	18
Autumn	258	10137	18
zogerreng	259	10136	18
Dattypham	260	10129	18
QuirkyOrc	261	10105	18
Roofish4	262	10100	18
lioxvve	263	10097	18
Xalted	264	10095	18
Darian	265	10084	18
mrdrchef	266	10083	18
ProcessTrust	267	10072	18
Gangar	268	10064	18
BattleLucio	269	10064	18
STryKrr	270	10061	18
DireRaven	271	10061	18
alcapone47	272	10057	18
sjowyuicy	273	10055	18
CarryStaff	274	10049	18
Zefiris	275	10047	18
alexcas	276	10045	18
Bweenus	277	10044	18
iTzSketchy	278	10038	18
WildWolf	279	10035	18
HolyStrike	280	10030	18
Joe	281	10028	18
Liakusha	282	10026	18
Toph	283	10024	18
CHILLYRAINBO	284	10019	18
CptainSalmon	285	10017	18
WIZARDSNIPEZ	286	10017	18
FoolsErrand	287	10015	18
Derk	288	10010	18
MightyElf	289	10009	18
ohmygodaaron	290	10009	18
DunnoU	291	10005	18
SimplyaBomb	292	10002	18
NightKnight	293	9993	18
MustFeedKnow	294	9987	18
Nashbeez	295	9986	18
SaltyCracker	296	9986	18
xiaoyu	297	9985	18
BFMoses	298	9972	18
Kelsier	299	9948	18
Bellers	300	9941	18
ian	301	9936	18
LemonHawk	302	9934	18
Meta4s	303	9911	18
Vraxtus	304	9903	18
Tacticswag	305	9900	18
bbaanngg	306	9892	18
Generations	307	9858	18
FATCAWKFLOYD	308	9853	18
F2J	309	9847	18
elkikam	310	9843	18
JustSomeGuy	311	9834	18
awefulplayer	312	9832	18
Salty	313	9822	18
K3rpa	314	9821	18
Excalibur	315	9815	18
LoilSocks	316	9811	18
みっちゃん	317	9811	18
LateForWork	318	9806	18
Cibis	319	9797	18
ピヨ	320	9796	18
Sherms3	321	9793	18
Xtrelevated	322	9793	18
DangerDams	323	9792	18
Cody	324	9786	18
Littlemouse	325	9783	18
JBinladen	326	9781	18
TaTeeUnit	327	9780	18
discuits	328	9776	18
Matcha	329	9774	18
Horsethief	330	9769	18
Hey	331	9765	18
Ludra	332	9764	18
TheShark	333	9758	18
Noleta	334	9755	18
OneTarget	335	9755	18
Mini	336	9749	18
elegy1	337	9737	18
DrakeJman	338	9736	18
Stugie	339	9736	18
wells	340	9736	18
IamAnoob12	341	9734	18
Levi	342	9730	18
Korint	343	9718	18
BocaDeSapato	344	9703	18
Trial	345	9699	18
Sil3nt4ce	346	9695	18
Rianu	347	9694	18
MattBatt	348	9691	18
abs	349	9689	18
BurstLink	350	9682	18
Tokki	351	9677	18
sin873	352	9676	18
GreyBeast	353	9675	18
Placebo	354	9671	18
RELAXAeG0ZI	355	9665	18
Aya	356	9659	18
Crisxen	357	9657	18
Gkmate	358	9654	18
FUZIeaewaaqa	359	9650	18
asapbush	360	9641	18
Rajaat	361	9641	18
Feels	362	9640	18
Damon	363	9640	18
Algebra	364	9634	18
Eckobeasts	365	9631	18
Squareleek	366	9630	18
Demian	367	9628	18
Spicetacular	368	9624	18
Dongling	369	9612	18
chaz	370	9608	18
MaXueSheng	371	9606	18
Jato	372	9601	18
derkalucka	373	9601	18
bringy	374	9600	18
boopboop	375	9595	18
FrozenDevl	376	9576	18
Pillou	377	9572	18
Goatlord	378	9569	18
Rohman	379	9567	18
Nick	380	9565	18
BWB	381	9562	18
Blirby	382	9559	18
SirPebble	383	9558	18
PolarBear	384	9556	18
LM10	385	9553	18
DweebBooster	386	9552	18
DiaTech	387	9552	18
EasonLiao	388	9549	18
BlueDiarrhea	389	9547	18
CrankyPantz	390	9547	18
holiestness	391	9543	18
Goon1	392	9538	18
DameTrillard	393	9532	18
Atd09	394	9531	18
Schwalben	395	9530	18
Deselect	396	9527	18
hahah	397	9521	18
barnsie	398	9519	18
sporkzilla	399	9518	18
THPNOMNOM	400	9513	18
Ajani	401	9506	18
Prag	402	9504	18
OneEyedCamel	403	9503	18
SyneLau	404	9499	18
InkyBat	405	9498	18
Pigduh	406	9488	18
MadToy	407	9479	18
Wickedllama	408	9474	18
iNzane	409	9473	18
trixyz	410	9467	18
Noname233333	411	9465	18
Fsouza	412	9463	18
TacoTuesday	413	9463	18
Aragon	414	9461	18
Djsmith22	415	9460	18
Smeak	416	9459	18
Mavee	417	9448	18
Tribles	418	9447	18
cheznet	419	9442	18
陰沉的淺褐色貓咪	420	9441	18
Covneeddiet	421	9433	18
Quinn32	422	9432	18
LuckVampire	423	9430	18
agentfancy	424	9429	18
Stryder	425	9423	18
Lian	426	9409	18
Harambay	427	9408	18
Wells	428	9403	18
Asldkjf	429	9398	18
MegaBatKid	430	9395	18
Ocarious	431	9388	18
Chl	432	9386	18
ГигантДух	433	9381	18
maexxna	434	9381	18
Inferno	435	9380	18
Hobbs	436	9374	18
Huds900	437	9374	18
honeydew	438	9369	18
Kirby4D	439	9363	18
mikelol	440	9357	18
Youna	441	9356	18
Ribit	442	9344	18
Nureyev	443	9338	18
MrZinch	444	9337	18
Spazdemonium	445	9335	18
mousehunter	446	9332	18
NiceAdept	447	9329	18
Jemmy	448	9328	18
Milvus	449	9326	18
Smokinjoe	450	9322	18
Jod420	451	9308	18
Serein	452	9302	18
Tleon	453	9299	18
OliveLich	454	9290	18
Dynamitekid2	455	9284	18
Superdeutsch	456	9284	18
xafrion	457	9282	18
Soda	458	9276	18
fiNelREI	459	9275	18
jww	460	9273	18
Mrgllglrrmgl	461	9272	18
Elysia	462	9269	18
Helg	463	9267	18
NoctuleDrôle	464	9261	18
TeemoTooOp	465	9260	18
Blaiddrodi	466	9257	18
Pelluco	467	9256	18
Raidbreak	468	9254	18
Carlson	469	9251	18
LuckyOwl	470	9250	18
LWY	471	9249	18
Undermine	472	9248	18
ILoveValk	473	9245	18
Zjunior	474	9234	18
Lpaynee	475	9232	18
Samx94	476	9230	18
Hithros	477	9229	18
Madokaaaaaaa	478	9229	18
zark	479	9225	18
Happy1Up	480	9225	18
Casterly	481	9222	18
FanMangaXD	482	9222	18
Baelef	483	9218	18
Serko	484	9216	18
PupsGoRooRoo	485	9213	18
Tortfeasing	486	9213	18
Zeratul	487	9211	18
Dez	488	9211	18
FrankyDee	489	9210	18
AngryCheerio	490	9207	18
Rch	491	9206	18
MegaJerry	492	9204	18
SteinsGate	493	9203	18
Nassi	494	9202	18
stucrab	495	9200	18
Shirokuma	496	9200	18
Llanowan	497	9199	18
Death12	498	9198	18
Void	499	9175	18
Flat	500	9173	18
Goldy	501	9162	18
SympathySun	502	9157	18
brodo	503	9156	18
Dezmon	504	9153	18
ButterBalls	505	9151	18
ComShamrock	506	9148	18
Terrabrand	507	9148	18
LockandNlock	508	9144	18
Zae	509	9141	18
Toshka	510	9141	18
Leandro	511	9140	18
Danone11	512	9139	18
Jackie	513	9138	18
Blossy	514	9136	18
McBoone	515	9133	18
succie	516	9133	18
Chen	517	9126	18
Leon	518	9125	18
Ilidan	519	9125	18
Pudding	520	9123	18
wdtsage	521	9122	18
stealthmeh	522	9122	18
TheAlamo	523	9118	18
Rastafoo	524	9116	18
gopack50	525	9116	18
Mia	526	9115	18
Zion	527	9115	18
Burn	528	9112	18
Scandium	529	9109	18
Jimmimie	530	9108	18
Abby	531	9108	18
Bobbywasabi	532	9103	18
Natsu	533	9100	18
MurtosinhA	534	9098	18
AnyPro	535	9097	18
aine	536	9092	18
MarcosMVB	537	9089	18
Shamrock	538	9088	18
wuma	539	9083	18
Talos	540	9081	18
Arina	541	9080	18
Thomas307	542	9079	18
Potoe	543	9074	18
Planke	544	9074	18
Fynance	545	9070	18
Sunless	546	9069	18
t0ng	547	9063	18
Leslie	548	9063	18
htownaggie	549	9060	18
bumpcamel	550	9059	18
youxiaobai	551	9059	18
Wyvern	552	9059	18
Azurali	553	9051	18
Nagelbagel	554	9048	18
Bort	555	9042	18
Darkovya	556	9042	18
diegob6	557	9040	18
Chelol	558	9039	18
GotEm	559	9039	18
Frost	560	9038	18
MangoMudkips	561	9035	18
Greentlc	562	9035	18
Rookie13	563	9032	18
Ariegiii	564	9031	18
Reraise	565	9029	18
shelldoes	566	9026	18
Katosomototu	567	9021	18
Siriuslv	568	9019	18
Push	569	9014	18
mitchwavy	570	9012	18
Bucknutties	571	9012	18
Rahek0n	572	9009	18
MauveWolf	573	9009	18
CaptFalcon	574	9009	18
delHosp	575	9008	18
FireZilla	576	9008	18
fullmetaljon	577	9007	18
JimJammss	578	9007	18
Cassaca	579	9002	18
DingDongJi	580	9000	18
DRextremo	581	8993	18
HeroCrusher	582	8991	18
BigLattes	583	8990	18
MVLICE	584	8989	18
Z3lda	585	8987	18
fishdman	586	8983	18
WhoDoVooDoo	587	8981	18
FlynnBoyo	588	8970	18
Boomaye	589	8970	18
Gazelle	590	8969	18
ICampNBD	591	8969	18
Penguin	592	8967	18
Dragonjump	593	8965	18
Eric666	594	8963	18
Helios	595	8960	18
SiulOluap	596	8958	18
xBruno	597	8957	18
Showdown	598	8956	18
JuanMystic	599	8942	18
Cyaegha	600	8941	18
srsNono	601	8939	18
Tupelo	602	8937	18
JDog777	603	8935	18
Tachikoma	604	8935	18
bxnmmsl	605	8933	18
Allan	606	8931	18
YogLappland	607	8930	18
OriginalDizz	608	8929	18
Edgewalker	609	8927	18
Yuher	610	8924	18
AnthonyRitz	611	8923	18
Michael	612	8919	18
Tombladesh	613	8918	18
Dingodile	614	8917	18
HuNter	615	8914	18
Caninosauro	616	8911	18
LongTimeNoSe	617	8911	18
Ret	618	8908	18
SamNaCL	619	8906	18
Marta	620	8903	18
ltsIce	621	8901	18
TwitchATCxx	622	8898	18
Jourtney14	623	8897	18
ArcherBird	624	8897	18
Zenitsu	625	8896	18
Contheicon	626	8890	18
eraz	627	8883	18
Shotofpercs	628	8882	18
NEX4TE	629	8882	18
hatersgonah8	630	8871	18
GAtenhu	631	8869	18
Deadpool805	632	8869	18
x0ldd	633	8868	18
STUVV	634	8866	18
Pisci	635	8863	18
Thesway	636	8857	18
Eldrazifish	637	8854	18
Forward	638	8852	18
ENCHANTRESS	639	8850	18
gorila	640	8849	18
MiCuWanZi	641	8849	18
Sozs	642	8849	18
Voltage	643	8847	18
ronieh	644	8842	18
Okonkwo	645	8842	18
Beta3N	646	8841	18
Nighttorment	647	8841	18
MinorSoju883	648	8840	18
ShakrystalNB	649	8839	18
HHBake	650	8838	18
Chris	651	8835	18
Ditto	652	8829	18
AndovexceII	653	8819	18
LITVIN	654	8813	18
Frazi	655	8809	18
c0ndy	656	8808	18
akid124	657	8808	18
Saintsation	658	8806	18
Infrared	659	8805	18
ARKFIRE10	660	8804	18
thefang	661	8802	18
LemonYeti	662	8800	18
Qevolvax	663	8799	18
Kevin	664	8799	18
LaMachine	665	8792	18
w1ldthrow	666	8790	18
ScienceGuy	667	8789	18
SolemnJerk	668	8784	18
iRX	669	8784	18
Paranoia	670	8775	18
WuDaoKou	671	8772	18
Clear	672	8770	18
clong2	673	8768	18
Bladedeye	674	8768	18
Fricycle	675	8767	18
Mojo	676	8767	18
ime	677	8766	18
World656	678	8766	18
YOASOBI	679	8764	18
Adventurer	680	8763	18
MightBeRoss	681	8760	18
Jhinxed	682	8759	18
YouZhaWanZi	683	8758	18
Feya	684	8756	18
RELAXAeFod4	685	8756	18
wtybill	686	8751	18
Fallhaven	687	8749	18
TheDarkLink	688	8747	18
Seazee	689	8744	18
GarnetDrake	690	8743	18
MobileOnly	691	8742	18
Cranmer	692	8741	18
Astronius	693	8731	18
Blackrabbit	694	8729	18
Mentality	695	8722	18
Heisenberg	696	8721	18
amiuno303	697	8719	18
Keith3846	698	8716	18
GRIM	699	8713	18
PredatuX	700	8713	18
nugget	701	8711	18
Rebelized	702	8711	18
Pandazsh	703	8707	18
JinShadow	704	8705	18
Yagamiar15	705	8701	18
Starchaser	706	8700	18
SunvLoenix	707	8699	18
JonTron007	708	8699	18
e718eternal	709	8698	18
Manwydnfblyr	710	8694	18
Bwats	711	8693	18
TheDougler	712	8691	18
jflow	713	8690	18
WhiteMamba24	714	8689	18
Undercovers	715	8688	18
Tondo	716	8683	18
BenRen	717	8681	18
BlueYeti	718	8673	18
Bigpopy	719	8672	18
Nemo	720	8670	18
herpasherp	721	8668	18
SEXGIANT	722	8666	18
TK680	723	8665	18
Nembrot	724	8664	18
MisA	725	8663	18
Sang3000	726	8663	18
Kozen	727	8660	18
IOnlyScam	728	8660	18
Gaffy	729	8656	18
Sid	730	8656	18
WawayWildman	731	8655	18
ForTheHorde	732	8655	18
BánhXèo	733	8653	18
tomski	734	8652	18
Shadowfax	735	8652	18
FlyingStars	736	8651	18
deathSTAR	737	8649	18
pat5765	738	8647	18
KareemHS	739	8646	18
GrimRipper	740	8640	18
Lettuce	741	8640	18
Yukiz	742	8637	18
DriedOrange	743	8631	18
Virot2	744	8630	18
GingaNinja	745	8628	18
kmach	746	8625	18
NoahSchwartz	747	8624	18
Subasion	748	8623	18
Zeldar26	749	8620	18
안녕로봇	750	8619	18
asfnot	751	8619	18
Lee	752	8615	18
MysteryMan	753	8615	18
Drg	754	8613	18
Enratic	755	8609	18
Icedrakkon	756	8606	18
icopping	757	8605	18
Metzli	758	8604	18
Percival	759	8603	18
Last	760	8602	18
TheCanadian	761	8597	18
nitelight9	762	8596	18
Player	763	8596	18
Fenrir	764	8594	18
Niko	765	8594	18
Nathan	766	8593	18
ナガネギマン	767	8592	18
Mulligan	768	8590	18
RedZombie	769	8586	18
Bernard	770	8586	18
Katt	771	8584	18
roncsakdani	772	8578	18
Dan	773	8578	18
IceDragon	774	8578	18
Deathlobsta	775	8564	18
ZeroIchiNi	776	8561	18
TheFishIsBig	777	8561	18
Plasmatic	778	8560	18
Alabra	779	8558	18
JustGodly	780	8556	18
Phlasmatic	781	8556	18
MHG	782	8554	18
jdunnsup	783	8553	18
ToxicCurse	784	8552	18
Vikester	785	8550	18
Substitute	786	8550	18
munkeybasher	787	8541	18
aIIduck	788	8541	18
grindylo	789	8541	18
Igg	790	8540	18
Nix	791	8533	18
AlzyMero	792	8532	18
MrOperator42	793	8532	18
Godrift	794	8527	18
Delecto	795	8525	18
imkhpie	796	8524	18
Kythechixguy	797	8522	18
DemonCrystal	798	8519	18
ZTR	799	8516	18
chanman	800	8516	18
Brennanasaur	801	8514	18
BruInfinity	802	8513	18
xCrookyx	803	8509	18
Phoenix	804	8508	18
ulki00	805	8507	18
Barrackoli	806	8507	18
MooncakeET	807	8505	18
Hapax	808	8505	18
Gee	809	8503	18
Hochwart	810	8498	18
BouncyKnight	811	8496	18
kevin359	812	8492	18
Pickz	813	8491	18
Dpsbot	814	8490	18
Xaj	815	8484	18
wowgamer69	816	8483	18
VurkeTTV	817	8483	18
Lucksack	818	8481	18
LightYoggami	819	8480	18
Chichikov	820	8478	18
Kavalier	821	8477	18
Brandon592	822	8477	18
beastmode	823	8476	18
Inno	824	8475	18
tendergreens	825	8474	18
warzon	826	8473	18
zPoltergeist	827	8464	18
gabiruBR	828	8462	18
Baxrus	829	8460	18
Effort	830	8459	18
Hsuan	831	8459	18
Pandax	832	8458	18
Tarjaen	833	8457	18
GordoJoe	834	8453	18
FakeBadger	835	8453	18
DandyRav	836	8450	18
GeTwHiTe	837	8448	18
Halcyon	838	8444	18
ПозднийКот	839	8441	18
Darkness	840	8440	18
Babby	841	8437	18
Yelena	842	8435	18
ShibbyDibby	843	8435	18
JonnyBaby	844	8433	18
Wizrod	845	8433	18
callous	846	8422	18
Danger	847	8421	18
Zzz	848	8420	18
MaxMunch	849	8419	18
GamingDsordr	850	8419	18
CowScrotum	851	8416	18
ZhuZong	852	8414	18
T820	853	8414	18
LucasMorais	854	8411	18
RhitaGawr	855	8410	18
Smacky	856	8409	18
Klonoa	857	8406	18
SuperNova	858	8405	18
Dragoon	859	8405	18
MTS	860	8404	18
Zae	861	8404	18
plant	862	8404	18
AzureEagle	863	8403	18
Kapibara	864	8403	18
Herekev	865	8400	18
Cody712	866	8400	18
Josh	867	8395	18
buickwaffle	868	8389	18
Ugodanny	869	8387	18
PBuhJelly	870	8386	18
blueSnake	871	8385	18
RickyRickk	872	8382	18
Fondle	873	8381	18
Origin	874	8378	18
mangeto	875	8371	18
EbonHydra	876	8370	18
Stifmeister	877	8369	18
Angel4321	878	8367	18
Ace	879	8365	18
Solandir	880	8365	18
EZ3	881	8364	18
mahkala	882	8364	18
DomGov	883	8364	18
DarkGeist	884	8363	18
Dreaming6	885	8362	18
木木木	886	8360	18
EXIT	887	8354	18
Plant	888	8354	18
ServeIapetus	889	8353	18
itsmeaton	890	8353	18
BattleOoze	891	8352	18
LawBringer	892	8352	18
纵使骸骨成尘而去	893	8351	18
Zhs	894	8350	18
Burgundron	895	8349	18
Woody	896	8346	18
Kingslayer	897	8342	18
RenSei	898	8340	18
TheRev	899	8336	18
Bazyliszek	900	8333	18
DizzyRogue	901	8332	18
Keklort	902	8330	18
SLOTHIZ	903	8329	18
WebShank	904	8329	18
Orwellian	905	8329	18
Jake	906	8329	18
yeet	907	8325	18
Rhapsody	908	8323	18
Biu	909	8322	18
Empty	910	8320	18
Monkesito	911	8318	18
Turtle	912	8317	18
AlexJustin	913	8316	18
vexing	914	8314	18
SupremeToast	915	8314	18
Hiruneko	916	8312	18
anonym	917	8309	18
Kizzit	918	8306	18
planet	919	8306	18
OrangeHeadz	920	8305	18
Nextella	921	8305	18
Hotsoup	922	8304	18
PlayerOne	923	8304	18
VarusLegion	924	8303	18
Nippleman	925	8296	18
jeebus	926	8296	18
Criuh	927	8295	18
Fratios	928	8295	18
JappySW	929	8295	18
sdzklfqejfkl	930	8295	18
Darkraiagain	931	8293	18
mei	932	8291	18
dragonmaster	933	8287	18
Saidgewick	934	8285	18
CypressKeys	935	8285	18
Mowataplz	936	8285	18
MaxNHisBeard	937	8281	18
Ordal	938	8278	18
Bunny	939	8274	18
Squishy	940	8273	18
RedAstro	941	8272	18
gerbs	942	8272	18
Yuki	943	8271	18
Zeke	944	8271	18
Jrb	945	8270	18
Nikanoru	946	8269	18
DapperDwarf	947	8266	18
Farllen	948	8264	18
Damthanhtoan	949	8262	18
fourth	950	8260	18
TheMagicBoy	951	8259	18
BearCheese	952	8259	18
Tastycakes4U	953	8259	18
epiphanyplx	954	8254	18
BL4ZE	955	8254	18
Piston	956	8253	18
Elastiko	957	8252	18
Letmepass	958	8251	18
Fchango	959	8249	18
LODON	960	8249	18
Cyrus	961	8248	18
PolarBear	962	8246	18
Arkae	963	8242	18
Tibarn	964	8240	18
Raidon	965	8238	18
Dyorgyo	966	8237	18
juzforpvp	967	8237	18
Butterscotch	968	8235	18
Zackrth	969	8234	18
YeNN	970	8233	18
Yukas	971	8233	18
Ducky	972	8232	18
amsage	973	8232	18
ItzFated	974	8229	18
椒唐	975	8229	18
SageLion	976	8228	18
Eyan	977	8228	18
Plastyqueen	978	8223	18
晨宝	979	8221	18
Number23	980	8219	18
Raeghar96	981	8218	18
Makii	982	8216	18
Saitam	983	8216	18
冬將軍因貝爾	984	8214	18
aqjx	985	8213	18
porkee	986	8212	18
MightyOwl	987	8210	18
Ursk	988	8209	18
voin	989	8208	18
MushySmushy	990	8207	18
Molizane	991	8205	18
Bruhffalo	992	8205	18
Kodiak	993	8205	18
MMRaie	994	8204	18
Aquiles	995	8203	18
Exzist	996	8202	18
DJWCB	997	8202	18
Arbot	998	8202	18
Komdåå	999	8201	18
DeChosenJuan	1000	8199	18
MrStealYoGrl	1001	8198	18
xKirewx	1002	8198	18
ToS	1003	8197	18
TriPiva	1004	8195	18
MightyOwl	1005	8195	18
Rechtangles	1006	8195	18
PinkFloyd	1007	8192	18
DrozDroz	1008	8191	18
黑糖冬瓜茶冰	1009	8190	18
Dolan	1010	8190	18
Jaydenjames	1011	8189	18
Onedeag	1012	8189	18
bl00dcreat0r	1013	8188	18
Tab	1014	8187	18
Absentdrks	1015	8186	18
FrankMJ	1016	8186	18
GrazeD	1017	8185	18
Cakez	1018	8185	18
Nei	1019	8181	18
MoistMate	1020	8180	18
SilentKing	1021	8180	18
Reum	1022	8177	18
devtron	1023	8176	18
BigPatty	1024	8176	18
OneHit	1025	8171	18
Hype	1026	8170	18
ArtemisMoon	1027	8169	18
PeePeePaPa	1028	8169	18
aThaiDude	1029	8168	18
Gilig	1030	8168	18
TheDead19	1031	8165	18
Ermine719	1032	8161	18
RealityBreak	1033	8160	18
Johcamp	1034	8159	18
TeemoDon	1035	8157	18
ebmiller	1036	8156	18
BananaInHand	1037	8155	18
Starawr	1038	8155	18
Toothless	1039	8153	18
Gabbbbby	1040	8151	18
oryox	1041	8149	18
Edge	1042	8148	18
Buggy	1043	8147	18
Ryderzor	1044	8147	18
ShinyHero	1045	8147	18
Cereal4Me	1046	8146	18
Godant	1047	8144	18
RealOtaku	1048	8144	18
PPIIGG	1049	8143	18
HereIam	1050	8142	18
Calakan	1051	8141	18
kdxcii	1052	8140	18
OVINIcultor	1053	8139	18
JRocc	1054	8139	18
Chico	1055	8138	18
Zach96	1056	8137	18
YoppaFPS	1057	8134	18
BAICIZHAN	1058	8134	18
Iomedae	1059	8134	18
RazieL	1060	8133	18
Shima	1061	8131	18
ItzComical	1062	8129	18
ピクルス	1063	8128	18
Alfeeel	1064	8126	18
Narcissus	1065	8126	18
Thetubbygoat	1066	8123	18
Taksaka	1067	8119	18
frantano	1068	8119	18
Colgate	1069	8118	18
NickConti	1070	8117	18
Doyeb	1071	8116	18
DUNK4CC1N0	1072	8116	18
Xstatic	1073	8115	18
MuffinMan	1074	8114	18
HsOsullivan	1075	8113	18
Trap	1076	8113	18
crazynick	1077	8111	18
fragn3nt	1078	8110	18
Brandoa	1079	8108	18
CanisX	1080	8107	18
HansenC	1081	8104	18
Cesinha	1082	8103	18
JadeHound	1083	8102	18
zzhs1	1084	8099	18
MetaKnight	1085	8099	18
Invas	1086	8098	18
JumpyWizard	1087	8097	18
Hypnos	1088	8097	18
StaceysMom	1089	8096	18
Snygg	1090	8096	18
IloveBob	1091	8094	18
art2d2	1092	8093	18
Chef	1093	8092	18
Staledorito	1094	8092	18
Vapour	1095	8091	18
Chronicle	1096	8091	18
MMM100	1097	8089	18
RiseAboveIt	1098	8089	18
TanVReaper	1099	8088	18
loimiKmod	1100	8087	18
MrFreeman	1101	8087	18
Hopscotch	1102	8086	18
TropicMango	1103	8086	18
david	1104	8083	18
Sang	1105	8083	18
darryI	1106	8082	18
Puikoko	1107	8082	18
DAMING	1108	8081	18
CyberZ	1109	8081	18
Cebolinha	1110	8079	18
Incoming2012	1111	8079	18
Coldstyx	1112	8079	18
A420Boi	1113	8079	18
PapaPopOff	1114	8079	18
Champ	1115	8078	18
Carmine	1116	8077	18
ForsakenHK	1117	8076	18
DustyJoE	1118	8076	18
AllForAiur	1119	8074	18
SaltIsSalty	1120	8074	18
Sheiqck	1121	8073	18
Nutmeg	1122	8073	18
jvelas38	1123	8072	18
Kheba	1124	8071	18
DaGamer	1125	8071	18
Treacherouss	1126	8070	18
f1sh	1127	8069	18
Spleensoup	1128	8069	18
Hiebie	1129	8069	18
FranklyAwful	1130	8069	18
Jusang	1131	8068	18
Nin123	1132	8068	18
Phizy	1133	8067	18
happaly	1134	8067	18
Zuchi	1135	8067	18
TANTAM	1136	8067	18
Aithas	1137	8066	18
NunoSantos	1138	8066	18
FrostyCow	1139	8066	18
Punchinello	1140	8066	18
NorinGrand	1141	8065	18
Smith	1142	8065	18
SilentSword	1143	8064	18
Serpentine	1144	8064	18
Cabrakan	1145	8064	18
ZrAzrael	1146	8064	18
DriftKingDB	1147	8064	18
Hoff	1148	8064	18
Shakalo	1149	8063	18
Viridae	1150	8062	18
Paradoxdoxox	1151	8062	18
syn	1152	8062	18
ChodySpanks	1153	8062	18
PolarBear	1154	8062	18
TheStampede	1155	8061	18
jaded	1156	8061	18
ZardoZ	1157	8061	18
Zenpai	1158	8060	18
squid	1159	8060	18
Shawnee104	1160	8060	18
Fisherizzo47	1161	8060	18
GamemeGam	1162	8058	18
ervanos	1163	8058	18
BJammin	1164	8058	18
Reaper51	1165	8056	18
Set	1166	8056	18
Balthazar	1167	8056	18
NewFable	1168	8056	18
bravemac	1169	8056	18
FireAndBlood	1170	8055	18
初代たまご王子	1171	8055	18
Ban	1172	8055	18
top555hoho	1173	8055	18
KidA	1174	8054	18
Nausea	1175	8054	18
GhostPersona	1176	8053	18
JohnDavid	1177	8053	18
TheArtiste	1178	8053	18
PeakyLord	1179	8053	18
Krakenation	1180	8053	18
Cup	1181	8053	18
Henriqs	1182	8052	18
SnowPatrol	1183	8052	18
Juanita	1184	8052	18
Fenrir	1185	8052	18
SBDOG	1186	8052	18
LemonTank	1187	8051	18
Fattoo	1188	8051	18
Machiavelik	1189	8050	18
Hoax	1190	8050	18
ÜberØMüschi	1191	8050	18
DeadlyKitten	1192	8049	18
Papou	1193	8049	18
TheBest	1194	8049	18
kjoct	1195	8049	18
RayW	1196	8049	18
Truedark	1197	8048	18
Azzerac	1198	8048	18
TheRoach125	1199	8048	18
Hackmeoff	1200	8048	18
hetgigher	1201	8048	18
Predator	1202	8047	18
Weebism	1203	8047	18
Haislip89	1204	8046	18
WangFlap	1205	8046	18
JaqueLeGrand	1206	8046	18
HappyFeet	1207	8046	18
CursedVenom	1208	8046	18
OldmnJenkins	1209	8045	18
Missabeth	1210	8045	18
MrdownNout	1211	8045	18
Konvicka	1212	8045	18
QuartzOrc	1213	8045	18
Sang	1214	8045	18
LeLouch	1215	8044	18
Sdog556	1216	8044	18
kalinec39	1217	8044	18
Vortex	1218	8044	18
BoBoBear	1219	8044	18
jmo	1220	8044	18
zword	1221	8043	18
TonyDeath	1222	8043	18
Amplify	1223	8043	18
Maegwyna	1224	8043	18
GoldSeed	1225	8042	18
MeatCastle	1226	8042	18
alchpake	1227	8042	18
RamboJohny	1228	8042	18
Ripley	1229	8041	18
Reid121	1230	8041	18
Gambuan	1231	8041	18
OldGreg	1232	8040	18
mcmcsalot	1233	8039	18
FrigidOfDoom	1234	8039	18
Sakamoto	1235	8039	18
MasterPear5	1236	8039	18
kyarol	1237	8039	18
Antox13	1238	8038	18
NGUeTholon	1239	8038	18
Malibu2026	1240	8038	18
Try2be	1241	8037	18
KingDom	1242	8037	18
Korris	1243	8037	18
PostalJebus	1244	8037	18
Nymeria	1245	8036	18
Elephant	1246	8036	18
Charybdis	1247	8036	18
barelypoor	1248	8036	18
Acenova87	1249	8036	18
Brito76	1250	8036	18
Soliduz	1251	8036	18
Bakemono	1252	8036	18
roswells	1253	8035	18
agreetedboat	1254	8035	18
Yahweh949	1255	8035	18
AbleTheBard	1256	8035	18
Steamboat	1257	8035	18
Mustafa	1258	8034	18
Squid6	1259	8034	18
SortOfFish	1260	8034	18
Jonforce44	1261	8033	18
Nothankyou	1262	8033	18
sentient713	1263	8033	18
HeraldofSalt	1264	8033	18
OMG	1265	8032	18
Ghost	1266	8032	18
brazASjunior	1267	8032	18
树懒拉臭臭	1268	8031	18
Fygor	1269	8031	18
FakeDoctor	1270	8031	18
lordboogar	1271	8031	18
Shark	1272	8031	18
RobotNinja	1273	8030	18
Lepton14	1274	8030	18
RobbieRotten	1275	8030	18
MrLollipop	1276	8030	18
mrwendyxxl	1277	8030	18
Jenovan	1278	8030	18
Kodac	1279	8029	18
skyrent	1280	8029	18
Buuh	1281	8029	18
ReeserRocket	1282	8029	18
TenaciousTom	1283	8029	18
Rudenewport	1284	8029	18
Compensating	1285	8029	18
Chubuda	1286	8029	18
Carousel	1287	8028	18
Joelisatank	1288	8028	18
Millhouse	1289	8028	18
jw1496	1290	8028	18
ricardo8103	1291	8028	18
Animalcraker	1292	8028	18
DanteDrackis	1293	8028	18
Velocivus	1294	8028	18
Voxtrel	1295	8028	18
Raines	1296	8028	18
FlyPhillyFly	1297	8028	18
Fitz	1298	8027	18
gcy1996	1299	8027	18
SwampApe	1300	8027	18
Draenorlord	1301	8027	18
Xolaryn	1302	8027	18
tmcdon	1303	8027	18
Killjester	1304	8027	18
catkill	1305	8026	18
niCe	1306	8025	18
Coathanger12	1307	8025	18
Dastardly	1308	8025	18
FlynnMint	1309	8025	18
ริคุ	1310	8025	18
dylduk213	1311	8025	18
OODonger	1312	8025	18
marve	1313	8024	18
AmaduesMK	1314	8024	18
Komari	1315	8024	18
OGKnappy	1316	8024	18
Reprisal	1317	8024	18
FatalThread	1318	8024	18
Macgruber	1319	8023	18
Blandeezy	1320	8023	18
dontlazerme	1321	8023	18
BBQBanditz	1322	8023	18
Muntjxc	1323	8023	18
Drqcozen	1324	8022	18
MildSambal	1325	8022	18
Goldentaint	1326	8021	18
TonySniper	1327	8021	18
tomwang0120	1328	8021	18
Destroyer	1329	8021	18
Niclmaki	1330	8020	18
喂～	1331	8020	18
Wandereule	1332	8020	18
jige	1333	8020	18
Iuliia	1334	8020	18
Neryen	1335	8020	18
Gim	1336	8020	18
sab2418	1337	8019	18
Rijokev	1338	8019	18
KoalaTHerb	1339	8019	18
OverD0ze	1340	8018	18
Charwall	1341	8018	18
Stormblade	1342	8018	18
Merlin	1343	8018	18
ThomasDATank	1344	8017	18
AwesumPossum	1345	8017	18
Alcsaar	1346	8017	18
Hedges	1347	8017	18
mrTiger	1348	8016	18
Kirra	1349	8016	18
SweetJehebus	1350	8016	18
WarBunny	1351	8016	18
joyseh	1352	8016	18
Piracy	1353	8016	18
Wafflesjr	1354	8015	18
Imurphy47	1355	8015	18
jjackattack	1356	8015	18
NicolBolas	1357	8015	18
Shazgath	1358	8015	18
GunSwitch	1359	8015	18
NC11	1360	8015	18
Jake1ender	1361	8015	18
Racric	1362	8015	18
dacosta	1363	8014	18
Sho	1364	8014	18
간소한태도	1365	8014	18
Winning	1366	8014	18
Jéssica	1367	8014	18
Gigamonkey2	1368	8014	18
Sloth	1369	8013	18
DOLLAR	1370	8013	18
SHReKSCRaCK	1371	8013	18
ilce	1372	8013	18
Cranerry1	1373	8013	18
wickedr	1374	8013	18
Chovasboy	1375	8012	18
DroolingNoob	1376	8012	18
Cursed14	1377	8012	18
Zion	1378	8012	18
Chuzox	1379	8011	18
add1eadd1e	1380	8011	18
Bromz	1381	8011	18
WoogienatorZ	1382	8011	18
ISNTRAEL	1383	8011	18
LilBill328	1384	8011	18
Nowurhealed	1385	8011	18
Meeney	1386	8010	18
Turimboze	1387	8010	18
Sgtandrew	1388	8010	18
KillerNoise	1389	8010	18
IntenseToast	1390	8010	18
UL7RA	1391	8009	18
tigerb	1392	8009	18
BooGahLoo	1393	8008	18
Bananacognac	1394	8008	18
Drake	1395	8008	18
DaZanii	1396	8008	18
Zaroua	1397	8007	18
Dewiz	1398	8007	18
InkyGOAT69	1399	8007	18
GìMP	1400	8007	18
rexasaurus	1401	8007	18
Dandlewood	1402	8007	18
Buddy0816	1403	8006	18
DongDe	1404	8006	18
Unstark	1405	8006	18
HASONGGI	1406	8006	18
ZiliaxPerfec	1407	8006	18
ares	1408	8006	18
HeroHeart	1409	8006	18
AgentScarn	1410	8006	18
KalinaXXX	1411	8006	18
Thortag	1412	8006	18
Anselmix	1413	8005	18
bensra	1414	8005	18
Spectral	1415	8005	18
guMbyy	1416	8005	18
CyBeR	1417	8005	18
syhr	1418	8005	18
Mazwa	1419	8005	18
wugs	1420	8005	18
Drewpoo24	1421	8004	18
ZugZug	1422	8004	18
SuricatoBR	1423	8004	18
ResilintBear	1424	8004	18
Hawaii	1425	8004	18
CalmGuyAnran	1426	8003	18
Forsaken	1427	8003	18
Kishimo	1428	8002	18
lichadin	1429	8002	18
MagicMan	1430	8002	18
KidMC	1431	8002	18
Muonz	1432	8002	18
MrWorldwide	1433	8002	18
Dak	1434	8002	18
PlatypsSmily	1435	8002	18
Eon	1436	8002	18
Zika	1437	8001	18
HordeTime	1438	8001	18
OpalRhino	1439	8001	18
RunBackwards	1440	8001	18
nitemist11	1441	8001	18
Gallows	1442	8001	18
madpatter	1443	8001	18
SmilyPlatyps	1444	8001	18
Chillafox	1445	8000	18
xXatu	1446	8000	18
FrenzyFox	1447	8000	18
Sarlo	1448	8000	18
MiningProbe	1449	8000	18
Thornflame	1450	8000	18
ricky	1451	8000	18
DuckNINJAAA	1452	8000	18
Remedies	1453	8000	18
