Deedrayn	1	20000	12
bot1	2	18514	12
Simba	3	18182	12
КЕРРИ	4	18110	12
mesolstii	5	17161	12
ZHIQING	6	16988	12
Spidy	7	16733	12
lokk2345	8	16440	12
高须龙儿	9	16270	12
KAPTOXA	10	16155	12
ZengKa	11	16005	12
GUSYRA	12	15671	12
naylek	13	15634	12
Brankz	14	15486	12
zingz	15	15423	12
darth	16	15261	12
wystanich	17	15188	12
kaito1412	18	15109	12
happysmile	19	15079	12
Tefanis	20	15034	12
clamox	21	15022	12
WatchMeDougi	22	14949	12
Koshchei	23	14799	12
IRONQ	24	14703	12
Ksedden	25	14686	12
kyztheone81	26	14570	12
Горыныч	27	14440	12
ENiERiTE	28	14288	12
ddlydoll	29	14239	12
Dang3r	30	14193	12
Slyders	31	14115	12
Alijson	32	14110	12
HaapaE	33	14011	12
HuaH	34	13848	12
NUMB	35	13813	12
Sury	36	13776	12
bitzu	37	13757	12
cuckchromo47	38	13584	12
irohabit	39	13555	12
王耀华	40	13545	12
BECHA	41	13508	12
Seynar	42	13079	12
Tuillok	43	13036	12
Terminator	44	13011	12
Chyva4ok	45	12970	12
Ghixor	46	12958	12
Melkor	47	12957	12
zertyter9	48	12931	12
thatjt	49	12916	12
Randolf	50	12912	12
TheArcher	51	12911	12
Zenitix	52	12908	12
nisaasz	53	12861	12
managaOleh	54	12861	12
Malisar	55	12786	12
WabasH	56	12646	12
Kirby	57	12629	12
xeet	58	12621	12
KrEShiK	59	12613	12
viv86	60	12559	12
MusclGui	61	12555	12
XiaoDi	62	12502	12
Finespoo	63	12475	12
rusrobert4	64	12470	12
SteakFrite	65	12470	12
Dito	66	12469	12
dieither	67	12440	12
Viconia	68	12410	12
Хочунаручки	69	12371	12
AdamakeL	70	12345	12
much2pro4you	71	12286	12
Axolotlya	72	12279	12
totosh	73	12254	12
Maxxoun	74	12242	12
Hinforsti	75	12234	12
Slipo	76	12206	12
FEIFEI	77	12189	12
CuriousHeart	78	12176	12
Bibma	79	12144	12
Iuezercat	80	12136	12
HugeBang	81	12134	12
olegafren	82	12128	12
Mario68	83	12104	12
EDGE	84	12098	12
Баклажан	85	12090	12
TreeDar	86	12082	12
MarkOFF	87	12077	12
Faktiz	88	12074	12
Jenemai	89	12065	12
hero	90	12047	12
Meliodas	91	12039	12
pepo271995	92	12022	12
胡一半	93	12021	12
xdmenXD	94	12020	12
Sneaklol	95	12017	12
WhiteBerry	96	12014	12
Sidqt	97	11999	12
	98	11974	12
Грыжа	99	11973	12
iuphul	100	11972	12
DeadlyMouse	101	11946	12
Леший	102	11925	12
Few	103	11921	12
LooGiiQQ	104	11900	12
FlameBear	105	11893	12
EMAUKA	106	11889	12
regons	107	11879	12
jakejakejake	108	11852	12
Vengevyne	109	11845	12
succersn	110	11841	12
TjockaLinnea	111	11777	12
DoubleCrunch	112	11773	12
Grim	113	11768	12
ADVOCATE	114	11760	12
TwitchKABAN	115	11733	12
Moonlight	116	11722	12
FatherOfBob	117	11663	12
merak1t	118	11653	12
maks20k	119	11649	12
DayWeen	120	11647	12
Anastasia	121	11646	12
Quutamo	122	11631	12
Spirit	123	11628	12
JeppeLund	124	11627	12
PredaThor	125	11624	12
обосрштан	126	11618	12
Bomjag	127	11610	12
Tonusu	128	11586	12
soyo	129	11577	12
UnholyBomb	130	11573	12
Unta1ented	131	11560	12
Xeno	132	11555	12
dogselle	133	11551	12
BAOXUELVCHA	134	11546	12
Lasmiranda	135	11438	12
tristrat	136	11424	12
ciprian04q	137	11419	12
Insulx2	138	11419	12
Matise	139	11410	12
OliveCrane	140	11407	12
Bybeto69	141	11374	12
Oli	142	11371	12
Casper	143	11352	12
Marcus	144	11317	12
jaix	145	11297	12
Yatech	146	11276	12
YingYing520	147	11275	12
好运长在	148	11275	12
GorDan	149	11270	12
aldmian	150	11261	12
DTolm	151	11257	12
critic	152	11254	12
巧克只有力	153	11253	12
Skiaparelli	154	11238	12
ToKiLl	155	11236	12
Kaktus	156	11222	12
Boomi	157	11209	12
Zero	158	11203	12
Player	159	11199	12
AimerElysia	160	11187	12
randydady	161	11180	12
Teho12345	162	11154	12
Yogg	163	11146	12
IrmaLaerQ	164	11139	12
Spyro	165	11139	12
HateMurloks	166	11126	12
MadeBySuhich	167	11112	12
ShrekIsLove	168	11110	12
yek	169	11108	12
Kunni	170	11105	12
Tom1990	171	11099	12
CaHe4Ka	172	11092	12
Eisenerf	173	11091	12
R4ptur3	174	11088	12
SimonLee	175	11086	12
TedJefferson	176	11085	12
Solitude	177	11075	12
pastaS	178	11075	12
Tim	179	11071	12
JJRDUsniper	180	11041	12
Imanerog	181	11038	12
Chaotic	182	11037	12
nnn1k	183	11033	12
AlexH5	184	11028	12
Banqu	185	11014	12
Tyrion	186	11013	12
Mulon	187	10994	12
慧再见	188	10985	12
Draupner	189	10981	12
Piaircarray	190	10980	12
VladElisha	191	10972	12
AzorkSnow	192	10972	12
R1csxl	193	10964	12
Tars	194	10959	12
axu	195	10955	12
Schutzengel	196	10955	12
ModniySapog	197	10951	12
Panzer8	198	10947	12
GAZIM	199	10943	12
JackBeam	200	10939	12
BarryBatsbak	201	10936	12
Ghotus	202	10935	12
Warbringer	203	10933	12
niceW	204	10925	12
QuizPBacon	205	10903	12
Xeus	206	10896	12
Vosfi	207	10884	12
按钮	208	10880	12
Ted	209	10878	12
Simon	210	10875	12
aggeeinnbg	211	10872	12
martin	212	10870	12
XQN	213	10868	12
Denvort	214	10868	12
Raskinz	215	10868	12
YTRedCatML	216	10867	12
Tchikalaboum	217	10863	12
waalispgm	218	10859	12
Povar	219	10852	12
Жужалица	220	10847	12
Sayōnara	221	10840	12
ЗлойМелкий	222	10818	12
Turtleton	223	10818	12
BTR	224	10810	12
yyzzss	225	10808	12
l099y	226	10806	12
Markus	227	10803	12
JackFastGame	228	10798	12
Kellersen	229	10796	12
Salonearbuz	230	10787	12
krikerman	231	10785	12
Th3Magny	232	10766	12
СэрМрргглтон	233	10764	12
Mathkb	234	10763	12
samara	235	10759	12
MrAnanasYT	236	10751	12
Osiris	237	10748	12
DashVo4ko	238	10737	12
Aservus	239	10736	12
Batu	240	10731	12
wackz	241	10727	12
totsamikolya	242	10716	12
CrispyS	243	10709	12
Riton	244	10702	12
Leaper	245	10700	12
fkbch	246	10697	12
kalefo	247	10685	12
Nesqui	248	10684	12
Immortist	249	10678	12
Satanell	250	10676	12
fantozzi	251	10674	12
wzhiqin	252	10663	12
Djokane	253	10661	12
Колбаса	254	10641	12
Desidia	255	10638	12
funkyhead	256	10628	12
Diminou	257	10623	12
cj660	258	10618	12
lido	259	10617	12
levik	260	10617	12
tlxz	261	10616	12
Vict2706	262	10616	12
ТочныйЭлекк	263	10609	12
Fro5ti	264	10605	12
纯脑瘫	265	10600	12
Gloosik	266	10594	12
vladikx	267	10585	12
reantony	268	10581	12
Fargaz	269	10575	12
Leaftip	270	10568	12
SBackflip	271	10560	12
ЗлыеШтаны	272	10558	12
Boss	273	10558	12
Goblin	274	10554	12
Xhiku	275	10550	12
domdordir	276	10549	12
祸害天下	277	10537	12
Gvinpin77777	278	10531	12
Igor	279	10519	12
TTVCornysan	280	10519	12
Phobios	281	10512	12
Koleco	282	10501	12
MyghtyBeast	283	10501	12
Leyl44	284	10501	12
colapumpkin	285	10499	12
Eucalyps	286	10496	12
HYDFATHER	287	10490	12
govno4	288	10490	12
Amethyst	289	10473	12
demonium71	290	10472	12
Banned100500	291	10472	12
Dinxinho	292	10471	12
Criminal	293	10466	12
Bobby	294	10459	12
DrGuFy	295	10458	12
sinestre	296	10449	12
SkrO	297	10444	12
Nainno	298	10442	12
MiniNinja	299	10438	12
ttvJTFhs	300	10436	12
sjow	301	10430	12
Joar	302	10429	12
TuTri	303	10427	12
aaaabbbbbccc	304	10426	12
persh	305	10420	12
pirre	306	10406	12
Nightwalk	307	10406	12
Alukard	308	10405	12
梦是林下夕	309	10396	12
KR8	310	10384	12
miesman	311	10380	12
Eimz	312	10379	12
可樂煲南瓜	313	10376	12
Унижатель	314	10367	12
Nyastia	315	10367	12
Hori	316	10359	12
kornoth	317	10352	12
Donrobzen	318	10340	12
xTy	319	10336	12
Thurgesius	320	10334	12
Albertus	321	10333	12
ChristosG3	322	10333	12
Snag1st	323	10307	12
Gnoki	324	10303	12
elbisso	325	10295	12
AcólitoAzul	326	10293	12
ThaLui	327	10292	12
RyZeY	328	10288	12
erijo	329	10287	12
Random	330	10263	12
XSEN	331	10258	12
Mercyfull	332	10255	12
PidRosan	333	10242	12
frost	334	10237	12
SlicedFred	335	10227	12
kamukaze	336	10219	12
Chewbaccahim	337	10215	12
JustaZz	338	10214	12
Bean	339	10209	12
XPYXPY	340	10195	12
Funker1337	341	10192	12
StyleHappy	342	10184	12
SAY09ARA	343	10181	12
pepsipriest	344	10181	12
glowin9	345	10176	12
Caly	346	10174	12
vmsep	347	10167	12
swatcol	348	10165	12
Kizami	349	10161	12
Cocos	350	10158	12
DSanimation	351	10158	12
TheRandoMage	352	10152	12
Воробушек	353	10150	12
Polipomm	354	10146	12
kallevonbach	355	10140	12
CassiusClay	356	10140	12
YeChuyang	357	10127	12
Deeckey	358	10126	12
Animalo	359	10124	12
BTR4ER	360	10113	12
QuartzLion	361	10111	12
yoshi6409	362	10108	12
mock1ngb1rd	363	10104	12
aubergine	364	10101	12
Nalidon	365	10097	12
Wyddaf7	366	10092	12
AZeDiG7	367	10090	12
Kamalost	368	10087	12
Yeugeny	369	10081	12
SpinaLogaMan	370	10078	12
e3sura	371	10072	12
Theo	372	10070	12
Tangusik	373	10070	12
聒噪的米色幽靈	374	10067	12
mrli	375	10067	12
ConkAndBepis	376	10065	12
Smogren	377	10064	12
dave14810	378	10064	12
Tiluma	379	10058	12
RomaMEGA	380	10056	12
LilOzi	381	10053	12
Wololo	382	10053	12
Saga	383	10050	12
Andevas	384	10049	12
Mup	385	10047	12
Niftgaitor	386	10046	12
RunBlue	387	10043	12
Velzu	388	10040	12
Sindra	389	10034	12
Fred	390	10030	12
NoReflexLFT	391	10030	12
UnrulyGoyim	392	10030	12
Krys	393	10026	12
Morty	394	10024	12
Enjojjo	395	10023	12
BigSashaGrey	396	10020	12
lostov	397	10019	12
TrueGenjutsu	398	10019	12
Мэйбл	399	10018	12
Andushalan	400	10017	12
кисскаМск	401	10016	12
GUYNP	402	10013	12
PenPen	403	10010	12
Grizzlyhunte	404	10009	12
PashtetRU	405	10008	12
KÖNIGRASEK	406	10008	12
RareRune	407	10007	12
sadon	408	9999	12
drunkenrebel	409	9994	12
SkillerRi87	410	9991	12
hohotyn	411	9988	12
Sonya	412	9987	12
Kaory	413	9973	12
L13	414	9972	12
Fasbii	415	9972	12
Sephitz	416	9968	12
RopeBurn3000	417	9963	12
Bowser	418	9961	12
Dayday	419	9961	12
溫和的金色麋鹿	420	9959	12
bnetAdjutant	421	9956	12
SemisToriy	422	9949	12
Stevvi	423	9946	12
paggyjuice	424	9939	12
Euro	425	9927	12
Deylos	426	9917	12
Destructor13	427	9917	12
laon	428	9915	12
Lunatic	429	9915	12
Clementdesc	430	9912	12
近方未近	431	9903	12
Picasdar	432	9902	12
Syrc	433	9898	12
Cmerd	434	9894	12
DdlydollFan	435	9873	12
Poyo	436	9869	12
gotomaars	437	9868	12
Tranx	438	9866	12
Titanesque	439	9866	12
ScreaM	440	9865	12
Uortodox	441	9864	12
hordasss	442	9864	12
RunicTitan	443	9862	12
JTnD	444	9862	12
Dihpop	445	9858	12
assdoop	446	9854	12
metre	447	9852	12
Керриган	448	9843	12
Maverick	449	9841	12
yorickjoo	450	9841	12
Dawstrog	451	9840	12
streamsniper	452	9839	12
Manok	453	9839	12
Guukboii	454	9839	12
KREBETKA	455	9830	12
BOBBINONION	456	9826	12
ocetp	457	9818	12
S1lvers	458	9813	12
kekw	459	9812	12
Refyoka	460	9810	12
BlindFaith	461	9807	12
SpnAllmighty	462	9807	12
Fedeone	463	9804	12
LordKaeN	464	9801	12
Михаил	465	9786	12
DontBuyTrash	466	9786	12
Lucky	467	9786	12
OneOfMany	468	9785	12
Ulquiorra	469	9781	12
DeathDonator	470	9778	12
Dimmaster	471	9776	12
Dard	472	9775	12
ShowMeLL	473	9766	12
Firas	474	9765	12
metto21	475	9764	12
Tarnetos1	476	9749	12
conjohn	477	9744	12
WarWick	478	9738	12
Ralul	479	9738	12
Xrimfff	480	9737	12
ApocalipsuL	481	9734	12
Pazuzu	482	9724	12
Kermi	483	9723	12
Eclipex	484	9713	12
邪惡的暗紅色矮子	485	9703	12
АнТи	486	9694	12
Korkhov	487	9693	12
Fr0l	488	9692	12
Romapsp1998	489	9691	12
LetDragoon	490	9690	12
qwerty	491	9687	12
beaker	492	9687	12
Folero	493	9686	12
KochNess	494	9685	12
nadjiteck	495	9683	12
Xincongcue	496	9682	12
LetVenomz	497	9675	12
Jackyal	498	9675	12
picotte	499	9674	12
Me1k1i	500	9673	12
AveK	501	9672	12
Viggo	502	9671	12
Burger	503	9665	12
AfinaLaretty	504	9664	12
KomboKotik	505	9662	12
darkwind	506	9656	12
tolstoy	507	9653	12
boom	508	9652	12
Hazard	509	9649	12
Qiraa	510	9648	12
FruitDealer	511	9646	12
HQNA	512	9638	12
whitewolf	513	9636	12
Gounet	514	9635	12
Netspace	515	9626	12
Fangor	516	9625	12
Fezeusz	517	9624	12
Kimpay	518	9623	12
Tek	519	9610	12
BattleGDD	520	9598	12
WAWA	521	9598	12
zsh	522	9592	12
Felkeine	523	9591	12
Reeborn	524	9587	12
Phatteh	525	9586	12
Ravi	526	9583	12
zoco	527	9581	12
Turee00	528	9580	12
Lemongrade	529	9576	12
Ariegiii	530	9569	12
Darthy	531	9569	12
Excalibur	532	9568	12
Kylo	533	9566	12
Ledokol	534	9563	12
vitriel	535	9561	12
drwoke	536	9555	12
Cheddo	537	9554	12
Laurii	538	9554	12
koebes	539	9553	12
karpik	540	9553	12
Alex	541	9551	12
Barbakonan	542	9549	12
MasterYa	543	9545	12
ХичШТ	544	9545	12
缺德时代	545	9544	12
Сергеич	546	9542	12
iDrezden	547	9539	12
Taeki	548	9538	12
zhngwu	549	9537	12
RavioliKiwi	550	9537	12
Mafro	551	9535	12
MrFortune	552	9529	12
lykmihjqi	553	9529	12
Faighter	554	9522	12
j03y13	555	9519	12
Hendruid	556	9518	12
DEN007	557	9515	12
Tenuem	558	9515	12
Aladeer	559	9512	12
Edo	560	9511	12
Aubrey	561	9511	12
RoaDto20k	562	9508	12
CheveuxSale	563	9508	12
Ferron	564	9505	12
Anwesend	565	9505	12
TiamaT	566	9503	12
Noreturn	567	9502	12
Tammazzo	568	9501	12
Hobdi	569	9501	12
Ticher	570	9499	12
gglgbq	571	9492	12
NieGlück	572	9490	12
Fourmizzz0	573	9485	12
Halifox	574	9479	12
Aventurier	575	9476	12
Kespito	576	9476	12
Champiflux	577	9475	12
xMegAtPaXePx	578	9474	12
РоботКолдун	579	9474	12
ChampiPourri	580	9472	12
Aeternatus	581	9467	12
ЭхЧтоЗаТяги	582	9464	12
Lerooy	583	9463	12
God1entO	584	9462	12
x3Hardcorex3	585	9462	12
Gwore	586	9458	12
Winter01	587	9456	12
Sielfyr	588	9455	12
Zelda	589	9454	12
Henke	590	9452	12
Lastadan	591	9452	12
Gods	592	9449	12
MrInvisable2	593	9446	12
Gram3r	594	9438	12
OurseChic	595	9436	12
Klotzman	596	9435	12
Wildhero	597	9433	12
MaRiOsPrO	598	9430	12
brutal	599	9429	12
Vaynard	600	9428	12
KevinWillis	601	9425	12
Dieger	602	9424	12
Juliajm	603	9424	12
Khorne	604	9421	12
GeorgeBailey	605	9421	12
Vision	606	9418	12
Griselbrand	607	9415	12
Archangel20	608	9412	12
mbogos	609	9411	12
Pack	610	9411	12
coilnovagg	611	9409	12
SarahDasta	612	9408	12
Zokaboom	613	9407	12
Martje	614	9404	12
Awais	615	9404	12
NiKo	616	9404	12
selios	617	9402	12
BraveWolves	618	9397	12
ZeroTwoXD	619	9390	12
Peetak	620	9388	12
DirtyHarry	621	9387	12
Xopek	622	9382	12
Elon0717	623	9381	12
ERIK	624	9378	12
tvTwinSidde	625	9377	12
HeadHunter	626	9377	12
HuyaGuo	627	9371	12
JEBKA	628	9369	12
LoRd	629	9369	12
viljo	630	9367	12
Zener	631	9363	12
Lasingoo	632	9360	12
NikVog	633	9359	12
Dante	634	9358	12
F22Raptor	635	9356	12
Жироменталь	636	9355	12
xharlesw	637	9353	12
Nia	638	9353	12
Alastair	639	9353	12
FluX	640	9352	12
Narumo	641	9350	12
Vicolecho	642	9347	12
gazaman11	643	9345	12
SeeCreeper	644	9342	12
ikun	645	9341	12
Fritetour	646	9341	12
DingDong	647	9340	12
sharp	648	9337	12
HeavyMetal	649	9336	12
Gumball	650	9334	12
Binger	651	9332	12
Akira	652	9328	12
Leowzz33	653	9327	12
vados	654	9323	12
Kwild	655	9318	12
ФАКОВ	656	9317	12
NasWhy	657	9316	12
Jack	658	9316	12
XtazFuneral	659	9310	12
WhiteNoise	660	9305	12
oliech	661	9305	12
RNGESUS	662	9304	12
Legend99	663	9301	12
AURA	664	9300	12
Tarannon	665	9297	12
SweepSheep	666	9296	12
TVtwinsidde	667	9295	12
CardMaster	668	9293	12
altar	669	9292	12
FlipyHogy	670	9291	12
Elmaco	671	9288	12
Alone	672	9286	12
lklgbq	673	9275	12
Aventurier	674	9272	12
亡靈犬	675	9272	12
Cheesecake	676	9268	12
Eis	677	9268	12
Aeris	678	9268	12
Kexxytos	679	9260	12
meetzemonsta	680	9257	12
RubeKOT	681	9255	12
Glada	682	9249	12
CNbarcode777	683	9245	12
maoliuncle	684	9243	12
Holop	685	9242	12
CrispyBacon	686	9242	12
Mommos	687	9240	12
Крабик	688	9239	12
mrPoh	689	9238	12
OZDO	690	9234	12
Coldsoul	691	9228	12
Nordom	692	9225	12
Cortex	693	9225	12
PPPPPVP	694	9222	12
Scorlio67	695	9221	12
gr0nas	696	9214	12
чертконченый	697	9213	12
Roland	698	9212	12
Headcrusher	699	9212	12
goldegram	700	9210	12
SlapDarius	701	9209	12
thBlezz	702	9209	12
Xinjii	703	9208	12
Stivens	704	9206	12
PoorOEdipus	705	9206	12
SweenyTod	706	9206	12
RebelCamel	707	9204	12
Just1kz	708	9202	12
LAcity	709	9201	12
rsteele	710	9201	12
Esther	711	9198	12
nikitos	712	9196	12
Goryo	713	9195	12
Samer	714	9195	12
Lunorri	715	9195	12
rooonieo	716	9192	12
KICKplysovoy	717	9191	12
FlaMe	718	9188	12
WYWY	719	9184	12
Alcapone	720	9183	12
LittleOgre	721	9183	12
freshial	722	9177	12
theolos	723	9175	12
Prikolist	724	9174	12
Sjakalen	725	9170	12
abdhflo	726	9169	12
PUFFERNO1	727	9169	12
Leatherman	728	9165	12
Miro	729	9163	12
Arox	730	9163	12
Gruby	731	9161	12
dethroned	732	9161	12
Artemikl	733	9161	12
Anye	734	9159	12
Krabutnitza	735	9157	12
ЕбучийШакал	736	9151	12
MetraVetangi	737	9151	12
Dagobert	738	9151	12
Sarah	739	9149	12
Ryukuma	740	9148	12
RomaNest	741	9141	12
LyBovSky	742	9137	12
PeteMorr	743	9133	12
BroncoKDD	744	9132	12
Onlythis	745	9129	12
ctm62	746	9126	12
titusbonk	747	9124	12
Sacrifice	748	9124	12
OverdoseTR	749	9120	12
IgorZaichka	750	9119	12
JooFtww	751	9119	12
majekako	752	9118	12
hypadao	753	9116	12
GrafTrahula	754	9116	12
wikikeeper	755	9114	12
Dreamliner	756	9114	12
Daywalker	757	9114	12
Grobelj	758	9109	12
Uncontrolled	759	9107	12
MaikrofT	760	9102	12
Gudleifur	761	9102	12
jyramiidi	762	9100	12
Taljara	763	9100	12
RoLLeem	764	9098	12
creepov	765	9097	12
Flash	766	9097	12
Thundermaw	767	9094	12
TrickyZerg	768	9094	12
RomanKnight	769	9094	12
PirreSmurf	770	9094	12
妖精兰斯洛特	771	9091	12
GeekBoy	772	9091	12
Сюри	773	9089	12
Darship	774	9087	12
PARADOX	775	9084	12
Robirom	776	9082	12
Bear	777	9080	12
Fredinio	778	9077	12
Wasserman	779	9077	12
future	780	9076	12
Mathes	781	9074	12
Falini	782	9074	12
Ivator	783	9073	12
tipvbs	784	9068	12
Feed	785	9067	12
Ono	786	9063	12
Vladislav	787	9063	12
GreatMarau	788	9063	12
Overlord	789	9061	12
Deltacryo	790	9060	12
CuVeR	791	9058	12
Losty	792	9057	12
Mykon	793	9056	12
pLaid	794	9055	12
RinceMagus	795	9055	12
KOR3ANiZ3Dx	796	9054	12
ПерекатиПоле	797	9051	12
HolyTerroR	798	9050	12
shveps	799	9050	12
Snuggykins	800	9050	12
Shipe	801	9049	12
BeLka	802	9048	12
Urs	803	9048	12
MiniNinja	804	9048	12
Stranger	805	9047	12
Synapse	806	9046	12
終夢	807	9045	12
Darkbambi	808	9045	12
m9y44u0	809	9044	12
xFA	810	9043	12
AcidSmack	811	9043	12
Floflo541	812	9042	12
Rahm	813	9040	12
zomos	814	9039	12
APBUZ	815	9038	12
DLASTOVAS	816	9038	12
Snick21rus	817	9038	12
StefanLund	818	9037	12
Tazuo	819	9037	12
norad	820	9037	12
shootnik	821	9037	12
miiiisha	822	9035	12
Seta	823	9035	12
Dwopie	824	9029	12
PatAfrique	825	9029	12
Zairasakkal	826	9029	12
Sqwirl	827	9028	12
Cameron	828	9028	12
InfInIty	829	9028	12
asd1asd22061	830	9027	12
Javicobos	831	9025	12
Nomja	832	9025	12
Siel19	833	9023	12
hamed	834	9023	12
chancewaters	835	9023	12
зергушонак	836	9023	12
LokTarOgar	837	9022	12
ImpYCelyn	838	9022	12
Ash	839	9021	12
Gogeta	840	9019	12
shipe	841	9017	12
buzalac	842	9017	12
Teddyatya	843	9017	12
Vanitas	844	9016	12
yrotshi	845	9016	12
АдскийВолк95	846	9016	12
ЛовкиеПальцы	847	9015	12
SandroZet	848	9014	12
Zhid228	849	9013	12
Draxienn	850	9012	12
Demon	851	9012	12
Робби	852	9011	12
Cytro	853	9009	12
Vasser	854	9008	12
DanZero	855	9006	12
Типси	856	9006	12
Noquar	857	9004	12
DanFld	858	9004	12
Kawasaki	859	9001	12
KaT9Ipa	860	8999	12
LiZB0U31	861	8999	12
dofmxakoxjh	862	8998	12
jeef	863	8997	12
Spirituus	864	8997	12
EasyPush	865	8992	12
Dam7970	866	8990	12
IchMussRaus	867	8989	12
Bananasonfan	868	8987	12
godwei	869	8986	12
HyinaRas	870	8986	12
Nosferu	871	8986	12
Kaneki	872	8984	12
Roldorf	873	8984	12
Bigstomach	874	8983	12
PGGAME	875	8983	12
pilis	876	8982	12
FRANKYSUPER	877	8981	12
chompdada	878	8979	12
Knord	879	8978	12
Fullflash	880	8978	12
FNK	881	8976	12
HopeIsDead	882	8974	12
TOCTEP228	883	8973	12
TheUruk	884	8973	12
sprinkled	885	8973	12
GraveShadow	886	8972	12
OBud	887	8970	12
KriD	888	8968	12
farsching	889	8966	12
gothiqueFll	890	8961	12
Leney	891	8961	12
exstaz	892	8958	12
UnrealWorld	893	8957	12
max7586	894	8957	12
Viest	895	8956	12
Cero	896	8955	12
Aksouz	897	8954	12
ol3jaba	898	8953	12
JohnSouls	899	8950	12
Flipby	900	8950	12
V1be	901	8948	12
аманкингкрут	902	8947	12
Youkee	903	8947	12
Burnout	904	8947	12
demonuga	905	8945	12
Ocine	906	8945	12
Desik	907	8944	12
Ragnaros	908	8944	12
KirLela	909	8942	12
Qsirlovers	910	8940	12
Scopulus	911	8940	12
BOMBERMAN	912	8939	12
Foxs1k	913	8938	12
Jilx	914	8936	12
iMHuzzla	915	8931	12
CantbenameD	916	8927	12
Marcus	917	8926	12
Alderego7	918	8926	12
Pix	919	8925	12
Allatiel	920	8924	12
Hozyain	921	8924	12
ArthurDC60	922	8923	12
aptemsexy	923	8921	12
m0rtal	924	8920	12
НаБутылке	925	8917	12
Absolut1on	926	8916	12
mattia	927	8915	12
Bobby	928	8915	12
Eubs	929	8914	12
Sergo	930	8912	12
popolo	931	8911	12
Lev113	932	8911	12
Speed	933	8909	12
LuCaHaMa	934	8901	12
SilverName	935	8901	12
Arkken	936	8901	12
Abdulhadi	937	8896	12
pise4raptor	938	8895	12
Krevedko	939	8893	12
zloyVomka	940	8892	12
goomna	941	8889	12
KuositoVélez	942	8889	12
RDB	943	8884	12
Kr0n0s	944	8883	12
MrPumkinDuke	945	8883	12
eCans	946	8881	12
ПустойКит	947	8881	12
Threetrees	948	8879	12
Keel	949	8878	12
BarouseE	950	8877	12
Cyanogen	951	8877	12
Tpjbx	952	8876	12
Railgun	953	8875	12
Darkness	954	8874	12
Balzathor	955	8873	12
Lackschuuh	956	8873	12
TREEy	957	8873	12
寒冷的綠色老鷹	958	8871	12
Rednemus	959	8871	12
tztbqwrsqv	960	8869	12
MoxLotus	961	8867	12
ProBeater	962	8867	12
FunkySH	963	8867	12
xMaKa	964	8867	12
DocGyneco	965	8865	12
Kraa	966	8864	12
AnomaLY	967	8864	12
Nagib	968	8863	12
Darknessnya	969	8860	12
MementoMori	970	8860	12
Тв0юМАТЬ	971	8860	12
Istintivo	972	8859	12
JMLKayn	973	8858	12
JrWolfbrandt	974	8857	12
Seth	975	8857	12
KeepUp	976	8856	12
Kir	977	8854	12
liniment	978	8854	12
Hunt4P	979	8852	12
xgendry	980	8850	12
yoloswag133	981	8848	12
Sankhaman	982	8848	12
Table	983	8847	12
Kitty366	984	8845	12
powerFUN	985	8845	12
NGSYui	986	8843	12
Urs	987	8841	12
Tjiel	988	8840	12
Neil	989	8839	12
StealerNaix	990	8838	12
Palon	991	8836	12
Vilswarm	992	8832	12
clooudus	993	8832	12
Murdok	994	8830	12
Garanoob	995	8828	12
WotVrotTakWo	996	8828	12
MysterY	997	8828	12
XPOFT	998	8827	12
AzureBat	999	8827	12
Anyone	1000	8826	12
СвятогООООр	1001	8824	12
Dopldr17	1002	8824	12
crazyWombat	1003	8824	12
Leta	1004	8822	12
allanwake	1005	8822	12
exclusive	1006	8820	12
BryanRSCL	1007	8819	12
Vektor	1008	8818	12
Chroume	1009	8817	12
WTFree	1010	8816	12
Kinglin	1011	8815	12
bart2	1012	8815	12
Ems	1013	8813	12
Diemydarling	1014	8812	12
JPoker98	1015	8811	12
Scugno	1016	8808	12
Reddigan	1017	8807	12
Egyptolog	1018	8807	12
notNN	1019	8807	12
Rx9Thanatos	1020	8806	12
LemonSquid	1021	8806	12
Zhectb	1022	8804	12
Сява228	1023	8802	12
pilalas	1024	8802	12
Calm	1025	8802	12
Pax	1026	8801	12
Derbabyboy	1027	8801	12
Vatrius	1028	8800	12
Matthi	1029	8799	12
РайскийДемон	1030	8798	12
Nature	1031	8798	12
inconnus	1032	8797	12
vvv	1033	8793	12
dominategame	1034	8792	12
Kiwi	1035	8792	12
MrFallafel	1036	8791	12
Crucifer	1037	8790	12
Lido	1038	8788	12
CrazyCat	1039	8785	12
Женя	1040	8785	12
Кнетчес	1041	8782	12
Odens	1042	8782	12
Leviathan	1043	8780	12
Servetel	1044	8778	12
Monster	1045	8777	12
SherrifPiele	1046	8775	12
Gimli	1047	8775	12
RusMgk	1048	8773	12
Kyros	1049	8773	12
GhostReaper	1050	8772	12
FrozenMoment	1051	8769	12
Nordhesser	1052	8769	12
Smilec	1053	8767	12
Лежа	1054	8767	12
臭卷宝来亲亲	1055	8766	12
kelshow	1056	8766	12
wnjxlyhctdfx	1057	8765	12
OldForsen	1058	8763	12
LemonRyan	1059	8761	12
Гейопа911	1060	8761	12
Riemuloota	1061	8761	12
Morph	1062	8760	12
wee1yea1ra	1063	8759	12
Solik41	1064	8759	12
TheMudify	1065	8753	12
clousty8	1066	8752	12
Tïti	1067	8752	12
Irony	1068	8752	12
Ephare	1069	8751	12
chunkOfMeat	1070	8748	12
Evu	1071	8745	12
ManBeerPick	1072	8744	12
Naefling	1073	8743	12
anwfragma	1074	8743	12
Sorry	1075	8743	12
RiseAgainst	1076	8740	12
yovis	1077	8738	12
彼岸	1078	8737	12
bbox65	1079	8737	12
tMi	1080	8735	12
Banaantje	1081	8733	12
LokSiDe	1082	8732	12
LuckyJek	1083	8731	12
BradWong	1084	8729	12
NazRaF	1085	8728	12
senzapaura	1086	8724	12
GnomoMagico	1087	8723	12
Cha1ned	1088	8721	12
Dildaev	1089	8720	12
Room	1090	8720	12
ТайныйКраб	1091	8719	12
でか父	1092	8718	12
Котун	1093	8718	12
sandromarke	1094	8713	12
Bob	1095	8713	12
Sivaxxus	1096	8712	12
Woose	1097	8711	12
Adark	1098	8710	12
Moneyvbane	1099	8709	12
turbokiller	1100	8709	12
kevin15674	1101	8708	12
AlexNSK	1102	8708	12
Ghost1381	1103	8706	12
PsyLok	1104	8706	12
MrZebr0	1105	8706	12
Nath935	1106	8704	12
S1mon	1107	8702	12
Aphrim	1108	8702	12
Rickert	1109	8698	12
AeroKev	1110	8696	12
juggernaut	1111	8695	12
richard	1112	8694	12
BobCB	1113	8694	12
Fluderutus	1114	8693	12
SiriusBlack	1115	8687	12
МощныеШтаны	1116	8685	12
Strann1k	1117	8682	12
路途远恒	1118	8681	12
fsd	1119	8681	12
Jon13200	1120	8680	12
SpaceMonkey	1121	8680	12
Ahdpen	1122	8679	12
logan621	1123	8677	12
NestingRock	1124	8677	12
Itachi568	1125	8676	12
Thokk	1126	8676	12
NIHAOA	1127	8675	12
УсатыйГусь	1128	8674	12
Artem	1129	8674	12
fulminant	1130	8674	12
ХрабрыйМорж	1131	8673	12
КорольОвощей	1132	8673	12
ElAndDeath	1133	8673	12
Dhios	1134	8673	12
IAkaneI	1135	8672	12
Snoopy	1136	8671	12
Patrozzeddu	1137	8669	12
Croisis	1138	8669	12
PIN4IK	1139	8668	12
blazr	1140	8668	12
GetdaFkOut	1141	8667	12
Santé	1142	8666	12
Kobra	1143	8665	12
F1JULIA	1144	8665	12
StrongTiger	1145	8665	12
Kingsman	1146	8664	12
Roxornoob	1147	8664	12
Tamirko	1148	8662	12
datk1ng	1149	8662	12
WuLLL	1150	8660	12
Suze	1151	8660	12
Hard	1152	8660	12
Talerscan	1153	8660	12
Jumanji	1154	8660	12
antimage	1155	8658	12
Nightmare	1156	8658	12
Lord	1157	8658	12
Devin	1158	8657	12
ZonDer	1159	8655	12
GamblerXS	1160	8653	12
Hanzo	1161	8652	12
tinou	1162	8652	12
shaeks	1163	8651	12
Whobetter	1164	8650	12
Zenkel	1165	8650	12
Anyanka	1166	8649	12
Жирныйлох	1167	8647	12
Coma	1168	8646	12
Kamaji	1169	8646	12
Raxus	1170	8645	12
vifchtein	1171	8645	12
DarkLegend	1172	8644	12
Joewiie	1173	8643	12
Alick121	1174	8642	12
ZeroReaper	1175	8642	12
mafano1	1176	8642	12
polik	1177	8641	12
Tyra	1178	8641	12
Zreem	1179	8641	12
RUSmDooM	1180	8641	12
AYaNeGotov	1181	8640	12
SecretPlayer	1182	8639	12
Lautarox	1183	8637	12
ADv	1184	8637	12
Mazush	1185	8637	12
LiLZenkov	1186	8636	12
IYAD	1187	8635	12
SneakySquid	1188	8635	12
Hylo	1189	8635	12
DinnersDins	1190	8634	12
Страйкер	1191	8634	12
ZakMiller	1192	8633	12
IceT	1193	8633	12
TheNorthDude	1194	8631	12
Krausz	1195	8628	12
kremo	1196	8628	12
Bob	1197	8627	12
Neyro	1198	8625	12
Martin1978	1199	8625	12
erzhan1613	1200	8625	12
不可视的世界线	1201	8624	12
Ledra	1202	8622	12
Nemmec	1203	8621	12
NoLaN	1204	8620	12
ConstastevE	1205	8616	12
BoYa	1206	8616	12
Array	1207	8615	12
Blackout	1208	8615	12
EirikXiXi	1209	8613	12
NewOnline	1210	8612	12
СЕГАПОЦЕЛУЕВ	1211	8612	12
PalachRoka	1212	8612	12
Disperatis	1213	8612	12
Sibitskibot	1214	8611	12
ASDF	1215	8610	12
Nightking	1216	8610	12
mitaka	1217	8610	12
Skaven	1218	8608	12
Markus1984	1219	8608	12
freewill	1220	8607	12
snus	1221	8607	12
Code	1222	8607	12
Chark	1223	8606	12
Theoderey	1224	8606	12
mbessard	1225	8606	12
SnowLHV	1226	8605	12
Advis	1227	8605	12
Shikamaru	1228	8604	12
ryanadetsu	1229	8603	12
WeeBonnieLas	1230	8602	12
warglaive	1231	8602	12
KefirTournam	1232	8602	12
pisterL	1233	8601	12
STUKT	1234	8601	12
Jackdan13ls	1235	8601	12
ДерзкийВолк	1236	8601	12
Varrak	1237	8600	12
Zylorz	1238	8599	12
Aviatom	1239	8598	12
Skarwage	1240	8598	12
bugsylla	1241	8598	12
Dranoxx	1242	8598	12
Krom	1243	8598	12
Godzilov	1244	8597	12
Ill08	1245	8597	12
ZAD	1246	8594	12
moris	1247	8594	12
Donger	1248	8594	12
FlaxLich	1249	8593	12
frostedpetal	1250	8593	12
Vodq	1251	8590	12
H3llo1tsM3	1252	8590	12
Evgeniy	1253	8590	12
Stefan	1254	8589	12
NuriDasHs	1255	8589	12
Evil	1256	8589	12
Artanis28	1257	8588	12
Siukei	1258	8587	12
Xili	1259	8587	12
Crazie	1260	8586	12
BeSafeCake	1261	8586	12
Bodi	1262	8585	12
Jellinek	1263	8585	12
eliasker	1264	8584	12
pharsalia	1265	8583	12
SakJo	1266	8583	12
totomaru	1267	8582	12
FALKO	1268	8581	12
Merkucco	1269	8581	12
Bing	1270	8578	12
Pint0	1271	8578	12
Deleska	1272	8578	12
МокрыйПони	1273	8577	12
Paranoia	1274	8577	12
Dartjik	1275	8577	12
YaKseL	1276	8575	12
PetaN	1277	8575	12
Hramoi	1278	8574	12
Mortyprats	1279	8573	12
Gulman	1280	8573	12
SexySpirit	1281	8571	12
LorenitaMola	1282	8569	12
GodgunPlus	1283	8568	12
dctrX	1284	8568	12
esmik	1285	8568	12
Бармен	1286	8568	12
Noshlo	1287	8565	12
Oxxxymiron	1288	8564	12
Xinting	1289	8563	12
Fiaw	1290	8562	12
Exuni	1291	8562	12
Dl3	1292	8562	12
DespaiRKZ	1293	8561	12
Benevolent	1294	8561	12
BlitzY	1295	8561	12
Pumpkin	1296	8561	12
Аджикинежаль	1297	8559	12
karakalez	1298	8559	12
Huby	1299	8559	12
Den4ik13	1300	8559	12
Wenera	1301	8558	12
Viola	1302	8558	12
WeeWeeRider	1303	8557	12
thithiboum	1304	8555	12
Baibai	1305	8553	12
UrukHai21	1306	8551	12
MegaMan	1307	8551	12
DonSikaleone	1308	8551	12
r1deRR	1309	8547	12
aw3	1310	8547	12
zattanas	1311	8546	12
марио	1312	8546	12
SzokeVince	1313	8546	12
Harald	1314	8545	12
ALF	1315	8545	12
smile	1316	8544	12
Gosu	1317	8544	12
Айра	1318	8541	12
Foni95	1319	8541	12
Bumbar44	1320	8541	12
Rimus	1321	8539	12
Turbokazakh	1322	8538	12
Mof	1323	8537	12
PieCeAcaKe	1324	8537	12
PR0EXTR1M	1325	8536	12
Genkid	1326	8536	12
EBY	1327	8536	12
thigaume	1328	8536	12
iFneSs	1329	8534	12
Death4el	1330	8534	12
Co6ol	1331	8533	12
Reconstruct	1332	8533	12
Bann	1333	8532	12
dakad	1334	8532	12
Malax	1335	8531	12
plushkan	1336	8530	12
Burhnach	1337	8528	12
Мичман	1338	8528	12
kistoxa	1339	8528	12
Walle	1340	8527	12
KimTwin	1341	8526	12
Shooller	1342	8525	12
houzidegangm	1343	8523	12
Destroya	1344	8523	12
Inimitable	1345	8521	12
RomainGouin	1346	8520	12
Cronix	1347	8520	12
Korkoka	1348	8520	12
Ruuxxi	1349	8519	12
d00m	1350	8519	12
XxToDxX	1351	8519	12
Gatr1vat	1352	8518	12
Snowx95	1353	8517	12
masterChiken	1354	8517	12
ЖораТавернов	1355	8516	12
Glauera	1356	8514	12
Saussiflarde	1357	8514	12
ParsaBunny	1358	8514	12
Abso	1359	8514	12
NasralKr3pko	1360	8513	12
ExcelLent	1361	8512	12
RaF	1362	8512	12
RUFF	1363	8511	12
Bambybaby	1364	8510	12
Baradwys	1365	8509	12
Senator	1366	8509	12
Sarkos	1367	8509	12
Dargoron	1368	8508	12
Hooyaka	1369	8507	12
AMIWAR	1370	8507	12
Midas	1371	8506	12
ЧестныйИндюк	1372	8505	12
pinkdrako	1373	8505	12
MiniNinja	1374	8505	12
LOKK	1375	8503	12
aersyo	1376	8503	12
King64	1377	8503	12
CptBalu	1378	8502	12
WildED	1379	8502	12
GojoInfinity	1380	8502	12
XENOSIS	1381	8502	12
AmaterasuFrk	1382	8501	12
ROXAN	1383	8499	12
Dufist	1384	8499	12
eliohu	1385	8499	12
Auro85	1386	8499	12
y0urnero	1387	8499	12
HiddenPants	1388	8498	12
Kiteyui	1389	8498	12
Taylor	1390	8497	12
NekiTosss	1391	8496	12
falkeone	1392	8496	12
Arkohite	1393	8495	12
xxw	1394	8494	12
Monopolyman	1395	8493	12
Gullaffe	1396	8493	12
Scady	1397	8492	12
Kiwy	1398	8492	12
JOJO	1399	8491	12
pro100kotik	1400	8490	12
Sapphiron	1401	8489	12
Daidah	1402	8489	12
Lyudmila	1403	8488	12
dnnnstshch	1404	8487	12
dyrak	1405	8487	12
Core	1406	8486	12
Ykatnin	1407	8485	12
KelTwoZad	1408	8485	12
Speeryck	1409	8485	12
Alkh	1410	8485	12
Kantstött	1411	8484	12
SeregaChe	1412	8483	12
Diplodont	1413	8482	12
nat5015	1414	8481	12
etily	1415	8481	12
vartman	1416	8481	12
MichaDG	1417	8481	12
我是笨蛋	1418	8481	12
Vox	1419	8480	12
gaidev	1420	8479	12
Leafa	1421	8479	12
Fentagin	1422	8479	12
arntarne	1423	8479	12
Sukinoi	1424	8478	12
RickAtacko	1425	8478	12
lroszal	1426	8477	12
Aventurier	1427	8477	12
RQGdown4live	1428	8477	12
Iluvatar	1429	8477	12
LonelyGirl	1430	8477	12
Deeping16	1431	8475	12
FallingLove	1432	8474	12
Uberhulk	1433	8474	12
Skardiz	1434	8473	12
Banker	1435	8473	12
PipL	1436	8472	12
nagibator228	1437	8472	12
Jhawks	1438	8472	12
Daark	1439	8472	12
Chaussette	1440	8471	12
Saker	1441	8471	12
Paskudei	1442	8470	12
Карбюратор	1443	8470	12
Mindsnipe	1444	8469	12
AntikerBoon	1445	8469	12
Albh	1446	8468	12
幻月之舞	1447	8468	12
eaglejkee	1448	8467	12
bizzard123	1449	8467	12
Palau	1450	8466	12
Antoine	1451	8465	12
creech	1452	8464	12
TzA	1453	8464	12
JadeDrake	1454	8463	12
Pro729	1455	8463	12
GuliGuli	1456	8463	12
Sly	1457	8463	12
DrNuman	1458	8461	12
Barlog	1459	8461	12
SzokeBence	1460	8461	12
viénne	1461	8459	12
cmfftw	1462	8459	12
timeout	1463	8458	12
Koishi	1464	8458	12
fantom	1465	8458	12
pince	1466	8458	12
aloprivetiki	1467	8458	12
РоботКолдун	1468	8457	12
PresIdenT	1469	8456	12
Omnicarbon	1470	8456	12
Wambo	1471	8455	12
Scenicc	1472	8455	12
inv8245	1473	8454	12
MannDExtreme	1474	8453	12
LeBron	1475	8453	12
Nossnahoj	1476	8453	12
Veret	1477	8452	12
MaselTov	1478	8452	12
rwbyandy	1479	8451	12
AsceLP	1480	8450	12
Ezboost10k	1481	8446	12
Mysticaall	1482	8446	12
Valien	1483	8446	12
eXtrakt	1484	8446	12
Nokak	1485	8444	12
老汉奸杀队友	1486	8443	12
Булат	1487	8443	12
thegr33nyone	1488	8443	12
KoalaKrognon	1489	8442	12
ksot	1490	8441	12
Mozzie	1491	8441	12
Jiggly	1492	8440	12
BimBimBamBam	1493	8440	12
Kuk0	1494	8440	12
Casadian	1495	8440	12
MagicTurtle	1496	8440	12
DrBerger	1497	8439	12
Belgan	1498	8439	12
NoWay	1499	8439	12
Ricbus	1500	8438	12
Fruchtensohn	1501	8438	12
RottenGhoul	1502	8438	12
tr1ckybu9	1503	8437	12
Åres	1504	8435	12
Ashariel	1505	8434	12
TomasHunter	1506	8434	12
shaddo	1507	8433	12
koresh1500	1508	8433	12
hoobinka	1509	8432	12
MethodMan	1510	8431	12
Denvin	1511	8431	12
DarkEmperor	1512	8430	12
mardipraxes	1513	8430	12
IlDavis	1514	8429	12
Alamega	1515	8429	12
Ghetthar	1516	8429	12
Qwasi	1517	8428	12
Maaarrrr	1518	8428	12
ВасаСрака47	1519	8426	12
Enzo1351	1520	8423	12
Coco	1521	8422	12
LAG	1522	8422	12
YuGiOh	1523	8422	12
ZXC1x1	1524	8421	12
rocho	1525	8421	12
flagvanus228	1526	8420	12
SimSon	1527	8420	12
МерзкийТип	1528	8420	12
koliansik	1529	8419	12
Wyvern	1530	8418	12
adiel	1531	8417	12
Mattias	1532	8417	12
Divayd	1533	8417	12
OhTakeItEasy	1534	8417	12
ValkinÐed	1535	8416	12
Gvr	1536	8416	12
danimal1408	1537	8414	12
roffyMonsta	1538	8413	12
DrastiC	1539	8411	12
Dorch	1540	8410	12
GGbenenfalls	1541	8409	12
Ketcher007	1542	8408	12
BVB	1543	8407	12
AlMa	1544	8407	12
GioKro	1545	8407	12
Kisonell	1546	8407	12
cosmos	1547	8407	12
EFG	1548	8406	12
Sortune	1549	8406	12
Tony	1550	8405	12
Arsiker	1551	8404	12
Escaramurza	1552	8403	12
FCov	1553	8401	12
Machete	1554	8401	12
VotTAKvot	1555	8400	12
MishTheGrEaT	1556	8400	12
Dosvidos	1557	8399	12
AlienFX	1558	8399	12
Foulgore	1559	8398	12
Izhizu	1560	8397	12
skeleton22	1561	8396	12
Foxy	1562	8396	12
Potapych	1563	8396	12
AuR3uS	1564	8395	12
Peppino	1565	8395	12
Deartos	1566	8394	12
Zayrox	1567	8394	12
Ggthusy	1568	8393	12
kiykovl	1569	8393	12
SamGold	1570	8393	12
Toslk	1571	8393	12
Viberg	1572	8392	12
MediumPurple	1573	8391	12
Yezechiel	1574	8391	12
Sun	1575	8391	12
Lugburz	1576	8390	12
KingCoke	1577	8390	12
Zealot	1578	8389	12
РезвыйМишка	1579	8387	12
BloodKing	1580	8386	12
Jojjer	1581	8386	12
vsemUDACHI	1582	8386	12
Emmerii	1583	8386	12
addmin	1584	8385	12
水鬼	1585	8385	12
Brook	1586	8385	12
Spiffy	1587	8385	12
ChatonGarou	1588	8384	12
IgorQ9	1589	8383	12
АналМатаров	1590	8381	12
jaysennr	1591	8381	12
Anthonhy	1592	8381	12
BRAKO	1593	8380	12
LoveUkraine	1594	8379	12
Bani	1595	8378	12
Mineralbad	1596	8378	12
Rider	1597	8377	12
Mad	1598	8377	12
ISeeYou	1599	8377	12
Zagibator	1600	8376	12
PigeonLord	1601	8376	12
KingMenin	1602	8375	12
Caroboss	1603	8373	12
Артём	1604	8373	12
GaLac	1605	8373	12
Firvon	1606	8373	12
FANTA	1607	8372	12
Spyrozgz	1608	8372	12
沉默寶劍	1609	8371	12
H2O	1610	8371	12
CarryPotter	1611	8371	12
ГУСЬТОП1	1612	8370	12
Azgal0r	1613	8369	12
AAFG	1614	8369	12
larsjekooi	1615	8369	12
Miraya	1616	8368	12
Alexeich	1617	8368	12
Sodo	1618	8367	12
InQ	1619	8366	12
ДедушкаЛенин	1620	8366	12
Donofifou	1621	8366	12
Erosia	1622	8366	12
TryckDany	1623	8365	12
markus	1624	8364	12
Artemeezy	1625	8364	12
Espy	1626	8362	12
niki	1627	8361	12
Zaster	1628	8360	12
Emilovic	1629	8359	12
irtem	1630	8359	12
Talker	1631	8359	12
kamisato	1632	8359	12
BigGanche	1633	8359	12
klonik	1634	8358	12
OpaNa	1635	8358	12
Starck	1636	8358	12
Soeurknatter	1637	8357	12
Jack999	1638	8357	12
MagmaRager	1639	8357	12
Wolfpower123	1640	8356	12
Arkoz	1641	8356	12
huyaBot	1642	8355	12
Vved1me4k0	1643	8355	12
Huskey	1644	8355	12
zrou	1645	8355	12
Akureimo	1646	8355	12
IIEHC	1647	8354	12
Andeiih	1648	8354	12
Arual	1649	8354	12
SHARKYY	1650	8353	12
pohyj	1651	8353	12
Bounty1	1652	8352	12
Killer	1653	8352	12
Laban	1654	8351	12
Kotenok	1655	8351	12
GameOver	1656	8350	12
Mephysto	1657	8350	12
Leukopeuko	1658	8349	12
joronojovann	1659	8348	12
ShiBaka	1660	8348	12
xIDream0n	1661	8348	12
Спокойнее	1662	8347	12
РЫДЦОРЬ	1663	8347	12
VeeV	1664	8347	12
MJM	1665	8347	12
Nacresker	1666	8346	12
Gilbert	1667	8346	12
Rouninieau	1668	8344	12
Доктор	1669	8344	12
AlimZ	1670	8344	12
Thuni	1671	8344	12
AlQaffass	1672	8344	12
xuanchen123	1673	8344	12
Proximal	1674	8343	12
МиниТитан	1675	8343	12
DaBaser	1676	8343	12
sakura	1677	8342	12
Queen	1678	8342	12
Famedparsley	1679	8342	12
Nataha	1680	8342	12
SpaceRacer	1681	8342	12
Emsi	1682	8342	12
Mad	1683	8341	12
FuzzyWuzzy	1684	8340	12
Hoking	1685	8339	12
Torman	1686	8339	12
Жопич	1687	8338	12
CrazyMage	1688	8338	12
Xtravalous	1689	8338	12
Mestema	1690	8338	12
ITSTOOEZ	1691	8337	12
PARMEZZZAN	1692	8337	12
GiG	1693	8337	12
CaptainJay	1694	8337	12
BlessR	1695	8337	12
Jeremy	1696	8336	12
DragonRouge	1697	8336	12
cba	1698	8335	12
Hyaenidae666	1699	8335	12
LeetError	1700	8335	12
Zaryos	1701	8335	12
Damodara	1702	8334	12
TeTo27	1703	8334	12
Medveba	1704	8334	12
kabo4ila	1705	8333	12
Louxy	1706	8333	12
Assofdeath	1707	8333	12
dawa3500	1708	8332	12
IVTSPingo	1709	8331	12
leo	1710	8331	12
DZZ	1711	8330	12
GHAD1278	1712	8330	12
TomasPW	1713	8329	12
Kronosbaff	1714	8329	12
GoldBear	1715	8328	12
WizardOwl	1716	8328	12
MrBit	1717	8328	12
Errathy	1718	8327	12
Dextreme	1719	8326	12
Fuk0ffski	1720	8326	12
JayFo	1721	8326	12
景天	1722	8325	12
Maliketh	1723	8324	12
КотУбийца	1724	8324	12
ShinyHaxorus	1725	8324	12
Духовный	1726	8322	12
hood	1727	8321	12
Fools	1728	8320	12
EXORCIST	1729	8320	12
Josheo	1730	8320	12
jooner14	1731	8320	12
Jelu	1732	8320	12
sutenpik	1733	8320	12
TrwwSporia	1734	8319	12
Pkkt	1735	8319	12
OTGprofessor	1736	8318	12
easymemes	1737	8318	12
KHORN	1738	8316	12
Xpeke	1739	8316	12
Чайлиптон	1740	8316	12
NUKIN	1741	8316	12
jna3y66	1742	8315	12
greatbug	1743	8313	12
serGEORGE	1744	8313	12
Coomer	1745	8312	12
Krmoje	1746	8312	12
Nariman	1747	8310	12
Lolik2	1748	8310	12
Krespo	1749	8310	12
Aksuz	1750	8309	12
Razack	1751	8309	12
WuggSaron	1752	8308	12
Holmberg	1753	8308	12
Lordusagi	1754	8308	12
SpaceMurloc	1755	8308	12
Bulldozer	1756	8308	12
Libra	1757	8307	12
Apdruha228	1758	8307	12
MorningStar	1759	8307	12
Thunderstorm	1760	8307	12
NAPA	1761	8307	12
CarefangME	1762	8307	12
AmorePicante	1763	8306	12
NotOps	1764	8306	12
sherman	1765	8305	12
IIATRIOT	1766	8304	12
Hezekiel	1767	8304	12
Hoav	1768	8304	12
Lolipop1	1769	8303	12
LeChris	1770	8302	12
OliHelland7	1771	8301	12
Medisa	1772	8301	12
Maximilian	1773	8300	12
BladeGlade	1774	8300	12
georj	1775	8300	12
Nahallikoff	1776	8298	12
Happyfatty	1777	8298	12
Whiteness	1778	8296	12
wiRer	1779	8296	12
Chornhold	1780	8296	12
Pepeg	1781	8295	12
RockNRave	1782	8294	12
Ocelotka	1783	8294	12
AivEr	1784	8294	12
Rotten	1785	8294	12
Moray	1786	8293	12
Hu87	1787	8293	12
Visions	1788	8292	12
Dark5ider5	1789	8292	12
Skalmanleif	1790	8291	12
Mfet	1791	8291	12
Rodinges	1792	8290	12
something	1793	8290	12
Molegion	1794	8290	12
Thanatos	1795	8289	12
Astaroth	1796	8288	12
Asshka	1797	8288	12
fisker	1798	8287	12
	1799	8287	12
zoric	1800	8287	12
DarkChrome	1801	8286	12
deadmøøn	1802	8286	12
Lndeep333666	1803	8286	12
brokenrudi	1804	8285	12
misha	1805	8285	12
Ankan	1806	8285	12
Dimannn	1807	8284	12
Supergeil	1808	8283	12
Cookie	1809	8283	12
Schelm	1810	8283	12
MiniKrabs	1811	8282	12
Pomorez	1812	8282	12
BLACK	1813	8282	12
Cold	1814	8282	12
A7X	1815	8280	12
Dexan	1816	8280	12
essentle	1817	8280	12
Hazumi	1818	8279	12
Fredbuhl	1819	8279	12
poxyfoxy	1820	8278	12
Zanil	1821	8277	12
Eindbaas	1822	8277	12
eL7	1823	8277	12
Gorgana	1824	8276	12
Fredeholst	1825	8276	12
Fawh	1826	8276	12
Schjelde	1827	8276	12
yanguiren	1828	8275	12
batman	1829	8275	12
Auzingueur	1830	8274	12
Erii	1831	8273	12
BeaTrix	1832	8273	12
Picta	1833	8273	12
MakaB0703	1834	8273	12
akanastorm	1835	8273	12
badazhik	1836	8272	12
EdieSpagheti	1837	8272	12
blazersnake	1838	8272	12
Itax	1839	8271	12
Herzagon	1840	8271	12
Laz	1841	8271	12
DJWCB	1842	8270	12
Qazl	1843	8270	12
Godovald	1844	8270	12
Harry	1845	8270	12
hikka47	1846	8270	12
Снежка	1847	8270	12
Zelies	1848	8269	12
uneverknow	1849	8269	12
Greecha	1850	8269	12
Djac	1851	8269	12
DSKoptev	1852	8268	12
vjeetje	1853	8267	12
Kuxi	1854	8267	12
Charline	1855	8267	12
powerrade	1856	8267	12
Adamantium	1857	8267	12
doggySTREAM	1858	8267	12
JordTOC	1859	8266	12
Eros	1860	8266	12
Grindborg	1861	8266	12
TheKingNunu	1862	8266	12
TYbabe	1863	8265	12
Fransman	1864	8265	12
iTorvic	1865	8265	12
crbnnn	1866	8264	12
Elwinbu	1867	8264	12
DYADYAEBALO	1868	8264	12
CalmFox	1869	8263	12
vita	1870	8262	12
DrRudi	1871	8262	12
Бригадир	1872	8262	12
Pinnenlol	1873	8262	12
Xirdman	1874	8262	12
HSCoolStream	1875	8261	12
arioh	1876	8261	12
Gyggis	1877	8261	12
warhammer3	1878	8261	12
KirDorf	1879	8260	12
Silv	1880	8260	12
JUDOKA	1881	8259	12
Goblin	1882	8259	12
al3ubed	1883	8259	12
Emmmm	1884	8258	12
Xiquitin	1885	8257	12
	1886	8257	12
thetvrdi	1887	8257	12
Canada	1888	8256	12
Fantasy	1889	8256	12
NovaINiek	1890	8255	12
vAlEr4iKs	1891	8255	12
Istaxiuatle	1892	8255	12
Wanderflo	1893	8255	12
Oli	1894	8255	12
airatpirat1	1895	8254	12
Jast	1896	8254	12
McWatt	1897	8254	12
Spongebob	1898	8253	12
Gertsoggg	1899	8253	12
Nazh	1900	8253	12
Bmco	1901	8252	12
S2Clarke	1902	8251	12
CallMeLenny	1903	8251	12
ImArrogant	1904	8250	12
PanicControl	1905	8249	12
BilbOk	1906	8249	12
Danny	1907	8249	12
AziZoMBiE	1908	8248	12
Dmise	1909	8248	12
MaxFX	1910	8248	12
BeigeGnoll	1911	8248	12
jeronimo42	1912	8248	12
SilentStorm	1913	8247	12
Thor182	1914	8246	12
Sienth	1915	8246	12
DethMechine	1916	8245	12
Rororo	1917	8245	12
TorkMen	1918	8244	12
	1919	8243	12
TYGEUR	1920	8243	12
Xeres	1921	8243	12
Val1512	1922	8242	12
CrysTaLL	1923	8242	12
RaptorJesus	1924	8241	12
Darien	1925	8241	12
MutenRoshi	1926	8240	12
Georg	1927	8240	12
RedRash	1928	8240	12
MickyT32	1929	8239	12
Félix	1930	8239	12
Fl0aty	1931	8238	12
Sheridan	1932	8238	12
Skerrigan	1933	8237	12
Спецогурец	1934	8236	12
kozoromto	1935	8236	12
Vanquish	1936	8236	12
MadDentist	1937	8235	12
Hilltoptea	1938	8234	12
Kapu	1939	8233	12
Vaughan	1940	8233	12
Massgiks	1941	8233	12
DekA	1942	8233	12
Sejino	1943	8232	12
enrp	1944	8231	12
Lazy34	1945	8231	12
Sekoya	1946	8231	12
Watsky	1947	8231	12
Kamu	1948	8231	12
Snawaky	1949	8230	12
Ibez	1950	8230	12
dxlog	1951	8230	12
	1952	8229	12
F2PCoach	1953	8229	12
UhOh	1954	8229	12
ХитрыйКраб	1955	8229	12
Корсар	1956	8228	12
Gizmo	1957	8227	12
angelixx	1958	8227	12
MetCashflow	1959	8226	12
DoubleCat	1960	8225	12
SzokoSwiR	1961	8225	12
gr0nas	1962	8225	12
暴雪绿茶害我重玩	1963	8224	12
Yillilu	1964	8223	12
DemonJester	1965	8223	12
Hocer	1966	8223	12
StefPap1	1967	8223	12
Areij	1968	8223	12
AntiUA	1969	8223	12
Riuga	1970	8223	12
MrJojoDolo	1971	8222	12
InThePink	1972	8222	12
Oilsaeff	1973	8220	12
微笑	1974	8219	12
Maz0x1st	1975	8219	12
Doc	1976	8219	12
Sherbamonsta	1977	8218	12
Milo78	1978	8218	12
McGinnis	1979	8218	12
Absolutely	1980	8217	12
jumbo33	1981	8217	12
G25G22310	1982	8217	12
Pirith	1983	8216	12
WildCat	1984	8216	12
Ferrechuinz	1985	8215	12
Nobody	1986	8215	12
erkk	1987	8215	12
Ole	1988	8213	12
Rabadan	1989	8213	12
JumpyLion	1990	8213	12
Logan	1991	8213	12
BibleThump	1992	8213	12
Twiii	1993	8213	12
anarhist543	1994	8212	12
Archie	1995	8212	12
Alex	1996	8212	12
Rogue	1997	8212	12
Faf	1998	8211	12
Noshera	1999	8211	12
Огрик	2000	8211	12
Sparkion	2001	8211	12
Minnzor	2002	8211	12
DragDish	2003	8210	12
MALA	2004	8210	12
Лоллилисичка	2005	8210	12
MrStalker	2006	8209	12
Itsche	2007	8209	12
Shadow	2008	8209	12
BarneyKoD	2009	8209	12
Rebirth	2010	8209	12
Kosty1924	2011	8208	12
Connor	2012	8208	12
Jingui	2013	8207	12
StealthNinja	2014	8206	12
MarkHuelius	2015	8206	12
SmartMario1	2016	8206	12
Nikola87	2017	8205	12
YougSuzy71	2018	8205	12
Dixil	2019	8205	12
GuessWho	2020	8205	12
Ozmos	2021	8205	12
KillerB	2022	8203	12
jackpot180	2023	8203	12
Pablouss	2024	8203	12
ZLore	2025	8203	12
LavaBat	2026	8203	12
kielbusm	2027	8202	12
Владсилав	2028	8202	12
JunKeR	2029	8202	12
Akella	2030	8202	12
Rupekius	2031	8201	12
GnEdL	2032	8201	12
Kowix	2033	8201	12
Hatul	2034	8201	12
goldendawn	2035	8201	12
Natendo	2036	8200	12
МанакоРыцарь	2037	8200	12
Burst	2038	8200	12
АгентСвинка2	2039	8200	12
CKCK	2040	8199	12
Exo	2041	8199	12
S1E	2042	8199	12
Haustechnik	2043	8199	12
kuye	2044	8199	12
Kaiuss	2045	8198	12
Ascard	2046	8198	12
Ghost	2047	8198	12
Ninjà	2048	8198	12
Xsenderes	2049	8197	12
Hollow	2050	8197	12
Garik	2051	8197	12
Thriss	2052	8195	12
Obsess	2053	8195	12
Ybivashka	2054	8195	12
Animrak	2055	8195	12
titouan	2056	8195	12
StopwarinUA	2057	8194	12
bob	2058	8194	12
Laserwings	2059	8194	12
anteres	2060	8191	12
MrLenny	2061	8191	12
Sayzer	2062	8191	12
JokesOnYou	2063	8190	12
Mili	2064	8189	12
Justice	2065	8189	12
crz	2066	8189	12
Frostik1337	2067	8187	12
Armandeo	2068	8187	12
Knoperaune	2069	8187	12
Tarkastaja	2070	8187	12
Rain	2071	8186	12
Thunderdyne	2072	8186	12
PoutreEPIQUE	2073	8186	12
mushroom	2074	8185	12
TallMelon	2075	8185	12
Brick	2076	8185	12
Cadby	2077	8185	12
antongorbach	2078	8185	12
Jarath	2079	8184	12
Kepasta	2080	8184	12
varnubug	2081	8184	12
Bekuwrulow	2082	8183	12
Neokje	2083	8183	12
RexRoyal	2084	8182	12
Tatsu	2085	8182	12
Iren	2086	8182	12
Holt	2087	8182	12
Люц	2088	8182	12
goliath	2089	8181	12
ksamax	2090	8181	12
TwitchNemxxx	2091	8181	12
Fedayn	2092	8181	12
GoshaOpasen	2093	8181	12
GunShi	2094	8180	12
ДикийЗверь	2095	8180	12
Ante	2096	8180	12
HelloWorld	2097	8180	12
Afolpa974	2098	8180	12
Kashkai	2099	8179	12
Гектор	2100	8179	12
OPOPOPOPzmnl	2101	8179	12
DarkinSlayer	2102	8178	12
Dalv	2103	8178	12
TwitchGkonzz	2104	8178	12
YaGotov	2105	8177	12
Klor	2106	8177	12
lollittle	2107	8177	12
Ozyono	2108	8177	12
Thinker	2109	8176	12
reVonder	2110	8176	12
Mort	2111	8176	12
Vidde	2112	8176	12
SHEFF	2113	8175	12
Kozula	2114	8175	12
Zuchi	2115	8175	12
toxjee	2116	8174	12
Yusana	2117	8174	12
XelaChim	2118	8174	12
Den777	2119	8174	12
Insousciance	2120	8174	12
WildWolf	2121	8173	12
Ptolemaeus	2122	8173	12
RodneyNula	2123	8173	12
shalls	2124	8172	12
PhoenixV	2125	8172	12
ILLENIUM	2126	8172	12
NasssPro	2127	8171	12
tglgbq	2128	8171	12
Romsbroms	2129	8170	12
doter	2130	8170	12
MrCat	2131	8170	12
Riernish	2132	8170	12
TiagoCosta	2133	8170	12
MG06	2134	8170	12
PenDragon	2135	8170	12
Jevil	2136	8169	12
DDave1509	2137	8169	12
Enteo	2138	8168	12
bigbobbypig	2139	8168	12
Vanya	2140	8168	12
AbbeTheStek	2141	8168	12
f4ntasy	2142	8168	12
ПупаЛупа	2143	8167	12
robertmp	2144	8167	12
Blaze420it	2145	8167	12
Noissue	2146	8167	12
SlimeyShnake	2147	8166	12
Sparklight	2148	8166	12
Doud78	2149	8166	12
link	2150	8165	12
shaarkY	2151	8164	12
Alekverd342	2152	8164	12
R7z	2153	8163	12
El3ctr0	2154	8163	12
tehbollejam	2155	8163	12
Viloutou	2156	8163	12
akyma	2157	8162	12
V1rusH0st	2158	8162	12
Whyte	2159	8162	12
Void	2160	8161	12
illusive	2161	8161	12
Shandec	2162	8161	12
Heheia	2163	8160	12
Bsaadati	2164	8160	12
Flyingjeje	2165	8158	12
Ни40си	2166	8158	12
Sebbue	2167	8158	12
呼呼哈嘿	2168	8157	12
WoodChuck	2169	8157	12
Gamester	2170	8157	12
DkPoDkaT	2171	8157	12
Claym	2172	8156	12
Bardack	2173	8156	12
PePe	2174	8156	12
Rygel	2175	8156	12
paweo	2176	8155	12
	2177	8155	12
NovaHydoNos	2178	8155	12
Yojimbo	2179	8155	12
JYKing	2180	8154	12
chenfu	2181	8154	12
CyberXGhoul	2182	8154	12
Loki	2183	8154	12
ТавернаБоба	2184	8154	12
DlovaN	2185	8154	12
Jergsen	2186	8153	12
TheDutchOne	2187	8153	12
fldxzz	2188	8152	12
OmarBinAmro	2189	8152	12
KAA	2190	8152	12
Jan21	2191	8152	12
Bwatte	2192	8152	12
lymyl	2193	8151	12
FunctionFarj	2194	8151	12
Rokenz0	2195	8151	12
MudroeDerevo	2196	8150	12
Meancor	2197	8150	12
Breckmann	2198	8150	12
Summone	2199	8150	12
shadowT37	2200	8149	12
Hardcore	2201	8149	12
Lestoman	2202	8149	12
korol	2203	8148	12
Tuhomo	2204	8148	12
DraY	2205	8148	12
Goodyounow	2206	8147	12
РезвыйМишка	2207	8147	12
Frost	2208	8147	12
Yyyeepi	2209	8146	12
Koketa	2210	8146	12
Phex	2211	8146	12
Narakes	2212	8146	12
Tar0vich	2213	8145	12
Banania	2214	8145	12
Tzarki	2215	8145	12
WhiteTigra	2216	8145	12
NightmareTX	2217	8144	12
DarkLegend	2218	8144	12
ZoomGG	2219	8144	12
MagicStarz	2220	8144	12
TwitchSmilEY	2221	8144	12
TimofeyBog	2222	8144	12
modzilapin	2223	8143	12
СВИН0БРА3ЕР	2224	8143	12
twizzler	2225	8143	12
Westeh	2226	8143	12
ilidan	2227	8143	12
Lo0ny	2228	8142	12
MrAkkk	2229	8142	12
Merselanse	2230	8141	12
Aeon	2231	8141	12
Sean	2232	8141	12
azaron	2233	8141	12
CAMEL	2234	8141	12
BouncyKnight	2235	8140	12
Antibi0tik	2236	8140	12
Simppadeexd	2237	8140	12
TheXRex	2238	8139	12
AxelPirate	2239	8139	12
Traizy	2240	8139	12
Khende	2241	8139	12
Karma	2242	8139	12
xNLxKILLERm	2243	8139	12
Second97	2244	8139	12
Tjall	2245	8138	12
Pwnbus	2246	8138	12
KingPlox	2247	8138	12
UnikZloy	2248	8138	12
sakura	2249	8136	12
LifeOrb	2250	8136	12
Mahvo	2251	8136	12
Nedra	2252	8136	12
Katalepsy	2253	8136	12
Caoops	2254	8135	12
messi1582	2255	8135	12
Kirill07478	2256	8135	12
IceRogue	2257	8135	12
BressD	2258	8134	12
xolms007	2259	8134	12
Adam	2260	8133	12
Koreanen	2261	8133	12
Sneax	2262	8132	12
Löwenherz	2263	8132	12
Meriados	2264	8132	12
Balavurder	2265	8132	12
aNtih3r0	2266	8132	12
mxw	2267	8131	12
Fatboy	2268	8131	12
PovarNomi	2269	8130	12
Extrahammer	2270	8130	12
Kibibit	2271	8129	12
ptXnadzieja	2272	8128	12
kuukkunen	2273	8128	12
beecool	2274	8127	12
Sindragosa	2275	8127	12
You	2276	8127	12
Highcriteria	2277	8126	12
rigmak	2278	8126	12
Hex	2279	8126	12
Rainbob	2280	8125	12
usio0	2281	8125	12
Invincible	2282	8125	12
Pyrok4	2283	8125	12
OHNOITSYANN	2284	8125	12
Icaurs	2285	8124	12
Zbynda	2286	8124	12
fredidou69	2287	8124	12
Supernova	2288	8124	12
Dumpesito	2289	8124	12
Bluefin	2290	8123	12
OmnipotZ	2291	8123	12
crazylalka	2292	8123	12
Loob	2293	8123	12
prailex	2294	8122	12
Aewin	2295	8121	12
Trintimol	2296	8121	12
KEG	2297	8120	12
roncsakdani	2298	8120	12
Firzar	2299	8119	12
SINIESTRA	2300	8118	12
BigBoyHerb	2301	8118	12
zhebanjiao	2302	8117	12
Tophs	2303	8117	12
Vladyka	2304	8117	12
kljbs	2305	8116	12
Tizzil	2306	8116	12
Akashi	2307	8116	12
TheMallet	2308	8116	12
imm0r	2309	8116	12
Treesama	2310	8115	12
Hadespace	2311	8115	12
ATHENEBitchs	2312	8115	12
DemonWitch	2313	8115	12
Xedin	2314	8114	12
EnZiS	2315	8114	12
Jakov	2316	8114	12
PayyC	2317	8114	12
Morgan	2318	8114	12
Provirys	2319	8114	12
Victorysnear	2320	8114	12
JHBRENNER	2321	8113	12
MajorT3xit	2322	8113	12
Robyn	2323	8113	12
Darkpry	2324	8113	12
DiWeis	2325	8113	12
sro20	2326	8113	12
Juteex	2327	8112	12
BoBserr	2328	8112	12
myshki	2329	8112	12
Квенсер	2330	8112	12
evagorinios	2331	8112	12
Lucian7	2332	8112	12
www175pt	2333	8111	12
MrDevvie	2334	8111	12
Luckyzorr	2335	8111	12
VaLiDoLi4	2336	8111	12
魔鬼的颜色	2337	8110	12
Hebelebeleb	2338	8110	12
Nalurione	2339	8110	12
silyyyy	2340	8109	12
sosopox	2341	8109	12
flovers	2342	8109	12
Ernie	2343	8109	12
Deemchek	2344	8109	12
MYSLITHELL	2345	8109	12
ДжонКент	2346	8108	12
Sp33dy	2347	8107	12
Harrison	2348	8107	12
gasgasgag	2349	8107	12
BOBUK	2350	8106	12
BawdyBeast	2351	8106	12
LilDevil	2352	8106	12
Dastey	2353	8105	12
Shantoy	2354	8105	12
Denibilly	2355	8105	12
Spex	2356	8105	12
Zony	2357	8104	12
REdaX	2358	8104	12
Vonze	2359	8104	12
TestTubeGirl	2360	8104	12
Belo4kaanna	2361	8104	12
snow	2362	8104	12
NekoDotRu	2363	8103	12
WeiserOrk	2364	8103	12
Bruno25999	2365	8103	12
KareemEA	2366	8103	12
Skriams	2367	8103	12
Tormento	2368	8103	12
Souffrance	2369	8103	12
AksAttacks	2370	8103	12
nats69	2371	8102	12
wolfvagen	2372	8101	12
ShadowDragon	2373	8101	12
Rusev38	2374	8101	12
minimixer	2375	8101	12
Vladachi8	2376	8101	12
bolya	2377	8100	12
Referi	2378	8100	12
ProPaN	2379	8100	12
Draínee	2380	8100	12
Эдуард	2381	8100	12
Nogalo	2382	8100	12
duoUWaoPW	2383	8100	12
danielzilla	2384	8099	12
Buffy57	2385	8098	12
Hash	2386	8098	12
Tictac	2387	8097	12
Shelby	2388	8097	12
Taygeta	2389	8096	12
oGoMetal	2390	8095	12
Vebby	2391	8095	12
CrazyTurtle	2392	8094	12
ahoy00	2393	8094	12
AGENT222	2394	8094	12
Котик	2395	8094	12
Schnitzler	2396	8094	12
Xoma	2397	8094	12
Bobby228	2398	8093	12
Asmalia	2399	8093	12
Screwmatik	2400	8093	12
Reib	2401	8093	12
DrVuong	2402	8093	12
seessuri	2403	8093	12
Selfkat	2404	8092	12
Chakk	2405	8092	12
БабушкаДжуса	2406	8092	12
RoyalDave	2407	8092	12
GUUGGELI	2408	8092	12
Draco	2409	8091	12
freddreht	2410	8090	12
KoTuK	2411	8090	12
Lemira	2412	8090	12
FrenzHS	2413	8090	12
Yeroma	2414	8089	12
Jos	2415	8089	12
Handem	2416	8089	12
General007	2417	8089	12
zippi	2418	8089	12
JONES	2419	8089	12
Elacour	2420	8089	12
Masterkikko	2421	8089	12
madeinzp	2422	8088	12
JensenSSR	2423	8088	12
Zar	2424	8088	12
Buster	2425	8088	12
Purenergy	2426	8088	12
Joxter	2427	8088	12
KcandaRiX	2428	8088	12
TikiMik	2429	8088	12
ZH0837	2430	8088	12
JackWhite93	2431	8087	12
Banyak	2432	8087	12
minitrigOG	2433	8086	12
iamgroot	2434	8086	12
Yolen	2435	8086	12
Dayan	2436	8086	12
sneakyman	2437	8086	12
Kotana	2438	8086	12
Rsd	2439	8086	12
wananqiuyue	2440	8085	12
alkaps	2441	8085	12
AWAXX	2442	8085	12
Dreke	2443	8085	12
SilverWolf	2444	8085	12
Tom	2445	8084	12
Glückspilz	2446	8084	12
unkno0wn	2447	8084	12
Poontime	2448	8084	12
imgrisky	2449	8084	12
Hellfire	2450	8084	12
GoodGat	2451	8084	12
TheWolfBG	2452	8084	12
Thirdeye	2453	8083	12
Dobrygyga	2454	8083	12
Fisterro	2455	8083	12
Crissie	2456	8083	12
Mont	2457	8083	12
Виктория	2458	8083	12
YourDream	2459	8083	12
Starsama	2460	8082	12
ЗлыеШтаны	2461	8082	12
AstralWalker	2462	8082	12
Nikazon	2463	8082	12
Terrorwolf	2464	8082	12
Falaxx	2465	8082	12
Pisusik	2466	8082	12
Snowball	2467	8082	12
Desocide	2468	8082	12
КАКАЯЖАЛОСТЬ	2469	8081	12
prodeado	2470	8081	12
Antonec	2471	8081	12
Niirox	2472	8081	12
Mashtam	2473	8081	12
Klumpen	2474	8081	12
Shrike	2475	8081	12
欠佳的檸檬色犀牛	2476	8080	12
Drimass	2477	8080	12
kahvee	2478	8080	12
Agent47	2479	8080	12
tom99blues	2480	8080	12
Chaos	2481	8080	12
Bokito	2482	8080	12
ТошноВор2	2483	8079	12
ElPrincipe	2484	8079	12
Fiasko	2485	8079	12
Sora	2486	8079	12
SIDEMAN	2487	8079	12
Picolow	2488	8079	12
Balmung	2489	8079	12
LSDeaddy	2490	8079	12
Hatvan	2491	8079	12
Mernayi	2492	8079	12
crasa	2493	8078	12
Vedetta9	2494	8078	12
BigCongre	2495	8078	12
Donhaja	2496	8078	12
Zoontic2017	2497	8078	12
HiHat	2498	8078	12
Detective	2499	8078	12
Laserlord	2500	8078	12
OrsonPoland	2501	8078	12
Roumpf	2502	8078	12
Мастер	2503	8078	12
ESnow	2504	8078	12
Morrgana	2505	8077	12
nogoodxl	2506	8077	12
Xiaoyuxiaoyu	2507	8077	12
MasterofD	2508	8077	12
Madness	2509	8077	12
Kolambys	2510	8077	12
DeEmBe	2511	8077	12
Savô	2512	8077	12
uwish	2513	8077	12
CeNTR	2514	8077	12
BigManCios	2515	8076	12
sorenmunk	2516	8076	12
DeusEx	2517	8076	12
valner	2518	8076	12
Atlas	2519	8076	12
калиостра	2520	8076	12
Aledona	2521	8076	12
scare	2522	8076	12
scherfe	2523	8076	12
InnerRage	2524	8076	12
reisal78	2525	8076	12
Acholate	2526	8076	12
Napixian	2527	8076	12
Fiifa	2528	8076	12
OmOursPor	2529	8075	12
Nuss	2530	8075	12
whytefang	2531	8075	12
Durandal	2532	8075	12
PsyǂGuenther	2533	8075	12
国服伤心遗老	2534	8074	12
jindujun	2535	8074	12
WonderXD	2536	8074	12
Ted	2537	8074	12
chakra	2538	8074	12
ConstTV	2539	8074	12
Trillian	2540	8074	12
LHeartstring	2541	8074	12
Dalglish	2542	8074	12
Azazzelo	2543	8074	12
Krell	2544	8074	12
KrzychuOee	2545	8074	12
ShadowLight	2546	8074	12
Rubii	2547	8074	12
DyyLLan	2548	8073	12
ristorax	2549	8073	12
Yoboshi1337	2550	8073	12
Spaltung	2551	8073	12
Haarashi	2552	8073	12
SteelFog	2553	8073	12
Edosdrogo99	2554	8072	12
GreenSharx	2555	8072	12
SAKATIS	2556	8072	12
BikiniBottom	2557	8072	12
PeaceKeeper	2558	8072	12
Anelit	2559	8072	12
TheDraGonMen	2560	8072	12
Tauxxx	2561	8072	12
Axe	2562	8072	12
Senya	2563	8072	12
VladislavGod	2564	8072	12
LuciZai	2565	8072	12
Sam	2566	8072	12
Hleb	2567	8072	12
Bodjey	2568	8072	12
Wandereule	2569	8072	12
TealWolf	2570	8071	12
qce	2571	8071	12
uras	2572	8071	12
hubcio334	2573	8071	12
Woozie	2574	8071	12
govno007	2575	8071	12
Dragano	2576	8071	12
aarotoro	2577	8071	12
Elessarn	2578	8071	12
ChApTjOYbAmi	2579	8071	12
Heartagram	2580	8071	12
Avumi	2581	8071	12
Chukcha	2582	8071	12
Batopaa	2583	8071	12
HydreTenace	2584	8070	12
Kwycky	2585	8070	12
Sanx	2586	8070	12
hvasåg	2587	8070	12
Ghostly	2588	8070	12
Satywuly	2589	8070	12
exeq1n	2590	8070	12
kolotov59ru	2591	8070	12
Djaront	2592	8070	12
Appella	2593	8070	12
m0nster	2594	8070	12
bæk	2595	8070	12
AlexOne007	2596	8070	12
MiracleHS	2597	8070	12
Vinstam	2598	8070	12
jaackymm	2599	8070	12
Qnigmatic	2600	8070	12
Shadich	2601	8070	12
Aaapeee	2602	8070	12
OldGuyEarl	2603	8069	12
san	2604	8069	12
Hunt3r	2605	8069	12
ManyHack	2606	8069	12
Nej	2607	8069	12
Goatmilk	2608	8069	12
Caleus	2609	8069	12
Anno	2610	8068	12
Krauser	2611	8068	12
poprusha	2612	8068	12
ds902022	2613	8068	12
Dizannor	2614	8068	12
Bubina	2615	8068	12
AlegaToR	2616	8068	12
Lu12ck34y5	2617	8068	12
NewPlayer118	2618	8068	12
SönZöJ	2619	8068	12
Gandalf	2620	8068	12
Opital	2621	8068	12
Schebb1337	2622	8068	12
ArchiTyrael	2623	8068	12
Fundiesel	2624	8068	12
esponentiel	2625	8068	12
Fero	2626	8068	12
TheZeratull	2627	8068	12
Ben	2628	8068	12
Shizznay	2629	8068	12
GilBestKun	2630	8068	12
ГигантБизон	2631	8067	12
vdmlx	2632	8067	12
tutturu	2633	8067	12
DeX	2634	8067	12
MarkGray	2635	8067	12
Parazitizm	2636	8067	12
CTADO	2637	8067	12
HublotsTaker	2638	8067	12
mandoRequiem	2639	8066	12
Bofor	2640	8066	12
CarlXS	2641	8066	12
Dracarys	2642	8066	12
Lytan	2643	8066	12
BKnight	2644	8066	12
resmEEEEE	2645	8066	12
Geoa	2646	8066	12
NeonDrake	2647	8066	12
koost64	2648	8066	12
HiddenPool	2649	8066	12
Ruckzug	2650	8066	12
Fnoberzqt	2651	8066	12
Lunco	2652	8066	12
Daniel	2653	8066	12
TERMICO	2654	8066	12
DatClonkiy	2655	8066	12
強力野獸	2656	8066	12
WonderZak	2657	8065	12
Esko	2658	8065	12
WalkingGhost	2659	8065	12
BloodyAlien	2660	8065	12
Jael	2661	8065	12
Colloquiummm	2662	8065	12
TimurShvede	2663	8065	12
Mydoom	2664	8065	12
nero	2665	8065	12
nevermor	2666	8065	12
ardetcho	2667	8065	12
CooLJeDi	2668	8065	12
Inferno	2669	8065	12
LighT	2670	8065	12
Damaja	2671	8065	12
sanyapidr88	2672	8064	12
MarinCim	2673	8064	12
BlackTec	2674	8064	12
Frnks	2675	8064	12
Waku	2676	8064	12
faust	2677	8064	12
HearthBOT	2678	8064	12
xartoNZ	2679	8064	12
Pvtbsp473	2680	8064	12
dedegourbo	2681	8063	12
VlaSox	2682	8063	12
Anxety	2683	8063	12
Faraon	2684	8063	12
Onion	2685	8063	12
Fritzzzz	2686	8063	12
Anatidae	2687	8063	12
Jell	2688	8063	12
Nikita	2689	8063	12
КотУбийца	2690	8063	12
MrAlex	2691	8063	12
Feanor	2692	8063	12
FoMa	2693	8063	12
makemesuffeR	2694	8063	12
DirectoR	2695	8063	12
Neko	2696	8063	12
MarikFS	2697	8063	12
Tyralia	2698	8063	12
AllesQuark	2699	8063	12
Beyonder	2700	8062	12
BugsDonne	2701	8062	12
suiyueran	2702	8062	12
WöBi	2703	8062	12
rogermad87	2704	8062	12
szekspir	2705	8062	12
Dimeyy	2706	8062	12
GouleFutée	2707	8062	12
Lineykin	2708	8062	12
Au5	2709	8062	12
fishen	2710	8062	12
Chinchong	2711	8062	12
Koentjuh	2712	8062	12
Sobremesa	2713	8061	12
SnowingNutz	2714	8061	12
KostoPrav	2715	8061	12
UnusualSpoon	2716	8061	12
Sonnim	2717	8061	12
ХваткийКодо	2718	8061	12
SilentStorm	2719	8061	12
FateDeath	2720	8061	12
Vadi	2721	8061	12
Tonsen	2722	8061	12
Roowan	2723	8061	12
YetiHimalaya	2724	8061	12
	2725	8061	12
zanaroth	2726	8061	12
Рюкзачок	2727	8061	12
Hilz	2728	8061	12
Lynatheras	2729	8060	12
SuperFatYoh	2730	8060	12
Chilango	2731	8060	12
UglyDead	2732	8060	12
XSewenX	2733	8060	12
Trismegistos	2734	8060	12
FiXiK	2735	8060	12
Swinobrazie	2736	8060	12
GrayFox	2737	8060	12
REIJ0	2738	8060	12
ireturned	2739	8060	12
Dennis	2740	8060	12
WellPlayed	2741	8060	12
Batusai	2742	8060	12
Anonim	2743	8060	12
GenaDomestos	2744	8059	12
PlanetDirt	2745	8059	12
AurumValet	2746	8059	12
Gambler	2747	8059	12
Saucerer	2748	8059	12
Matgg	2749	8059	12
staples	2750	8059	12
Quzion	2751	8059	12
TheSun	2752	8059	12
cootito67	2753	8059	12
Killuminati	2754	8059	12
salonij	2755	8059	12
KoToS	2756	8059	12
kapa4iti	2757	8059	12
Unoriginell	2758	8059	12
Татариус0001	2759	8058	12
BillNoMercy	2760	8058	12
Oshiety	2761	8058	12
MrDragost	2762	8058	12
Moron11	2763	8058	12
doune05	2764	8058	12
ScouterJ	2765	8058	12
Angelochek	2766	8058	12
CatAttack107	2767	8058	12
Perdon	2768	8058	12
shahy	2769	8058	12
Lenna	2770	8058	12
eure	2771	8058	12
SleepyShaman	2772	8058	12
Magikl	2773	8058	12
awsl76	2774	8058	12
Stiiv	2775	8057	12
backhorizon	2776	8057	12
mde2020	2777	8057	12
Дворф	2778	8057	12
HodlanFirst	2779	8057	12
simona	2780	8057	12
hurryhunter4	2781	8057	12
Nostromox	2782	8057	12
turtley	2783	8057	12
Firefly	2784	8057	12
Battleman	2785	8057	12
Misiorek	2786	8057	12
Haguhans	2787	8056	12
GIIH	2788	8056	12
fleckshick	2789	8056	12
rainfal20	2790	8056	12
Franky	2791	8056	12
m4s	2792	8056	12
ken	2793	8056	12
PetitouMaxou	2794	8056	12
Chuntian	2795	8056	12
Seleniiah	2796	8056	12
avangela	2797	8056	12
Awesonya	2798	8056	12
Oosama	2799	8056	12
Ajor	2800	8056	12
XxGarettexX	2801	8056	12
Netparty	2802	8056	12
БубновыйТуз	2803	8056	12
Marginal	2804	8056	12
Zērñø6453	2805	8055	12
PestPear	2806	8055	12
KOROVA	2807	8055	12
ipipip34	2808	8055	12
Baldrick	2809	8055	12
Atbuzik	2810	8055	12
ByronSpeak	2811	8055	12
fanomon	2812	8055	12
Sepmohn	2813	8055	12
Foxnine	2814	8055	12
Aldebaran	2815	8055	12
sanm	2816	8055	12
rayrayray	2817	8055	12
УсатоеТакси	2818	8054	12
Kamui	2819	8054	12
Alexs1mmo	2820	8054	12
Santa15	2821	8054	12
Booumer	2822	8054	12
Pingvin	2823	8054	12
Reyden	2824	8054	12
Snooder	2825	8054	12
Woolf4	2826	8054	12
Fanq	2827	8054	12
BloddyPath	2828	8054	12
Echomancer	2829	8053	12
Troya	2830	8053	12
Jourbon	2831	8053	12
Opar1sh2	2832	8053	12
Жабка	2833	8053	12
sourvvvv	2834	8053	12
Eriukas	2835	8053	12
Virsetti	2836	8053	12
miszczxpompa	2837	8053	12
NoahS	2838	8053	12
JAGUARRR	2839	8053	12
garcia7788	2840	8053	12
Zeubave	2841	8053	12
Balthius	2842	8053	12
Kraiden	2843	8053	12
Mauve	2844	8053	12
P4wnyhof	2845	8052	12
WoTangTang	2846	8052	12
lkzmxf	2847	8052	12
SpeeDexX	2848	8052	12
Kennif	2849	8052	12
Predator	2850	8052	12
ffwetal	2851	8052	12
Diesel	2852	8052	12
kostes	2853	8052	12
BeHappy	2854	8052	12
Smailies	2855	8052	12
jah	2856	8052	12
Prokorn	2857	8052	12
TempoStorm	2858	8052	12
Hextechh	2859	8052	12
Lille14	2860	8052	12
Fyliganchik	2861	8052	12
lexzeppelin	2862	8052	12
shadowpat	2863	8052	12
Fenrir	2864	8052	12
Druidoren	2865	8052	12
masterbas	2866	8052	12
无为狂怒	2867	8052	12
Melusine	2868	8052	12
Moye	2869	8052	12
Pashaslark	2870	8052	12
smk	2871	8051	12
ДикийКодо	2872	8051	12
ИскроМэн	2873	8051	12
Sinofprid	2874	8051	12
FisherChelov	2875	8051	12
Luck4eR	2876	8051	12
JibButtkiss	2877	8051	12
Ded	2878	8051	12
CAMILLLLLLAW	2879	8051	12
SoRRyMiRaCLe	2880	8051	12
Cronos	2881	8051	12
Boss	2882	8051	12
Corazon	2883	8051	12
PoldoMio	2884	8051	12
Skald	2885	8051	12
SoulOfRaven	2886	8051	12
MorfDespios	2887	8051	12
Mersell	2888	8051	12
Максим	2889	8051	12
Endriu	2890	8051	12
Enemis	2891	8051	12
Maitrezen	2892	8051	12
MarkoDiMarko	2893	8051	12
smit	2894	8050	12
Ristul	2895	8050	12
Balphagore	2896	8050	12
power	2897	8050	12
comborigami	2898	8050	12
SuperNinja	2899	8050	12
Chainshock	2900	8050	12
MrAzaghast	2901	8050	12
Jordinator	2902	8050	12
Lydoed	2903	8050	12
ЖИРОВИК	2904	8050	12
Круглый	2905	8050	12
Profit	2906	8050	12
esthereh	2907	8050	12
moonwish	2908	8050	12
Gebrisilases	2909	8050	12
Atjano	2910	8050	12
xXmerseoXx	2911	8050	12
kropio	2912	8050	12
Caide	2913	8050	12
Hasenratte	2914	8050	12
Hypothalamus	2915	8050	12
Goregrinder	2916	8050	12
hAppN	2917	8050	12
Weezing	2918	8050	12
InkyOwl	2919	8050	12
Sensation	2920	8050	12
JacquesChira	2921	8049	12
koli666999	2922	8049	12
Xakergg	2923	8049	12
Ashley	2924	8049	12
Nyron	2925	8049	12
RobtoTop8	2926	8049	12
Bhasmael	2927	8049	12
AdmiraalCuf	2928	8049	12
Madness	2929	8049	12
Rainbow1	2930	8049	12
HitoSaigo	2931	8049	12
SellerHappi	2932	8049	12
Smoker	2933	8049	12
PsyTech	2934	8049	12
GlowingShado	2935	8049	12
Gnasher	2936	8049	12
AAA	2937	8049	12
FlotteKatze	2938	8049	12
Plzgogame	2939	8048	12
Jzil	2940	8048	12
jabkins	2941	8048	12
Foller	2942	8048	12
Tarasevich	2943	8048	12
Kona	2944	8048	12
ARC	2945	8048	12
cptbonobo	2946	8048	12
Matou	2947	8048	12
Faivild	2948	8048	12
Woolveerine	2949	8048	12
Batty	2950	8048	12
Doomtoday	2951	8048	12
joh	2952	8048	12
ZerGgBoY	2953	8048	12
snugglz	2954	8048	12
Pilenai	2955	8048	12
RogerRapeau	2956	8048	12
psÿco	2957	8048	12
évoli	2958	8048	12
Saxy	2959	8048	12
Ulfang	2960	8048	12
Adres	2961	8048	12
Domy	2962	8047	12
Bear	2963	8047	12
VasanOne	2964	8047	12
PuzzleGod	2965	8047	12
coldheart	2966	8047	12
ARGONEES	2967	8047	12
smileq	2968	8047	12
Marcionne	2969	8047	12
Cheonshi	2970	8047	12
Ferinna	2971	8047	12
EllDjej	2972	8047	12
Flix	2973	8047	12
Spyrida	2974	8047	12
Moracella	2975	8047	12
TJeey	2976	8047	12
mihail	2977	8047	12
Perry	2978	8047	12
Mirm	2979	8047	12
Belief	2980	8047	12
AUTlaw	2981	8047	12
DiYu	2982	8046	12
Убийца228	2983	8046	12
BORSCH	2984	8046	12
VERSYA	2985	8046	12
Mondeus	2986	8046	12
ManaKeen	2987	8046	12
Hey	2988	8046	12
Muppett	2989	8046	12
LazyTitan	2990	8046	12
Thesh	2991	8046	12
Bob	2992	8046	12
dazl	2993	8046	12
oxehunden	2994	8046	12
frisk777	2995	8046	12
jopa	2996	8046	12
Oathphen	2997	8045	12
RyanStecken	2998	8045	12
Azzazzell	2999	8045	12
Stas	3000	8045	12
Ra3ieL	3001	8045	12
Виктория	3002	8045	12
LordTJ	3003	8045	12
Lynca34	3004	8045	12
tommysolar	3005	8045	12
TwicK	3006	8045	12
Marmics	3007	8045	12
DonSatiano	3008	8045	12
Reargunner	3009	8045	12
MonsieurOuch	3010	8045	12
Matr	3011	8045	12
Always	3012	8045	12
Crazyhoer	3013	8045	12
GRB4V	3014	8044	12
秦王刺	3015	8044	12
Yogurt	3016	8044	12
AmEx1987	3017	8044	12
Cof	3018	8044	12
igeenger	3019	8044	12
LopKop	3020	8044	12
HollyPIG	3021	8044	12
Semy	3022	8044	12
DroChillaXXX	3023	8044	12
deekey	3024	8044	12
Azuhreen	3025	8044	12
Skovstuta	3026	8044	12
Danny	3027	8044	12
PiCsLaV	3028	8044	12
JTimmner	3029	8044	12
Leisq	3030	8044	12
RUWOWISLIVE	3031	8043	12
Dante	3032	8043	12
Smekca	3033	8043	12
Bangouss	3034	8043	12
kemycuk43	3035	8043	12
СоваФортуны	3036	8043	12
Krasss	3037	8043	12
MACTA	3038	8043	12
AmoralMikk	3039	8043	12
ImSerious	3040	8043	12
Jassu	3041	8043	12
HoBBiT	3042	8043	12
HighSkill	3043	8043	12
Ujio	3044	8043	12
Пумпучя	3045	8043	12
Petros9ln	3046	8043	12
plague	3047	8043	12
Bossim	3048	8043	12
yzhx	3049	8042	12
Snader	3050	8042	12
Sufo	3051	8042	12
RoGGoR	3052	8042	12
Gu3st	3053	8042	12
VITMOHAX	3054	8042	12
vaseQ	3055	8042	12
Ded945Shalun	3056	8042	12
Haharin	3057	8042	12
Frontside	3058	8042	12
PainiCe	3059	8042	12
viktorator71	3060	8042	12
Fladberg	3061	8042	12
Kilimalus	3062	8042	12
Protege	3063	8042	12
kevator62	3064	8042	12
Angeria	3065	8042	12
Loufion	3066	8042	12
BabyB	3067	8042	12
VelcroFly	3068	8041	12
vaaziii	3069	8041	12
Kassu	3070	8041	12
Julez	3071	8041	12
Rogul	3072	8041	12
Bogomut	3073	8041	12
Oceanus	3074	8041	12
Pakman	3075	8041	12
Epicmage	3076	8041	12
Devast	3077	8041	12
BakeMyCake	3078	8041	12
sinnee	3079	8041	12
mandarinfm	3080	8041	12
Heaven	3081	8041	12
SawariNeko	3082	8041	12
Peerlz	3083	8041	12
zhenzhanyafu	3084	8040	12
機器巫師	3085	8040	12
Dubai	3086	8040	12
Wolf	3087	8040	12
Sender	3088	8040	12
KraB1e	3089	8040	12
CiambellYna	3090	8040	12
Neadonalisa	3091	8040	12
Sjaaman	3092	8040	12
VarfaluVtop	3093	8040	12
KINSLaYeR23	3094	8040	12
K1ckz	3095	8040	12
nikeletat	3096	8040	12
lightop	3097	8040	12
Lighr	3098	8040	12
Tomomega	3099	8040	12
olauzzoN	3100	8040	12
Mips	3101	8040	12
JusT4k1LL	3102	8040	12
gregorgood	3103	8040	12
Mameche	3104	8040	12
TheLionsSin	3105	8039	12
MadCherep345	3106	8039	12
Meow	3107	8039	12
Westhing	3108	8039	12
BouncyBear	3109	8039	12
B3nefactoR	3110	8039	12
inviserpro	3111	8039	12
Пельмешка	3112	8039	12
Wuppen	3113	8039	12
KungFuMaster	3114	8039	12
CONNYMEJSEL	3115	8039	12
Ryqir	3116	8039	12
СтраусКолдун	3117	8039	12
NxK	3118	8039	12
Divad88	3119	8039	12
eNemy	3120	8039	12
Deatons	3121	8039	12
Ap3lkuchen	3122	8039	12
Flipper	3123	8039	12
KoRRiGoN	3124	8039	12
Ortofos	3125	8039	12
qiushuifupin	3126	8038	12
MaRKoF	3127	8038	12
Yaskell	3128	8038	12
OgroTierno	3129	8038	12
Ryssiard	3130	8038	12
SiRDanieL	3131	8038	12
Denka	3132	8038	12
Simba	3133	8038	12
Hyperkarina	3134	8038	12
benteuch	3135	8038	12
PsychoMantis	3136	8038	12
CrazyWolf	3137	8038	12
nosferatu	3138	8038	12
Itek	3139	8038	12
WurLaund	3140	8038	12
Anjo	3141	8038	12
DAEMONTools	3142	8038	12
yolu2006	3143	8038	12
Maemba	3144	8038	12
Discord	3145	8038	12
DrZeD	3146	8038	12
Хзшка	3147	8037	12
XYQueen	3148	8037	12
JadeStar	3149	8037	12
Ceyz	3150	8037	12
SteluLimanu	3151	8037	12
Doc19906	3152	8037	12
ThornAdo	3153	8037	12
Dot	3154	8037	12
BallzyTH	3155	8037	12
bmpk	3156	8037	12
Satanator	3157	8037	12
Freeman	3158	8037	12
azerpmlo	3159	8037	12
Pupppa	3160	8037	12
Shark	3161	8037	12
CheyToMozg	3162	8037	12
Eglet	3163	8037	12
shusha	3164	8037	12
NifelheimBB	3165	8036	12
Lannaly	3166	8036	12
KIrsanKaifat	3167	8036	12
Tangveyor	3168	8036	12
AcRoCocopops	3169	8036	12
Ivan	3170	8036	12
cowdude	3171	8036	12
Anagi	3172	8036	12
Kamish	3173	8036	12
bmv	3174	8036	12
kenni	3175	8036	12
Pumani	3176	8036	12
Yun	3177	8036	12
VladFB	3178	8036	12
Homard	3179	8036	12
Pouxar	3180	8035	12
DJarr	3181	8035	12
Ketodivi146	3182	8035	12
Ficus	3183	8035	12
D4V3	3184	8035	12
Rakiah	3185	8035	12
Vector	3186	8035	12
xIcex	3187	8035	12
xuayuob45	3188	8035	12
ShowVanes	3189	8035	12
wolferkowski	3190	8035	12
Spicy113	3191	8034	12
dikiyrexi	3192	8034	12
Popsirontti	3193	8034	12
Crash	3194	8034	12
Hawk	3195	8034	12
Soret	3196	8034	12
DrOcHiLaHeLl	3197	8034	12
Fjolle	3198	8034	12
Ишачка2001	3199	8034	12
Weertu0z0	3200	8034	12
Sanchos74	3201	8034	12
Riki	3202	8034	12
odesit	3203	8034	12
Mouloche	3204	8034	12
Hightime	3205	8034	12
JackPusher	3206	8034	12
panda	3207	8034	12
huangrui	3208	8034	12
MasteP	3209	8033	12
Антипыч	3210	8033	12
BlackB12	3211	8033	12
Mister	3212	8033	12
Klyaipon	3213	8033	12
YayaTourette	3214	8033	12
Tolikras	3215	8033	12
Tyyppi	3216	8033	12
DoguWest	3217	8033	12
Widar	3218	8033	12
PsycoOneLove	3219	8033	12
SaintRabbit	3220	8033	12
Mooer	3221	8033	12
Critting	3222	8033	12
CAXAP	3223	8033	12
SABandera	3224	8033	12
Bagort	3225	8033	12
IamChuck	3226	8033	12
s1xp4ck	3227	8033	12
ogremagina	3228	8032	12
СтарыйГриб	3229	8032	12
JohnWick	3230	8032	12
CreateUrDeck	3231	8032	12
MightyOwl	3232	8032	12
SidRain	3233	8032	12
Jamboy5102	3234	8032	12
Dikirin	3235	8032	12
MadaMada	3236	8032	12
chaos	3237	8032	12
Ray	3238	8032	12
Dovahkiin	3239	8032	12
Casemisco	3240	8032	12
pianobmoll	3241	8032	12
Patoulove	3242	8032	12
Flegmat	3243	8032	12
FirePoireau	3244	8032	12
IluZioN	3245	8032	12
Минотавра142	3246	8032	12
jack	3247	8032	12
GrueAgile	3248	8032	12
Jaschka	3249	8032	12
CrazyMushrom	3250	8032	12
MaFioZi	3251	8031	12
qinaideni	3252	8031	12
Венчоус	3253	8031	12
datsed	3254	8031	12
Bodd	3255	8031	12
Lesnik	3256	8031	12
Wedmoney	3257	8031	12
Карен	3258	8031	12
lanyush	3259	8031	12
MacSlayer	3260	8031	12
Duufd	3261	8031	12
YouNeedMe	3262	8031	12
TripleOnSix	3263	8031	12
Simplou	3264	8031	12
TeraqB	3265	8031	12
splaxz	3266	8031	12
KROSHKAIZADA	3267	8031	12
Lacarotte	3268	8031	12
minionofluck	3269	8031	12
ShadowPersik	3270	8031	12
P0LT3RCH3N	3271	8031	12
Schwimmbutz	3272	8031	12
IlkayGott	3273	8031	12
Xeno	3274	8031	12
MaxHelyos	3275	8031	12
SurvivalBoy	3276	8030	12
VOLKOV	3277	8030	12
OmegaSlayer	3278	8030	12
AoFu	3279	8030	12
JaySquared	3280	8030	12
Alma	3281	8030	12
Vladislav	3282	8030	12
ДимкаСвет	3283	8030	12
Kayne	3284	8030	12
Ecix	3285	8030	12
ElBarto	3286	8030	12
EpicMouse	3287	8030	12
vindorde	3288	8030	12
Jamert	3289	8030	12
Firefix	3290	8030	12
Bollullo	3291	8030	12
Santa	3292	8030	12
Tubaws	3293	8030	12
munaz	3294	8030	12
Eeaahhh	3295	8030	12
vagabund	3296	8030	12
Wirlo	3297	8030	12
Liv	3298	8030	12
Eqn	3299	8030	12
Artem	3300	8029	12
H2O	3301	8029	12
ЖУЖА	3302	8029	12
ВеликийЧёдум	3303	8029	12
snapple	3304	8029	12
MrDarkBread	3305	8029	12
Blaugranas	3306	8029	12
Lupin	3307	8029	12
Мурлок	3308	8029	12
JackBreak	3309	8029	12
MCwen	3310	8029	12
Tryxx	3311	8029	12
Thursday	3312	8029	12
ХитрыйХрюн	3313	8029	12
Lodowy	3314	8029	12
Wnkrdnns	3315	8029	12
TripleXxX	3316	8029	12
FATAMORGANA	3317	8029	12
Bjorn024	3318	8029	12
lariend	3319	8029	12
Laison	3320	8029	12
Vargen	3321	8029	12
ПерекатиПоле	3322	8029	12
Syrez	3323	8029	12
Pas2	3324	8029	12
Tumbleweed	3325	8029	12
Drummond	3326	8029	12
Picheyka	3327	8029	12
mishtolak	3328	8029	12
Blood	3329	8028	12
ГномМаг	3330	8028	12
Sugugam	3331	8028	12
Bostage	3332	8028	12
Bunny	3333	8028	12
Astemay	3334	8028	12
Nocool	3335	8028	12
Woensel	3336	8028	12
Noobycore	3337	8028	12
Jesuistonper	3338	8028	12
Saisentesis	3339	8028	12
Stock	3340	8028	12
MoR94ok	3341	8028	12
nikita	3342	8028	12
Zytox	3343	8028	12
krutoi23	3344	8028	12
Afterglow	3345	8028	12
Rampant	3346	8028	12
Kapera	3347	8028	12
Влодислав	3348	8028	12
Zara	3349	8028	12
Tzakscayer	3350	8028	12
Nelemiah	3351	8028	12
Eiritn	3352	8028	12
МилыйГном	3353	8028	12
LoveN	3354	8028	12
WAKKA	3355	8027	12
Rainzzz	3356	8027	12
DimaTruk	3357	8027	12
Alleshkkaa	3358	8027	12
qweqwepia	3359	8027	12
ЯниТовис	3360	8027	12
NKT	3361	8027	12
KalSo0n	3362	8027	12
Bl1NdoZZZZZz	3363	8027	12
rujana	3364	8027	12
Panda	3365	8027	12
Inyourface89	3366	8027	12
ZVK88	3367	8027	12
stickyikyiky	3368	8027	12
СлепойКойот	3369	8027	12
Shusky	3370	8027	12
прухажрец	3371	8027	12
WindRider	3372	8027	12
allseeingass	3373	8027	12
DARK	3374	8027	12
Brasko	3375	8027	12
Epsilon	3376	8027	12
SAM	3377	8027	12
MrOdie	3378	8027	12
aQuawka	3379	8027	12
Sharfoezhka	3380	8027	12
Ozazello	3381	8027	12
pOvod	3382	8027	12
FoxDie	3383	8027	12
Rambo	3384	8027	12
star	3385	8027	12
ABCD	3386	8027	12
Mathematical	3387	8027	12
DarthVader	3388	8027	12
GAbang	3389	8026	12
phys	3390	8026	12
LelianaD	3391	8026	12
umaytry	3392	8026	12
Dayow	3393	8026	12
ALLAX	3394	8026	12
KYKLAWOD	3395	8026	12
BRHOOMZ	3396	8026	12
ПыщьТитькинс	3397	8026	12
Paramed1C	3398	8026	12
Wanbasten	3399	8026	12
MenTos	3400	8026	12
Aponez	3401	8026	12
Andmayster	3402	8026	12
PsychoYousos	3403	8026	12
Fresh	3404	8026	12
Blo	3405	8026	12
Effe	3406	8026	12
Krebsen	3407	8026	12
Lafauge	3408	8026	12
Poroho4ek	3409	8026	12
hubuluktu	3410	8026	12
toomuch	3411	8026	12
will2will	3412	8026	12
Serwus	3413	8026	12
saya	3414	8026	12
Pipeline	3415	8026	12
LemonDrake	3416	8026	12
GuoRan	3417	8026	12
Tavrys	3418	8025	12
DeepBlueApu	3419	8025	12
ƁǾƘǬǃ	3420	8025	12
MrPoroSad	3421	8025	12
sayu	3422	8025	12
АгентСвинка1	3423	8025	12
Sunderred	3424	8025	12
LOVER157	3425	8025	12
bullen	3426	8025	12
Higgins	3427	8025	12
Michael	3428	8025	12
Mathieu3B	3429	8025	12
Guilty	3430	8025	12
reaper101	3431	8025	12
Bob	3432	8025	12
wizzo	3433	8025	12
Berkut	3434	8025	12
Gosthy	3435	8025	12
ExUngueLeone	3436	8025	12
Fox	3437	8025	12
DorianMHeave	3438	8025	12
RadianAngel	3439	8025	12
Vimpto	3440	8025	12
Kofing	3441	8025	12
lamerok	3442	8025	12
KOIIIKE	3443	8025	12
Tommy	3444	8024	12
alta	3445	8024	12
TealRogu	3446	8024	12
Tommy	3447	8024	12
Zander	3448	8024	12
Bugai	3449	8024	12
Limitless	3450	8024	12
Ave	3451	8024	12
GouleFutée	3452	8024	12
Ladon511	3453	8024	12
NikVibe	3454	8024	12
Skiernsk	3455	8024	12
xlopec	3456	8024	12
Ankra	3457	8024	12
Jove	3458	8024	12
Ratoibat	3459	8024	12
СонБати	3460	8024	12
a4kt	3461	8024	12
Eliot	3462	8024	12
Ianco22	3463	8024	12
Wa11e	3464	8024	12
Szeth	3465	8024	12
Slizzey	3466	8024	12
Azzray	3467	8024	12
Bulli	3468	8024	12
asbykas	3469	8024	12
Bigwickey	3470	8024	12
kotl	3471	8024	12
hldd3n	3472	8024	12
zijili	3473	8024	12
Mynton	3474	8024	12
Tangle	3475	8024	12
Uni	3476	8024	12
Babajaga420	3477	8024	12
Xermo	3478	8024	12
MrSOP	3479	8024	12
Zherat	3480	8024	12
FAM	3481	8024	12
Malbery	3482	8024	12
Maych	3483	8023	12
Fadoli83	3484	8023	12
Magzini	3485	8023	12
Смертомышь	3486	8023	12
ColdVibe	3487	8023	12
QuirkyTurtle	3488	8023	12
EbashuBoba	3489	8023	12
ASK	3490	8023	12
Kisuki	3491	8023	12
AdAeternam	3492	8023	12
Loggik31	3493	8023	12
Komdåå	3494	8023	12
Banduga	3495	8023	12
RonnieClarke	3496	8023	12
LouLou	3497	8023	12
Badboy	3498	8023	12
Beezel	3499	8023	12
DERGERTY	3500	8023	12
ziliboba	3501	8023	12
OziOne	3502	8023	12
poperman8	3503	8023	12
LaVadrouille	3504	8023	12
PokerFace	3505	8023	12
Nibirou	3506	8023	12
Xaphy	3507	8023	12
whiterabbit	3508	8023	12
goegrog27	3509	8023	12
Antek	3510	8023	12
TheEnclase	3511	8023	12
Punanisaurs	3512	8023	12
rusakk0	3513	8023	12
Dsamod	3514	8023	12
McREE	3515	8023	12
Mryogg	3516	8023	12
ThunderBolt	3517	8023	12
SiMak59	3518	8023	12
HorseOfSTD	3519	8023	12
Klown	3520	8023	12
Hebsgaard	3521	8023	12
Narkar	3522	8023	12
DarkDemon	3523	8022	12
fghj	3524	8022	12
Calc	3525	8022	12
Hogger1891	3526	8022	12
FlameThief	3527	8022	12
rakafakaTTV	3528	8022	12
MasterOK	3529	8022	12
Krimkram	3530	8022	12
AvideTv	3531	8022	12
Maguer1771	3532	8022	12
LordBauer	3533	8022	12
Vander	3534	8022	12
lutementy	3535	8022	12
MALYDA	3536	8022	12
Jakiro	3537	8022	12
Gudebamsen	3538	8022	12
Kudlaty	3539	8022	12
Orinoshi	3540	8022	12
yak	3541	8022	12
TheDestiny	3542	8022	12
Nori	3543	8022	12
Joscar	3544	8022	12
chr1st	3545	8022	12
wAmpa	3546	8022	12
dvchel	3547	8022	12
katan	3548	8022	12
Prince	3549	8022	12
HellKaiser	3550	8022	12
СТИВ	3551	8022	12
Marphamet	3552	8022	12
CRISCROS	3553	8022	12
Haonai	3554	8022	12
Cooldown	3555	8022	12
ZyZo	3556	8022	12
Ra1nx	3557	8022	12
cptgotcha	3558	8022	12
rokoko90	3559	8022	12
Pezzo	3560	8021	12
killua	3561	8021	12
LightOfChaos	3562	8021	12
yourgrandpa	3563	8021	12
wg2827lalala	3564	8021	12
Hell0w0rld	3565	8021	12
Soska2232	3566	8021	12
M1SA	3567	8021	12
mkrofmwnvl	3568	8021	12
potvorych	3569	8021	12
FiftyFive	3570	8021	12
sofih	3571	8021	12
Mag9705	3572	8021	12
Ryu	3573	8021	12
kocmoc	3574	8021	12
Heavyvetal	3575	8021	12
Reazz	3576	8021	12
Nahooy	3577	8021	12
ChupinAlexey	3578	8021	12
Nexus	3579	8021	12
Youpi	3580	8021	12
Galaxon	3581	8021	12
UnderCatz	3582	8021	12
Valeria	3583	8021	12
Barta95	3584	8021	12
lynawen	3585	8021	12
H3nkinator	3586	8021	12
Golem199	3587	8021	12
rubberbarba	3588	8021	12
Solnzeff	3589	8021	12
Krasj	3590	8021	12
acefeve	3591	8021	12
BaguetteJojo	3592	8021	12
Всехпорву	3593	8021	12
mrBanda	3594	8021	12
boomer	3595	8021	12
pazol	3596	8020	12
snowrain	3597	8020	12
cuanyu	3598	8020	12
АТНОГГ	3599	8020	12
Ac3pi	3600	8020	12
urashka	3601	8020	12
Kriksy	3602	8020	12
TvoySladkiy	3603	8020	12
Damir	3604	8020	12
moe0uvajenie	3605	8020	12
Sonnenaxt	3606	8020	12
hunteríco	3607	8020	12
debdeb25	3608	8020	12
Стримснайпер	3609	8020	12
ДикийЗверь	3610	8020	12
Hannibal8673	3611	8020	12
ЛаскиКаски	3612	8020	12
Suprèmus	3613	8020	12
KryTell	3614	8020	12
DoctorG	3615	8020	12
Sylvanax	3616	8020	12
SouthCat	3617	8020	12
HolyXplosion	3618	8020	12
Judikum	3619	8020	12
XXOOxxxx	3620	8020	12
Gatz	3621	8020	12
Splata	3622	8020	12
Kpaz9I	3623	8019	12
ChookPretty	3624	8019	12
FEAVE	3625	8019	12
Besomorph	3626	8019	12
bunatHor	3627	8019	12
hmelevar	3628	8019	12
Greenlife	3629	8019	12
Zeref	3630	8019	12
Kevinol01	3631	8019	12
Dmitro	3632	8019	12
Pafcio	3633	8019	12
Yuriy	3634	8019	12
Dluca96	3635	8019	12
BlackGarden	3636	8019	12
Erfan	3637	8019	12
SpiritGoku	3638	8019	12
Рустикз	3639	8019	12
ZloyMolo4nik	3640	8019	12
KrisMyoll	3641	8019	12
MrChTouille	3642	8019	12
Pacman	3643	8019	12
Ore	3644	8019	12
FCFCFCFC	3645	8019	12
Dolan	3646	8019	12
nymph	3647	8019	12
Jesper	3648	8019	12
Mikesahhh	3649	8019	12
ROLLTHEDICE	3650	8019	12
zizzou	3651	8019	12
Aelexis	3652	8019	12
Kühni	3653	8019	12
Mpp	3654	8019	12
Divel	3655	8019	12
bollouchka	3656	8019	12
Nädi	3657	8018	12
pupochek128	3658	8018	12
Lisn	3659	8018	12
Leonidax	3660	8018	12
Silvium	3661	8018	12
Kulle	3662	8018	12
Danilson	3663	8018	12
LUKON	3664	8018	12
GeNeRaToR	3665	8018	12
Trugen	3666	8018	12
kfnhalll	3667	8018	12
Sanyka	3668	8018	12
Sera7	3669	8018	12
Blizzinga	3670	8018	12
AcornBrain	3671	8018	12
spider	3672	8018	12
Кирилл	3673	8018	12
Myste	3674	8018	12
Xiatop	3675	8018	12
ХитрыйСтраус	3676	8018	12
AngelsSlayer	3677	8018	12
VALKOP33	3678	8018	12
Shay	3679	8018	12
Gamer	3680	8018	12
titaniwe	3681	8018	12
Geo	3682	8018	12
Ekoi	3683	8018	12
iSHi1603	3684	8017	12
sultan23	3685	8017	12
dingzhen	3686	8017	12
William	3687	8017	12
snownight	3688	8017	12
Strong	3689	8017	12
Batman	3690	8017	12
ODA	3691	8017	12
Hustle	3692	8017	12
Kurosawa	3693	8017	12
tiger	3694	8017	12
Makyuli	3695	8017	12
Kontas	3696	8017	12
SherfolD	3697	8017	12
kurgan	3698	8017	12
Orion	3699	8017	12
Friend	3700	8017	12
WhiteTiger12	3701	8017	12
Glanzschurke	3702	8017	12
Azazello	3703	8017	12
nikitaz1122	3704	8017	12
Holy	3705	8017	12
DeathRage	3706	8017	12
Mclovin	3707	8017	12
Iwersen	3708	8017	12
Питрович	3709	8017	12
FeVikingen	3710	8017	12
Kaiff	3711	8017	12
Archie	3712	8017	12
Pistache	3713	8017	12
Dizelplay	3714	8017	12
Ultrarotom	3715	8017	12
railgun	3716	8017	12
Illusion	3717	8017	12
PAVLINGOD	3718	8017	12
Yrtiop	3719	8017	12
Akisan	3720	8017	12
MrWeed	3721	8017	12
snapplor	3722	8017	12
Denkai	3723	8017	12
Jaspertjess	3724	8017	12
ReoLord	3725	8017	12
Lamyr	3726	8017	12
Michelangelo	3727	8017	12
sleg	3728	8016	12
ksfeks	3729	8016	12
F7ckingPerec	3730	8016	12
Etnarion	3731	8016	12
slbquista	3732	8016	12
Баклажан	3733	8016	12
melody	3734	8016	12
Jinx	3735	8016	12
N1KD0	3736	8016	12
vince	3737	8016	12
BodyPillowMe	3738	8016	12
AMiGO	3739	8016	12
Porodan	3740	8016	12
blackANT	3741	8016	12
Sorcessrs	3742	8016	12
FayST	3743	8016	12
Hisham	3744	8016	12
Tricker	3745	8016	12
Lilith	3746	8016	12
Player08	3747	8016	12
Sengendjin	3748	8016	12
qrhslxklbwN	3749	8016	12
Aventurier	3750	8016	12
Doggun	3751	8016	12
X777x	3752	8016	12
GigaJuan	3753	8016	12
Soze	3754	8016	12
BlondyseQua	3755	8016	12
RoflingNinja	3756	8015	12
CrazyGuyG123	3757	8015	12
Sheonna	3758	8015	12
EpicSexGuy	3759	8015	12
dazaiosamu	3760	8015	12
kzinnii	3761	8015	12
Diablojunior	3762	8015	12
RaZephon	3763	8015	12
ХитрыйКраб	3764	8015	12
WildRage	3765	8015	12
Shinigami	3766	8015	12
Dimitry	3767	8015	12
FinnLazor	3768	8015	12
PIRAT	3769	8015	12
xkek	3770	8015	12
Prototype46	3771	8015	12
lolkik05611	3772	8015	12
MaxP	3773	8015	12
Zdespair	3774	8015	12
Geveze	3775	8015	12
ZZZ	3776	8015	12
SidDiman	3777	8015	12
Husk	3778	8015	12
Donbaba	3779	8015	12
Balkoiner	3780	8015	12
ykami	3781	8015	12
Ashb	3782	8015	12
andreeeezy	3783	8015	12
Payalo	3784	8015	12
Biser	3785	8015	12
Siredy	3786	8015	12
Zeratul	3787	8015	12
Drakatar	3788	8015	12
Phineax	3789	8015	12
Galleon	3790	8015	12
Br3dm4n	3791	8015	12
Olydon	3792	8015	12
cARTOFEL	3793	8015	12
Andreu	3794	8015	12
Pukinator	3795	8015	12
Idealis	3796	8015	12
DarknessLord	3797	8015	12
nakunoeil	3798	8015	12
Volcom	3799	8015	12
Artiking	3800	8014	12
Erdoganishe	3801	8014	12
Derekoy	3802	8014	12
Lilly	3803	8014	12
Ruslik	3804	8014	12
Joad	3805	8014	12
Minuit	3806	8014	12
Fayñix	3807	8014	12
Puru	3808	8014	12
Nilor	3809	8014	12
Eburaptor	3810	8014	12
DonjaPlaksa	3811	8014	12
AliRawidDuh	3812	8014	12
MishaaaK	3813	8014	12
Bananek	3814	8014	12
BeQuite	3815	8014	12
TamuNami	3816	8014	12
Murloc	3817	8014	12
rippun	3818	8014	12
mistrz6969	3819	8014	12
Rosomak	3820	8014	12
adriw	3821	8014	12
MaddyK	3822	8014	12
POISON	3823	8014	12
GibGab	3824	8014	12
Dias	3825	8014	12
mod	3826	8014	12
Enum	3827	8014	12
chisqua	3828	8014	12
adrenaline	3829	8014	12
DaF1sh	3830	8014	12
BlackBird	3831	8013	12
Kallumd	3832	8013	12
TacoDaniel	3833	8013	12
Millhouße	3834	8013	12
СтасОфай	3835	8013	12
MagicTurtle	3836	8013	12
tadas	3837	8013	12
jajamariuana	3838	8013	12
Kein	3839	8013	12
Sypherus	3840	8013	12
Vallanir	3841	8013	12
Necrosis	3842	8013	12
Lyonnais	3843	8013	12
disorder	3844	8013	12
Aspirin	3845	8013	12
Anuta24rus	3846	8013	12
Damian	3847	8013	12
dima4e	3848	8013	12
KipMuurTok	3849	8013	12
b1omechan1ka	3850	8013	12
MonsieurSIEK	3851	8013	12
Routa	3852	8013	12
Gingle	3853	8013	12
AsapRocky	3854	8013	12
dANNN	3855	8013	12
Dezwingt	3856	8013	12
Worxan	3857	8013	12
MOJOperseval	3858	8013	12
hillel	3859	8013	12
ZeRaVen	3860	8013	12
papaak	3861	8013	12
mrgif	3862	8013	12
Stisseo	3863	8013	12
Marauder	3864	8013	12
Agera	3865	8013	12
Synergy	3866	8013	12
MrBig	3867	8013	12
GrillY	3868	8013	12
CreepDs	3869	8013	12
Mrg	3870	8012	12
ShadowBlade	3871	8012	12
CaiCai	3872	8012	12
ananBaby	3873	8012	12
Sterveter	3874	8012	12
assen	3875	8012	12
SilentStorm	3876	8012	12
AlenkaZlo	3877	8012	12
карма	3878	8012	12
endreask	3879	8012	12
uzLegenda	3880	8012	12
lvl99Got	3881	8012	12
MucuK	3882	8012	12
leomon	3883	8012	12
Sody	3884	8012	12
Miller	3885	8012	12
ZEro	3886	8012	12
Dante	3887	8012	12
paradoks	3888	8012	12
D0ntaskmewhy	3889	8012	12
TMM3Power	3890	8012	12
Vorment	3891	8012	12
Pinkpotato	3892	8012	12
Oli	3893	8012	12
Boluard	3894	8012	12
MrHelios	3895	8012	12
Garbok	3896	8012	12
Scuzemebro	3897	8012	12
Pyri	3898	8012	12
Alann	3899	8012	12
Darzamat	3900	8012	12
Kozla	3901	8012	12
生鏽的檸檬色貓咪	3902	8012	12
Holy	3903	8011	12
Azino777	3904	8011	12
KASATKA	3905	8011	12
Aries	3906	8011	12
ExiledTail	3907	8011	12
Charon	3908	8011	12
	3909	8011	12
bahfgahjf	3910	8011	12
MOPKOBb	3911	8011	12
ПлешивыйЧмо	3912	8011	12
Stinker	3913	8011	12
LeeNezha	3914	8011	12
Kodjen	3915	8011	12
Kanninen	3916	8011	12
zmey1333	3917	8011	12
DeadlyPants	3918	8011	12
Romashishka4	3919	8011	12
Pop	3920	8011	12
Morphy	3921	8011	12
Snykaon	3922	8011	12
YouDima	3923	8011	12
Simon	3924	8011	12
disconnect	3925	8011	12
TrashKarma	3926	8011	12
Colossus	3927	8011	12
DannyCMan	3928	8011	12
Neils	3929	8011	12
wily5	3930	8011	12
vashmp	3931	8011	12
Vixen	3932	8011	12
JahRastafari	3933	8011	12
Wallflower	3934	8011	12
Artbook	3935	8011	12
MuadDib	3936	8011	12
Tiamat	3937	8011	12
Blazelt	3938	8011	12
Deadmau5Ger	3939	8011	12
mistake	3940	8011	12
VItaNostra	3941	8011	12
joove	3942	8011	12
Tikkirei	3943	8011	12
YYK	3944	8011	12
YahikO	3945	8011	12
Tripisyat	3946	8010	12
OnyxMage	3947	8010	12
Триптофан	3948	8010	12
Blacklist	3949	8010	12
Nastya	3950	8010	12
Zlad	3951	8010	12
CarryStaff	3952	8010	12
УшлыйОрк	3953	8010	12
Tengu23	3954	8010	12
mg6014	3955	8010	12
ravens52	3956	8010	12
andrewbwm	3957	8010	12
Komtantosbik	3958	8010	12
Mooth	3959	8010	12
DerMatrose	3960	8010	12
DoTa2Yo	3961	8010	12
Castorama	3962	8010	12
Dottmaster	3963	8010	12
Miluco	3964	8010	12
iPilot	3965	8010	12
DigiGT	3966	8010	12
Pax	3967	8010	12
apo	3968	8010	12
Yulikov	3969	8010	12
Quesote	3970	8010	12
Dang3rr	3971	8010	12
SkylineR	3972	8010	12
ssttiivv	3973	8010	12
Kirkeby	3974	8010	12
ŦheCow98	3975	8010	12
zzzzt	3976	8010	12
uptop	3977	8009	12
jaks	3978	8009	12
KhayraZhu	3979	8009	12
Alriely	3980	8009	12
TbSaysSKrrr	3981	8009	12
Alexperience	3982	8009	12
FrecherElekk	3983	8009	12
Lancelot	3984	8009	12
РезвыйМишка	3985	8009	12
Jovana	3986	8009	12
PinSGer	3987	8009	12
ЛенивыйТитан	3988	8009	12
ТошноВор	3989	8009	12
kam1kaze	3990	8009	12
Morojenko	3991	8009	12
Abram	3992	8009	12
БобДолбоеб	3993	8009	12
Elemental	3994	8009	12
ShiroKirai	3995	8009	12
Toxik	3996	8009	12
ParanoiaBeat	3997	8009	12
Zemdado	3998	8009	12
TangoWhiskey	3999	8009	12
magnate	4000	8009	12
klausatina	4001	8009	12
damcair	4002	8009	12
Railhake	4003	8009	12
BVBAndi	4004	8009	12
JuanBezBar	4005	8009	12
tal1ks	4006	8009	12
Alan	4007	8009	12
Marseille713	4008	8009	12
Wortellen	4009	8009	12
Gallkig	4010	8009	12
fraiN	4011	8009	12
Mojo	4012	8009	12
Hunter	4013	8009	12
WannaFly	4014	8009	12
Jac0bski	4015	8009	12
N1ghtFox	4016	8009	12
Suyoko	4017	8009	12
Deürf	4018	8009	12
Yellowman	4019	8009	12
CNcutyiKun	4020	8009	12
MisticCri	4021	8009	12
Glorfindel	4022	8009	12
PrOxAnto	4023	8008	12
MonkeyDskin	4024	8008	12
wtfbill	4025	8008	12
forest	4026	8008	12
MuseAtroce	4027	8008	12
Quzert	4028	8008	12
Shman	4029	8008	12
LLlkolinikÆ	4030	8008	12
kibblinator	4031	8008	12
GachiBass	4032	8008	12
Paniro	4033	8008	12
Agata0Arru	4034	8008	12
BobRoss	4035	8008	12
Kurfurst	4036	8008	12
IBashar	4037	8008	12
Rcsolaar	4038	8008	12
MemeDeck4Fun	4039	8008	12
SmokeJT	4040	8008	12
InkDrop	4041	8008	12
Thehatter	4042	8008	12
sadamaza	4043	8008	12
Drachenbarde	4044	8008	12
BattleBoy	4045	8008	12
NetProblem	4046	8008	12
TROLOLANIK	4047	8008	12
Gryta	4048	8008	12
darkpath	4049	8008	12
Bamsemums	4050	8008	12
kj061223	4051	8008	12
CannonFodder	4052	8008	12
Rainbow322	4053	8008	12
FrozenSwamp	4054	8008	12
Dawi	4055	8008	12
Kal	4056	8008	12
Wasserbeuler	4057	8008	12
Gabbo97	4058	8008	12
DaiKiray	4059	8008	12
BilboSwaggin	4060	8007	12
Finkel	4061	8007	12
valkyrie	4062	8007	12
ЯростьБури	4063	8007	12
Imbarox	4064	8007	12
Kerlok	4065	8007	12
Fir3Ac3	4066	8007	12
Lightning	4067	8007	12
Jc85	4068	8007	12
Zavisim	4069	8007	12
Tulpa	4070	8007	12
Kami	4071	8007	12
PsYkO	4072	8007	12
kolobokpoma	4073	8007	12
KsandrKeij	4074	8007	12
Davdubs	4075	8007	12
Lohan	4076	8007	12
Orochy	4077	8007	12
puuh	4078	8007	12
Dskresh	4079	8007	12
Edna	4080	8007	12
Buxmill	4081	8007	12
lemonlife	4082	8007	12
Haxxorbaxxor	4083	8007	12
Walazz	4084	8007	12
Mingo	4085	8007	12
Egorka	4086	8007	12
Nomis	4087	8007	12
LordDeath88	4088	8007	12
Odin	4089	8007	12
Snky	4090	8007	12
Keltak	4091	8007	12
Kingtalulu	4092	8007	12
Jojo	4093	8007	12
Beansen	4094	8007	12
eweyone	4095	8007	12
Helline	4096	8006	12
PappaDaddy	4097	8006	12
MyWay	4098	8006	12
史詩束褲	4099	8006	12
HiSoKa	4100	8006	12
Cibalgino	4101	8006	12
WeeZy	4102	8006	12
Javoll	4103	8006	12
giveallgod	4104	8006	12
strawos	4105	8006	12
narko	4106	8006	12
Founder	4107	8006	12
Lozie	4108	8006	12
chiller117	4109	8006	12
андрейка2005	4110	8006	12
Skouliki	4111	8006	12
Sniper	4112	8006	12
JustOw1	4113	8006	12
Hydra	4114	8006	12
Zopfmeister	4115	8006	12
JoJo	4116	8006	12
Senseeye	4117	8006	12
Lordini	4118	8006	12
McKenna	4119	8006	12
Louis	4120	8006	12
турбодурик	4121	8006	12
RenArisugawa	4122	8006	12
Maniuszka	4123	8006	12
Roma	4124	8006	12
JAMBAMJI	4125	8006	12
BannZay	4126	8006	12
Memer	4127	8006	12
iono	4128	8006	12
Monrad	4129	8006	12
Skoni	4130	8006	12
SteffXEvelyn	4131	8006	12
Heegiboy	4132	8005	12
Dwaas	4133	8005	12
王德春	4134	8005	12
Ammaimon	4135	8005	12
Throwel	4136	8005	12
CJdup	4137	8005	12
Marteub	4138	8005	12
Siipimutteri	4139	8005	12
lazare	4140	8005	12
Mandellux	4141	8005	12
TryNotToCry	4142	8005	12
Opponent	4143	8005	12
WaLnuT	4144	8005	12
Spuddy	4145	8005	12
Patriarh228	4146	8005	12
Reindeer	4147	8005	12
райзард	4148	8005	12
Rasser	4149	8005	12
inering	4150	8005	12
Junks	4151	8005	12
Dearmster	4152	8005	12
Glutschwert	4153	8005	12
Alexander	4154	8005	12
Thiral	4155	8005	12
Viria	4156	8005	12
FRAIM	4157	8005	12
GOn4ii	4158	8005	12
ManaBanana	4159	8005	12
MysticSnake	4160	8005	12
KAMIKHAZE	4161	8005	12
Grestrom	4162	8004	12
loldvs	4163	8004	12
Ethen	4164	8004	12
BushBaby	4165	8004	12
MilderGeist	4166	8004	12
душныйюг	4167	8004	12
Smail	4168	8004	12
hiZENman	4169	8004	12
PirePatate	4170	8004	12
Daadm	4171	8004	12
pandu	4172	8004	12
TeleConny	4173	8004	12
J0Y5T1CK	4174	8004	12
Badaima	4175	8004	12
Kev1nSpacey	4176	8004	12
BillyBilly	4177	8004	12
Iambutman	4178	8004	12
Kalimdor	4179	8004	12
Stilaga	4180	8004	12
eliasahli	4181	8004	12
Hilou	4182	8004	12
Zerratul	4183	8004	12
Se7enSouls	4184	8004	12
Fîve	4185	8004	12
Demon	4186	8004	12
darknight	4187	8004	12
rst	4188	8004	12
Bamblebog	4189	8004	12
Outburst	4190	8004	12
Budzzza	4191	8004	12
Everest	4192	8004	12
GP674	4193	8004	12
Taranis	4194	8004	12
phaethon	4195	8004	12
Zaphod	4196	8004	12
Олендеморт	4197	8004	12
Граф	4198	8004	12
DrakulinSin	4199	8004	12
DeSjoe	4200	8004	12
Drasiel	4201	8004	12
iamloco	4202	8003	12
DeaGingeri	4203	8003	12
Arpyyy	4204	8003	12
TheRage	4205	8003	12
TiGrey	4206	8003	12
Electric	4207	8003	12
IKar	4208	8003	12
Lotsoo	4209	8003	12
IamHydra	4210	8003	12
МодныйТигр	4211	8003	12
Luche	4212	8003	12
OmarPetr	4213	8003	12
TFUKazuko	4214	8003	12
Pulse	4215	8003	12
HAMSTER	4216	8003	12
Uluwka	4217	8003	12
Vicinio	4218	8003	12
Duaner	4219	8003	12
Rob	4220	8003	12
Shikarno3ooo	4221	8003	12
tylenLYBVI	4222	8003	12
Pawnpain	4223	8003	12
Gbc	4224	8003	12
Flake	4225	8003	12
Sanchez	4226	8003	12
anthonain	4227	8003	12
Rancor	4228	8003	12
Suba	4229	8003	12
Irishcrusade	4230	8003	12
Aliezlu	4231	8003	12
Catmint	4232	8003	12
Snicers	4233	8003	12
Lerelou	4234	8003	12
Parzival	4235	8002	12
XVII	4236	8002	12
ХитрыйЛис	4237	8002	12
KLONGG	4238	8002	12
强丶	4239	8002	12
Doshika322	4240	8002	12
Deltox	4241	8002	12
ObedientAlex	4242	8002	12
YOREDET	4243	8002	12
RickSanchez	4244	8002	12
Despair	4245	8002	12
Sidius42	4246	8002	12
FieryȂshe	4247	8002	12
Syz9	4248	8002	12
Ace	4249	8002	12
Vui	4250	8002	12
Beluska	4251	8002	12
Kol	4252	8002	12
Sol	4253	8002	12
Felton	4254	8002	12
XAOS	4255	8002	12
appayipyip	4256	8002	12
live	4257	8002	12
kruzikk	4258	8002	12
Deionara	4259	8002	12
Clife	4260	8002	12
Eidolon	4261	8002	12
h3rath	4262	8002	12
melinoë	4263	8002	12
goz	4264	8002	12
WillyMey	4265	8002	12
Shrimpy	4266	8002	12
bindstoback	4267	8002	12
Баклажан	4268	8002	12
Kitkowski	4269	8002	12
kirsan	4270	8002	12
GabbeR	4271	8002	12
Hamilton	4272	8001	12
akylatyrok	4273	8001	12
優秀的米色伊萊克	4274	8001	12
Ale87t	4275	8001	12
Nova	4276	8001	12
HttpVoV4ik	4277	8001	12
yoichi	4278	8001	12
Vovesino	4279	8001	12
RoadrunnerX	4280	8001	12
Mot	4281	8001	12
ProstoFizik	4282	8001	12
ЗаОрду	4283	8001	12
Delta	4284	8001	12
Biomusor	4285	8001	12
Gewaltio	4286	8001	12
basskardin	4287	8001	12
MrZeta	4288	8001	12
RishEEL	4289	8001	12
pahanarkoman	4290	8001	12
shel	4291	8001	12
Salendor	4292	8001	12
Moonblade	4293	8001	12
Буерак	4294	8001	12
Jamargal	4295	8001	12
Hawkzz	4296	8001	12
evg	4297	8001	12
todice	4298	8001	12
josmile	4299	8001	12
BongDaCity	4300	8001	12
s0k	4301	8001	12
Universe	4302	8001	12
Leoden	4303	8001	12
Chirkoff	4304	8001	12
Sacri	4305	8001	12
serjeq	4306	8001	12
Nuisance	4307	8001	12
OrsoFacile	4308	8001	12
ZappelIch	4309	8001	12
Crakii	4310	8001	12
PhantomGod	4311	8001	12
CiseStarr	4312	8000	12
MGJF	4313	8000	12
EzricPuTao	4314	8000	12
Тисона	4315	8000	12
blackdiamond	4316	8000	12
Sugar	4317	8000	12
	4318	8000	12
Lee	4319	8000	12
Альфест	4320	8000	12
ContrPick	4321	8000	12
BenQWhiteC	4322	8000	12
SUMBITshow	4323	8000	12
Seamix	4324	8000	12
Yuujiro	4325	8000	12
Arigato	4326	8000	12
Avrora	4327	8000	12
Monkov	4328	8000	12
MrLemmy	4329	8000	12
makmak	4330	8000	12
Ryuk	4331	8000	12
Kosa	4332	8000	12
mieseb	4333	8000	12
DemonicGecko	4334	8000	12
MrAarhus	4335	8000	12
Haxxor	4336	8000	12
Unclephil	4337	8000	12
äUrner	4338	8000	12
Тыковка	4339	8000	12
Dworkillin	4340	8000	12
Badphily	4341	8000	12
nk99	4342	8000	12
Banshee	4343	8000	12
TrinkL	4344	8000	12
Miro	4345	8000	12
Garden	4346	8000	12
nep4uk	4347	8000	12
Falt4rm	4348	8000	12
Olipaone	4349	8000	12
Donkot	4350	8000	12
Sneeky	4351	8000	12
Myusico	4352	8000	12
ТонкийДракон	4353	8000	12
FCpitbull	4354	8000	12
holy	4355	8000	12
Unachieved	4356	8000	12
GUSYRA	1	19024	13
wystanich	2	18704	13
Koshchei	3	18297	13
ddlydoll	4	18100	13
dieither	5	18058	13
TedJefferson	6	17823	13
LOKK	7	17118	13
zingz	8	16436	13
mesolstii	9	16227	13
darth	10	16053	13
Spidy	11	15831	13
YingYing520	12	15810	13
Seynar	13	15761	13
Yatech	14	15620	13
HYDFATHER	15	15600	13
QuizPBacon	16	15592	13
thatjt	17	15343	13
Randolf	18	15335	13
zertyter9	19	15255	13
HugeBang	20	15188	13
NiKo	21	15075	13
Eisenerf	22	15071	13
HateMurloks	23	15047	13
GAZIM	24	15014	13
Tume	25	14696	13
xeet	26	14570	13
happysmile	27	14523	13
domdordir	28	14469	13
RareRune	29	14354	13
Жужалица	30	14297	13
CATHRINE	31	14229	13
Povar	32	14141	13
clamox	33	14077	13
hero	34	14055	13
yorickjoo	35	14000	13
Terminator	36	13984	13
Brankz	37	13911	13
kaito1412	38	13866	13
nisaasz	39	13854	13
EDGE	40	13807	13
Леший	41	13806	13
TheArcher	42	13805	13
succersn	43	13784	13
Dito	44	13771	13
Мэйбл	45	13742	13
flameloa	46	13742	13
Tchikalaboum	47	13675	13
Melkor	48	13655	13
Meliodas	49	13617	13
Viconia	50	13616	13
DdlydollFan	51	13482	13
Tuillok	52	13384	13
bitzu	53	13297	13
Malisar	54	13259	13
viv86	55	13209	13
Gloosik	56	13197	13
Warbringer	57	13146	13
RomaMEGA	58	13146	13
EMAUKA	59	13137	13
StyleHappy	60	13099	13
Deionara	61	13094	13
Jenemai	62	13088	13
GorDan	63	13047	13
Кровосток	64	13038	13
maks20k	65	13015	13
Chaotic	66	13010	13
SAY09ARA	67	12969	13
merak1t	68	12946	13
iuphul	69	12888	13
Chyva4ok	70	12876	13
Vengevyne	71	12833	13
gr0nas	72	12787	13
fantozzi	73	12775	13
Beny	74	12768	13
Ghixor	75	12750	13
Banned100500	76	12687	13
HaapaE	77	12684	13
Gods	78	12679	13
Sury	79	12674	13
Grim	80	12670	13
DeadlyMouse	81	12631	13
HuaH	82	12613	13
Lasmiranda	83	12611	13
Few	84	12568	13
Sneaklol	85	12551	13
СмелыйВомбат	86	12539	13
Boss	87	12522	13
Servetel	88	12510	13
GeorgeBailey	89	12508	13
Dorch	90	12504	13
FlaMe	91	12495	13
Mykon	92	12478	13
ENiERiTE	93	12447	13
aggeeinnbg	94	12445	13
Tefanis	95	12444	13
Spawn	96	12411	13
Fro5ti	97	12391	13
Kirby	98	12387	13
Gvinpin77777	99	12385	13
ArslanLegend	100	12381	13
Dinxinho	101	12376	13
KR8	102	12375	13
mafano1	103	12373	13
notNN	104	12351	13
MusclGui	105	12342	13
SteakFrite	106	12342	13
WatchMeDougi	107	12331	13
Salonearbuz	108	12329	13
nosferatu	109	12298	13
JackBeam	110	12295	13
Juliajm	111	12293	13
Bomjag	112	12292	13
Uncontrolled	113	12269	13
cuckchromo47	114	12265	13
Yogg	115	12258	13
Artemeezy	116	12249	13
Osiris	117	12243	13
IslandBoy	118	12242	13
PenPen	119	12211	13
MarkOFF	120	12208	13
Marcus	121	12204	13
ScreaM	122	12202	13
Удачливый	123	12189	13
kyztheone81	124	12189	13
easymemes	125	12180	13
GnomoMagico	126	12179	13
Merkucco	127	12173	13
Destructor13	128	12173	13
Casper	129	12170	13
naylek	130	12167	13
NSKL	131	12160	13
Thokk	132	12159	13
Finespoo	133	12151	13
krikerman	134	12151	13
Blumblum	135	12132	13
Solitude	136	12097	13
ciprian04q	137	12090	13
BattleGDD	138	12085	13
Onlythis	139	12067	13
ддааррииннаа	140	12058	13
regons	141	12036	13
Bybeto69	142	12034	13
Reddigan	143	12032	13
Vosfi	144	12031	13
SuperBuka	145	12025	13
Scorlio67	146	12001	13
ChristosG3	147	12001	13
JJRDUsniper	148	12000	13
Donkot	149	11979	13
Dextreme	150	11972	13
Narayana	151	11970	13
Diminou	152	11954	13
Slipo	153	11954	13
funkyhead	154	11949	13
Sneax	155	11928	13
persh	156	11886	13
yoshi6409	157	11869	13
Moonlight	158	11860	13
Maxoulefou	159	11837	13
PashtetRU	160	11834	13
Cheesecake	161	11832	13
Sidqt	162	11808	13
RDB	163	11792	13
randydady	164	11784	13
Albertus	165	11747	13
AceOfHearts	166	11743	13
ocetp	167	11739	13
ConstastevE	168	11736	13
NekoNyaam	169	11710	13
Teho12345	170	11707	13
ДерзкаяЛиса	171	11705	13
nnn1k	172	11679	13
ApocalipsuL	173	11675	13
vitriel	174	11659	13
Just1kz	175	11647	13
Dark5ider5	176	11644	13
Miraya	177	11634	13
miesman	178	11631	13
ДерзкийВолк	179	11626	13
Genkid	180	11618	13
Fourmizzz0	181	11616	13
managaOleh	182	11611	13
axu	183	11597	13
pirre	184	11584	13
AmorePicante	185	11578	13
RNGESUS	186	11574	13
PredaThor	187	11571	13
MadeBySuhich	188	11564	13
JackFastGame	189	11559	13
Bob	190	11501	13
Animalo	191	11499	13
Quutamo	192	11498	13
Raskinz	193	11490	13
Котик	194	11479	13
SpaceMonkey	195	11477	13
ЗлойМелкий	196	11473	13
Sqwirl	197	11467	13
ТавернаБоба	198	11459	13
Tweety	199	11456	13
Cameron	200	11454	13
xdmenXD	201	11453	13
mrVlad	202	11433	13
dogselle	203	11428	13
PonyRider	204	11422	13
ЗлыеШтаны	205	11414	13
Ded00Lya	206	11405	13
R1csxl	207	11401	13
Bowser	208	11399	13
Skiaparelli	209	11393	13
Ghotus	210	11392	13
Glada	211	11378	13
tlxz	212	11373	13
Kaktus	213	11357	13
Narumo	214	11356	13
Zero	215	11353	13
BAOXUELVCHA	216	11348	13
glowin9	217	11346	13
d00m	218	11332	13
MyNameIsVas	219	11325	13
BraveWolves	220	11324	13
Рюкзачок	221	11322	13
mbogos	222	11321	13
Budzzza	223	11320	13
aw3	224	11309	13
dawa3500	225	11290	13
H2O	226	11270	13
beaker	227	11247	13
Dayday	228	11247	13
Dildaev	229	11236	13
vmsep	230	11231	13
Bibma	231	11223	13
miiiisha	232	11223	13
MysterY	233	11223	13
EFG	234	11220	13
ТочныйЭлекк	235	11212	13
Gruby	236	11209	13
Roland	237	11208	13
dlc	238	11202	13
Spyro	239	11185	13
Xypler	240	11184	13
lollittle	241	11181	13
MetCashflow	242	11178	13
Nagib	243	11177	13
AcólitoAzul	244	11173	13
AdamakeL	245	11154	13
mock1ngb1rd	246	11152	13
Stevvi	247	11152	13
HeadHunter	248	11150	13
kivistik2006	249	11146	13
Omen	250	11144	13
etoSad	251	11143	13
CuriousHeart	252	11142	13
Lemongrade	253	11141	13
Reeborn	254	11135	13
Nameless	255	11114	13
Aladeer	256	11111	13
DrakulinSin	257	11102	13
PatAfrique	258	11087	13
TTVCornysan	259	11083	13
sharp	260	11078	13
coilnovagg	261	11070	13
Dihpop	262	11065	13
Кнетчес	263	11062	13
DirtyHarry	264	11059	13
JEBKA	265	11052	13
jaix	266	11052	13
sjow	267	11049	13
Rimus	268	11032	13
Eclipex	269	11025	13
Pazuzu	270	11018	13
Qiraa	271	11015	13
Caly	272	11014	13
Klumpen	273	11013	13
Yeroma	274	11011	13
hunteríco	275	11007	13
Synapse	276	11006	13
Schnitzler	277	11006	13
LAG	278	10998	13
Ledra	279	10979	13
Anatidae	280	10976	13
kenni	281	10968	13
UnrulyGoyim	282	10968	13
Bwatte	283	10960	13
ReadyFreddy	284	10958	13
Kylo	285	10946	13
Fargaz	286	10926	13
PR0EXTR1M	287	10925	13
NOS	288	10914	13
DashVo4ko	289	10913	13
WhiteNoise	290	10910	13
bbox65	291	10898	13
YoCuteSenpai	292	10892	13
Schutzengel	293	10885	13
Sheva1221	294	10873	13
SkrO	295	10867	13
vindorde	296	10863	13
ykatninl	297	10850	13
VelcroFly	298	10849	13
Hooyaka	299	10847	13
FlameBear	300	10843	13
lokk2345	301	10838	13
Polipomm	302	10831	13
BoBoSinn	303	10828	13
Sneaklolz	304	10816	13
Thanatos	305	10800	13
Luckyzorr	306	10800	13
Kawasaki	307	10794	13
Nogalo	308	10791	13
asd1asd22061	309	10789	13
Agent47	310	10786	13
Kamalost	311	10779	13
Firefly	312	10771	13
SilverWolf	313	10771	13
Gumball	314	10767	13
ToKiLl	315	10766	13
Igor	316	10755	13
Den777	317	10745	13
PeteMorr	318	10742	13
Spyrozgz	319	10741	13
erijo	320	10735	13
Andushalan	321	10721	13
SirBubbleBut	322	10720	13
Arox	323	10717	13
Kosty1924	324	10713	13
yek	325	10708	13
RubeKOT	326	10701	13
Draxienn	327	10689	13
Anastasia	328	10684	13
fleckshick	329	10683	13
Everinbloom	330	10675	13
Klotzman	331	10661	13
conjohn	332	10661	13
Utry	333	10660	13
StillTrying	334	10659	13
lokusa	335	10656	13
kzinnii	336	10655	13
ZVK88	337	10650	13
FrostTitan	338	10648	13
Prikolist	339	10641	13
TrafalgarLaw	340	10634	13
Tangusik	341	10631	13
kornoth	342	10629	13
DoubleCrunch	343	10623	13
Maksimalen	344	10622	13
DikiyPudge	345	10611	13
titusbonk	346	10607	13
pastaS	347	10605	13
Satanell	348	10603	13
goldegram	349	10598	13
Apo	350	10591	13
RomanKnight	351	10588	13
Piaircarray	352	10578	13
SarahDasta	353	10576	13
TjockaLinnea	354	10572	13
RoLLeem	355	10566	13
михаил	356	10565	13
PanSS	357	10565	13
Hector	358	10564	13
Sansanpisos	359	10563	13
BoYa	360	10555	13
Kimpay	361	10554	13
WarWick	362	10545	13
kropio	363	10544	13
pilis	364	10543	13
Spirit	365	10542	13
Царич	366	10539	13
Zayrox	367	10539	13
MarikFS	368	10539	13
Fumalol	369	10534	13
MYSLITHELL	370	10532	13
drwoke	371	10530	13
Qnigmatic	372	10529	13
slbquista	373	10525	13
Megalovaniac	374	10524	13
WhiteBerry	375	10521	13
zsh	376	10520	13
LEGRANDOWNYD	377	10519	13
HellYeah	378	10515	13
Martje	379	10507	13
SEPHIR0TH	380	10502	13
Tizzil	381	10494	13
Pint0	382	10486	13
KawaiiLipuch	383	10485	13
StealthNinja	384	10481	13
Чикабуашка	385	10481	13
sleepless	386	10474	13
nat5015	387	10469	13
Грыжа	388	10466	13
Aeryst	389	10460	13
Artbook	390	10453	13
essentle	391	10452	13
ТенеШторм	392	10451	13
SmartMario1	393	10450	13
NoMercyBro	394	10448	13
Trugen	395	10445	13
Fluderutus	396	10444	13
DrastiC	397	10443	13
martin	398	10442	13
vartman	399	10432	13
KoLobok	400	10430	13
Terrorwolf	401	10427	13
kamukaze	402	10424	13
Aliica	403	10421	13
Yeghue	404	10416	13
XPYXPY	405	10410	13
ManaKeen	406	10407	13
Tight	407	10406	13
BryanRSCL	408	10406	13
levik	409	10400	13
Jcontent	410	10398	13
Aventurier	411	10394	13
Nahallikoff	412	10393	13
BTR	413	10392	13
Frontside	414	10391	13
Dam7970	415	10389	13
Smogren	416	10385	13
Sypherus	417	10376	13
Viggo	418	10375	13
ctm62	419	10371	13
freewill	420	10368	13
Tom1990	421	10362	13
FrozenMoment	422	10357	13
Glauera	423	10350	13
МокрыйПони	424	10349	13
Ferron	425	10348	13
phiLord	426	10347	13
Max	427	10346	13
Peetak	428	10345	13
GrafTrahula	429	10343	13
Darship	430	10342	13
PalachRoka	431	10341	13
Sheridan	432	10340	13
FruitDealer	433	10338	13
InfInIty	434	10335	13
MethodMan	435	10335	13
ТарасВульва	436	10311	13
QuestN7	437	10302	13
Мичман	438	10300	13
Santé	439	10300	13
shveps	440	10296	13
pOvod	441	10288	13
Aservus	442	10284	13
Nainno	443	10282	13
Stabbing	444	10281	13
Fr0l	445	10276	13
RUFF	446	10272	13
Yojimbo	447	10272	13
sinestre	448	10271	13
Kellersen	449	10262	13
Exuni	450	10261	13
hohotyn	451	10258	13
Nemoshi	452	10256	13
Lodowy	453	10256	13
SmokeJT	454	10255	13
Sephitz	455	10253	13
Botanich	456	10252	13
sadon	457	10250	13
Weedzz	458	10247	13
CaHe4Ka	459	10246	13
Millhouße	460	10245	13
Oilsaeff	461	10240	13
Dufist	462	10237	13
Garouck	463	10233	13
Panzer8	464	10231	13
myshki	465	10229	13
DingDong	466	10229	13
Alex	467	10228	13
WeeWeeRider	468	10226	13
NUKIN	469	10223	13
yolo420blaze	470	10222	13
MiniNinja	471	10221	13
Fiaw	472	10217	13
Greecha	473	10215	13
Tiluma	474	10214	13
TanZor	475	10212	13
Atlas	476	10211	13
Reazz	477	10210	13
smile	478	10209	13
Nightmare	479	10205	13
ColdtongG	480	10202	13
Tyrion	481	10199	13
BOMBERMAN	482	10195	13
KungFuMaster	483	10194	13
RuS	484	10193	13
Rasputnik	485	10183	13
TheTony	486	10179	13
Axolotlya	487	10179	13
Mpi	488	10177	13
panda	489	10170	13
Dard	490	10166	13
Troya	491	10162	13
RyanGosling	492	10162	13
SlimeyShnake	493	10161	13
ERIK	494	10161	13
Karll	495	10155	13
Seth	496	10154	13
arckange	497	10153	13
Estiny	498	10151	13
RinceMagus	499	10151	13
MishTheGrEaT	500	10147	13
R7z	501	10143	13
Malax	502	10142	13
Scud	503	10140	13
laon	504	10134	13
SpaceMurloc	505	10132	13
ParsaBunny	506	10129	13
PoutreEPIQUE	507	10127	13
MetsJeesus	508	10120	13
Bann	509	10119	13
CitizenBane	510	10119	13
Toslk	511	10116	13
Ocine	512	10106	13
hardwell	513	10103	13
much2pro4you	514	10101	13
Alcapone	515	10100	13
SneakySquid	516	10098	13
Xrimfff	517	10097	13
Gingle	518	10092	13
Pingvin	519	10091	13
Pulse	520	10091	13
BradWong	521	10090	13
AYAYA	522	10087	13
koebes	523	10084	13
HornOkPlease	524	10080	13
Eimz	525	10075	13
Jackyal	526	10073	13
Dogmat	527	10073	13
Колбаса	528	10072	13
CielSapphire	529	10066	13
Moray	530	10066	13
Kamaji	531	10065	13
Sombra	532	10064	13
FalconCrux	533	10061	13
GraveShadow	534	10061	13
SirBefington	535	10061	13
BarryBatsbak	536	10060	13
Kizami	537	10058	13
kankanmikan	538	10054	13
TREEy	539	10054	13
Tranx	540	10052	13
ColdVibe	541	10050	13
Smoker	542	10050	13
Floflo541	543	10048	13
KaT9Ipa	544	10047	13
MallyCon	545	10046	13
Alone	546	10045	13
Daywalker	547	10044	13
Lerooy	548	10043	13
FluX	549	10043	13
Hylo	550	10039	13
BloodKing	551	10038	13
Tonusu	552	10038	13
Aviatom	553	10035	13
RexRoyal	554	10035	13
だからヨハネよ！	555	10032	13
Katalepsy	556	10032	13
MayBeHeX	557	10031	13
RagnarTonton	558	10031	13
BlackTec	559	10029	13
dada	560	10025	13
NoReflexLFT	561	10025	13
Batman29lo	562	10024	13
x3Hardcorex3	563	10023	13
ROXAN	564	10021	13
RoGGoR	565	10020	13
V1rusH0st	566	10020	13
Chewbaccahim	567	10020	13
ArtūrsBernis	568	10019	13
pepsipriest	569	10016	13
Keltak	570	10014	13
SlapDarius	571	10013	13
SlicedFred	572	10011	13
Noreturn	573	10010	13
Aeris	574	10009	13
PuzzleGod	575	10007	13
Selina	576	10006	13
FroGGer	577	10006	13
Xeno	578	10003	13
SEEEEEEENPAI	579	10001	13
Leyl44	580	10001	13
MrAzaghast	581	10000	13
Tsuzuriko	582	10000	13
Losty	583	9998	13
Loostik	584	9995	13
TwitchNemxxx	585	9995	13
ZaZaMaZa	586	9992	13
Flyingjeje	587	9991	13
Oxxxymiron	588	9989	13
Binkelderk	589	9983	13
BceCynep	590	9982	13
ArthurDC60	591	9978	13
Kapu	592	9977	13
wAmpa	593	9977	13
Macert	594	9976	13
xFA	595	9973	13
Joewiie	596	9973	13
Dreamliner	597	9972	13
Romapsp1998	598	9971	13
Pheb	599	9969	13
Barbara	600	9969	13
Thanatos	601	9969	13
Henke	602	9968	13
Vanitas	603	9964	13
Bubu	604	9963	13
YuanYiYing	605	9959	13
OpaNa	606	9958	13
Awesonya	607	9957	13
LuraX	608	9955	13
cj660	609	9955	13
Palau	610	9955	13
SilverName	611	9953	13
deekey	612	9952	13
Vebby	613	9950	13
andreeeezy	614	9948	13
Rolcsy	615	9947	13
mvrlg	616	9946	13
S1E	617	9945	13
TheRabbin	618	9940	13
LoRd	619	9939	13
Zener	620	9937	13
YuGiOh	621	9932	13
Bounty1	622	9931	13
LokTarOgar	623	9931	13
Hendruid	624	9930	13
Gram3r	625	9929	13
Jilx	626	9928	13
Barbakonan	627	9924	13
Leta	628	9922	13
seleymenk	629	9921	13
dofmxakoxjh	630	9915	13
newultimate	631	9911	13
elbisso	632	9910	13
Winter01	633	9906	13
VarfaluVtop	634	9905	13
drunkenrebel	635	9904	13
backhorizon	636	9903	13
Bulldozer	637	9900	13
Marphamet	638	9899	13
Destiny	639	9897	13
MonsieurSIEK	640	9894	13
Типси	641	9893	13
Zaryos	642	9891	13
SerejaDeagle	643	9890	13
Dartjik	644	9886	13
Jordinator	645	9884	13
PetroFun	646	9880	13
dave14810	647	9880	13
EirikXiXi	648	9880	13
Робби	649	9879	13
Sifnosguy	650	9879	13
Felargon	651	9876	13
PP1337	652	9875	13
STO11E	653	9875	13
Hex	654	9875	13
iFneSs	655	9875	13
norad	656	9875	13
eCans	657	9874	13
MrInvisable2	658	9874	13
Zylorz	659	9871	13
Spezi	660	9864	13
VerGhoul	661	9861	13
Orpinell	662	9861	13
PirreSmurf	663	9859	13
TuTri	664	9858	13
itachier	665	9856	13
Пумпучя	666	9856	13
Evve97	667	9856	13
Zeph	668	9853	13
Evil	669	9853	13
BadZeliboba	670	9852	13
Romidu78	671	9850	13
Goldik	672	9849	13
clooudus	673	9848	13
Yeugeny	674	9844	13
Xedin	675	9839	13
wee1yea1ra	676	9838	13
G25G22310	677	9838	13
Альфест	678	9837	13
RusniaSosi	679	9837	13
CoolBanana	680	9833	13
Natascha	681	9833	13
Elon0717	682	9827	13
RickAtacko	683	9825	13
ptXnadzieja	684	9824	13
Faighter	685	9822	13
wsa7wow	686	9821	13
JustaZz	687	9819	13
Bischem	688	9813	13
Caoops	689	9812	13
Kachura	690	9812	13
allanwake	691	9811	13
SallyLunn	692	9808	13
SzokoSwiR	693	9807	13
RadianAngel	694	9806	13
TsukikoUnoi	695	9801	13
НеТрожьМеня	696	9798	13
Veret	697	9798	13
ХитрыйЛось	698	9793	13
FilipguraSVK	699	9793	13
b1omechan1ka	700	9792	13
KYKLAWOD	701	9791	13
Antoine	702	9791	13
Спартак	703	9790	13
AMIWAR	704	9789	13
NauticalStar	705	9787	13
sultan23	706	9786	13
Remilde	707	9786	13
Dobroleon	708	9785	13
AvideTv	709	9781	13
Drezzer032	710	9780	13
Mommos	711	9779	13
wackz	712	9779	13
KREBETKA	713	9775	13
Rednemus	714	9771	13
maoliuncle	715	9771	13
Joker	716	9770	13
PetaN	717	9769	13
Koleco	718	9765	13
Kaory	719	9760	13
Dranoxx	720	9760	13
bmpk	721	9755	13
SnowLHV	722	9754	13
Euro	723	9746	13
vsehernya	724	9743	13
musoryanskiy	725	9741	13
GreckaXD	726	9736	13
Khorne	727	9726	13
PIVO	728	9723	13
Mafro	729	9722	13
AngryBirDDD	730	9722	13
МегаСпектр	731	9719	13
SteelFog	732	9718	13
karpik	733	9715	13
ТихийМаг	734	9712	13
Thurgesius	735	9709	13
Phobios	736	9705	13
Narkar	737	9703	13
RoadrunnerX	738	9699	13
Inyourface89	739	9699	13
HeavyMetal	740	9695	13
Desidia	741	9693	13
Ded	742	9691	13
OhTakeItEasy	743	9691	13
Smootik	744	9691	13
PidRosan	745	9690	13
ZXC1x1	746	9689	13
OliveCrane	747	9688	13
LeoScibi	748	9686	13
Odens	749	9685	13
Danny	750	9682	13
Binger	751	9682	13
MegaMan	752	9682	13
J53	753	9679	13
pisterL	754	9672	13
deadmøøn	755	9670	13
СэрМрргглтон	756	9670	13
BananaMan1	757	9668	13
demonium71	758	9667	13
pr40bds0mp5e	759	9665	13
Inimitable	760	9664	13
Shikamaru	761	9655	13
Leonidax	762	9653	13
Cocos	763	9652	13
Pharah	764	9651	13
DanZero	765	9650	13
HoneyMew	766	9650	13
ХичШТ	767	9648	13
Hard	768	9646	13
Spiffy	769	9646	13
LimboDancer	770	9645	13
Agata0Arru	771	9642	13
Hidan	772	9641	13
ConkAndBepis	773	9641	13
ЧудоГоблин	774	9631	13
Kalczuk	775	9631	13
Boobazinger	776	9629	13
ImpYCelyn	777	9629	13
Holop	778	9626	13
OverdoseTR	779	9624	13
GibGab	780	9623	13
WazaBrook	781	9622	13
SemisToriy	782	9621	13
Kuragehime	783	9620	13
奉天丨勇敢猪猪冲	784	9619	13
amaheartless	785	9618	13
Champiflux	786	9615	13
Воробушек	787	9614	13
alkaps	788	9612	13
TETOKASANE	789	9610	13
Rogue	790	9609	13
halkri	791	9608	13
TE1926	792	9608	13
Pukinator	793	9606	13
FiftyFive	794	9605	13
NuriDasHs	795	9605	13
Rodion	796	9604	13
CAMILLLLLLAW	797	9600	13
Виктория	798	9599	13
Klor	799	9599	13
Burger	800	9599	13
BigSashaGrey	801	9598	13
Jelu	802	9597	13
Sayōnara	803	9596	13
Hocer	804	9594	13
Urt	805	9593	13
DemonJester	806	9593	13
VladFB	807	9592	13
Sindra	808	9591	13
DonDavidon	809	9590	13
FlowRian	810	9589	13
ƁǾƘǬǃ	811	9588	13
Balzathor	812	9588	13
MaRam	813	9588	13
Root	814	9584	13
Nufnuf	815	9584	13
Fransman	816	9581	13
Deku	817	9580	13
FlaxOwl	818	9579	13
Mephitoi	819	9578	13
Donofifou	820	9577	13
Glutschwert	821	9575	13
XOBANA	822	9571	13
CheveuxSale	823	9570	13
Matt	824	9569	13
totti154	825	9568	13
Shandec	826	9567	13
Dansafc	827	9563	13
Epsu	828	9562	13
Dominich	829	9557	13
Kr0n0s	830	9556	13
Thor182	831	9555	13
Jumanji	832	9553	13
krutoi23	833	9552	13
M0nst3rKIKI	834	9552	13
ИльяТрайХард	835	9551	13
Wormpal	836	9548	13
bosola98	837	9545	13
Feed	838	9541	13
Denvort	839	9541	13
hank	840	9539	13
СЕГАПОЦЕЛУЕВ	841	9536	13
Trypackdeda	842	9534	13
Hightime	843	9534	13
Meinhardt	844	9531	13
Player	845	9530	13
killingconor	846	9530	13
Hellios	847	9525	13
Bichoute	848	9523	13
Hyperkarina	849	9520	13
Butchan	850	9520	13
Peeloton	851	9519	13
erzhan1613	852	9519	13
xMegAtPaXePx	853	9516	13
Amaretsuu	854	9515	13
Laurii	855	9514	13
Ankan	856	9514	13
Sorry	857	9510	13
MrJojoDolo	858	9510	13
Vyxa	859	9508	13
MrAnanasYT	860	9506	13
pLaid	861	9506	13
Maniuszka	862	9505	13
gr0nas	863	9504	13
СтоякБезДела	864	9503	13
Magician	865	9502	13
Hu87	866	9498	13
LemonWolf	867	9497	13
Zuchi	868	9495	13
Koentjuh	869	9491	13
Gilbert	870	9485	13
Kresti	871	9484	13
DoReMI	872	9484	13
l099y	873	9483	13
TheWhiteLord	874	9481	13
KOPOJIb	875	9479	13
Furberg	876	9479	13
AlexNSK	877	9476	13
TrickyHunter	878	9473	13
Kermi	879	9473	13
Eliasabatini	880	9472	13
ЗлыеШтаны	881	9471	13
laur	882	9470	13
MightyBeast	883	9469	13
ChesterSL	884	9469	13
SkripkaLisa	885	9469	13
Sarkos	886	9468	13
Leksksks	887	9468	13
goodspell	888	9468	13
Hunter	889	9466	13
RedStorm	890	9466	13
Ultrarotom	891	9464	13
Frenkoo	892	9462	13
Coldsoul	893	9460	13
SHARKYY	894	9457	13
Среброкрыл	895	9456	13
Пельмешка	896	9455	13
ASDUT	897	9455	13
sakura	898	9453	13
ARTUR	899	9453	13
DYADYAEBALO	900	9452	13
Homard	901	9450	13
xle	902	9445	13
Djokane	903	9444	13
brunst	904	9442	13
Misiorek	905	9442	13
iMHuzzla	906	9440	13
BigCongre	907	9437	13
Ermak	908	9437	13
MiniNinja	909	9437	13
PigeonLord	910	9436	13
Zyae	911	9435	13
Vitalikels	912	9434	13
Espy	913	9434	13
Crucifer	914	9433	13
Garanoob	915	9431	13
ハルヒ	916	9431	13
sleepless	917	9430	13
Kerch	918	9429	13
GG112345	919	9427	13
Tenuem	920	9427	13
wikikeeper	921	9424	13
Shooller	922	9423	13
CuppE	923	9422	13
Yichen	924	9418	13
inviserpro	925	9418	13
Ill08	926	9418	13
Coma	927	9417	13
Xiquitin	928	9415	13
KevinWillis	929	9415	13
Krahjan	930	9414	13
nafan4o	931	9414	13
Cancanneed	932	9413	13
MaselTov	933	9412	13
Ceynet	934	9412	13
xxw	935	9410	13
Fløpper	936	9407	13
ЯркийВомбат	937	9407	13
Karla	938	9406	13
maksfyfc	939	9406	13
Akashi	940	9405	13
Madinina	941	9404	13
Айра	942	9403	13
Fedeone	943	9403	13
grepples	944	9402	13
Harald	945	9401	13
YOLO	946	9400	13
DroChillaXXX	947	9398	13
nortonuss	948	9397	13
Snooder	949	9396	13
SweenyTod	950	9396	13
Jim	951	9396	13
陰沉的淺褐色貓咪	952	9394	13
Foxy	953	9393	13
TeraqB	954	9392	13
saybb	955	9392	13
КурочкаГриль	956	9391	13
CoBecTuHeT	957	9391	13
Lestoman	958	9391	13
Zokaboom	959	9391	13
Croquette	960	9389	13
AfinaLaretty	961	9388	13
Freeman	962	9386	13
Fired	963	9385	13
Qi8888	964	9385	13
Pip	965	9384	13
hvasåg	966	9383	13
ПлешивыйЧмо	967	9382	13
TheXullop	968	9380	13
Clementdesc	969	9380	13
Bambybaby	970	9379	13
KillerB	971	9377	13
Tpjbx	972	9376	13
Lunco	973	9376	13
Jesrty	974	9375	13
CuVeR	975	9375	13
Xhiku	976	9374	13
PoissonChat	977	9374	13
БыдлоПес	978	9372	13
Boluard	979	9370	13
Mfet	980	9369	13
MiniNinja	981	9368	13
Zero	982	9367	13
TYbabe	983	9366	13
tortupizza	984	9365	13
Exotic	985	9364	13
MarinCim	986	9363	13
Titanesque	987	9363	13
Klofi	988	9362	13
Lastadan	989	9361	13
antimage	990	9360	13
ssttiivv	991	9359	13
БомжихаДжеби	992	9357	13
Котун	993	9355	13
Bobby	994	9353	13
Alastair	995	9353	13
theolos	996	9349	13
PanicControl	997	9346	13
Grobelj	998	9344	13
Zapperinn1	999	9342	13
Globox	1000	9342	13
goegrog27	1001	9341	13
Raimero4ek	1002	9339	13
streamsniper	1003	9338	13
DespaiRKZ	1004	9337	13
LavaBat	1005	9337	13
BeLka	1006	9335	13
Csirkemlfilé	1007	9333	13
Holy	1008	9333	13
m0rtal	1009	9333	13
Magikas	1010	9333	13
Nikorj	1011	9332	13
MyghtyBeast	1012	9332	13
ShinyHaxorus	1013	9331	13
Nordom	1014	9331	13
Imperator	1015	9330	13
BlackBird	1016	9329	13
PARADOX	1017	9329	13
Nehorn	1018	9326	13
Tyra	1019	9326	13
niandetu	1020	9325	13
Necromorphz	1021	9325	13
Robirom	1022	9323	13
iLi	1023	9323	13
Bombey	1024	9320	13
Lugburz	1025	9318	13
KirLela	1026	9317	13
HideinBtlTag	1027	9317	13
saVage	1028	9316	13
KICKplysovoy	1029	9314	13
PogoHopper	1030	9314	13
PieCeDuck	1031	9314	13
Zronix	1032	9313	13
Zhid228	1033	9311	13
ivailosp	1034	9309	13
Maestro	1035	9307	13
Артём	1036	9305	13
ryanadetsu	1037	9303	13
Darzamat	1038	9302	13
Rainbob	1039	9301	13
ColaMatata	1040	9299	13
Code	1041	9299	13
Abdulhadi	1042	9297	13
Михаил	1043	9296	13
Netupi	1044	9295	13
Shay	1045	9294	13
CrazyMage	1046	9289	13
Bnice	1047	9289	13
hypadao	1048	9287	13
NovicePlayer	1049	9282	13
olegafren	1050	9281	13
Blenska	1051	9280	13
fawaz	1052	9280	13
keeperessa	1053	9277	13
Zreem	1054	9276	13
Cheddo	1055	9275	13
xgendry	1056	9275	13
King64	1057	9275	13
Fonk	1058	9273	13
Vovesino	1059	9272	13
Watsky	1060	9272	13
Lester	1061	9271	13
Dauwn76	1062	9269	13
Csonesz	1063	9269	13
codeinemastr	1064	9268	13
DlovaN	1065	9267	13
Vaynard	1066	9266	13
LemonRogue	1067	9265	13
Ericsson	1068	9262	13
Domi	1069	9261	13
Rancor	1070	9261	13
FlexLex	1071	9259	13
RBcuber	1072	9257	13
zloyVomka	1073	9257	13
Бармен	1074	9256	13
Huskey	1075	9255	13
Taygeta	1076	9255	13
KHORN	1077	9254	13
Leviathan	1078	9254	13
Gwore	1079	9253	13
koost64	1080	9252	13
MarkHuelius	1081	9252	13
ezekyelle	1082	9252	13
killlex	1083	9250	13
Kisonell	1084	9250	13
Paskudei	1085	9248	13
rst	1086	9247	13
Zerase	1087	9247	13
Cortex	1088	9247	13
Rodinges	1089	9246	13
Petryshka	1090	9246	13
Azazel	1091	9244	13
R4ptur3	1092	9244	13
vvv	1093	9242	13
Amroth	1094	9240	13
Interceptor	1095	9240	13
LuciZai	1096	9239	13
MrBRITT	1097	9237	13
Akureimo	1098	9237	13
CHEBURSHILA	1099	9235	13
TheCypher	1100	9234	13
Picta	1101	9231	13
MasterOK	1102	9228	13
eliohu	1103	9228	13
BabarPower	1104	9226	13
chips	1105	9226	13
Electron	1106	9224	13
dima4e	1107	9223	13
Zyla	1108	9223	13
PovarNomi	1109	9222	13
majekako	1110	9221	13
СуперМурлок	1111	9219	13
Tutenshamun	1112	9218	13
SiLNine	1113	9218	13
EbashuBoba	1114	9217	13
koi	1115	9215	13
AcornBrain	1116	9215	13
Unclephil	1117	9213	13
Foni95	1118	9212	13
Monster	1119	9211	13
Jonuk	1120	9209	13
Eis	1121	9209	13
OmgBanana	1122	9209	13
Toffi	1123	9208	13
Arsiker	1124	9207	13
Krespo	1125	9207	13
SSS1SSS2	1126	9207	13
Fundiesel	1127	9207	13
Lodalink	1128	9206	13
rusrobert4	1129	9206	13
effo	1130	9205	13
BatChest	1131	9203	13
Janimaster	1132	9202	13
ReD	1133	9202	13
Woland	1134	9201	13
boooooo	1135	9198	13
hadayn228	1136	9197	13
Ricbus	1137	9197	13
Tazuo	1138	9196	13
Krmoje	1139	9194	13
Skalmanleif	1140	9193	13
GuliGuli	1141	9193	13
UrukHai21	1142	9193	13
Scopulus	1143	9193	13
Leviotic	1144	9193	13
Catmint	1145	9193	13
Ravi	1146	9192	13
Жабка	1147	9191	13
sprinkled	1148	9191	13
Rahm	1149	9191	13
Effe	1150	9190	13
Laserwings	1151	9190	13
Zander	1152	9189	13
SamONprime	1153	9188	13
DruezAbuze	1154	9185	13
PGGAME	1155	9185	13
Zytox	1156	9184	13
Humor	1157	9183	13
DrGuFy	1158	9183	13
JudoToma00	1159	9182	13
Kleberstar	1160	9180	13
elshnaawy	1161	9179	13
Dolphin	1162	9178	13
xartoNZ	1163	9177	13
rinnegan	1164	9174	13
Qarapuz	1165	9172	13
Neme	1166	9167	13
Knoperaune	1167	9165	13
Syrez	1168	9165	13
Galih	1169	9164	13
KalSo0n	1170	9163	13
LichKing	1171	9163	13
Sorrow	1172	9162	13
vitochef	1173	9162	13
Finkel	1174	9159	13
MrBlaZZer	1175	9159	13
Suze	1176	9158	13
kistoxa	1177	9158	13
jopa	1178	9158	13
shamok	1179	9155	13
GrandEroe	1180	9154	13
Stormphoenix	1181	9153	13
Almtze	1182	9152	13
Saga	1183	9149	13
Dikirin	1184	9147	13
Cerrax	1185	9147	13
CardMaster	1186	9143	13
HolaJaEbola	1187	9143	13
Taljara	1188	9142	13
Bodjey	1189	9142	13
NAGIBATOR666	1190	9142	13
Misternexx	1191	9140	13
iNzoliNe	1192	9139	13
Hazard	1193	9139	13
Meumeu	1194	9138	13
Eroichi	1195	9137	13
Wrought	1196	9137	13
MaskHarpon	1197	9135	13
Ghostiswag	1198	9135	13
Антошка	1199	9133	13
Morgan	1200	9133	13
Darnassovsky	1201	9133	13
Ozyono	1202	9132	13
Zenitix	1203	9130	13
Speed	1204	9128	13
kori9991	1205	9127	13
JKMHD	1206	9126	13
	1207	9125	13
Gizmo	1208	9125	13
winogrodnik	1209	9123	13
brutal	1210	9123	13
DayWeen	1211	9123	13
H3nkinator	1212	9122	13
LAcity	1213	9119	13
Thunder	1214	9119	13
WildRage	1215	9118	13
Dibeaumatin	1216	9118	13
frostedpetal	1217	9116	13
LiZB0U31	1218	9112	13
Burnout	1219	9112	13
Esther	1220	9111	13
Ketodivi146	1221	9110	13
ylathor	1222	9110	13
yager74	1223	9110	13
buldolf	1224	9109	13
Koen	1225	9107	13
Pepo	1226	9107	13
B4bou	1227	9104	13
Bear	1228	9104	13
Nielsezzz	1229	9104	13
DmitriyZadow	1230	9103	13
Tryndapère94	1231	9102	13
Seba666	1232	9101	13
Rapapel	1233	9101	13
Anyone	1234	9098	13
PukeTornado	1235	9098	13
Morgrain	1236	9096	13
whiterabbit	1237	9096	13
EasyPush	1238	9096	13
Sparkion	1239	9096	13
Zeshi	1240	9095	13
EbashuAboba	1241	9092	13
SandroZet	1242	9092	13
Mup	1243	9091	13
Frankster	1244	9091	13
Antek	1245	9090	13
AnomaLY	1246	9089	13
Nietzsche	1247	9088	13
TallMelon	1248	9087	13
SerGeKon	1249	9087	13
Artanis28	1250	9086	13
SecretPlayer	1251	9085	13
LeBeauFort	1252	9085	13
DerKolben	1253	9085	13
Tolmachevau	1254	9084	13
WildED	1255	9083	13
Yusanagi	1256	9083	13
SollerTM	1257	9082	13
Geoa	1258	9082	13
hamed	1259	9080	13
OldGuyEarl	1260	9078	13
TheySeeyou	1261	9078	13
piloeuf2	1262	9077	13
Myrcella	1263	9077	13
Xtravalous	1264	9075	13
Sky	1265	9074	13
Kragin	1266	9073	13
xDn0x	1267	9073	13
keg1	1268	9073	13
GrillY	1269	9073	13
stepanDjo	1270	9071	13
Gnoki	1271	9070	13
NightShadoW	1272	9069	13
Herzagon	1273	9069	13
OneOfMany	1274	9069	13
JMLKayn	1275	9067	13
Bunnycus	1276	9066	13
DUPLOKID	1277	9066	13
Integra	1278	9065	13
Proveider	1279	9065	13
ЧистыйМелкий	1280	9065	13
DarkGamer	1281	9063	13
Senpai	1282	9062	13
Sly	1283	9062	13
Hares	1284	9061	13
Pain	1285	9060	13
Hardycat	1286	9060	13
Liakusha	1287	9058	13
Portol	1288	9058	13
Enum	1289	9058	13
AlMa	1290	9056	13
MementoMori	1291	9056	13
Люциферчег	1292	9056	13
JaegerLeCoul	1293	9054	13
ХмарныйВор	1294	9054	13
LittleOgre	1295	9053	13
Лоллилисичка	1296	9049	13
Barinooov	1297	9045	13
TheMudify	1298	9045	13
Control	1299	9043	13
nep4uk	1300	9043	13
Tifider	1301	9041	13
Zelek	1302	9041	13
Asesino	1303	9040	13
Potato	1304	9040	13
Embrys	1305	9040	13
Mirablo	1306	9039	13
FunctionFarj	1307	9039	13
xolms007	1308	9039	13
Dante8956	1309	9038	13
Vsmish	1310	9038	13
H4mst3rN	1311	9037	13
Qazl	1312	9036	13
MakaB0703	1313	9036	13
Arhion	1314	9036	13
Пустой	1315	9035	13
Fenrir8341	1316	9034	13
ardiq	1317	9034	13
CyberXGhoul	1318	9032	13
ShowReck	1319	9032	13
aldmian	1320	9030	13
bugsylla	1321	9029	13
ЗаОрду	1322	9028	13
BTR4ER	1323	9025	13
Mystikpsy	1324	9025	13
uneverknow	1325	9024	13
Beluska	1326	9024	13
Mohohle	1327	9023	13
visanders	1328	9022	13
Sender	1329	9020	13
Clash	1330	9020	13
HopeIsDead	1331	9020	13
Palon	1332	9018	13
Hramoi	1333	9017	13
Dogmeat	1334	9017	13
tommysolar	1335	9016	13
Maison	1336	9015	13
Fisufasu	1337	9015	13
Spawn	1338	9013	13
TheDude	1339	9013	13
RishEEL	1340	9012	13
Страйкер	1341	9011	13
Jove	1342	9010	13
LoveUkraine	1343	9010	13
dominatore	1344	9008	13
Vision	1345	9008	13
JOJO	1346	9007	13
D0ntaskmewhy	1347	9007	13
Quindecim	1348	9003	13
Fagerholm	1349	9002	13
Jekpis	1350	9001	13
Alyson	1351	9001	13
KevlaR	1352	9000	13
t0X1Gen	1353	9000	13
HyinaRas	1354	9000	13
Lucky	1355	9000	13
xixiha	1356	9000	13
Grat	1357	9000	13
Mernayi	1358	8999	13
dagen	1359	8998	13
DeeCee	1360	8998	13
LolNotPaying	1361	8997	13
gyrak	1362	8995	13
ИскроМэн	1363	8993	13
al3ubed	1364	8993	13
Aphrim	1365	8992	13
CantbenameD	1366	8991	13
Re7ax	1367	8990	13
snownight	1368	8989	13
Heiyewuya	1369	8989	13
ElDiablo	1370	8988	13
Ни40си	1371	8987	13
moty	1372	8986	13
Dhios	1373	8985	13
Wambo	1374	8985	13
Snoopy	1375	8985	13
Carcosa	1376	8985	13
кисскаМск	1377	8983	13
Blueee	1378	8982	13
Azdormu	1379	8981	13
Sessor	1380	8981	13
OrsoFacile	1381	8981	13
Kraa	1382	8980	13
SoldierBobby	1383	8980	13
Potatoe37	1384	8980	13
Roma	1385	8980	13
BlackB12	1386	8979	13
Zmakx	1387	8979	13
Neekoh	1388	8979	13
Dieger	1389	8978	13
TorqueDD	1390	8978	13
S1lvers	1391	8973	13
Belo4kaanna	1392	8973	13
Xenor	1393	8972	13
Jogral	1394	8972	13
MrSpockY	1395	8971	13
TheBebelebe	1396	8971	13
Korwood	1397	8970	13
BigDaddyMike	1398	8970	13
Pyrok4	1399	8969	13
Jojoboom	1400	8969	13
ree	1401	8968	13
Un1t3d	1402	8968	13
AmaterasuFrk	1403	8967	13
igeenger	1404	8967	13
Laban	1405	8967	13
Kenzzu	1406	8967	13
Rone	1407	8963	13
hoobinka	1408	8963	13
Leukopeuko	1409	8962	13
anwfragma	1410	8962	13
Ptolemaeus	1411	8962	13
FuzzyWuzzy	1412	8961	13
Junks	1413	8961	13
danielzilla	1414	8960	13
egoisto	1415	8960	13
X4multicast	1416	8959	13
Panteon	1417	8958	13
Gleyder	1418	8956	13
LaSilveria	1419	8955	13
Pack	1420	8955	13
Shiba	1421	8954	13
Lizochka	1422	8953	13
Diemydarling	1423	8953	13
goz	1424	8953	13
Vektor	1425	8952	13
Hardcore	1426	8951	13
CrazyG	1427	8950	13
johnygreem	1428	8950	13
fertka	1429	8950	13
BlackPoubell	1430	8949	13
Nexus	1431	8949	13
Antonbaoan	1432	8948	13
Zodin	1433	8948	13
Skorpi	1434	8946	13
puuf	1435	8945	13
snapplor	1436	8944	13
Qwasi	1437	8943	13
P0D0N0K	1438	8941	13
Stefanovich	1439	8941	13
Waladorf	1440	8939	13
govno4	1441	8939	13
RyZeY	1442	8939	13
КАКАЯЖАЛОСТЬ	1443	8938	13
Talker	1444	8938	13
Dopldr17	1445	8937	13
VelialVend	1446	8937	13
mmbanan	1447	8937	13
Walle	1448	8937	13
Ladon511	1449	8936	13
Artorix	1450	8936	13
Jolle	1451	8936	13
GarbanzoXXX	1452	8936	13
TiamaT	1453	8936	13
botman	1454	8934	13
Nurf	1455	8934	13
TheRussianOn	1456	8933	13
Bobby	1457	8933	13
BartDevil	1458	8933	13
darkpath	1459	8932	13
tvTwinSidde	1460	8931	13
GodgunPlus	1461	8930	13
Ariial	1462	8930	13
maksjeah	1463	8929	13
Indubitably	1464	8927	13
uselessObj	1465	8927	13
Огрик	1466	8926	13
ShookOne	1467	8926	13
GIR	1468	8925	13
ZerGgBoY	1469	8925	13
Ninjà	1470	8925	13
Pretty	1471	8924	13
Zeky	1472	8922	13
Moneyvbane	1473	8922	13
Andrew	1474	8922	13
Shurteg	1475	8922	13
Krzycho	1476	8921	13
B00zer	1477	8920	13
Krell	1478	8920	13
Natendo	1479	8919	13
chakra	1480	8919	13
AresPredator	1481	8919	13
Yusufikas	1482	8918	13
Allatiel	1483	8918	13
MyWay	1484	8918	13
MichaDG	1485	8918	13
JIoxE6aHbIu	1486	8917	13
BionicAvatar	1487	8917	13
pandabalu	1488	8917	13
TomasHunter	1489	8917	13
РезвыйМишка	1490	8915	13
Overlord	1491	8914	13
Vanquish	1492	8912	13
ZigZag	1493	8911	13
rizza	1494	8909	13
Ишачка2001	1495	8909	13
Nalivaiko	1496	8908	13
Perrier	1497	8908	13
fisker	1498	8907	13
blackmort	1499	8907	13
SHEFF	1500	8906	13
Semy	1501	8906	13
Whiteness	1502	8906	13
Blogis	1503	8906	13
buzalac	1504	8904	13
Sanchos74	1505	8903	13
AvaRISE	1506	8903	13
Killer666	1507	8902	13
КотУбийца	1508	8902	13
Gudleifur	1509	8902	13
pozla	1510	8900	13
Hexan	1511	8900	13
Howtoplay	1512	8899	13
Cha1ned	1513	8898	13
Maxxoun	1514	8897	13
AhmedHabibi9	1515	8896	13
Leney	1516	8895	13
destroed	1517	8894	13
arntarne	1518	8893	13
VikramPappur	1519	8892	13
bullen	1520	8892	13
Minapotheo	1521	8892	13
HiHat	1522	8892	13
xArelav	1523	8892	13
kallevonbach	1524	8891	13
微笑	1525	8890	13
Arch	1526	8890	13
МаркоРойс	1527	8890	13
Tonkax	1528	8888	13
Tayrien	1529	8888	13
MEPHISTO	1530	8888	13
Mrg	1531	8887	13
бодя	1532	8886	13
WeeWee	1533	8885	13
ZZZ	1534	8885	13
melkiyNahal	1535	8884	13
TheGizmo	1536	8884	13
Bèp92	1537	8883	13
AngelKashima	1538	8883	13
Gogeta	1539	8882	13
BlackGarden	1540	8881	13
Alex	1541	8881	13
NauTeS	1542	8880	13
Luckycat	1543	8880	13
Keemon	1544	8880	13
Pezzo	1545	8879	13
SiMak59	1546	8879	13
colin	1547	8878	13
Nath935	1548	8878	13
Kissshot	1549	8877	13
Barakyz	1550	8877	13
kolisnichenk	1551	8876	13
Chaussette	1552	8875	13
Metal3D	1553	8874	13
Pan2	1554	8872	13
wariatpl	1555	8871	13
Ortroker	1556	8871	13
GringerBasic	1557	8871	13
DAMIRISIMUS	1558	8871	13
Asphalt	1559	8870	13
Klitander	1560	8869	13
Raven	1561	8869	13
Nixir	1562	8869	13
SuP3RSmUrFX	1563	8868	13
LouLou	1564	8866	13
Chocowel	1565	8866	13
Kitty366	1566	8865	13
iodaaa	1567	8865	13
SICKxTEEN	1568	8862	13
Bogarne	1569	8862	13
Enjojjo	1570	8862	13
Heimleiter	1571	8860	13
kruzikk	1572	8860	13
DoktorDER	1573	8859	13
EvilDoriaN	1574	8859	13
SterixFoxe	1575	8859	13
Vicolecho	1576	8858	13
WesleyM	1577	8858	13
RobToTop9	1578	8857	13
Nova	1579	8853	13
Syrok	1580	8853	13
Ilia	1581	8853	13
Solevar	1582	8852	13
Solik41	1583	8852	13
boom	1584	8852	13
Keel	1585	8852	13
Akira	1586	8850	13
WotVrotTakWo	1587	8850	13
stricat	1588	8848	13
Лунатик	1589	8848	13
Balavurder	1590	8846	13
Faktiz	1591	8846	13
Kapitoshka	1592	8846	13
Hawk	1593	8845	13
KÖNIGRASEK	1594	8844	13
NoControl	1595	8843	13
Krys	1596	8843	13
Dexan	1597	8842	13
sausau	1598	8842	13
Ome11	1599	8841	13
chiller117	1600	8840	13
GoldBear	1601	8838	13
Dawstrog	1602	8837	13
Splata	1603	8837	13
Bmco	1604	8834	13
bomj	1605	8833	13
Zagibator	1606	8832	13
Beerus1510	1607	8830	13
Fox	1608	8830	13
Zulu	1609	8828	13
kalameet	1610	8827	13
HTz	1611	8827	13
YYXY	1612	8826	13
TVtwinsidde	1613	8826	13
ElChapo	1614	8826	13
Falini	1615	8826	13
RockNRave	1616	8825	13
Majesty	1617	8824	13
Sacrifice	1618	8824	13
surprised	1619	8823	13
addmin	1620	8823	13
Nilsbjork	1621	8823	13
SithKyzo	1622	8823	13
sumys	1623	8821	13
KirDorf	1624	8816	13
dvol322	1625	8816	13
GeorgeAmbush	1626	8815	13
Vallanir	1627	8813	13
Gregorio	1628	8812	13
PIRAT	1629	8811	13
Nightking	1630	8811	13
naiseTV	1631	8808	13
tinou	1632	8808	13
WoodChuck	1633	8807	13
XENOSIS	1634	8807	13
Elacour	1635	8807	13
Dudoka	1636	8806	13
GreatMarau	1637	8806	13
Avalon	1638	8805	13
TheCPas	1639	8804	13
AMao	1640	8804	13
Makrayer	1641	8803	13
Creonic	1642	8803	13
i2ainb0w	1643	8803	13
CoachFeratu	1644	8803	13
Smilec	1645	8802	13
Pavlin	1646	8802	13
SaveThatShix	1647	8801	13
SpiritGoku	1648	8800	13
MuadDib	1649	8800	13
Stiiv	1650	8799	13
CAXAP	1651	8799	13
Monstradamus	1652	8797	13
iOmniscient	1653	8796	13
fsd	1654	8796	13
PieCeAcaKe	1655	8796	13
Psofoula	1656	8795	13
Burhnach	1657	8795	13
CrispyBacon	1658	8795	13
Fenrir	1659	8795	13
Elmaco	1660	8795	13
PePe	1661	8795	13
МерзкийТип	1662	8795	13
Oxxyy	1663	8792	13
kiler2	1664	8792	13
Dytka	1665	8792	13
Goblack	1666	8792	13
Timmo	1667	8791	13
bagett111	1668	8791	13
BlackJed	1669	8791	13
Mastox	1670	8791	13
BAFALO61	1671	8790	13
collider	1672	8790	13
Trocardi	1673	8789	13
Cobranadoo	1674	8789	13
PenDragon	1675	8789	13
Pkkt	1676	8788	13
Maxl	1677	8787	13
Strann1k	1678	8786	13
Detective	1679	8786	13
LemonLion	1680	8786	13
FabulousHen	1681	8784	13
Wnkrdnns	1682	8783	13
Godzilov	1683	8782	13
Kuxi	1684	8782	13
Ascard	1685	8782	13
Gertturbo	1686	8782	13
zomos	1687	8781	13
Biondo	1688	8781	13
dethroned	1689	8781	13
Wanderflo	1690	8781	13
rooonieo	1691	8780	13
Sentro	1692	8780	13
Velzu	1693	8780	13
MrRedsteel	1694	8780	13
godwei	1695	8779	13
SneezyDwarf	1696	8779	13
Vancharge	1697	8777	13
Lichdan	1698	8776	13
Faurtz	1699	8774	13
AsDePicas	1700	8774	13
Drahyrt	1701	8773	13
WorldUnknown	1702	8770	13
bloodstash	1703	8770	13
leeluv	1704	8770	13
reja	1705	8770	13
WarDestroyer	1706	8770	13
JohnWick	1707	8768	13
BaaBaBomba38	1708	8768	13
Stellkitch	1709	8768	13
Tomozaure	1710	8768	13
Lex	1711	8767	13
Vainglory	1712	8766	13
Shipe	1713	8765	13
Сергеич	1714	8765	13
Seb	1715	8765	13
Slim	1716	8765	13
Noel	1717	8765	13
Pax	1718	8764	13
TaupeHardie	1719	8764	13
Glebastik1	1720	8764	13
Captainleek	1721	8764	13
LordDeath88	1722	8764	13
pharsalia	1723	8762	13
ElAndDeath	1724	8762	13
Wolfgang	1725	8762	13
Lifteur	1726	8762	13
BeLikan	1727	8761	13
HolyTerroR	1728	8761	13
Quesote	1729	8760	13
JeppeLund	1730	8760	13
Darkilol	1731	8758	13
Loliloly	1732	8757	13
ESC	1733	8756	13
Elwinbu	1734	8755	13
Choco	1735	8755	13
Ticher	1736	8754	13
SilverHawk	1737	8754	13
Ataraxia	1738	8753	13
BbdOnAll	1739	8752	13
ChIkAgErO	1740	8751	13
Laqeith	1741	8751	13
TatarinYebok	1742	8751	13
Heegiboy	1743	8750	13
iFeral	1744	8749	13
DiaTech	1745	8749	13
GunomaBot	1746	8747	13
sanm	1747	8746	13
Pohuynaigru	1748	8745	13
DEN007	1749	8744	13
Bronzegoblin	1750	8744	13
tighten	1751	8744	13
DonSikaleone	1752	8743	13
uros	1753	8742	13
Igzor	1754	8741	13
Akumexx	1755	8741	13
Leatherman	1756	8739	13
Ozmos	1757	8739	13
CaptainJay	1758	8739	13
Marginal	1759	8739	13
Sheonna	1760	8738	13
ЖораТавернов	1761	8738	13
Wolfenray	1762	8736	13
Maguer1771	1763	8735	13
Nitram	1764	8735	13
ChookPretty	1765	8734	13
Darkiloll	1766	8733	13
Blood	1767	8732	13
LemonRyan	1768	8732	13
SandyRay	1769	8732	13
Nemmec	1770	8732	13
YétiChauve	1771	8731	13
Glennk	1772	8731	13
Kir	1773	8730	13
plague	1774	8728	13
BASTIEN	1775	8727	13
FirePoireau	1776	8727	13
TiGrey	1777	8725	13
Маг	1778	8725	13
Thundastruck	1779	8724	13
DodiDodi	1780	8724	13
m4cce	1781	8723	13
Kaneki	1782	8721	13
Swordswipe	1783	8721	13
Aferist	1784	8720	13
DerianGrey	1785	8718	13
zyancali	1786	8718	13
Deymos	1787	8718	13
Tony	1788	8718	13
Dskresh	1789	8716	13
VovaCoilNova	1790	8715	13
OurseChic	1791	8714	13
kiykovl	1792	8714	13
Ashae	1793	8713	13
plöt	1794	8713	13
Standartiq	1795	8713	13
TheBest	1796	8712	13
Roobroy	1797	8712	13
j03y13	1798	8712	13
PPPPPVP	1799	8711	13
BOBUK	1800	8711	13
RMD4000	1801	8711	13
serGEORGE	1802	8710	13
pysnyaPNH	1803	8709	13
kevin15674	1804	8708	13
kato17	1805	8708	13
Barbaris	1806	8707	13
HuyaMasterYa	1807	8707	13
Bigstomach	1808	8706	13
KotSoska	1809	8706	13
Slyp	1810	8705	13
Мерзлоног	1811	8704	13
Hexastruck	1812	8704	13
SkillerRi87	1813	8704	13
hillel	1814	8704	13
Brolts	1815	8703	13
FunkySH	1816	8703	13
Marko	1817	8702	13
Leo	1818	8702	13
y0urnero	1819	8702	13
Joeland	1820	8701	13
jyramiidi	1821	8700	13
shootnik	1822	8700	13
SunYiKou	1823	8699	13
VenGeanCe	1824	8699	13
Lireirelico	1825	8698	13
Egivan	1826	8698	13
Scuzemebro	1827	8698	13
Sanyka	1828	8697	13
Desik	1829	8697	13
Lebiys	1830	8697	13
Aksouz	1831	8696	13
PainiCe	1832	8696	13
hAppN	1833	8696	13
angry245	1834	8694	13
DraY	1835	8694	13
Poroho4ek	1836	8694	13
PsyTech	1837	8694	13
Gasha	1838	8694	13
Blobin	1839	8693	13
Droideka	1840	8693	13
MarkoDiMarko	1841	8693	13
tMi	1842	8693	13
Tjiel	1843	8691	13
StupidCupid	1844	8691	13
BrendanRed	1845	8690	13
jeefLegend	1846	8690	13
GreenSharx	1847	8689	13
Levorilh	1848	8689	13
Lazy34	1849	8689	13
Pride	1850	8689	13
Ecto	1851	8687	13
Karapetich	1852	8687	13
DJWCB	1853	8686	13
exstaz	1854	8686	13
WellPlayed	1855	8686	13
Pipaisopa	1856	8686	13
Capharnaüm	1857	8685	13
Cnec	1858	8685	13
Fiasko	1859	8684	13
Shurik	1860	8684	13
U3EJI0K	1861	8683	13
KonTaicho	1862	8683	13
Jojjer	1863	8683	13
GhostReaper	1864	8681	13
youyinxvn	1865	8680	13
LonelyGirl	1866	8680	13
Perdon	1867	8680	13
thBlezz	1868	8680	13
DedBuga	1869	8679	13
Idealis	1870	8679	13
Parzival	1871	8677	13
Skovstuta	1872	8677	13
thattj	1873	8677	13
Felton	1874	8676	13
doge93	1875	8676	13
Tetsu	1876	8675	13
selios	1877	8674	13
CybergrooveG	1878	8674	13
Reib	1879	8674	13
Reberalo	1880	8673	13
Trismegistos	1881	8672	13
KAA	1882	8672	13
TonyPerruque	1883	8671	13
gaidev	1884	8671	13
Medisa	1885	8671	13
jacob	1886	8671	13
Михаил	1887	8670	13
mod	1888	8670	13
FastEbola	1889	8669	13
Miki5	1890	8669	13
BeHappy	1891	8669	13
Porlk	1892	8669	13
IIEHC	1893	8668	13
SupraJean	1894	8668	13
Kuutam0	1895	8668	13
Noxzjkee	1896	8668	13
Firas	1897	8668	13
Aceofstorms	1898	8667	13
Mister	1899	8667	13
Reconstruct	1900	8666	13
Aventurier	1901	8664	13
Sun4ace	1902	8664	13
Ultimatehero	1903	8664	13
Arafas	1904	8664	13
TOCTEP228	1905	8663	13
JesusLike6	1906	8663	13
GetdaFkOut	1907	8662	13
Kamui	1908	8662	13
PepitHoww	1909	8662	13
Igoreklow	1910	8661	13
Kamish	1911	8661	13
JAMBAMJI	1912	8660	13
YYK	1913	8659	13
Laserlord	1914	8658	13
DaR0L	1915	8657	13
Eli3001	1916	8657	13
KingChrisi	1917	8657	13
onion	1918	8656	13
Omnicarbon	1919	8656	13
Kronosbaff	1920	8656	13
Erdoganishe	1921	8655	13
Judikum	1922	8655	13
Elward	1923	8654	13
BibleThump	1924	8654	13
Selalife	1925	8653	13
Sutako	1926	8653	13
avangela	1927	8652	13
cotton	1928	8652	13
Atlas	1929	8651	13
Uortodox	1930	8650	13
Nagibator228	1931	8649	13
yovis	1932	8648	13
SuperNekich	1933	8648	13
Cyberchrome	1934	8648	13
DeBBalt	1935	8648	13
Deus	1936	8648	13
Starck	1937	8647	13
AZAZEL	1938	8646	13
Sapheara	1939	8646	13
powerrade	1940	8645	13
RobinHood	1941	8644	13
JeanLassalle	1942	8644	13
BoSinn	1943	8643	13
Albert	1944	8643	13
Gow	1945	8643	13
TINathX	1946	8643	13
MrSvist	1947	8642	13
Cobrax	1948	8642	13
JOZef	1949	8640	13
SaysOp	1950	8640	13
Aiebyzachem	1951	8639	13
WindRider	1952	8639	13
korm	1953	8639	13
Добрыня	1954	8638	13
Ashly	1955	8638	13
Dread	1956	8638	13
Dayan	1957	8638	13
Jooornx	1958	8637	13
CTpaHHuK	1959	8637	13
Loki	1960	8637	13
Fem	1961	8636	13
Vox	1962	8635	13
Cataclysm100	1963	8634	13
Takuto969	1964	8634	13
Biser	1965	8634	13
TEMPOlucas	1966	8634	13
Clockworks	1967	8634	13
Defnutiy	1968	8633	13
Ibraah	1969	8633	13
HomeFaun	1970	8630	13
CyanRogue	1971	8630	13
ManaBanana	1972	8630	13
Quorthon21	1973	8629	13
Djoxe	1974	8629	13
Hertor	1975	8628	13
redyok	1976	8627	13
Evgen506	1977	8626	13
hallvardhen	1978	8625	13
Sjakalen	1979	8625	13
reantony	1980	8624	13
RedCat	1981	8624	13
skeleton22	1982	8624	13
Asmadeys	1983	8622	13
GenaBykin228	1984	8621	13
Gwyndolin	1985	8621	13
Skinny	1986	8620	13
Deleska	1987	8620	13
Keregon	1988	8619	13
Sugar	1989	8619	13
Polgara	1990	8619	13
GameOver	1991	8619	13
Ageres	1992	8619	13
Taeki	1993	8618	13
Bluebear	1994	8617	13
Mynton	1995	8617	13
Rehouse	1996	8616	13
Жопич	1997	8615	13
Cyberkos	1998	8615	13
Danilson	1999	8615	13
Toji	2000	8615	13
StealerNaix	2001	8614	13
Good	2002	8612	13
mucifer	2003	8612	13
Pirith	2004	8611	13
Ghost1381	2005	8610	13
ПерекатиПоле	2006	8610	13
loudBurp	2007	8610	13
Kaveta	2008	8609	13
shipe	2009	8609	13
Klown	2010	8609	13
Rickmort	2011	8609	13
Tikkirei	2012	8609	13
Maxwn	2013	8608	13
fishen	2014	8608	13
BattleDwarf	2015	8608	13
LazyDeer	2016	8607	13
HeroPower	2017	8606	13
NedLand	2018	8606	13
DekA	2019	8606	13
xharlesw	2020	8605	13
MoLNyaaa	2021	8605	13
Kaolow	2022	8605	13
orzhofa	2023	8604	13
Плотвень	2024	8604	13
n1ke	2025	8604	13
Turee00	2026	8603	13
Batty	2027	8603	13
Wojti	2028	8603	13
Groom	2029	8602	13
Balu	2030	8602	13
devilstorm	2031	8602	13
GeilerGustav	2032	8602	13
lyxo	2033	8601	13
Phala	2034	8601	13
CaptainPOG	2035	8601	13
PusinBoots	2036	8601	13
MariiaMorela	2037	8600	13
totsamikolya	2038	8600	13
Steve	2039	8600	13
PinSGer	2040	8599	13
ARC	2041	8599	13
Deürf	2042	8598	13
Elgor	2043	8597	13
bob	2044	8596	13
dayyrus	2045	8595	13
gourmet	2046	8595	13
eliasker	2047	8595	13
ХлопаныйГрот	2048	8595	13
iamheorhii	2049	8594	13
matematicker	2050	8594	13
Tar0vich	2051	8592	13
puuh	2052	8592	13
Bespoleznich	2053	8590	13
Grandefufi08	2054	8590	13
RushAr	2055	8590	13
Den4ik	2056	8590	13
Fulrad	2057	8590	13
Andrei	2058	8589	13
Razack	2059	8589	13
SleepyShaman	2060	8589	13
Abso	2061	8588	13
ZAD	2062	8587	13
Hezekiel	2063	8586	13
Platinum	2064	8586	13
Bossim	2065	8586	13
SevenFiveOne	2066	8585	13
亡靈犬	2067	8585	13
Envids	2068	8584	13
DragonForce	2069	8584	13
Excusemyfr	2070	8584	13
Kastaneda	2071	8584	13
Ruuxxi	2072	8583	13
ParanoiaBeat	2073	8583	13
legeva1937	2074	8583	13
uoath	2075	8583	13
РезвыйМишка	2076	8582	13
Mestema	2077	8581	13
EpicAkuman	2078	8581	13
Ionutzzzzz	2079	8580	13
Kexxytos	2080	8579	13
LiteSeeker	2081	8578	13
Zerath	2082	8577	13
ПерекатиПоле	2083	8576	13
AgentV	2084	8576	13
kelts	2085	8576	13
Alex	2086	8575	13
Elessarn	2087	8575	13
Qgelfich	2088	8575	13
Flipby	2089	8575	13
Stígandr	2090	8575	13
NoRegret	2091	8575	13
Jeckyll	2092	8574	13
Mooer	2093	8573	13
Bussus	2094	8572	13
GTRQ1998	2095	8572	13
WuLLL	2096	8571	13
Killu	2097	8571	13
GILL	2098	8570	13
BugsDonne	2099	8570	13
Freshboom	2100	8570	13
КрэйзиКот	2101	8570	13
Krutmaks	2102	8570	13
FriendlyNyak	2103	8567	13
Unoriginell	2104	8567	13
HinanawiTS	2105	8566	13
Emil98	2106	8565	13
Интроверт	2107	8565	13
STimUL	2108	8564	13
Monti	2109	8564	13
etily	2110	8564	13
Auphinity	2111	8564	13
Kronas	2112	8563	13
MV1	2113	8563	13
constant	2114	8563	13
ShrekHAHA	2115	8562	13
CrispyS	2116	8562	13
mLsLinkin	2117	8561	13
IAkaneI	2118	8560	13
Matibatka	2119	8559	13
LordBauer	2120	8559	13
Vantelin	2121	8559	13
Mesoa	2122	8559	13
LeFarmico	2123	8559	13
Flamecrash	2124	8559	13
Finalys	2125	8558	13
ANTImik	2126	8557	13
GoodGuy	2127	8556	13
НаБутылке	2128	8555	13
Vardax	2129	8554	13
BOBAH86	2130	8554	13
Bolna	2131	8554	13
ravensoul	2132	8552	13
Kustari	2133	8552	13
Frosakin	2134	8551	13
HueJazz	2135	8551	13
bydevilz	2136	8551	13
Raroch	2137	8551	13
Cavlagwurash	2138	8550	13
Ray	2139	8550	13
WhiteLobos	2140	8550	13
AntiUA	2141	8550	13
KazoNao	2142	8550	13
Pestiferius	2143	8550	13
Gothmog	2144	8549	13
Zplatter	2145	8548	13
Vincanity84	2146	8548	13
Morrrrrrroz	2147	8548	13
Yurecbksj	2148	8547	13
Room	2149	8547	13
Supergeil	2150	8546	13
krabat	2151	8546	13
Shans	2152	8545	13
ProPaN	2153	8545	13
kev	2154	8545	13
duese88	2155	8544	13
Yoxi2ITP	2156	8544	13
anteres	2157	8544	13
adidaskömme	2158	8544	13
Krasj	2159	8543	13
Zepopa	2160	8541	13
Muwi	2161	8541	13
AvisRara74	2162	8541	13
cosmos	2163	8541	13
bulwa09	2164	8540	13
melinoë	2165	8540	13
Nordhesser	2166	8540	13
Donya	2167	8538	13
battcamm	2168	8538	13
Wildhero	2169	8537	13
Sonya	2170	8537	13
Nilepper	2171	8537	13
LiterallyMe	2172	8537	13
karakalez	2173	8536	13
DrNuman	2174	8536	13
Dokoq	2175	8536	13
MutenRoshi	2176	8535	13
LorenitaMola	2177	8534	13
LionAseaM	2178	8534	13
GSǂRolex	2179	8534	13
blazr	2180	8533	13
OZDO	2181	8532	13
Yuyu	2182	8532	13
Always	2183	8532	13
Barakas	2184	8531	13
Beastyred	2185	8531	13
Goodem	2186	8531	13
Gvoz	2187	8530	13
Lightning	2188	8530	13
Pandemoneus	2189	8530	13
Gvido	2190	8530	13
FuzzyFennec	2191	8528	13
JKL	2192	8528	13
BenQWhiteC	2193	8527	13
Zyno	2194	8526	13
MaikelDRuffy	2195	8525	13
JaboR	2196	8525	13
Skerrigan	2197	8525	13
Theoderey	2198	8525	13
popolo	2199	8524	13
Hotcrossbun	2200	8524	13
Yargxela	2201	8523	13
Daenerys	2202	8522	13
Sushi69	2203	8522	13
Critting	2204	8522	13
DLASTOVAS	2205	8521	13
Jackdan13ls	2206	8521	13
Zoeperman	2207	8521	13
AnalHappenes	2208	8521	13
KleinerIrrer	2209	8521	13
MucuK	2210	8520	13
Lusgeg	2211	8520	13
LiLZenkov	2212	8520	13
ThePurpleMan	2213	8520	13
McREE	2214	8520	13
Philipp	2215	8519	13
CocokArarata	2216	8519	13
Taklamakan94	2217	8518	13
Maksoman	2218	8517	13
BilbOk	2219	8517	13
buyuntong	2220	8516	13
dai	2221	8513	13
IVTSPingo	2222	8513	13
Flash	2223	8513	13
Nightshade	2224	8513	13
Lunatic	2225	8512	13
crasa	2226	8511	13
Skaisgiris	2227	8511	13
caillantho	2228	8511	13
Murdok	2229	8509	13
Napixian	2230	8509	13
Культиватор	2231	8508	13
Patchi	2232	8507	13
Pablinox	2233	8507	13
ТенеДракон	2234	8507	13
NicoHX	2235	8507	13
Queltek	2236	8506	13
HappyHippie	2237	8506	13
Zara	2238	8506	13
Singularity	2239	8505	13
splintar	2240	8505	13
Alexeich	2241	8505	13
Lilith	2242	8505	13
Mihuil	2243	8504	13
askmej	2244	8504	13
dany52	2245	8504	13
TuAbuel1ta	2246	8504	13
ЧестныйИндюк	2247	8503	13
Tench	2248	8503	13
trinket	2249	8503	13
Ectow	2250	8502	13
TheDog	2251	8502	13
不可视的世界线	2252	8502	13
Varrak	2253	8501	13
SnakeYiTV	2254	8500	13
Namoz	2255	8500	13
Utkir	2256	8500	13
InThePink	2257	8500	13
Noryhc	2258	8498	13
Zero	2259	8498	13
Foven	2260	8497	13
Kazalooza	2261	8497	13
Zolofty	2262	8497	13
FlameThief	2263	8496	13
biwboris	2264	8496	13
Stacy	2265	8496	13
БольшойГнолл	2266	8495	13
Beccre	2267	8495	13
ChicoCracker	2268	8495	13
TaupeMorose	2269	8495	13
Titanikus	2270	8494	13
fankixd	2271	8494	13
Kenny	2272	8493	13
FlaxLich	2273	8492	13
Aixonvittle	2274	8492	13
КотУбийца	2275	8491	13
Kroissance	2276	8490	13
SawariNeko	2277	8490	13
КрэйзиКот	2278	8490	13
Foksnor	2279	8489	13
Driliana	2280	8489	13
MooseWing	2281	8488	13
Markus1984	2282	8488	13
DarkNewb	2283	8488	13
GiPeper	2284	8487	13
TrashMashina	2285	8487	13
Shizznay	2286	8487	13
ZVV	2287	8487	13
Dimesy	2288	8487	13
RANT	2289	8486	13
Grainesombre	2290	8486	13
ARGONEES	2291	8486	13
RoKStaR	2292	8486	13
Blank	2293	8485	13
PclvKtrn	2294	8484	13
Simalaja	2295	8484	13
Din	2296	8484	13
Banduga	2297	8483	13
Scugno	2298	8483	13
Jörö	2299	8483	13
РыжийБуян	2300	8482	13
Darkness	2301	8481	13
Egoist	2302	8481	13
Freeman1337	2303	8481	13
GaNS	2304	8481	13
Silvernight	2305	8481	13
Кирсан	2306	8480	13
Kato	2307	8480	13
Котяня	2308	8480	13
AroHades	2309	8480	13
DMa	2310	8480	13
RedFox	2311	8479	13
Kinaj	2312	8479	13
Luxor	2313	8479	13
LimpKing	2314	8479	13
GeerNXX	2315	8478	13
Kaylana	2316	8478	13
pingu	2317	8478	13
pukaka	2318	8478	13
MrBrappy	2319	8478	13
Bsaadati	2320	8478	13
Nenada	2321	8477	13
Healmekitty	2322	8477	13
KopiK	2323	8476	13
Jo0ma	2324	8476	13
РайскийДемон	2325	8475	13
Banaantje	2326	8475	13
JustV	2327	8474	13
Mapuo666	2328	8472	13
Imanerog	2329	8472	13
FallenHero	2330	8472	13
FinnLazor	2331	8471	13
drainer	2332	8471	13
НикитаБруда	2333	8471	13
ALFREINUS	2334	8470	13
Julysia	2335	8470	13
RedEagle	2336	8470	13
jUNO	2337	8470	13
Kraken666	2338	8469	13
ShadowSlayer	2339	8469	13
Damian	2340	8469	13
Pestilence	2341	8469	13
Applepie	2342	8468	13
Духовный	2343	8468	13
alibird	2344	8468	13
Koukay	2345	8468	13
Pumpkin	2346	8468	13
petitcoQuin	2347	8467	13
Acco	2348	8467	13
Nyastia	2349	8467	13
Rogorola	2350	8466	13
GRIMOIRE	2351	8466	13
Vidris	2352	8466	13
Tyyppi	2353	8465	13
PogFrog	2354	8463	13
Roxornoob	2355	8463	13
ShadowDragon	2356	8463	13
ReoLord	2357	8463	13
DoctorWho	2358	8462	13
letach	2359	8462	13
Sufo	2360	8461	13
PetitouMaxou	2361	8461	13
varnubug	2362	8461	13
bart2	2363	8461	13
ripulipaska	2364	8460	13
ЖМУРИК	2365	8460	13
Pipeline	2366	8460	13
Miracle	2367	8459	13
Otter	2368	8457	13
hernayaJOPA	2369	8457	13
Xelus	2370	8457	13
Kovroy	2371	8456	13
Sean	2372	8455	13
LuNGoVeR	2373	8455	13
Sicred	2374	8455	13
aloprivetiki	2375	8455	13
BeaverGang	2376	8454	13
bonzoconneK	2377	8454	13
FlaxShark	2378	8454	13
Marcionne	2379	8454	13
Doughy	2380	8454	13
УшлыйОрк	2381	8453	13
Nicooooo	2382	8453	13
Array	2383	8452	13
Пумпель	2384	8452	13
IseWolf	2385	8452	13
Perry	2386	8452	13
Robert	2387	8451	13
CatalinYG	2388	8451	13
MarkGray	2389	8450	13
Gaz	2390	8450	13
tal1ks	2391	8450	13
Kyrsant988	2392	8450	13
Dreamy	2393	8450	13
Torcetto	2394	8448	13
frawian	2395	8448	13
Hellara	2396	8447	13
Candykiller	2397	8447	13
MVTEI	2398	8447	13
Expendables	2399	8446	13
Luche	2400	8446	13
Miku	2401	8446	13
Bombetta	2402	8445	13
CromFayer	2403	8444	13
Cajunb	2404	8444	13
tujouestrop	2405	8444	13
Tohji	2406	8443	13
Dunderjocke	2407	8443	13
Shun	2408	8443	13
M0NK	2409	8442	13
AGri	2410	8442	13
Juev	2411	8442	13
Bastian	2412	8442	13
Positive	2413	8441	13
Mustik1106	2414	8440	13
BenguiJump	2415	8440	13
Egyptolog	2416	8439	13
Glandoulf	2417	8437	13
R4ven	2418	8436	13
Tripisyat	2419	8436	13
Siel19	2420	8436	13
live	2421	8436	13
Artiking	2422	8435	13
KazoKorner	2423	8435	13
DeziSmasher	2424	8435	13
Vadi	2425	8434	13
PokerFace	2426	8434	13
Farador101	2427	8433	13
DireVenom	2428	8433	13
xNorrisx	2429	8433	13
ChatonGarou	2430	8433	13
GrunkleBong	2431	8432	13
Prydz	2432	8432	13
Nork	2433	8432	13
Rahna	2434	8431	13
Weezing	2435	8431	13
Ghebi	2436	8430	13
Ifaktos	2437	8430	13
MrSaz	2438	8429	13
DaSlane	2439	8429	13
DarkWolf	2440	8428	13
Dragonborn	2441	8428	13
Ram778	2442	8428	13
Feraldain	2443	8425	13
Handschuh	2444	8425	13
Méguie	2445	8425	13
zattanas	2446	8425	13
Zero	2447	8425	13
Bagort	2448	8425	13
Cheshirskiy	2449	8424	13
Olofmeister	2450	8424	13
Potapych	2451	8424	13
Wertina	2452	8423	13
owi	2453	8422	13
danimal1408	2454	8422	13
snapple	2455	8422	13
mistrz6969	2456	8422	13
Maxawi	2457	8422	13
Lobaldo	2458	8421	13
Byrnes	2459	8421	13
MushroomMan	2460	8420	13
Gich	2461	8419	13
СВИН0БРА3ЕР	2462	8418	13
Woozie	2463	8418	13
Дискорд	2464	8418	13
Wunsh	2465	8418	13
Trangosu	2466	8418	13
shizoid	2467	8418	13
Danny	2468	8418	13
Vermish	2469	8417	13
xapuga	2470	8416	13
darless	2471	8416	13
Yeti	2472	8415	13
MonsieurOuch	2473	8415	13
DeToXa	2474	8415	13
PetroKapot	2475	8414	13
EliteKitty69	2476	8414	13
GentuchonPS	2477	8413	13
joh	2478	8413	13
sofikom	2479	8412	13
RaVaGeUr	2480	8412	13
Kekkess	2481	8411	13
Liam	2482	8410	13
Tutenshamun	2483	8409	13
Canab1s	2484	8409	13
Swaglana	2485	8409	13
mihail	2486	8408	13
Doudoush	2487	8408	13
Deeckey	2488	8408	13
ol3jaba	2489	8406	13
ShamisPro	2490	8406	13
Ingvar	2491	8406	13
RokossMDi	2492	8406	13
HolyDiver	2493	8406	13
nikitoce	2494	8406	13
Buffy57	2495	8405	13
Eierfurz	2496	8405	13
MorphioS	2497	8405	13
Irony	2498	8405	13
Kamu	2499	8405	13
Linerbek	2500	8404	13
tor144	2501	8402	13
Strong	2502	8402	13
CrazyCat	2503	8402	13
TToTpoLLIuJI	2504	8402	13
Pablouss	2505	8401	13
HappyPants	2506	8401	13
sunshineacid	2507	8401	13
ultra	2508	8401	13
lyredevil	2509	8400	13
DarthGorr	2510	8400	13
SidDiman	2511	8400	13
Faeryfyre	2512	8400	13
Zullaman	2513	8400	13
chunkOfMeat	2514	8399	13
Säshymi	2515	8399	13
Kinesis	2516	8399	13
Yunand	2517	8399	13
Draganaft	2518	8399	13
Hoking	2519	8398	13
Woke	2520	8398	13
Degera	2521	8398	13
Татариус0001	2522	8397	13
Icemouk	2523	8397	13
ChillerNo1	2524	8397	13
Rastorg2	2525	8396	13
GnidaTvar	2526	8396	13
xKøuzy	2527	8396	13
turbokiller	2528	8396	13
Zenkel	2529	8396	13
HorseOfSTD	2530	8395	13
PlasmaRat	2531	8394	13
Corazon	2532	8394	13
EternityRain	2533	8394	13
Drakulia	2534	8393	13
DkPoDkaT	2535	8393	13
SeeMeRollin	2536	8392	13
Diabifleur	2537	8392	13
Achilles	2538	8392	13
Zeubave	2539	8391	13
Krausz	2540	8390	13
ForestWTommy	2541	8390	13
OrangeKatze	2542	8390	13
JONES	2543	8389	13
JoyeuxLurons	2544	8389	13
Setlar	2545	8388	13
vAlEr4iKs	2546	8388	13
Quzert	2547	8387	13
SPLAAAAAAASH	2548	8387	13
ttvJTFhs	2549	8387	13
varmig	2550	8387	13
ЛенивыйТитан	2551	8386	13
garcia7788	2552	8386	13
Marmics	2553	8386	13
Turzagor	2554	8385	13
HQNA	2555	8385	13
Monst3r	2556	8385	13
Arkken	2557	8385	13
Bravo	2558	8384	13
Sidius42	2559	8383	13
Vovik	2560	8383	13
plushkan	2561	8382	13
Tiberion	2562	8382	13
АртемБритва	2563	8382	13
Adamantium	2564	8382	13
AllenIverson	2565	8382	13
supercat	2566	8382	13
Präriehuhn	2567	8382	13
SimonBaybiii	2568	8381	13
JimPorte	2569	8381	13
f4ntasy	2570	8381	13
Odin	2571	8381	13
Deeglase	2572	8380	13
yuanpi	2573	8380	13
ЛовкийЗерг	2574	8380	13
FabulousFab	2575	8380	13
Stjärtsten	2576	8380	13
Kusattohito	2577	8380	13
Stivens	2578	8379	13
SurferTao15	2579	8379	13
theoz	2580	8379	13
Gh0st	2581	8378	13
GenjixWeeb	2582	8378	13
flagvanus228	2583	8377	13
ds902022	2584	8377	13
Dustinho	2585	8377	13
Bloodynamnam	2586	8377	13
MadDentist	2587	8377	13
m00k0	2588	8376	13
Ceyz	2589	8376	13
MasterTaco	2590	8376	13
kapa4iti	2591	8376	13
AuR3uS	2592	8375	13
JIR	2593	8375	13
Draagossh	2594	8375	13
Paxa	2595	8374	13
ManBeerPick	2596	8374	13
mathieu	2597	8373	13
Sebbue	2598	8373	13
Sicko	2599	8373	13
BigGanche	2600	8373	13
TimBuckJew	2601	8372	13
Routa	2602	8372	13
hoes	2603	8372	13
Thuni	2604	8371	13
cootito67	2605	8371	13
СтраусКолдун	2606	8371	13
MelonMaster	2607	8371	13
Zar	2608	8370	13
ЖёсткийХуй	2609	8370	13
iZeRox3	2610	8370	13
diavitte	2611	8369	13
Gambler	2612	8369	13
SirArtorias	2613	8369	13
Isakovamm	2614	8368	13
pponaroshku	2615	8368	13
NGreex	2616	8368	13
NGSYui	2617	8368	13
Deeglase	2618	8367	13
Giantze	2619	8367	13
NightMare	2620	8367	13
Samugga	2621	8367	13
rwbyandy	2622	8367	13
ninjasamurai	2623	8367	13
Fibonacci	2624	8367	13
Vova	2625	8366	13
Stearate750	2626	8366	13
qman	2627	8366	13
jabkins	2628	8365	13
whiteatari	2629	8365	13
EightBitCow	2630	8365	13
ReviewManga	2631	8364	13
GonzoReis	2632	8364	13
Silberdrache	2633	8364	13
LukasBeeler	2634	8364	13
Moonblade	2635	8364	13
JYKing	2636	8362	13
RimeHS	2637	8361	13
Фризли	2638	8360	13
FCov	2639	8360	13
Paradox	2640	8360	13
Stoxxed	2641	8359	13
Bing	2642	8358	13
EpicMouse	2643	8357	13
MagicTouch	2644	8357	13
МейбиБейби	2645	8357	13
Krisu	2646	8356	13
Dumpesito	2647	8356	13
TortugaUltim	2648	8355	13
MissOliech	2649	8355	13
SaveForests	2650	8354	13
FoOz	2651	8354	13
BarouseE	2652	8354	13
JrWolfbrandt	2653	8354	13
Rainbow1	2654	8353	13
ТвойЕбырь	2655	8353	13
Zioba	2656	8353	13
Frased	2657	8352	13
SheepyMcGee	2658	8352	13
Escanor	2659	8351	13
Xolms	2660	8351	13
Tippy	2661	8351	13
WhiteAngel	2662	8350	13
Nefereth	2663	8350	13
Kaniff	2664	8349	13
Смертомышь	2665	8349	13
Daron	2666	8349	13
GumGumMeista	2667	8349	13
AksAttacks	2668	8349	13
Stefan	2669	8349	13
iZntGoD	2670	8348	13
DrusWillis	2671	8348	13
Gottie	2672	8347	13
Key20tgn	2673	8347	13
Doomtoday	2674	8346	13
Belief	2675	8346	13
Звёздочка	2676	8345	13
Egorenis	2677	8345	13
OcüsônĘ	2678	8345	13
BolDeFarine	2679	8345	13
Kaf1r	2680	8345	13
Akella	2681	8344	13
SageRhino	2682	8344	13
Winterspring	2683	8344	13
Nikita	2684	8343	13
FeLix	2685	8343	13
Snicers	2686	8343	13
alrair	2687	8343	13
grimsen	2688	8342	13
Equinnox	2689	8342	13
MrPoroSad	2690	8341	13
ХмурыйРух	2691	8341	13
stupidnoob	2692	8341	13
Luckyboy	2693	8340	13
InkognitO	2694	8340	13
Zerginshvain	2695	8340	13
Series4050	2696	8339	13
Vdk	2697	8339	13
FiëstaFrank	2698	8339	13
Mapuuu	2699	8339	13
totemsilence	2700	8339	13
Glitchmaster	2701	8338	13
Saralyn	2702	8338	13
Shidu	2703	8338	13
drdrem8	2704	8338	13
abdhflo	2705	8337	13
PUFFERNO1	2706	8337	13
glitchmob	2707	8337	13
mackelangelo	2708	8337	13
Nicolion	2709	8337	13
Тубик	2710	8337	13
dengdingoufu	2711	8336	13
ЭпикТролль	2712	8336	13
Haonai	2713	8336	13
BigJabroni	2714	8335	13
lexzeppelin	2715	8335	13
Deadmau5Ger	2716	8335	13
Durandal	2717	8335	13
ТемныйМелкий	2718	8335	13
Jerem	2719	8335	13
Ekisama	2720	8334	13
Angelina	2721	8334	13
Eviljelatto	2722	8334	13
Mositron	2723	8333	13
Sikeraffetmz	2724	8332	13
Vellicated	2725	8332	13
XYQueen	2726	8331	13
MatPo	2727	8331	13
Xoma	2728	8331	13
azaza100500	2729	8330	13
UgoDill	2730	8330	13
OrangeApples	2731	8330	13
Raysedjin	2732	8330	13
StigMcCloud	2733	8329	13
Wortellen	2734	8329	13
MementoMori	2735	8329	13
ZeroBrain	2736	8329	13
JackW	2737	8328	13
RubyRuby	2738	8328	13
DonPasquale	2739	8328	13
DCyan	2740	8327	13
logan621	2741	8327	13
TheEF	2742	8327	13
Blaze420it	2743	8327	13
CarryMe	2744	8327	13
Linksonder	2745	8327	13
MisterHat	2746	8327	13
Wandyjörn	2747	8327	13
itsagr8name	2748	8326	13
Visions	2749	8326	13
MrPartizanUa	2750	8326	13
Rainer27	2751	8326	13
DoshirakKing	2752	8326	13
Ackerberg	2753	8326	13
RaynGosling	2754	8325	13
bastetor	2755	8325	13
benteuch	2756	8325	13
EnjoYourlife	2757	8324	13
SuperNinja	2758	8324	13
InnerRage	2759	8324	13
Koyashim	2760	8324	13
islo	2761	8324	13
Detulissie	2762	8324	13
toblat93	2763	8323	13
stickyikyiky	2764	8323	13
liornkl1	2765	8323	13
GuessWho	2766	8323	13
Viberg	2767	8323	13
Nanomonstr	2768	8323	13
Purenergy	2769	8323	13
MrVirys96	2770	8322	13
Smk	2771	8322	13
GucciWizard	2772	8322	13
Dias	2773	8322	13
Spookyboy	2774	8322	13
Nossnahoj	2775	8322	13
Jhayka	2776	8321	13
Diman72rus	2777	8321	13
Limonster	2778	8321	13
Ouups	2779	8321	13
AcidSmack	2780	8321	13
Cavor	2781	8321	13
Helline	2782	8320	13
sypersviblo	2783	8320	13
flovers	2784	8319	13
CallumV	2785	8319	13
suslik	2786	8319	13
Mecka	2787	8318	13
Enemis	2788	8318	13
Irishcrusade	2789	8318	13
qk7p	2790	8318	13
RRRRRR	2791	8317	13
MrPumkinDuke	2792	8317	13
BloddyPath	2793	8317	13
Сюри	2794	8316	13
Bamsebjorn74	2795	8316	13
LXD	2796	8315	13
Бором	2797	8315	13
Nerfme	2798	8315	13
bizzard123	2799	8315	13
XRiod	2800	8314	13
MAYBEBABYY	2801	8313	13
Maximka	2802	8313	13
Lariseou	2803	8312	13
DaMarc	2804	8312	13
Hazumi	2805	8311	13
Tinuuus	2806	8309	13
AmunRa	2807	8309	13
Edel	2808	8309	13
kingslayer	2809	8308	13
Nibreh	2810	8307	13
Sobremesa	2811	8306	13
born2die64	2812	8306	13
TomasB	2813	8306	13
Apostolias	2814	8305	13
Kriksy	2815	8304	13
Telbaldus	2816	8304	13
SlyDave	2817	8304	13
Дворф	2818	8303	13
Vids	2819	8303	13
CheyToMozg	2820	8303	13
Tebos	2821	8302	13
Eternallie	2822	8302	13
Fullehn	2823	8302	13
Dietic	2824	8301	13
svitas	2825	8301	13
GeekBoy	2826	8301	13
Reyden	2827	8300	13
Banner	2828	8300	13
Tometsu98	2829	8300	13
CNcutyiKun	2830	8300	13
KOR3ANiZ3Dx	2831	8299	13
Hadespace	2832	8299	13
SpatchcockFM	2833	8299	13
omotea	2834	8299	13
Morty	2835	8298	13
Nausica	2836	8298	13
Orest	2837	8298	13
milgiriath	2838	8298	13
pahanarkoman	2839	8298	13
Katie	2840	8298	13
KingMenin	2841	8297	13
Hornet44	2842	8297	13
Erikson	2843	8297	13
OrsonPoland	2844	8296	13
Justie	2845	8295	13
Blitzkrieg3	2846	8295	13
Carbon	2847	8295	13
Cartman	2848	8295	13
PUSIchka	2849	8294	13
kapkan	2850	8294	13
Nowad	2851	8294	13
Sherbamonsta	2852	8293	13
corupcioner	2853	8293	13
Rain	2854	8293	13
Bjarkvin	2855	8293	13
Toasty	2856	8292	13
Yukki	2857	8292	13
emmmmm	2858	8292	13
anton	2859	8291	13
Штурвал	2860	8291	13
Mythicskill	2861	8291	13
Alex	2862	8291	13
Villan	2863	8291	13
link	2864	8291	13
MrKlein	2865	8291	13
desire	2866	8290	13
ImbaDeD	2867	8290	13
Ганник	2868	8290	13
VeS	2869	8289	13
George	2870	8289	13
Ink	2871	8288	13
Mogadadou	2872	8288	13
Manok	2873	8288	13
Zero	2874	8287	13
Dole	2875	8287	13
Dealwithit	2876	8287	13
Reaper257	2877	8286	13
МощныеШтаны	2878	8286	13
Guigui	2879	8286	13
CrilaPeoty	2880	8285	13
ashadow20100	2881	8285	13
NoiZ	2882	8285	13
Cyrax	2883	8285	13
PQCDigaa	2884	8285	13
MelonJr	2885	8285	13
Kalel	2886	8284	13
Hopper	2887	8283	13
LanKerst	2888	8283	13
Eimz	2889	8283	13
Simple	2890	8283	13
Wolfipls	2891	8282	13
Prior	2892	8282	13
DenBrunstige	2893	8282	13
Gleader	2894	8281	13
Killer	2895	8281	13
Wunnybunny	2896	8281	13
grondull	2897	8281	13
fafabou	2898	8281	13
Frozerka	2899	8280	13
zonshaplol	2900	8280	13
VITMOHAX	2901	8279	13
jammoul	2902	8278	13
Torman	2903	8278	13
Coomer	2904	8278	13
sonic	2905	8278	13
Robinette42	2906	8278	13
Setsuna	2907	8277	13
Ragnarök	2908	8277	13
Хирург	2909	8277	13
Yoiy	2910	8276	13
Kotyara	2911	8276	13
CHZWRR	2912	8275	13
Escaramurza	2913	8275	13
Tenebris	2914	8275	13
Drews	2915	8275	13
Maltor	2916	8275	13
LeoNBardaK	2917	8274	13
Marcus	2918	8274	13
Astat	2919	8274	13
misha	2920	8274	13
SoulZ	2921	8274	13
biggiesmalls	2922	8274	13
Dikey	2923	8273	13
沉默寶劍	2924	8273	13
Koshkodevka	2925	8273	13
JoSSeR	2926	8273	13
MiracleHS	2927	8273	13
Vixen	2928	8273	13
FayST	2929	8273	13
Obamus	2930	8273	13
Zzatox	2931	8272	13
Sharewin	2932	8272	13
Ggthusy	2933	8271	13
Heramon	2934	8271	13
sachouuu	2935	8271	13
Vico	2936	8270	13
PewPew	2937	8270	13
Звездочёт	2938	8270	13
BarryAlen	2939	8270	13
DeWenS	2940	8270	13
Aelweak	2941	8270	13
SweetAcid	2942	8270	13
Dezrok	2943	8270	13
Lavilaine	2944	8270	13
Leito	2945	8270	13
VictoryJuly	2946	8270	13
bogistr	2947	8269	13
anarhist543	2948	8269	13
Jesuistonper	2949	8269	13
oOtOote	2950	8269	13
BeFree	2951	8269	13
IAmTrash	2952	8268	13
KINTASTINS	2953	8268	13
cirkool	2954	8268	13
Vilswarm	2955	8267	13
SaDash	2956	8267	13
Lilly	2957	8267	13
Aburica	2958	8267	13
Hunt4P	2959	8266	13
TimurShvede	2960	8266	13
TheTrueBerto	2961	8266	13
JeffFox	2962	8266	13
pianobmoll	2963	8266	13
Fottimatre	2964	8266	13
Nokak	2965	8265	13
Nordmand	2966	8265	13
Tintino	2967	8265	13
Shambles	2968	8264	13
drunkstantin	2969	8264	13
DZHEKVOROBEI	2970	8264	13
NNYcute	2971	8263	13
Skyress	2972	8263	13
Анечка	2973	8263	13
Cesar	2974	8263	13
Skretum	2975	8263	13
MikieCat	2976	8263	13
Slizen	2977	8262	13
МанакоРыцарь	2978	8262	13
Skausmas	2979	8262	13
Flexnuts	2980	8262	13
Netofpower	2981	8262	13
Seifer	2982	8261	13
WhiteStag	2983	8260	13
MeD	2984	8260	13
FürDieHorde	2985	8260	13
Marquizouk	2986	8259	13
deadInside	2987	8259	13
Beatriska	2988	8259	13
Kamina	2989	8258	13
Nioco	2990	8258	13
UMOM	2991	8258	13
Snuggykins	2992	8258	13
Sofina	2993	8258	13
GlaceBanane	2994	8258	13
LuckyJek	2995	8257	13
Firzar	2996	8257	13
woniubi	2997	8256	13
nero	2998	8256	13
krawalli	2999	8256	13
Hybris	3000	8256	13
Gaillardo	3001	8256	13
Барос	3002	8255	13
Boneyra	3003	8255	13
Rainbow	3004	8254	13
RaiKen	3005	8254	13
Regalec	3006	8253	13
Arthaud	3007	8253	13
Teddyatya	3008	8253	13
arceton	3009	8253	13
Rondos	3010	8253	13
MgZ	3011	8252	13
DEFENDER7829	3012	8252	13
Kupfergoblin	3013	8252	13
kalistral	3014	8252	13
N1ghtFox	3015	8252	13
Kozla	3016	8252	13
OlimpKi	3017	8251	13
mistake	3018	8251	13
巨大的單寧色鯊魚	3019	8251	13
DatlHammer	3020	8250	13
Aeternatus	3021	8250	13
Monsty	3022	8250	13
edu636	3023	8249	13
ENIMLD4	3024	8249	13
Inkvizitor	3025	8249	13
Kaarismatik	3026	8249	13
AverageStrmr	3027	8248	13
atommota	3028	8248	13
Tankafer	3029	8248	13
madsaint	3030	8248	13
Dargoron	3031	8247	13
Tarcil	3032	8247	13
Sepmohn	3033	8246	13
mofyE	3034	8246	13
MagMni	3035	8245	13
IconicLGBTQ	3036	8245	13
Katsumi	3037	8244	13
ItsFen	3038	8244	13
rodeo	3039	8244	13
mag	3040	8244	13
Pumani	3041	8244	13
КвасныйДворф	3042	8243	13
JuanDigo	3043	8243	13
Ye4ka	3044	8243	13
CrazyCactus	3045	8243	13
Melkor	3046	8243	13
YuraJaja	3047	8242	13
Dissing66	3048	8242	13
Veles	3049	8242	13
Jackdaniel	3050	8242	13
Restia	3051	8241	13
Ftdos	3052	8240	13
poxyfoxy	3053	8240	13
JTimmner	3054	8240	13
Mosa	3055	8240	13
Louis	3056	8239	13
Volcania22	3057	8239	13
Banania	3058	8239	13
dillib	3059	8238	13
DinkyDoo	3060	8238	13
BaoBao	3061	8238	13
LittleSap	3062	8237	13
Работорговец	3063	8237	13
Fnoberzqt	3064	8237	13
Dayow	3065	8236	13
FlissKUR	3066	8236	13
Nunchik	3067	8236	13
BawdyBeast	3068	8236	13
Coconutguy	3069	8236	13
Zastrow	3070	8236	13
Kelevra	3071	8235	13
evgeni008	3072	8235	13
theDreamer	3073	8235	13
Weaselik	3074	8235	13
Maitrezen	3075	8235	13
Sun	3076	8235	13
Y890I	3077	8235	13
Xincongcue	3078	8234	13
Kaiser	3079	8234	13
MarkusReed	3080	8234	13
Ecix	3081	8234	13
Брутосссс	3082	8233	13
UniMolors	3083	8233	13
Nejy	3084	8233	13
Cygni	3085	8232	13
турбодурик	3086	8232	13
thegr33nyone	3087	8232	13
KingSmorc	3088	8231	13
ipipip34	3089	8230	13
EllegonOryx	3090	8229	13
Kozor	3091	8229	13
FoxDie	3092	8229	13
Thatias	3093	8228	13
unnamed99	3094	8228	13
RobtoTop8	3095	8228	13
k1cK	3096	8228	13
Pain	3097	8228	13
WUYANZU	3098	8227	13
urashka	3099	8227	13
Frainer	3100	8226	13
FREEZ1WEEE	3101	8226	13
Pirox	3102	8225	13
GoRe	3103	8225	13
pgtwlr	3104	8225	13
gRain17	3105	8225	13
Krerast	3106	8225	13
igrek	3107	8224	13
Eneru	3108	8224	13
Bricolas	3109	8224	13
Delete	3110	8224	13
AdragonSon	3111	8224	13
Cheos313	3112	8223	13
zhouzhou	3113	8223	13
szineztezia	3114	8223	13
GoToChurch	3115	8223	13
Screaw	3116	8223	13
Folmer	3117	8222	13
Ermak	3118	8222	13
Pampo	3119	8222	13
Siuuuuu	3120	8222	13
Mearang	3121	8221	13
bittelfraise	3122	8221	13
Elpumpo	3123	8221	13
Lu12ck34y5	3124	8220	13
SamGold	3125	8220	13
Anton	3126	8220	13
KingOfHell	3127	8219	13
Théo	3128	8219	13
yolu2006	3129	8219	13
Nightwing	3130	8218	13
IbanKyo	3131	8218	13
mendel	3132	8217	13
Polkovnik	3133	8217	13
HDH	3134	8217	13
Pilou	3135	8217	13
TacoDaniel	3136	8216	13
Shkipper	3137	8216	13
Meancor	3138	8216	13
KoToS	3139	8216	13
LittleJohn	3140	8215	13
SnowWolf	3141	8215	13
cheops	3142	8215	13
Nekolune	3143	8214	13
Смертомышь	3144	8214	13
a1men1k	3145	8214	13
dimasek3222	3146	8214	13
MiNas	3147	8214	13
Restemeister	3148	8214	13
DRONGO	3149	8214	13
Muradin	3150	8214	13
Serenity	3151	8214	13
Аведи	3152	8213	13
EpicBuniN	3153	8213	13
Nizzl3	3154	8213	13
MiraJeu	3155	8213	13
Këll	3156	8213	13
Naorim	3157	8213	13
Nelemiah	3158	8213	13
Kokila	3159	8212	13
Zugg0	3160	8212	13
OyBlya321	3161	8212	13
YUNO	3162	8212	13
Mont	3163	8212	13
solari	3164	8211	13
Rico	3165	8211	13
AlexM25	3166	8211	13
ZEGGO	3167	8211	13
LoveAnarchy	3168	8211	13
RottenNatans	3169	8211	13
Pupppa	3170	8211	13
Helga	3171	8210	13
Ioana	3172	8210	13
Universe	3173	8210	13
apiik	3174	8209	13
Ronin	3175	8209	13
MLGmihuil	3176	8209	13
Martin1978	3177	8208	13
Raptor	3178	8208	13
LORD	3179	8207	13
Finlandes	3180	8207	13
TKblandrage	3181	8207	13
MonjeFunky	3182	8206	13
Eisko	3183	8206	13
Joker	3184	8205	13
Быкаф	3185	8205	13
Wissing	3186	8205	13
RMushroom	3187	8204	13
Vados	3188	8204	13
SergioVH26	3189	8204	13
DCPepe	3190	8204	13
Tenuška	3191	8203	13
FoxterGrenn	3192	8203	13
RopeBurn3000	3193	8203	13
Mugi	3194	8203	13
LuckyPants	3195	8203	13
Shivou	3196	8203	13
PacMoulle	3197	8202	13
Errathy	3198	8202	13
JohnHunter	3199	8202	13
Safonz	3200	8201	13
Ksorg	3201	8201	13
Sax	3202	8201	13
yrotshi	3203	8201	13
Jokun	3204	8200	13
Sniper	3205	8200	13
NicoRobin	3206	8200	13
Penfore	3207	8200	13
DrVuong	3208	8200	13
nyqueaula	3209	8199	13
Zafkiel12	3210	8199	13
MiniVy	3211	8199	13
Wookiee	3212	8199	13
Hylm	3213	8199	13
Rabodaber	3214	8199	13
Akkarin	3215	8199	13
DocTor	3216	8198	13
EneiKoen	3217	8198	13
PAVLINGOD	3218	8198	13
Aristokrat	3219	8198	13
MudroeDerevo	3220	8197	13
goodluck	3221	8197	13
Xolost22sm	3222	8197	13
IllidanSOP	3223	8197	13
Donbaba	3224	8197	13
Aegor	3225	8197	13
Mameche	3226	8197	13
TBBM	3227	8196	13
MagneticRamp	3228	8196	13
Убивакула	3229	8196	13
TonyVercetti	3230	8196	13
Mam0nga	3231	8195	13
KIt14	3232	8195	13
ProKa3HuK	3233	8195	13
Crash	3234	8195	13
Kalbor	3235	8195	13
FlaxKodo	3236	8194	13
DoNotShow	3237	8194	13
JohnGarique	3238	8194	13
Hawkzz	3239	8194	13
AUTlaw	3240	8194	13
GUnit	3241	8193	13
Самоволка	3242	8193	13
Meute	3243	8193	13
Death4el	3244	8193	13
RomainGouin	3245	8192	13
Токсик	3246	8192	13
Devin	3247	8192	13
BrestBubble	3248	8192	13
BinOoZ	3249	8192	13
Dimitri	3250	8192	13
slht	3251	8192	13
Viola	3252	8191	13
KadaverBB	3253	8190	13
НовыйВомбат	3254	8189	13
Arthex	3255	8189	13
Neadonalisa	3256	8189	13
Ekki	3257	8189	13
Ailenax	3258	8189	13
FrGGosu	3259	8189	13
Direnar	3260	8189	13
Iva	3261	8188	13
Moonhixii	3262	8188	13
Унижатель	3263	8188	13
LazyBoy	3264	8188	13
CVD12	3265	8188	13
Mimmato	3266	8188	13
fishingtime	3267	8188	13
DOGKING	3268	8187	13
OmOursPor	3269	8187	13
Spirosz	3270	8187	13
GioKro	3271	8187	13
Sp33dy	3272	8187	13
Asbee	3273	8187	13
UhOh	3274	8187	13
k1llrogg	3275	8187	13
Druez	3276	8186	13
Zaiver	3277	8186	13
Lnexa	3278	8186	13
MaJoR	3279	8186	13
Rezux34	3280	8186	13
MaxFalkon	3281	8185	13
Lagasse	3282	8185	13
TinaTor	3283	8185	13
Killuminati	3284	8185	13
Ali25	3285	8184	13
Tzarki	3286	8184	13
Dev	3287	8184	13
DeSjoe	3288	8184	13
Mytidks	3289	8183	13
weiweimiao	3290	8183	13
XPOFT	3291	8183	13
NiceXlopec	3292	8183	13
Lucifer	3293	8183	13
BountyRazer	3294	8183	13
FooLillith	3295	8183	13
JARO	3296	8183	13
Setlefo	3297	8182	13
pascal2060	3298	8182	13
ПерекатиПоле	3299	8182	13
Anglka	3300	8181	13
A7X	3301	8181	13
Nagibirben	3302	8181	13
Kawa	3303	8181	13
Shonikurva	3304	8181	13
Shadowdancer	3305	8181	13
Thiral	3306	8181	13
Bistouflere	3307	8180	13
Смертомышь	3308	8180	13
tichian68	3309	8180	13
kuburga	3310	8180	13
ChillyWilly	3311	8180	13
Bane132	3312	8180	13
Eros	3313	8180	13
Core	3314	8180	13
Sotnikoff	3315	8180	13
CKCK	3316	8179	13
Nikki	3317	8179	13
ImAlex	3318	8179	13
AeroKev	3319	8178	13
Estarioll	3320	8178	13
Elvenblood	3321	8178	13
MorzE	3322	8177	13
Auly	3323	8177	13
CodyCigar	3324	8177	13
MaxP	3325	8177	13
Naturamortua	3326	8177	13
DeBanden	3327	8177	13
YoloGoat	3328	8177	13
Licantropic	3329	8177	13
Puppycat	3330	8176	13
Максимин	3331	8176	13
FOXiz	3332	8176	13
ЧудоГоблин	3333	8176	13
houzidegangm	3334	8175	13
NooBestGG	3335	8174	13
Tedeus	3336	8174	13
Rayman	3337	8174	13
wildrage	3338	8173	13
Belnazzar	3339	8173	13
DeadPool	3340	8173	13
Monnimon	3341	8173	13
dingzhen	3342	8172	13
JackIsBack	3343	8172	13
Kraël	3344	8171	13
Pleb	3345	8171	13
Dlo	3346	8171	13
CoralHawk	3347	8171	13
ganzeluna	3348	8170	13
Pawn	3349	8170	13
Topopro	3350	8170	13
BladeGlade	3351	8170	13
SonPoi	3352	8169	13
Parj	3353	8169	13
NullusSmile	3354	8169	13
tr1ckybu9	3355	8168	13
Noerlem	3356	8168	13
Tom	3357	8168	13
Lincy	3358	8168	13
Falaxx	3359	8168	13
Zadira	3360	8167	13
Hilou	3361	8167	13
ZloyTatarin	3362	8167	13
Player08	3363	8167	13
Sattie	3364	8166	13
Georg	3365	8166	13
Fewar	3366	8166	13
tutturu	3367	8165	13
Vegeta	3368	8165	13
BlessR	3369	8165	13
rainfal20	3370	8164	13
yiilingssama	3371	8164	13
Mrg88	3372	8164	13
Miyu	3373	8164	13
nkesi	3374	8164	13
MerryKiller	3375	8164	13
Fatboy	3376	8164	13
SighFow	3377	8164	13
Banananaking	3378	8163	13
Mathis	3379	8163	13
xKasa	3380	8163	13
EXC1S1ONZ57	3381	8163	13
Darkdays2121	3382	8162	13
BimBimBamBam	3383	8162	13
Donger	3384	8162	13
CrazyCatLady	3385	8161	13
OverD0ze	3386	8161	13
Shadow	3387	8161	13
SteelDragon	3388	8161	13
Kitty	3389	8161	13
sproink	3390	8160	13
NasralKr3pko	3391	8160	13
Dooker	3392	8159	13
Tharuler	3393	8159	13
ADTrendy	3394	8159	13
AlanChapter	3395	8159	13
flowqz	3396	8158	13
Erwinete	3397	8158	13
Geid	3398	8158	13
Shadow	3399	8158	13
BOBBINONION	3400	8158	13
ForceSource	3401	8158	13
Salato	3402	8157	13
MaJICIK	3403	8157	13
Vilson	3404	8157	13
Zebutin	3405	8156	13
Talgoxen	3406	8156	13
Andrew	3407	8155	13
HippieSnake	3408	8155	13
IlyaSvet	3409	8155	13
Faalcom	3410	8154	13
Philby	3411	8154	13
Setämane	3412	8154	13
Walazz	3413	8154	13
Magikl	3414	8154	13
OLEGARXXX	3415	8153	13
Haybee	3416	8153	13
でか父	3417	8152	13
СвятогООООр	3418	8152	13
Bizkit	3419	8152	13
MrNagibator	3420	8152	13
WTFree	3421	8152	13
redboom	3422	8152	13
R4A4	3423	8150	13
HuyaPags	3424	8150	13
Эльхант	3425	8150	13
Frodo77	3426	8150	13
GivenGod	3427	8149	13
Мороженко	3428	8149	13
APRACSUS	3429	8149	13
Diplom	3430	8149	13
Yezechiel	3431	8149	13
dimon	3432	8148	13
Quzion	3433	8148	13
Midnight	3434	8147	13
Darfohi	3435	8147	13
Apophig	3436	8146	13
Ambidark	3437	8146	13
Порнокубик	3438	8146	13
Yuna	3439	8146	13
GeorgaZZZZ	3440	8146	13
CAMEL	3441	8146	13
P4iN	3442	8146	13
Rhox	3443	8146	13
reVonder	3444	8145	13
Joyner	3445	8145	13
Ypso	3446	8145	13
Misko	3447	8145	13
Riwesdie	3448	8145	13
	3449	8144	13
gwynbleidd	3450	8143	13
Hydrogendog	3451	8143	13
Argon	3452	8143	13
TryHardPSAto	3453	8143	13
Yourdadovich	3454	8142	13
asmyde	3455	8142	13
Klordo	3456	8142	13
LaoWei	3457	8141	13
senpai	3458	8141	13
wargor	3459	8141	13
miltiade	3460	8141	13
Fatty	3461	8140	13
Fruchtensohn	3462	8140	13
UpperMoon1	3463	8140	13
Furax	3464	8140	13
Ozu	3465	8140	13
Chivas	3466	8140	13
FalcoEgoista	3467	8139	13
Koishi	3468	8139	13
Eeireee	3469	8139	13
CocoFudge	3470	8139	13
Steeltrooper	3471	8138	13
Joha100	3472	8138	13
NktnOz	3473	8138	13
ЛовецСтрекоз	3474	8138	13
Zairasakkal	3475	8138	13
Ptashka	3476	8138	13
Tarasevich	3477	8137	13
Kipfmaster	3478	8137	13
w4kka	3479	8136	13
DrOcHiLaHeLl	3480	8135	13
McGinnis	3481	8135	13
DannyCMan	3482	8135	13
Maneken	3483	8135	13
Make	3484	8134	13
KillYa	3485	8134	13
olegTT	3486	8134	13
OSG	3487	8134	13
Mersell	3488	8134	13
Mojo	3489	8134	13
maklay	3490	8134	13
Kzen	3491	8134	13
claduis	3492	8134	13
Kerlz	3493	8134	13
PoorOEdipus	3494	8133	13
Sergo	3495	8133	13
Aventurier	3496	8132	13
Anti	3497	8132	13
Falko	3498	8132	13
AGA	3499	8132	13
Maxiñajo	3500	8132	13
KladVucher	3501	8132	13
VilShamane	3502	8132	13
B3N1D0RM	3503	8131	13
Gambaara	3504	8131	13
Hoize89	3505	8131	13
RasThenoob	3506	8131	13
gizu	3507	8130	13
Melimel	3508	8130	13
ŦĦȄŖǠ	3509	8130	13
peoszeoulas	3510	8129	13
SmeagoL	3511	8129	13
AdryKing	3512	8129	13
RustRaven	3513	8128	13
Viktorpersuh	3514	8128	13
MagmaRager	3515	8128	13
VragoreZ	3516	8128	13
OHNOITSYANN	3517	8128	13
Dhoul	3518	8128	13
Ph0en1x	3519	8127	13
Marlock	3520	8127	13
trelogiatros	3521	8127	13
NewPlayer118	3522	8127	13
LögBabber97	3523	8127	13
Toupak	3524	8127	13
Audan	3525	8127	13
Londor	3526	8127	13
bonnber	3527	8126	13
Maru	3528	8125	13
Dante	3529	8125	13
AdmiraalCuf	3530	8125	13
Ezuti	3531	8124	13
Gavi	3532	8124	13
Erosia	3533	8124	13
mxw	3534	8124	13
NeoLink	3535	8124	13
KingJulian	3536	8123	13
HabitRapido	3537	8123	13
Lina	3538	8122	13
KaptainSnack	3539	8122	13
SNatCher	3540	8122	13
OpalSatyr	3541	8122	13
rodion0010	3542	8121	13
ganondorfus	3543	8121	13
Krenker	3544	8121	13
Quark	3545	8121	13
Unlimited	3546	8121	13
nettsong	3547	8121	13
dakad	3548	8121	13
covfefe	3549	8120	13
WhiteBox	3550	8120	13
Blablakart	3551	8120	13
Baq	3552	8120	13
MrKnuspy	3553	8120	13
Soze	3554	8120	13
SakuraSP	3555	8119	13
Eriukas	3556	8119	13
amnesich	3557	8119	13
PoLid3R	3558	8119	13
BUDULAY	3559	8119	13
Gratisninja	3560	8118	13
Ellifein	3561	8118	13
Elouan	3562	8117	13
UnEqUa	3563	8117	13
lBornToDiel	3564	8117	13
Yura9	3565	8117	13
Frost	3566	8117	13
KittiKet	3567	8117	13
HooRonSon	3568	8116	13
Смеховор	3569	8116	13
byllali	3570	8116	13
SerGun	3571	8116	13
Popaul	3572	8116	13
changle2	3573	8116	13
Likeangel	3574	8115	13
FatalError	3575	8115	13
PIN4IK	3576	8115	13
TilBok	3577	8115	13
Kolovorat	3578	8115	13
Charge	3579	8113	13
LMPanda	3580	8113	13
Totoro	3581	8113	13
Nylou	3582	8113	13
Chrisfifi	3583	8112	13
Zero	3584	8112	13
Josemanden	3585	8112	13
Bartrosat	3586	8112	13
SepiaGnoll	3587	8112	13
Trojan	3588	8112	13
SashaEvt	3589	8112	13
Strickened	3590	8111	13
ahoy00	3591	8111	13
Wolfkill	3592	8111	13
TYGEUR	3593	8111	13
A114U	3594	8111	13
QuickSilver	3595	8111	13
NifelheimBB	3596	8110	13
CarlXS	3597	8110	13
Akeu	3598	8110	13
DocTor	3599	8110	13
Sw0rD900	3600	8110	13
UFODIMAPOPUG	3601	8110	13
Kinglin	3602	8110	13
Heisenberg	3603	8110	13
Xorr	3604	8110	13
Ben	3605	8110	13
SilentSword	3606	8109	13
Yoloswagging	3607	8109	13
Ktaken	3608	8109	13
TangoWhiskey	3609	8108	13
Tubetz21	3610	8108	13
WhiteBearD	3611	8108	13
Kaito	3612	8108	13
ilittlepanda	3613	8107	13
AlexH5	3614	8107	13
kod1a	3615	8107	13
TexasBBQsauc	3616	8106	13
JigenlV	3617	8106	13
Veksus	3618	8106	13
MomsLover	3619	8106	13
SombreJaaJ	3620	8106	13
L9L	3621	8105	13
Clifford	3622	8105	13
ZLore	3623	8105	13
Stevenson	3624	8105	13
Talerscan	3625	8105	13
FriedChicken	3626	8105	13
P1Lzone	3627	8104	13
Thomas	3628	8104	13
snowyowl	3629	8104	13
IhateHS	3630	8104	13
deltoya24	3631	8104	13
SayID	3632	8103	13
NutSnack	3633	8103	13
HiddenPool	3634	8103	13
Deatons	3635	8103	13
ЛапкиСмерти	3636	8103	13
undoo	3637	8102	13
FreeWay	3638	8102	13
Wayland	3639	8102	13
tgSHeqFm	3640	8102	13
MrFluffy	3641	8101	13
Sparthak	3642	8101	13
Sabian	3643	8101	13
FaKeL	3644	8101	13
Retention	3645	8100	13
NeKKaN	3646	8100	13
con4ever	3647	8100	13
PsychoMantis	3648	8100	13
dejvosman	3649	8100	13
Fir3Ac3	3650	8099	13
tkx	3651	8098	13
SLaeG	3652	8098	13
Jackless	3653	8098	13
charlepops	3654	8098	13
crize	3655	8098	13
Jack	3656	8098	13
TRAKTOR	3657	8098	13
Famedparsley	3658	8097	13
Faf	3659	8097	13
FisherChelov	3660	8096	13
NewBie	3661	8096	13
levix	3662	8096	13
saya	3663	8096	13
Blezza	3664	8096	13
Sherif	3665	8096	13
MagicTurtle	3666	8096	13
LilacGhost	3667	8095	13
ZhongguoGou	3668	8095	13
Franky	3669	8095	13
DonZaloog	3670	8094	13
Saisentesis	3671	8094	13
yoshiro	3672	8094	13
Ghost97	3673	8094	13
Rackipo	3674	8094	13
liljeep	3675	8093	13
ВеликийЧёдум	3676	8093	13
Temujin	3677	8093	13
SilverRain	3678	8093	13
smileq	3679	8093	13
Zunique	3680	8093	13
Венчоус	3681	8092	13
Zyrdrax	3682	8092	13
Матфелон	3683	8092	13
дайфлай	3684	8092	13
Grispinne	3685	8092	13
ЧудоМонах	3686	8091	13
TrwwSporia	3687	8091	13
Зенанар	3688	8091	13
Vanya	3689	8091	13
G4R	3690	8091	13
dark	3691	8091	13
flushone	3692	8090	13
HsHotel	3693	8090	13
W200	3694	8090	13
Kampffrosch	3695	8090	13
ArnieSF	3696	8089	13
Trdamn	3697	8089	13
PopolAndKupa	3698	8089	13
CheatBoy	3699	8089	13
Dmitryda	3700	8088	13
esmik	3701	8088	13
kuukkunen	3702	8088	13
AtomKeks93	3703	8088	13
Amyloid	3704	8088	13
arsobot	3705	8088	13
Eltisch	3706	8088	13
Rimage	3707	8087	13
liniment	3708	8087	13
Taktik021	3709	8087	13
SLePeR	3710	8087	13
ChidoriChii	3711	8087	13
Mljask	3712	8087	13
НУБАсы	3713	8087	13
CanomodoX	3714	8087	13
Jagger	3715	8087	13
Miklaha	3716	8086	13
frostwizard	3717	8086	13
AnderZar	3718	8086	13
Tamftw	3719	8086	13
CraZiia	3720	8086	13
Astaroth	3721	8086	13
PepperPanic	3722	8086	13
Andrei	3723	8086	13
skrylinux	3724	8086	13
JumboBog320	3725	8086	13
Saurianec	3726	8085	13
LFLMoEagle	3727	8085	13
Gonzo	3728	8085	13
Embata	3729	8085	13
masterChiken	3730	8085	13
Shango	3731	8085	13
Luka	3732	8085	13
Fallenangel	3733	8085	13
Fella	3734	8085	13
Swedepino	3735	8085	13
WhosMcCree	3736	8085	13
Curly	3737	8084	13
Huumai	3738	8084	13
IvanPhoenix	3739	8084	13
Vmax	3740	8084	13
bulgure	3741	8084	13
Mädchen	3742	8084	13
Ludwig	3743	8084	13
Gallade	3744	8084	13
RushB	3745	8084	13
mishtolak	3746	8084	13
WhoIAm	3747	8083	13
ЯсныйКотик	3748	8083	13
Bunny	3749	8083	13
MrFresher	3750	8083	13
Cofikaze	3751	8083	13
blueface	3752	8083	13
Lau	3753	8083	13
SamSpam	3754	8083	13
RRRmT	3755	8083	13
Нефариан	3756	8082	13
GODziLLa	3757	8082	13
LavaWolf	3758	8082	13
Хакуу	3759	8082	13
Wyddaf7	3760	8082	13
Tra1tor	3761	8082	13
lev	3762	8082	13
Adalaf	3763	8082	13
AlexShtaida	3764	8082	13
GUUGGELI	3765	8082	13
enquence	3766	8082	13
MisterPrizon	3767	8082	13
D3athAng3l1	3768	8082	13
bliudas	3769	8082	13
Giwwara	3770	8081	13
GrumpyKitten	3771	8081	13
Gregor	3772	8081	13
erdedani	3773	8081	13
Xinchu	3774	8081	13
lillkrigarn	3775	8081	13
SinDogma	3776	8081	13
Khaldera	3777	8081	13
IDepressionI	3778	8081	13
MaxFX	3779	8081	13
DoktorCR	3780	8081	13
Frei	3781	8081	13
Deathful	3782	8081	13
S2Clarke	3783	8081	13
Miniime	3784	8081	13
Extrahammer	3785	8080	13
mymitrol	3786	8080	13
Nilor	3787	8080	13
Darklord1987	3788	8080	13
Sachira	3789	8080	13
Cl1ckClack	3790	8080	13
Spuddy	3791	8080	13
Begouille	3792	8080	13
SexualPanda	3793	8080	13
Madma	3794	8080	13
Barberá	3795	8080	13
DuckSkillz	3796	8080	13
Bassmeistro	3797	8080	13
Leon	3798	8080	13
IluZioN	3799	8080	13
DZthebest	3800	8079	13
Mistle	3801	8079	13
BeBen	3802	8079	13
sQuba	3803	8079	13
Badboy	3804	8079	13
Joretapo	3805	8079	13
Snick21rus	3806	8079	13
DanieliusiS	3807	8079	13
Hunt3r	3808	8079	13
P0neyLubrik	3809	8079	13
Naimor	3810	8079	13
Cârly	3811	8079	13
MHR	3812	8079	13
XAO	3813	8079	13
ЭтотГений	3814	8079	13
Versus133	3815	8078	13
mankingthing	3816	8078	13
Гематома	3817	8078	13
Ultraslayer	3818	8078	13
Chebuch	3819	8078	13
Litvineš38RU	3820	8078	13
Benkjy	3821	8078	13
Goblin	3822	8078	13
ЕдкийЕж	3823	8078	13
Tryxx	3824	8078	13
DarkBomj	3825	8078	13
Oli	3826	8078	13
Viria	3827	8078	13
Anq	3828	8078	13
Kemsyt	3829	8078	13
Juteex	3830	8077	13
Lalalallaala	3831	8077	13
weedows	3832	8077	13
AshKetchum	3833	8077	13
Pom	3834	8077	13
PapaBolt	3835	8077	13
Majtkibezt	3836	8077	13
Jast	3837	8077	13
dyrak	3838	8077	13
Harry	3839	8077	13
jake	3840	8077	13
grototo	3841	8077	13
EricBobo	3842	8077	13
Gamakazzu	3843	8077	13
SCSmash3r	3844	8077	13
TekilaDragon	3845	8077	13
Dylano	3846	8077	13
Ksenideni	3847	8077	13
MrWeed	3848	8077	13
znake70	3849	8077	13
lIIllIllIIl	3850	8077	13
Anunkasan	3851	8077	13
RuselOil	3852	8076	13
Pidor0	3853	8076	13
IceWolf	3854	8076	13
Disspe4er	3855	8076	13
VeeV	3856	8076	13
Tsooob	3857	8076	13
Bigoune	3858	8076	13
Swixit	3859	8076	13
kref	3860	8076	13
Simppadeexd	3861	8076	13
kj061223	3862	8076	13
Ducku	3863	8076	13
Ghetthar	3864	8076	13
Nelstrong	3865	8076	13
Pako	3866	8075	13
Fodgi	3867	8075	13
YuukiBG	3868	8075	13
Emiktop1gg	3869	8075	13
AdamRevlan	3870	8075	13
dudeldoedel	3871	8075	13
Gamester	3872	8075	13
MasterYoda	3873	8075	13
Blake	3874	8075	13
dichter	3875	8075	13
Suba	3876	8075	13
MKK	3877	8075	13
MintRhino	3878	8075	13
ItzPenzo	3879	8075	13
datk1ng	3880	8074	13
EXORCIST	3881	8074	13
Ocelot	3882	8074	13
yye	3883	8074	13
Hey	3884	8074	13
Kalelpsy	3885	8074	13
Питрович	3886	8074	13
Darthy	3887	8074	13
Siyar	3888	8074	13
Scr3xx	3889	8074	13
Muffin	3890	8074	13
korzhik	3891	8074	13
Thymes	3892	8074	13
Expecto	3893	8074	13
BehelStern	3894	8073	13
Kikfry	3895	8073	13
РоботКолдун	3896	8073	13
Bella	3897	8073	13
Jimmare	3898	8073	13
Heliox	3899	8073	13
HorsePower	3900	8073	13
CafardAgile	3901	8073	13
святой	3902	8073	13
Funeste	3903	8073	13
lastdesire	3904	8073	13
Tenebrarum	3905	8073	13
ТвердыйКефир	3906	8073	13
Draco	3907	8073	13
Senseeye	3908	8073	13
munaz	3909	8073	13
Olydon	3910	8073	13
Louaaas	3911	8073	13
Styx	3912	8073	13
Nira	3913	8073	13
Ethereal3Q	3914	8073	13
BRAKO	3915	8073	13
YaniTovis	3916	8073	13
DevFavorite	3917	8073	13
MLR777	3918	8072	13
kava	3919	8072	13
Jeppefarfar	3920	8072	13
Bobsen	3921	8072	13
Whyte	3922	8072	13
panda9	3923	8072	13
Saisentesis	3924	8072	13
Djaniny	3925	8072	13
Vullgrim	3926	8072	13
Корнишон	3927	8072	13
СердитыйОгр	3928	8072	13
Fedayn	3929	8072	13
Mauve	3930	8072	13
Tobbe	3931	8072	13
Zodiacdrache	3932	8071	13
Lagres	3933	8071	13
Xiaozhang	3934	8071	13
	3935	8071	13
ProzorovTwat	3936	8071	13
Etologi	3937	8071	13
Lamerok	3938	8071	13
Kecupko	3939	8071	13
Kalimdor	3940	8071	13
Komdåå	3941	8071	13
ВОИНДОНЕЦКА	3942	8071	13
Wafe	3943	8071	13
szukuro	3944	8071	13
Vinz	3945	8071	13
vpp2	3946	8071	13
zwolker	3947	8071	13
Impuls269	3948	8071	13
Agassi	3949	8071	13
ffsflo	3950	8071	13
Gounet	3951	8071	13
	3952	8070	13
Access	3953	8070	13
mai3xdan	3954	8070	13
StrOss	3955	8070	13
play4funOhh	3956	8070	13
TakaJoki	3957	8070	13
ХитрыйСтраус	3958	8070	13
killer	3959	8070	13
Wayne	3960	8070	13
J3laZe	3961	8070	13
Levi	3962	8070	13
Theover	3963	8070	13
PsYkO	3964	8070	13
BlondeGetCrz	3965	8070	13
mokelembembe	3966	8070	13
ShatrikUA	3967	8070	13
Lomior	3968	8070	13
Summone	3969	8070	13
luffysama	3970	8070	13
HDPOPKORN	3971	8070	13
Mor2	3972	8069	13
Печенька	3973	8069	13
elkyur	3974	8069	13
Gummy	3975	8069	13
GondosMaci	3976	8069	13
Nic649	3977	8069	13
Snow11	3978	8069	13
anga	3979	8069	13
Demobidule	3980	8069	13
Saint1990	3981	8069	13
orion	3982	8069	13
elf3xfm	3983	8069	13
ВиделГондолы	3984	8069	13
DasBaBo	3985	8069	13
Kikudzhiro	3986	8068	13
dedegourbo	3987	8068	13
Heulboje	3988	8068	13
Minizwerg	3989	8068	13
MiniNinja	3990	8068	13
sepultrapato	3991	8068	13
Rogul	3992	8068	13
Kriar	3993	8068	13
Nelis	3994	8068	13
KiRoGeR	3995	8068	13
supergood	3996	8068	13
frozenbeaf	3997	8068	13
ЛенивыйТитан	3998	8068	13
EvilBreak	3999	8068	13
РукавНеудачи	4000	8068	13
Newton	4001	8068	13
Disco	4002	8068	13
monstrdro	4003	8068	13
Andi998	4004	8068	13
TheDutchOne	4005	8068	13
Tïti	4006	8068	13
unTouchable	4007	8068	13
Xili	4008	8068	13
AngelsWish	4009	8068	13
Kaz	4010	8068	13
Apolita	4011	8068	13
Sasha666DV	4012	8067	13
Vorchunya	4013	8067	13
lndeep119110	4014	8067	13
maze	4015	8067	13
YichenHu	4016	8067	13
Kriplese	4017	8067	13
WeeZy	4018	8067	13
Доктор	4019	8067	13
Макс	4020	8067	13
Seamix	4021	8067	13
Comasina	4022	8067	13
EragoNagibat	4023	8067	13
portdeco20	4024	8067	13
denchikN1	4025	8067	13
Jellinek	4026	8067	13
Lorenzo	4027	8067	13
GoodEgor	4028	8067	13
BeigeYeti	4029	8067	13
mardipraxes	4030	8067	13
Minolisk	4031	8066	13
Сергей	4032	8066	13
Тисона	4033	8066	13
iji	4034	8066	13
Akinawae	4035	8066	13
Vosporos	4036	8066	13
LeDom	4037	8066	13
Deniman	4038	8066	13
problhma	4039	8066	13
GentDel	4040	8066	13
apo	4041	8066	13
Mafiew	4042	8066	13
Miracle	4043	8066	13
Caroboss	4044	8065	13
Sanchez	4045	8065	13
Aspen	4046	8065	13
Ryssiard	4047	8065	13
Sa3donx	4048	8065	13
JAGUARRR	4049	8065	13
Nagibator	4050	8065	13
wiello	4051	8065	13
Lisenok	4052	8065	13
Archaon	4053	8065	13
Tap04egg	4054	8065	13
SevroMyName	4055	8065	13
Incredibly	4056	8065	13
dron41k	4057	8065	13
karrafir	4058	8065	13
Staryy	4059	8065	13
Downsky	4060	8065	13
Levi	4061	8064	13
Ananastya001	4062	8064	13
Orangecat	4063	8064	13
Khal	4064	8064	13
CLETUS	4065	8064	13
Def	4066	8064	13
nikitusnik	4067	8064	13
Mladko	4068	8064	13
KungFuPanda	4069	8064	13
FNK	4070	8064	13
lucer	4071	8064	13
Gallant	4072	8064	13
Chenyu03	4073	8064	13
Xysein	4074	8064	13
bronzer	4075	8064	13
Baikal	4076	8064	13
myfatherdied	4077	8064	13
ВиноградоваА	4078	8064	13
Xpeke	4079	8063	13
YURHEP	4080	8063	13
Whispectro	4081	8063	13
Galvador	4082	8063	13
Weertu0z0	4083	8063	13
esthereh	4084	8063	13
KekYourWish	4085	8063	13
Paranoia	4086	8063	13
Stannis	4087	8063	13
Raczar	4088	8063	13
FRAIM	4089	8063	13
Ritari	4090	8063	13
TheDoctor	4091	8063	13
ЧестныйТанк	4092	8062	13
апр	4093	8062	13
fefafefa123	4094	8062	13
Zakaedu	4095	8062	13
Ratoibat	4096	8062	13
Kozula	4097	8062	13
Yukimura	4098	8062	13
ltncrbqfl	4099	8062	13
MrLenny	4100	8062	13
wizzo	4101	8062	13
HappyDeath	4102	8062	13
Reindeer	4103	8062	13
Facy	4104	8062	13
Naykko	4105	8062	13
ТленныйЭльф	4106	8062	13
LazyTitan	4107	8062	13
pupeumagina	4108	8062	13
divniyson	4109	8062	13
Everelax	4110	8062	13
Selenez	4111	8062	13
Divisor	4112	8062	13
PotterMarie	4113	8062	13
Drasiel	4114	8062	13
Maaky	4115	8062	13
Romsbroms	4116	8061	13
Ghost	4117	8061	13
satisfyaxx	4118	8061	13
PastFo	4119	8061	13
КисаБулочка	4120	8061	13
darkcice	4121	8061	13
Trollo	4122	8061	13
SorryForThis	4123	8061	13
gooo	4124	8061	13
Griselbrand	4125	8061	13
Терминатор	4126	8061	13
coldheart	4127	8061	13
Arcsin	4128	8061	13
Alukard	4129	8061	13
Mowah	4130	8061	13
TrashKarma	4131	8061	13
Thyristor	4132	8061	13
TBT23	4133	8061	13
odesit	4134	8061	13
HighSkill	4135	8061	13
MiNNoR	4136	8061	13
bob21	4137	8061	13
Zexinos	4138	8061	13
Ashariel	4139	8061	13
Chilango	4140	8060	13
LeatherFace	4141	8060	13
RoflGuy228	4142	8060	13
ТошноВор	4143	8060	13
AlphaPulsar	4144	8060	13
vasilii1096	4145	8060	13
Руби	4146	8060	13
Riffguv	4147	8060	13
Frency211	4148	8060	13
Olst	4149	8060	13
Player	4150	8060	13
LHeartstring	4151	8060	13
Tatsu	4152	8060	13
Mark	4153	8060	13
Lex	4154	8060	13
Izzy	4155	8060	13
Pradushko	4156	8060	13
Maetrik	4157	8060	13
UnikZloy	4158	8060	13
TRUHA	4159	8060	13
Blackrainer	4160	8060	13
unknown	4161	8059	13
Zarathoustra	4162	8059	13
van	4163	8059	13
Ninten	4164	8059	13
Zouxtion	4165	8059	13
ХопГоп	4166	8059	13
Draken	4167	8059	13
Dieucra	4168	8059	13
WIK	4169	8059	13
TyraTo	4170	8059	13
Eni4ka	4171	8059	13
ЗлойКроган	4172	8059	13
Sagwyn	4173	8059	13
AkiraSenpai	4174	8059	13
Pain	4175	8059	13
Glull	4176	8059	13
Tzatzikoula	4177	8058	13
Wolfpower123	4178	8058	13
Rioyter	4179	8058	13
H4tred	4180	8058	13
Vessery	4181	8058	13
Overside	4182	8058	13
Scandal	4183	8058	13
Polento	4184	8058	13
eliasahli	4185	8058	13
MrLemmy	4186	8058	13
ilostmyluck	4187	8058	13
AvengeRon	4188	8058	13
Filbo	4189	8058	13
Wulfgar	4190	8058	13
sney	4191	8058	13
Arven	4192	8058	13
Zony	4193	8057	13
ЗлыеШтаны	4194	8057	13
AYaNeGotov	4195	8057	13
TrueLove	4196	8057	13
erc721adept	4197	8057	13
Revoltec	4198	8057	13
Etnarion	4199	8057	13
CHARADA	4200	8057	13
Paniro	4201	8057	13
Stancho	4202	8057	13
DVision	4203	8057	13
BAJlbTEP	4204	8057	13
dElETED	4205	8057	13
Aniri	4206	8057	13
vainglory	4207	8057	13
Кудрявый	4208	8057	13
Deadshot	4209	8057	13
DOJKICOM	4210	8057	13
Niikom	4211	8057	13
alexmetals	4212	8057	13
CallMeLenny	4213	8057	13
Balcken	4214	8057	13
Laison	4215	8057	13
sualt	4216	8057	13
edd	4217	8056	13
Телепузя	4218	8056	13
enarQ	4219	8056	13
Myhat	4220	8056	13
DefQonOne	4221	8056	13
DeViL	4222	8056	13
КрэйзиМаг	4223	8056	13
EarthSpirit	4224	8056	13
huntingdevil	4225	8056	13
Рыжаяняша	4226	8056	13
viiluri	4227	8056	13
Богиня	4228	8056	13
Kobra	4229	8056	13
Traizy	4230	8056	13
Tobaga	4231	8056	13
BrAfA	4232	8056	13
NaturedWorm	4233	8056	13
Elven	4234	8056	13
P0LT3RCH3N	4235	8056	13
Averation	4236	8056	13
Roumpf	4237	8056	13
josch	4238	8056	13
M4L3NK4Y4	4239	8056	13
Neko	4240	8056	13
Sleepless	4241	8056	13
Леночка	4242	8055	13
Yamakasi	4243	8055	13
Daemon	4244	8055	13
Holasiola	4245	8055	13
PinkPanther	4246	8055	13
Edgerunner	4247	8055	13
Подрик	4248	8055	13
laSt228	4249	8055	13
ХитрыйКраб	4250	8055	13
sladkiy228	4251	8055	13
Galaxon	4252	8055	13
KinetO4KAPUK	4253	8055	13
DiligentMilk	4254	8055	13
god2no1	4255	8055	13
Psihooo	4256	8055	13
Chupa	4257	8055	13
PokerJoker	4258	8055	13
Quanyion	4259	8055	13
Hawtz	4260	8055	13
ALexD	4261	8055	13
ТолькоБГ	4262	8055	13
KruKi	4263	8055	13
Sylphen	4264	8055	13
GetSchwifty	4265	8054	13
МрачныйЯщер	4266	8054	13
AziZoMBiE	4267	8054	13
Ranjid789	4268	8054	13
So9l	4269	8054	13
Lainers	4270	8054	13
Jaxonfive57	4271	8054	13
GhostDragon	4272	8054	13
hordelas	4273	8054	13
Nemesis	4274	8054	13
CrazyCat	4275	8054	13
BVBAndi	4276	8054	13
Werstac	4277	8054	13
Firefix	4278	8054	13
DrReVaN	4279	8054	13
Люц	4280	8054	13
Cptn	4281	8054	13
Cheatingsby	4282	8054	13
AnubArak	4283	8054	13
shaffaaf27	4284	8053	13
Kanalon	4285	8053	13
glaivetordu	4286	8053	13
Амазонка	4287	8053	13
Icelordbear	4288	8053	13
Zemdado	4289	8053	13
Komtantosbik	4290	8053	13
DeathRyuk	4291	8053	13
Borus	4292	8053	13
Egorka2010	4293	8053	13
Timmah	4294	8053	13
Epsilon	4295	8053	13
Trompompom	4296	8053	13
armadeo	4297	8053	13
Marco	4298	8053	13
Basturman	4299	8053	13
Crazy	4300	8053	13
Whyboou	4301	8053	13
WildCat	4302	8053	13
Shakes	4303	8053	13
Whoeveragain	4304	8053	13
AzureWight	4305	8053	13
Хасбуленка	4306	8053	13
supertox	4307	8053	13
Murbie	4308	8052	13
zqzhenshiSB	4309	8052	13
Минимакс	4310	8052	13
Orthanc	4311	8052	13
ЗлыеШтаны	4312	8052	13
TheWerehusky	4313	8052	13
Eindbaas	4314	8052	13
Rastaman	4315	8052	13
VoliiBear	4316	8052	13
TéFutÍnCürBá	4317	8052	13
пашкан	4318	8052	13
TinouFR	4319	8052	13
Oxygen	4320	8052	13
Pter0dactyl	4321	8052	13
Mimitos	4322	8052	13
Tommy	4323	8052	13
Skarwage	4324	8052	13
Aim	4325	8052	13
Fightgang	4326	8052	13
Wicked	4327	8052	13
Rhazael	4328	8052	13
Weißblech	4329	8052	13
ashman	4330	8052	13
gregorgood	4331	8052	13
TealRogu	4332	8051	13
SweepSheep	4333	8051	13
Purple	4334	8051	13
BouncyKnight	4335	8051	13
katya	4336	8051	13
iHateU	4337	8051	13
MrMonday	4338	8051	13
Aiqo	4339	8051	13
Inker1337	4340	8051	13
Gendalf	4341	8051	13
Dalv	4342	8051	13
Doroko	4343	8051	13
ahk974	4344	8051	13
STAR	4345	8051	13
Zik	4346	8051	13
Phatteh	4347	8051	13
Sjampie	4348	8051	13
Gregorio	4349	8051	13
lucasx	4350	8051	13
SpbCool	4351	8051	13
Escanor	4352	8051	13
Fr3quent	4353	8051	13
Oshnagal	4354	8051	13
Lexo2011	4355	8051	13
ЗлюкаМаг	4356	8051	13
paggyjuice	4357	8051	13
Lolipop1	4358	8051	13
DogeTheDog	4359	8050	13
Isdra	4360	8050	13
verhovsk	4361	8050	13
satSgerS	4362	8050	13
Monika	4363	8050	13
Maxoniy	4364	8050	13
tomzesss	4365	8050	13
EBY	4366	8050	13
Oswiecimz	4367	8050	13
Myrulik	4368	8050	13
Rabid	4369	8050	13
Skyscreeper	4370	8050	13
Teebeutel	4371	8050	13
WeshLenouar	4372	8050	13
娴静丨养只黑魔法	4373	8050	13
Jansenlee	4374	8049	13
Евгений12042	4375	8049	13
Zwaaanoo	4376	8049	13
LeLasagne	4377	8049	13
Kontinuol	4378	8049	13
YougSuzy71	4379	8049	13
Forester	4380	8049	13
Maggie	4381	8049	13
Ghostboy67	4382	8049	13
xxxramsesxxx	4383	8049	13
sonpapicha	4384	8049	13
SupSKotom	4385	8049	13
Uberhulk	4386	8049	13
DeathStar	4387	8049	13
inplug	4388	8049	13
Xopek	4389	8049	13
Mizrock	4390	8049	13
kremo	4391	8049	13
JolliMan	4392	8049	13
IvanNikolaev	4393	8049	13
Zigomar	4394	8049	13
Sleep	4395	8048	13
Eldow	4396	8048	13
Bofor	4397	8048	13
Esko	4398	8048	13
MiniEvilRick	4399	8048	13
Wolp	4400	8048	13
pahenimun	4401	8048	13
orendark	4402	8048	13
Sunderred	4403	8048	13
NeynikuGang	4404	8048	13
Zarulja00	4405	8048	13
Moeplife	4406	8048	13
Oneshark	4407	8048	13
Oceanus	4408	8048	13
saff	4409	8048	13
CaptainAFK	4410	8048	13
Guru	4411	8048	13
МодныйОрк	4412	8048	13
асхат1с	4413	8048	13
YouWillLoose	4414	8048	13
POISON	4415	8048	13
z50	4416	8048	13
Siegmeyer	4417	8048	13
Hindermith	4418	8048	13
Xiatop	4419	8048	13
Sagitta	4420	8048	13
vigreen	4421	8048	13
GimmeDanger	4422	8048	13
joprez	4423	8048	13
Heaven	4424	8048	13
OpalLion	4425	8048	13
JeJe	4426	8048	13
Moonka	4427	8047	13
MaFioZi	4428	8047	13
DaragAs	4429	8047	13
Мастерок	4430	8047	13
Mishytka	4431	8047	13
Enzotm	4432	8047	13
LokSiDe	4433	8047	13
BrianSpilner	4434	8047	13
Peciloteria	4435	8047	13
SunSun	4436	8047	13
KaiZeR	4437	8047	13
StillFire	4438	8047	13
nagibator228	4439	8047	13
Pinkpotato	4440	8047	13
Miro	4441	8047	13
Jacquøuille	4442	8047	13
ISeeYou	4443	8047	13
Andre7416	4444	8047	13
NavyHydra	4445	8047	13
Intev	4446	8047	13
modix	4447	8047	13
Dedolok	4448	8047	13
yrgene	4449	8046	13
SL7FAH	4450	8046	13
Корсар	4451	8046	13
Wicky	4452	8046	13
kiboumi	4453	8046	13
Axestone	4454	8046	13
veso	4455	8046	13
Morgot	4456	8046	13
SoRRyMiRaCLe	4457	8046	13
Yolka	4458	8046	13
Jinx	4459	8046	13
Asus	4460	8046	13
Oeufs	4461	8046	13
Proximal	4462	8046	13
LT9X	4463	8046	13
McWatt	4464	8046	13
Epicmage	4465	8046	13
IgorQ9	4466	8046	13
Icehorse	4467	8046	13
bouhdoum	4468	8046	13
Jav	4469	8046	13
k1m1ko	4470	8046	13
warningben	4471	8046	13
Luffy	4472	8046	13
MrDEF	4473	8046	13
Ezekiel	4474	8046	13
Calvy	4475	8046	13
Haken	4476	8046	13
Vidde	4477	8046	13
xiaxia004	4478	8046	13
MrMicky	4479	8046	13
TBunny24	4480	8046	13
Fayst	4481	8046	13
Sanęk	4482	8045	13
Merselanse	4483	8045	13
СоусТардар	4484	8045	13
Тайпан	4485	8045	13
seb	4486	8045	13
Kawashima	4487	8045	13
Broonstar	4488	8045	13
Gosthy	4489	8045	13
Skl1895	4490	8045	13
Bluff	4491	8045	13
Rororo	4492	8045	13
Neoslay	4493	8045	13
Arual	4494	8045	13
Yoo	4495	8045	13
CeNTR	4496	8045	13
Heheia	4497	8044	13
MOPKOBb	4498	8044	13
Bullseay	4499	8044	13
SpeeDexX	4500	8044	13
DimaSheppard	4501	8044	13
NightKnight	4502	8044	13
GachiBass	4503	8044	13
Darkstrom	4504	8044	13
LordTJ	4505	8044	13
Yolosapiens	4506	8044	13
Chris	4507	8044	13
EvilWeed91	4508	8044	13
AndukaGH	4509	8044	13
Kellydoo	4510	8044	13
Simux274	4511	8044	13
Пельмешка	4512	8044	13
NoxD	4513	8044	13
TRAXXXTOR	4514	8044	13
RedRaclette	4515	8044	13
JackReaper	4516	8044	13
Layla	4517	8044	13
Bedodo	4518	8044	13
CTAH	4519	8044	13
HolyDreams	4520	8044	13
aMaXaSL	4521	8044	13
Anei	4522	8044	13
Kilosaur	4523	8043	13
DonHablo	4524	8043	13
Electronixxx	4525	8043	13
ГромкийОгр	4526	8043	13
MrDevvie	4527	8043	13
KRShark	4528	8043	13
Pochacorne	4529	8043	13
besscold	4530	8043	13
JustSurvive	4531	8043	13
Genesis	4532	8043	13
Stooge	4533	8043	13
AlfHund	4534	8043	13
PsychoYousos	4535	8043	13
arioh	4536	8043	13
ErukaFrog	4537	8043	13
LazyTurtle	4538	8043	13
blaze22	4539	8043	13
Alisson	4540	8043	13
dosenjunge	4541	8043	13
Shinshanshon	4542	8043	13
Bodycount	4543	8043	13
Vorkig	4544	8042	13
Jeanhuître	4545	8042	13
ASDF	4546	8042	13
giantpah	4547	8042	13
komuniaka	4548	8042	13
Fake	4549	8042	13
Romhek	4550	8042	13
VOLKOV	4551	8042	13
Solessi	4552	8042	13
likedemon	4553	8042	13
Smurfaren	4554	8042	13
FarmerSam	4555	8042	13
Cronix	4556	8042	13
yslChoppa	4557	8042	13
Wirkkos	4558	8042	13
Kepasta	4559	8042	13
Elsias	4560	8042	13
Kuchengabel	4561	8042	13
Aspirin	4562	8042	13
GNerrell	4563	8042	13
xTheAlfons	4564	8042	13
DrDussel	4565	8042	13
MagicStarz	4566	8042	13
ept	4567	8042	13
Дима1Ван2Таб	4568	8042	13
Бэйбик	4569	8042	13
fallouD	4570	8042	13
PITYX	4571	8042	13
DragonFire	4572	8042	13
Snky	4573	8042	13
TEUSCHMI	4574	8042	13
Goddeon	4575	8042	13
RisK	4576	8042	13
Borrelius	4577	8042	13
GolDJo	4578	8041	13
JavaD	4579	8041	13
Alhona	4580	8041	13
ZakjeHaver	4581	8041	13
LeoneNervoso	4582	8041	13
Baton	4583	8041	13
APavel	4584	8041	13
DepeS	4585	8041	13
reanimator	4586	8041	13
Skiernsk	4587	8041	13
Golader	4588	8041	13
Westhing	4589	8041	13
Kostyapot	4590	8041	13
absolvi	4591	8041	13
MrBit	4592	8041	13
Ivampic	4593	8041	13
Ozmyr	4594	8041	13
Morph	4595	8041	13
oxehunden	4596	8041	13
Geekamania	4597	8041	13
Georgekolog	4598	8041	13
Påslakanet	4599	8041	13
xxdragonxx	4600	8041	13
Kevkev	4601	8041	13
Nik	4602	8041	13
Harge	4603	8041	13
TheWolfBG	4604	8041	13
SVinoreZatt	4605	8041	13
jeronimo42	4606	8041	13
DenzelMosh	4607	8041	13
Lotso	4608	8041	13
Wkew	4609	8041	13
Alchem1sd	4610	8040	13
Samehada	4611	8040	13
GodLin	4612	8040	13
CaptainNemo	4613	8040	13
Pustrik	4614	8040	13
Fransken	4615	8040	13
PeaceKeeper	4616	8040	13
Сюда	4617	8040	13
Vad	4618	8040	13
Phoenix3644	4619	8040	13
Poelle6	4620	8040	13
Снеговик	4621	8040	13
MediumPurple	4622	8040	13
TrickyHunter	4623	8040	13
MagicTurtle	4624	8040	13
CreepinDeath	4625	8040	13
JHappily	4626	8040	13
eviltil	4627	8040	13
Mithrios	4628	8040	13
farghost	4629	8040	13
Anonim	4630	8040	13
TodesTom	4631	8040	13
KaLu	4632	8040	13
Alena	4633	8040	13
Shaus	4634	8040	13
ffong	4635	8040	13
БубновыйТуз	4636	8040	13
Meowka	4637	8040	13
Huning	4638	8040	13
Chiko	4639	8040	13
LUCKYsakura	4640	8039	13
Prostonub	4641	8039	13
Norik	4642	8039	13
Nastya	4643	8039	13
Wonderful	4644	8039	13
MrShartem	4645	8039	13
SilentSword	4646	8039	13
Мороженко	4647	8039	13
FBIOpenUp	4648	8039	13
ork	4649	8039	13
Mekerev	4650	8039	13
AxelPirate	4651	8039	13
fic012	4652	8039	13
Piito	4653	8039	13
DJarr	4654	8039	13
Печенье	4655	8039	13
shahy	4656	8039	13
Kasperkopp	4657	8039	13
ШОКОВАДКА	4658	8039	13
Chosen	4659	8039	13
ZeRaVen	4660	8039	13
Gulman	4661	8039	13
ApELbCiN	4662	8039	13
Suslenok	4663	8039	13
Chet0s	4664	8039	13
FeelsGucci	4665	8039	13
JensenSSR	4666	8038	13
QuartzBadger	4667	8038	13
Renator	4668	8038	13
DIOSMEMBRATO	4669	8038	13
Mellish	4670	8038	13
Maskhe077	4671	8038	13
Samael	4672	8038	13
olimac	4673	8038	13
LilDevil	4674	8038	13
Fallanon	4675	8038	13
DZ18	4676	8038	13
romero	4677	8038	13
KingOfLemons	4678	8038	13
ReApeR	4679	8038	13
MuteAgent	4680	8038	13
MancioFTW	4681	8038	13
ilikewaffles	4682	8038	13
DrZeD	4683	8038	13
vita	4684	8037	13
Firestarter	4685	8037	13
Redcap	4686	8037	13
olegator	4687	8037	13
Dragnlord666	4688	8037	13
Wanbasten	4689	8037	13
Frantik	4690	8037	13
Romashishka4	4691	8037	13
PsinaPanina	4692	8037	13
lanyush	4693	8037	13
fuft1	4694	8037	13
biigtonio	4695	8037	13
arteus	4696	8037	13
Korttiapina	4697	8037	13
ГАЧИМУЧЕННИК	4698	8037	13
CombatWomble	4699	8037	13
Chornhold	4700	8037	13
Gannicus	4701	8037	13
Heimoo4	4702	8037	13
Yorick	4703	8037	13
Tottiq8	4704	8037	13
JinRoh	4705	8037	13
Tim	4706	8037	13
Elan	4707	8037	13
Norticus	4708	8037	13
Mojshadi	4709	8037	13
Dasu	4710	8037	13
Idiotdesign	4711	8037	13
kaugas	4712	8037	13
Semka	4713	8037	13
ShadowBlade	4714	8036	13
invite1337K	4715	8036	13
SadFox01	4716	8036	13
WeeBonnieLas	4717	8036	13
PyramidHead	4718	8036	13
GSLore	4719	8036	13
Gvolee	4720	8036	13
LOLLIMBOLOL	4721	8036	13
Togirken	4722	8036	13
Hoji	4723	8036	13
Lutansy	4724	8036	13
Unaviable	4725	8036	13
SuperLotar	4726	8036	13
Moldo	4727	8036	13
Thorbrund	4728	8036	13
Hatul	4729	8036	13
Mjukfot	4730	8036	13
Sayzer	4731	8036	13
Archangel20	4732	8036	13
BYB	4733	8036	13
Belerin	4734	8036	13
Wenzil	4735	8036	13
salatik	4736	8036	13
Hanselem	4737	8036	13
Bahamut	4738	8036	13
kamiru	4739	8036	13
PiskaRomaYT	4740	8036	13
Demon	4741	8036	13
Bongwater	4742	8036	13
Amercury	4743	8036	13
Dozo	4744	8036	13
БлеклыйЯщер	4745	8035	13
Mska22	4746	8035	13
DrMolodoi	4747	8035	13
Apooxyy	4748	8035	13
SleepyBear	4749	8035	13
Mich	4750	8035	13
ramzis	4751	8035	13
OneTwo	4752	8035	13
Xakergg	4753	8035	13
Mur	4754	8035	13
RazzorHard	4755	8035	13
badboy69	4756	8035	13
Ziooon	4757	8035	13
Pannetouch	4758	8035	13
TPFreakboobs	4759	8035	13
Kratos	4760	8035	13
Stanazalol	4761	8035	13
Кирилл	4762	8035	13
Heartpilot	4763	8035	13
Aboozai	4764	8035	13
DontBuyTrash	4765	8035	13
Baibai	4766	8035	13
Mabelrod	4767	8035	13
Piipperi	4768	8035	13
Kreyjo	4769	8035	13
Adam	4770	8035	13
qrfcaumetym	4771	8035	13
AKYLEL	4772	8035	13
RabarberPaj	4773	8035	13
eindringling	4774	8035	13
Yagallo	4775	8035	13
bogdan	4776	8035	13
SharinganDX	4777	8034	13
ДраконТеней	4778	8034	13
BergerBlanc	4779	8034	13
Dragonoo	4780	8034	13
Devilnomicon	4781	8034	13
MightyOwl	4782	8034	13
ХмурыйКот	4783	8034	13
llghtvirum	4784	8034	13
Jediger	4785	8034	13
Ios	4786	8034	13
Flok	4787	8034	13
mihan64	4788	8034	13
Kred	4789	8034	13
Edo	4790	8034	13
alive	4791	8034	13
BOSS	4792	8034	13
Tyreal	4793	8034	13
N1KD0	4794	8034	13
fupoha	4795	8034	13
Monopter	4796	8034	13
Juli	4797	8034	13
Riquet	4798	8034	13
DrPOW	4799	8034	13
nymph	4800	8034	13
Laconter	4801	8034	13
WurLaund	4802	8034	13
DFisher	4803	8034	13
mogis	4804	8034	13
Volyomas	4805	8034	13
Fredbuhl	4806	8034	13
Brown	4807	8034	13
Mekett	4808	8034	13
AnyThese	4809	8034	13
Infamus	4810	8034	13
Touché	4811	8034	13
Leisq	4812	8034	13
RedRash	4813	8034	13
RusMgk	4814	8033	13
Berliozzz	4815	8033	13
Flanders	4816	8033	13
Starkiller	4817	8033	13
Kreysch	4818	8033	13
bcrfntkm0078	4819	8033	13
Arteezy	4820	8033	13
SDag	4821	8033	13
Keiner	4822	8033	13
Ryyudo	4823	8033	13
KroNos	4824	8033	13
Granat	4825	8033	13
reaper101	4826	8033	13
Wuppen	4827	8033	13
lypan	4828	8033	13
TiagoCosta	4829	8033	13
Weiterhimmel	4830	8033	13
HòÓgaBòÓga	4831	8033	13
Khelzugah	4832	8033	13
Jordy	4833	8033	13
QuaQuack	4834	8033	13
Zayl	4835	8033	13
NastyHabits	4836	8033	13
	4837	8033	13
Oli	4838	8033	13
SicBert	4839	8033	13
Silv	4840	8033	13
Wa1den	4841	8033	13
SafliDono	4842	8033	13
Redsloth	4843	8033	13
MangoHawk	4844	8033	13
Ljok	4845	8033	13
ГигантБизон	4846	8032	13
暴雪绿茶害我重玩	4847	8032	13
Iloveyouall	4848	8032	13
Cinq	4849	8032	13
OgroTierno	4850	8032	13
ПыщьТитькинс	4851	8032	13
Kaposnick	4852	8032	13
onitoring	4853	8032	13
Memyjokeandi	4854	8032	13
Illumate	4855	8032	13
zenie	4856	8032	13
BINZ	4857	8032	13
Dazomir	4858	8032	13
Doomsayer	4859	8032	13
Frnks	4860	8032	13
HowToElaine	4861	8032	13
TryNotToCry	4862	8032	13
Криворукий	4863	8032	13
N8roflaneblo	4864	8032	13
Taz	4865	8032	13
SlightlyExp	4866	8032	13
Colossus	4867	8032	13
Hydra	4868	8032	13
Wasserman	4869	8032	13
Giorgia	4870	8032	13
Biolol	4871	8032	13
Vampire666	4872	8032	13
KaYaKoBoShI	4873	8032	13
bogdan	4874	8032	13
Skap	4875	8032	13
ddsdgs	4876	8032	13
IBelieve	4877	8032	13
Paul1860	4878	8032	13
Steelsneak	4879	8032	13
GoldRogue	4880	8032	13
IamChuck	4881	8032	13
Lemonee	4882	8032	13
DarkWave	4883	8032	13
Fenix02	4884	8032	13
Denvin	4885	8032	13
Spooge	4886	8032	13
jipers	4887	8032	13
Lty	4888	8031	13
Jenkins	4889	8031	13
WorldEvil	4890	8031	13
UNREAL	4891	8031	13
Jeremy	4892	8031	13
OneLock	4893	8031	13
Dimon51al	4894	8031	13
NinjaDonbasa	4895	8031	13
atsugai	4896	8031	13
FiXiK	4897	8031	13
Flamed4	4898	8031	13
Horsujett	4899	8031	13
yjlbl6ka	4900	8031	13
usio0	4901	8031	13
Duufd	4902	8031	13
xOGMung	4903	8031	13
mrImpossible	4904	8031	13
SirSalzchopf	4905	8031	13
BONNES	4906	8031	13
Hallie	4907	8031	13
ExcelLent	4908	8031	13
vineeldrake	4909	8031	13
Grekstor	4910	8031	13
OnyxGrell	4911	8031	13
vladislove	4912	8031	13
TYTENEXER	4913	8031	13
ЯвноГлупый	4914	8031	13
kantal	4915	8031	13
klonik	4916	8030	13
RoadEvil66	4917	8030	13
KatonCenzor	4918	8030	13
Lucotiel	4919	8030	13
aNIONG	4920	8030	13
Morpheuseo	4921	8030	13
PACHY	4922	8030	13
MadAxel	4923	8030	13
Круасанчик	4924	8030	13
Pinguin	4925	8030	13
Ammiak	4926	8030	13
Kennox	4927	8030	13
Satywuly	4928	8030	13
TheShtapev	4929	8030	13
Recnelis	4930	8030	13
Murloc	4931	8030	13
PatJane	4932	8030	13
Cosmin	4933	8030	13
Ooomg	4934	8030	13
JennyBrown	4935	8030	13
Sanitoeter15	4936	8030	13
MetalStorm	4937	8030	13
kickz	4938	8030	13
VIRUS	4939	8030	13
DaywalkerEx	4940	8030	13
Texas	4941	8030	13
DLL	4942	8030	13
Swagger	4943	8030	13
Hilltoptea	4944	8030	13
Flower111	4945	8030	13
wazzZz	4946	8030	13
Diesmals	4947	8030	13
breintvister	4948	8030	13
Kantaro	4949	8030	13
MJM	4950	8030	13
Yankee	4951	8029	13
Kex	4952	8029	13
ТриплетЗаПап	4953	8029	13
	4954	8029	13
SilentStorm	4955	8029	13
Фокусник	4956	8029	13
Jarevil13	4957	8029	13
LILITH	4958	8029	13
N3lutzu20	4959	8029	13
Dallisha	4960	8029	13
Wazzdaka	4961	8029	13
Houston	4962	8029	13
Fire	4963	8029	13
Jassu	4964	8029	13
celticzelda	4965	8029	13
LuNa7iK	4966	8029	13
Ranek	4967	8029	13
АрьяСларк	4968	8029	13
kisamura	4969	8029	13
Arekutsu	4970	8029	13
Norodola	4971	8029	13
winweek	4972	8029	13
Abalo	4973	8029	13
KrageKongen	4974	8029	13
Tomomega	4975	8029	13
Shooch	4976	8029	13
Demetrius	4977	8029	13
grebnik	4978	8029	13
Reck	4979	8029	13
RtBotB	4980	8029	13
Charlie	4981	8029	13
MacRois	4982	8029	13
kekof	4983	8029	13
YaGotov	4984	8028	13
ТошноВор2	4985	8028	13
smitwake	4986	8028	13
Bimzir	4987	8028	13
Crash	4988	8028	13
joronojovann	4989	8028	13
ПоЛинО4кА	4990	8028	13
Tuhomo	4991	8028	13
Lety	4992	8028	13
Glory4UA	4993	8028	13
Shusky	4994	8028	13
Paysous	4995	8028	13
ChopLee	4996	8028	13
УшлыйОрк	4997	8028	13
Repare	4998	8028	13
animepacan	4999	8028	13
exeq1n	5000	8028	13
Mindsnipe	5001	8028	13
HoolaHoop	5002	8028	13
ffwetal	5003	8028	13
lifelover	5004	8028	13
Petoo	5005	8028	13
TheCobra	5006	8028	13
Cheonshi	5007	8028	13
VagosGR	5008	8028	13
alatata	5009	8028	13
wanha	5010	8028	13
Betboultaz	5011	8028	13
destoryeur	5012	8028	13
DrPhil	5013	8028	13
Котофей	5014	8028	13
Chromer	5015	8028	13
GoldenBoy	5016	8028	13
UsirGrath	5017	8028	13
Hawtom	5018	8028	13
laufknoedl	5019	8028	13
Cooldown	5020	8028	13
Revelen	5021	8028	13
doter	5022	8027	13
呼呼哈嘿	5023	8027	13
Djeki	5024	8027	13
LandLord	5025	8027	13
wolwaks	5026	8027	13
MrScorpi	5027	8027	13
Смертомышь	5028	8027	13
Brutal	5029	8027	13
ScouterJ	5030	8027	13
Lexi	5031	8027	13
nikoner	5032	8027	13
Strange	5033	8027	13
MoonDay	5034	8027	13
Kergui	5035	8027	13
Slib	5036	8027	13
AlexIllum	5037	8027	13
TuFnA	5038	8027	13
Pumpkin	5039	8027	13
RagnarøK	5040	8027	13
DeusEx	5041	8027	13
LiveGinferno	5042	8027	13
Kalan	5043	8027	13
Youkee	5044	8027	13
Dosvidos	5045	8027	13
Максим	5046	8027	13
Slood	5047	8027	13
Voridor	5048	8027	13
ChaosDAD	5049	8027	13
LOLxBadRus	5050	8027	13
Notrato	5051	8027	13
Anarchy	5052	8027	13
ShadeGODe	5053	8027	13
Moreno	5054	8027	13
Arthang	5055	8027	13
Kenpachi	5056	8026	13
Dastey	5057	8026	13
AzziQ	5058	8026	13
LuckyMeari	5059	8026	13
Sicry	5060	8026	13
YesImaWzrd	5061	8026	13
Dmrazorflame	5062	8026	13
yigitcbass	5063	8026	13
Arpyyy	5064	8026	13
lololol	5065	8026	13
MrNeverZ	5066	8026	13
yye	5067	8026	13
Jermo49	5068	8026	13
debdeb25	5069	8026	13
FonkyFab	5070	8026	13
H3llg0g	5071	8026	13
QuiZ	5072	8026	13
Chico	5073	8026	13
Neils	5074	8026	13
Leas	5075	8026	13
insuranceman	5076	8026	13
Destroyer	5077	8026	13
Bax	5078	8026	13
GlassySky	5079	8026	13
Worxan	5080	8026	13
KostyaLoh	5081	8026	13
Wuhzaa	5082	8026	13
Gobtholemew	5083	8026	13
Barboss	5084	8026	13
Leoden	5085	8026	13
JJ2nes	5086	8026	13
bidm	5087	8026	13
Breakhorn	5088	8026	13
ReleaSe	5089	8026	13
HublotsTaker	5090	8026	13
sleepwalker	5091	8026	13
djsikspak	5092	8026	13
Glorfindel	5093	8026	13
Gularis	5094	8025	13
ЗлюкаЗверь	5095	8025	13
Мороженко	5096	8025	13
Бесстыжая	5097	8025	13
Jahfoolie	5098	8025	13
Silent	5099	8025	13
Francky	5100	8025	13
Val9	5101	8025	13
Egg0r0150	5102	8025	13
Scenicc	5103	8025	13
Rokot	5104	8025	13
DiMoNe	5105	8025	13
siddan	5106	8025	13
RichBudy	5107	8025	13
KitsuneRO	5108	8025	13
Gogow	5109	8025	13
Baron	5110	8025	13
McLovin	5111	8025	13
lynawen	5112	8025	13
tzonis	5113	8025	13
Kannt	5114	8025	13
sinnee	5115	8025	13
Nekkochan	5116	8025	13
Therrer	5117	8025	13
Zuljin	5118	8025	13
Ekrem	5119	8025	13
h3rath	5120	8025	13
Doom	5121	8025	13
ALOHA	5122	8025	13
Hypothalamus	5123	8025	13
Sylvanax	5124	8025	13
aralext	5125	8025	13
ЗлобныйТорт	5126	8025	13
Doudouille	5127	8025	13
DosviDanya	5128	8025	13
Paulo	5129	8025	13
Harron	5130	8025	13
Фарамир	5131	8025	13
ОтБога	5132	8025	13
seasauce	5133	8025	13
klammy	5134	8025	13
RobotMyrlok	5135	8025	13
Лилл	5136	8025	13
Desise	5137	8024	13
EmptyBag	5138	8024	13
CYCCYC	5139	8024	13
Cosbaff	5140	8024	13
LotusAM	5141	8024	13
ПсевдоРыцарь	5142	8024	13
Dimusya	5143	8024	13
Бублик	5144	8024	13
Kamass	5145	8024	13
ufdybot	5146	8024	13
doune05	5147	8024	13
Schwita	5148	8024	13
kfnhalll	5149	8024	13
Monopolyman	5150	8024	13
Sokaigen	5151	8024	13
Dazhdjbog	5152	8024	13
MakZ	5153	8024	13
Sentenciado	5154	8024	13
Malina	5155	8024	13
Klyaipon	5156	8024	13
CutieMarker	5157	8024	13
Aera	5158	8024	13
LallanDDDDK	5159	8024	13
FireLord2491	5160	8024	13
Kti	5161	8024	13
razorgh	5162	8024	13
Solnzeff	5163	8024	13
Texas	5164	8024	13
Kris	5165	8024	13
Insania	5166	8024	13
Litzy	5167	8024	13
Loemifar	5168	8024	13
Banyak	5169	8024	13
Batman	5170	8024	13
cesar	5171	8024	13
Surman	5172	8024	13
Dranikon	5173	8024	13
Geniko	5174	8024	13
Shrimpy	5175	8024	13
爱吃大肠的金将军	5176	8024	13
Arwendil	5177	8024	13
NightSilver	5178	8024	13
LOULOUUUU	5179	8023	13
ALX	5180	8023	13
Roomy	5181	8023	13
ZBB	5182	8023	13
Capashallo	5183	8023	13
WytelDoody	5184	8023	13
RebelCamel	5185	8023	13
Sobole	5186	8023	13
Locolizator	5187	8023	13
Феминистка	5188	8023	13
WarMachine	5189	8023	13
Necrosis	5190	8023	13
Zazu	5191	8023	13
NikNick	5192	8023	13
ТайноТролль	5193	8023	13
SerapH	5194	8023	13
мелкий	5195	8023	13
Reihgar	5196	8023	13
VlayF	5197	8023	13
Bob	5198	8023	13
XAOS	5199	8023	13
Pakster	5200	8023	13
Riou	5201	8023	13
JackPusher	5202	8023	13
Mijara	5203	8023	13
glagson	5204	8023	13
Poontime	5205	8023	13
Tassadar	5206	8023	13
Дмитрий	5207	8023	13
IMRIT	5208	8023	13
seessuri	5209	8023	13
Lukas	5210	8023	13
angelixx	5211	8023	13
Parzo	5212	8023	13
Out9	5213	8023	13
G6ix	5214	8023	13
Барон	5215	8023	13
BlackIce	5216	8023	13
Skoni	5217	8023	13
GabbeR	5218	8023	13
Conio	5219	8022	13
XVII	5220	8022	13
Skaven	5221	8022	13
RioRu	5222	8022	13
Obsess	5223	8022	13
TafTafy	5224	8022	13
uliaruu	5225	8022	13
Быль	5226	8022	13
Plainter	5227	8022	13
marker	5228	8022	13
Fenom	5229	8022	13
Viridant	5230	8022	13
Straniks	5231	8022	13
JosephD	5232	8022	13
BoCaRo	5233	8022	13
TheBeast	5234	8022	13
FlippyRogue	5235	8022	13
Bulldogscans	5236	8022	13
Bromo1900	5237	8022	13
spider	5238	8022	13
Pacman	5239	8022	13
Dersial	5240	8022	13
ЭпичнаяМышь	5241	8022	13
Vytsag	5242	8022	13
SubZeroMaks	5243	8022	13
UnJust	5244	8022	13
Wyvern	5245	8022	13
Vanquish	5246	8022	13
Atomic	5247	8022	13
cass1000	5248	8022	13
CannaBlizz	5249	8022	13
Lacarotte	5250	8022	13
Eventears	5251	8022	13
heruvime	5252	8022	13
Blaster	5253	8022	13
Feanor	5254	8022	13
BeSafeCake	5255	8022	13
DANGER	5256	8022	13
aDant	5257	8022	13
DrOwnage	5258	8022	13
pipitsa	5259	8022	13
jelly	5260	8022	13
RazWnos	5261	8022	13
wockye	5262	8022	13
robogeorge	5263	8022	13
klim	5264	8022	13
cptgotcha	5265	8022	13
Longboy	5266	8022	13
DrPepe	5267	8021	13
Danko	5268	8021	13
WonderZak	5269	8021	13
Titansrage	5270	8021	13
CharliE	5271	8021	13
qwerty	5272	8021	13
Alan	5273	8021	13
TheWisestMan	5274	8021	13
Психоз	5275	8021	13
FrikPozornyi	5276	8021	13
Skylight	5277	8021	13
Kurkiboy	5278	8021	13
D0pe	5279	8021	13
Tictac	5280	8021	13
ГрустныйЧлен	5281	8021	13
SkepasG	5282	8021	13
Zhandii	5283	8021	13
NIHAO	5284	8021	13
Destr3er	5285	8021	13
NieGlück	5286	8021	13
ИисусьяМать	5287	8021	13
Panda	5288	8021	13
Coolish	5289	8021	13
OWL	5290	8021	13
zoski	5291	8021	13
Tymxom	5292	8021	13
Bananamama	5293	8021	13
drendus	5294	8021	13
Koro	5295	8021	13
Pakman	5296	8021	13
tehling	5297	8021	13
Maximilian	5298	8021	13
ApexPredator	5299	8021	13
Croptus	5300	8021	13
Vector	5301	8021	13
art998	5302	8021	13
Froggy	5303	8021	13
Groomvol	5304	8021	13
Dardo	5305	8021	13
Весемир	5306	8021	13
Dearmster	5307	8021	13
Chillaximus	5308	8021	13
Rapture	5309	8021	13
PARTYzawka	5310	8021	13
richlife	5311	8021	13
lokarim	5312	8021	13
Nara	5313	8021	13
Azino777	5314	8020	13
Grommed	5315	8020	13
Gospodin	5316	8020	13
demonuga	5317	8020	13
ANTONGORRRO	5318	8020	13
KASATKA	5319	8020	13
Fadoli83	5320	8020	13
Pokeclem	5321	8020	13
НовыйВомбат	5322	8020	13
finn2000	5323	8020	13
Ratatatatam	5324	8020	13
oops	5325	8020	13
Ernie	5326	8020	13
CL4PTRAP	5327	8020	13
Hvorost	5328	8020	13
DjuDju	5329	8020	13
Bhasmael	5330	8020	13
UNLIFEST	5331	8020	13
disorder	5332	8020	13
Breadly	5333	8020	13
JL0ck3d	5334	8020	13
darknessb	5335	8020	13
DarkWhispers	5336	8020	13
QuirkyTurtle	5337	8020	13
Fresh	5338	8020	13
Nioutcha	5339	8020	13
axou91	5340	8020	13
SBulic	5341	8020	13
Patriarh228	5342	8020	13
Pepparpatrik	5343	8020	13
Habibi	5344	8020	13
Sumum	5345	8020	13
Basketball48	5346	8020	13
Mortalwind	5347	8020	13
Uwatenage	5348	8020	13
hokma	5349	8020	13
Победитель	5350	8020	13
r1deRR	5351	8020	13
efrem	5352	8020	13
Hans420	5353	8020	13
perlo	5354	8020	13
Gagurolle	5355	8020	13
Fakesilver	5356	8020	13
Jah	5357	8020	13
zangue	5358	8020	13
MG06	5359	8020	13
Huggybear	5360	8020	13
ZASWED	5361	8020	13
Sheonna	5362	8020	13
Razor	5363	8020	13
killax	5364	8020	13
zeddzorander	5365	8020	13
Gravensky	5366	8019	13
CrazyGuyG123	5367	8019	13
SELENA	5368	8019	13
Bombardier	5369	8019	13
Sterveter	5370	8019	13
Venetrius	5371	8019	13
TvS	5372	8019	13
nococacola	5373	8019	13
ffgreb	5374	8019	13
potvorych	5375	8019	13
Daskal	5376	8019	13
GetRekt	5377	8019	13
Pijura	5378	8019	13
Gizzlembos	5379	8019	13
mewtwo	5380	8019	13
Mrl1mon	5381	8019	13
Ivan78	5382	8019	13
Archaon	5383	8019	13
DRAKOAAAN	5384	8019	13
SuperNinja	5385	8019	13
krabik	5386	8019	13
thesimple	5387	8019	13
Archer	5388	8019	13
OpiumDlyNiko	5389	8019	13
svek	5390	8019	13
Snimukarmu	5391	8019	13
Chappiie	5392	8019	13
TNT	5393	8019	13
TheDarkOdin	5394	8019	13
Davdubs	5395	8019	13
Daron	5396	8019	13
LaVadrouille	5397	8019	13
majsssster	5398	8019	13
Shortytheman	5399	8019	13
Yvanof	5400	8019	13
Dave	5401	8019	13
Azerane	5402	8019	13
kshatrie	5403	8019	13
Yrtiop	5404	8019	13
Rotten	5405	8019	13
flowski	5406	8019	13
Xendeur	5407	8019	13
Aaroniero	5408	8019	13
Elo	5409	8019	13
TheMallet	5410	8019	13
ТонкийДракон	5411	8019	13
qxwxexrxtx	5412	8019	13
BaJluk	5413	8019	13
harry3000	5414	8018	13
ChrisAngelo	5415	8018	13
ТемныйВомбат	5416	8018	13
KLONGG	5417	8018	13
Lullaby	5418	8018	13
Sempai	5419	8018	13
ICYRED	5420	8018	13
Thesuspect	5421	8018	13
SaTaNiSt	5422	8018	13
ГУСЬТОП1	5423	8018	13
You	5424	8018	13
painfeller	5425	8018	13
Pr0p4gande	5426	8018	13
OLAVI	5427	8018	13
PinkSword	5428	8018	13
Сява228	5429	8018	13
ViO	5430	8018	13
GrafShkaf	5431	8018	13
Elmo	5432	8018	13
lyapkost	5433	8018	13
Avrora	5434	8018	13
Animrak	5435	8018	13
Zavobest	5436	8018	13
ЕдкийЕж	5437	8018	13
Gvozdyan	5438	8018	13
Spaltung	5439	8018	13
nuKHuk	5440	8018	13
Saturnus	5441	8018	13
SpuGe	5442	8018	13
ГлавныйИндюк	5443	8018	13
писюн4ик	5444	8018	13
Hayzan	5445	8018	13
Andrey5555	5446	8018	13
addeaudi	5447	8018	13
z1n	5448	8018	13
Nawasty	5449	8018	13
jumpupm8	5450	8018	13
maxez	5451	8018	13
Nauseabundo	5452	8018	13
JooFtww	5453	8018	13
Chayse	5454	8018	13
didakshen	5455	8018	13
eatau	5456	8018	13
СреднийБосс	5457	8018	13
KAMIKHAZE	5458	8018	13
ogremagina	5459	8017	13
Louveargente	5460	8017	13
Lolovoz	5461	8017	13
Penthos	5462	8017	13
madeinzp	5463	8017	13
FaneRd	5464	8017	13
MaRKoF	5465	8017	13
Яна	5466	8017	13
TestoMidget	5467	8017	13
fantom	5468	8017	13
SKIFFF	5469	8017	13
Sunnico	5470	8017	13
Zarumoth	5471	8017	13
MrBushido	5472	8017	13
Leotopszn	5473	8017	13
Af1Nn	5474	8017	13
Minuit	5475	8017	13
Torsten	5476	8017	13
pOI04ka	5477	8017	13
warlordgj	5478	8017	13
Giraffenanus	5479	8017	13
Axel	5480	8017	13
Dottmaster	5481	8017	13
Mandellux	5482	8017	13
wontup	5483	8017	13
Smgo	5484	8017	13
DenWetter	5485	8017	13
Kaylias	5486	8017	13
BongiMagic	5487	8017	13
VFD	5488	8017	13
Rozhok56	5489	8017	13
PlatinumFin	5490	8017	13
goffy	5491	8017	13
SPY12297	5492	8017	13
BakeMyCake	5493	8017	13
Senpai	5494	8017	13
DingyDongy	5495	8017	13
Provoker	5496	8017	13
METALEZ	5497	8017	13
jaackymm	5498	8017	13
skalshoi	5499	8017	13
DirectoR	5500	8017	13
ForTheHorde	5501	8017	13
XKalibre	5502	8017	13
Achafa	5503	8017	13
Hatvan	5504	8017	13
Burmese	5505	8017	13
Kingtalulu	5506	8017	13
Yujiro	5507	8017	13
LyaKurwaBobr	5508	8017	13
Sune	5509	8017	13
CrazyMushrom	5510	8017	13
Sour	5511	8016	13
RainyX	5512	8016	13
chobo13	5513	8016	13
Alleshkkaa	5514	8016	13
Hirso	5515	8016	13
ShangoTD	5516	8016	13
Lucktytiger	5517	8016	13
Solui	5518	8016	13
Majnon	5519	8016	13
pince	5520	8016	13
Cain	5521	8016	13
Gambit	5522	8016	13
Nikulov	5523	8016	13
Vesta	5524	8016	13
Стрелок	5525	8016	13
FadDay	5526	8016	13
Melmoth	5527	8016	13
NickBartende	5528	8016	13
YathuG	5529	8016	13
acb4444	5530	8016	13
Sashaxa	5531	8016	13
Avenomus	5532	8016	13
Zerganand	5533	8016	13
марио	5534	8016	13
Bugymean	5535	8016	13
AllwaysLVL	5536	8016	13
Correctness	5537	8016	13
Legolas	5538	8016	13
MrErsu	5539	8016	13
pashko00710	5540	8016	13
DjGOz	5541	8016	13
Zinger	5542	8016	13
Muckel	5543	8016	13
Envy	5544	8016	13
Remoendio	5545	8016	13
Matew	5546	8016	13
Araphor	5547	8016	13
SiNNeD	5548	8016	13
RUSmDooM	5549	8016	13
SquirrelDum	5550	8016	13
Fearce	5551	8016	13
Mawweee	5552	8016	13
Tommy	5553	8015	13
Ristul	5554	8015	13
Koefoed	5555	8015	13
EspritCalme	5556	8015	13
Gr1Zz	5557	8015	13
vika	5558	8015	13
Shruing	5559	8015	13
luga0000	5560	8015	13
assen	5561	8015	13
TSF	5562	8015	13
ЧудоПес	5563	8015	13
ChaosKnight	5564	8015	13
ГеройГероев	5565	8015	13
Смертобрюх	5566	8015	13
DenProStar	5567	8015	13
ТошноВор	5568	8015	13
Loki	5569	8015	13
MasterofD	5570	8015	13
skelet451	5571	8015	13
Sacraanima	5572	8015	13
PusherStreet	5573	8015	13
GouleFutée	5574	8015	13
LeBron	5575	8015	13
Retrospect	5576	8015	13
BigBosun	5577	8015	13
гнилойчервь	5578	8015	13
idk	5579	8015	13
DonMetis	5580	8015	13
Mandey	5581	8015	13
Quniak	5582	8015	13
FraXion	5583	8015	13
Mohyoh	5584	8015	13
Ксения	5585	8015	13
ЛайкайСосо	5586	8015	13
TraPBeaver	5587	8015	13
BlackyFR	5588	8015	13
Mirakov	5589	8015	13
Cochonou	5590	8015	13
Seevabbe	5591	8015	13
FUBU4	5592	8015	13
dadidouda	5593	8015	13
RagNaRock	5594	8015	13
HolidaY	5595	8015	13
RiseAgainst	5596	8014	13
jaks	5597	8014	13
TLC	5598	8014	13
СкромныйКот	5599	8014	13
JN1989	5600	8014	13
Pogahontas	5601	8014	13
Шулер322	5602	8014	13
Texolli1	5603	8014	13
QuirkyTurtle	5604	8014	13
Argentum	5605	8014	13
Olegsander	5606	8014	13
BuenasNoches	5607	8014	13
Feary	5608	8014	13
Gameboy	5609	8014	13
BillyBilly	5610	8014	13
MurtVector	5611	8014	13
kocmoc	5612	8014	13
goomna	5613	8014	13
VERSYA	5614	8014	13
СанЧ	5615	8014	13
Trinux	5616	8014	13
Erebos	5617	8014	13
NikGriffin	5618	8014	13
Lupin	5619	8014	13
KingEumel	5620	8014	13
Gandalf	5621	8014	13
AlexPozitiv	5622	8014	13
Flox	5623	8014	13
MaddyK	5624	8014	13
Stingrat111	5625	8014	13
FellX	5626	8014	13
Arnaud	5627	8014	13
Drew	5628	8014	13
magn	5629	8014	13
Fîve	5630	8014	13
Maz0x1st	5631	8014	13
beniss	5632	8014	13
Insultanity	5633	8014	13
Fancypants	5634	8014	13
MrSOP	5635	8014	13
TikiMik	5636	8014	13
Buba	5637	8014	13
Бетельгейзе	5638	8014	13
ЭпикЯщер	5639	8014	13
GoshaOpasen	5640	8014	13
Palmenwedel	5641	8014	13
Kenvandine	5642	8014	13
eweyone	5643	8014	13
SwEbA	5644	8014	13
S3raphim	5645	8013	13
Loreyns	5646	8013	13
steak	5647	8013	13
Ahdpen	5648	8013	13
wgzh111	5649	8013	13
Trolljegeren	5650	8013	13
Oshiety	5651	8013	13
Vitaliano	5652	8013	13
Geroin	5653	8013	13
YMEP	5654	8013	13
xRun	5655	8013	13
Damir	5656	8013	13
MoronicRex	5657	8013	13
TheDoctor	5658	8013	13
David7150	5659	8013	13
Darfouf	5660	8013	13
koresh1500	5661	8013	13
NicoPowwaa	5662	8013	13
thegreve	5663	8013	13
Sern	5664	8013	13
Gyggis	5665	8013	13
Edna	5666	8013	13
Roou	5667	8013	13
Shin	5668	8013	13
LeChris	5669	8013	13
Tiamat	5670	8013	13
BasedGodNick	5671	8013	13
feetas	5672	8013	13
R3DP1E	5673	8013	13
Zygarde	5674	8013	13
shadowpat	5675	8013	13
Serotyuk	5676	8013	13
Atrax	5677	8013	13
Ducci	5678	8013	13
RaF	5679	8013	13
Darkdeal	5680	8013	13
arebell	5681	8012	13
Nikola87	5682	8012	13
Mirch	5683	8012	13
Shax	5684	8012	13
Azgarinavoid	5685	8012	13
CreateUrDeck	5686	8012	13
Shadow	5687	8012	13
ХитрыйКраб	5688	8012	13
Baobowdnmd	5689	8012	13
Nightshade	5690	8012	13
meatchopper	5691	8012	13
vladucy	5692	8012	13
Kirill07478	5693	8012	13
	5694	8012	13
Racuaine	5695	8012	13
DemonSanji	5696	8012	13
seadweller	5697	8012	13
Wille104	5698	8012	13
WoDaFUQ	5699	8012	13
Airstyle	5700	8012	13
Nkts	5701	8012	13
Lyavon	5702	8012	13
fanomon	5703	8012	13
Soeurknatter	5704	8012	13
fuga	5705	8012	13
Girlytomboy	5706	8012	13
Thypsylion	5707	8012	13
NisLox	5708	8012	13
Silence	5709	8012	13
POCI	5710	8012	13
Mello93x	5711	8012	13
FEARme	5712	8012	13
DeadPool	5713	8012	13
Kaiser	5714	8012	13
СашаБелый	5715	8012	13
powerFUN	5716	8012	13
Kasits	5717	8012	13
äUrner	5718	8012	13
CatAnd	5719	8012	13
AlienFX	5720	8012	13
Egorka	5721	8012	13
marcoppp	5722	8012	13
Джонни	5723	8012	13
Olipaone	5724	8012	13
lyandia	5725	8012	13
DeltaExTwo	5726	8012	13
Na3i	5727	8012	13
Pardus	5728	8012	13
ROH2F	5729	8012	13
IwanTop	5730	8011	13
DayAndNight	5731	8011	13
Henkx	5732	8011	13
iSHi1603	5733	8011	13
Zelies	5734	8011	13
Elonex	5735	8011	13
guacamolito	5736	8011	13
Hoodwink	5737	8011	13
Miser	5738	8011	13
Astemay	5739	8011	13
ymdase	5740	8011	13
LinDreX	5741	8011	13
Semennecosih	5742	8011	13
Sovenok	5743	8011	13
shini	5744	8011	13
cludi	5745	8011	13
Opponent	5746	8011	13
Каспий	5747	8011	13
Youpi	5748	8011	13
Hinagiku	5749	8011	13
Zeddikus	5750	8011	13
Stezzey	5751	8011	13
Istintivo	5752	8011	13
PinkRain	5753	8011	13
tyrcha	5754	8011	13
Zlatan10	5755	8011	13
sleiker	5756	8011	13
evGenius	5757	8011	13
Зорротул	5758	8011	13
Haunt	5759	8011	13
goblin	5760	8011	13
Hatten	5761	8011	13
Savmiron	5762	8011	13
th4fl4sh4	5763	8011	13
Stranger	5764	8011	13
DeltaRoope	5765	8011	13
ProrecateL	5766	8011	13
Schina	5767	8011	13
KinG322	5768	8011	13
zed	5769	8011	13
MagicTurtle	5770	8011	13
mandarinfm	5771	8011	13
TDS334	5772	8011	13
Tolledo	5773	8011	13
XxGarettexX	5774	8011	13
Nocturnos	5775	8011	13
T2D	5776	8011	13
MrTibbles	5777	8011	13
qiqi	5778	8011	13
SweegOP	5779	8011	13
Sardinio	5780	8011	13
ShiBaka	5781	8011	13
Sonim	5782	8011	13
Nuisance	5783	8011	13
LightYaagami	5784	8011	13
Mephysto	5785	8011	13
Holly	5786	8010	13
KKomrade	5787	8010	13
Катехизис	5788	8010	13
TrafalgarLaw	5789	8010	13
FlammeVire	5790	8010	13
Aventurier	5791	8010	13
Valyon	5792	8010	13
Носуха	5793	8010	13
PudgeSpirit	5794	8010	13
Kessler	5795	8010	13
Zeeroi	5796	8010	13
zxczxczxczxc	5797	8010	13
stroeh	5798	8010	13
Icebreaker	5799	8010	13
Wilfried	5800	8010	13
ruToxi	5801	8010	13
TheWhiteA	5802	8010	13
Саган	5803	8010	13
BEJIuKuu	5804	8010	13
Paradox	5805	8010	13
xStEpAx	5806	8010	13
lol	5807	8010	13
Tonsen	5808	8010	13
Abismal	5809	8010	13
Mark	5810	8010	13
Stefanut	5811	8010	13
Alamega	5812	8010	13
Radyard	5813	8010	13
Opelsinus	5814	8010	13
Louxy	5815	8010	13
Ego2011	5816	8010	13
Shadowzoro	5817	8010	13
bmfSmoke	5818	8010	13
Griselbrand	5819	8010	13
SAM	5820	8010	13
TryckDany	5821	8010	13
Tataz	5822	8010	13
Jako	5823	8010	13
Снежка	5824	8010	13
MrHelios	5825	8010	13
Stebbe	5826	8010	13
Verthus	5827	8010	13
BureauEnBois	5828	8010	13
justwelsum	5829	8010	13
AceOfSpades	5830	8010	13
greench	5831	8010	13
bomtan	5832	8010	13
Platernity	5833	8010	13
Djac	5834	8010	13
Acholate	5835	8010	13
Пчела	5836	8010	13
PrOxAnto	5837	8009	13
Shrike	5838	8009	13
Аджикинежаль	5839	8009	13
GhostDog	5840	8009	13
SuperMurloc	5841	8009	13
SapphireVamp	5842	8009	13
shamanking	5843	8009	13
Haenker	5844	8009	13
Shmoney	5845	8009	13
Centhor96	5846	8009	13
tycheace	5847	8009	13
DeadlyKitten	5848	8009	13
Crossfire	5849	8009	13
feta	5850	8009	13
aptemsexy	5851	8009	13
Картавый	5852	8009	13
Препуций	5853	8009	13
zayque	5854	8009	13
MAZOLI20	5855	8009	13
strawos	5856	8009	13
idris	5857	8009	13
Goodyounow	5858	8009	13
GhostDog	5859	8009	13
Micomineiro	5860	8009	13
AnticiR	5861	8009	13
KINSLaYeR23	5862	8009	13
ABUPLAYER	5863	8009	13
ArkRide	5864	8009	13
Derpy	5865	8009	13
Battleship	5866	8009	13
Кот	5867	8009	13
Krotol	5868	8009	13
Dogshaverx	5869	8009	13
kamilmal	5870	8009	13
peeNuts	5871	8009	13
LiquidGecko	5872	8009	13
IceDYan	5873	8009	13
Moonie	5874	8009	13
Kohnaan	5875	8009	13
Pjijfdez	5876	8009	13
Rambo	5877	8009	13
China	5878	8009	13
Luca	5879	8009	13
Itsches	5880	8009	13
Replinight	5881	8009	13
MintRoc	5882	8009	13
Gnasher	5883	8009	13
Shurazuev	5884	8009	13
iceDriver	5885	8009	13
ANTIHYPE	5886	8009	13
DanFld	5887	8009	13
zoco	5888	8008	13
MonkeyDskin	5889	8008	13
Lex	5890	8008	13
Kowosaki	5891	8008	13
mokas	5892	8008	13
dreikon	5893	8008	13
VValdis	5894	8008	13
RaZephon	5895	8008	13
Bulletz	5896	8008	13
Fomaept	5897	8008	13
Demon	5898	8008	13
wormhole	5899	8008	13
SquireLoL	5900	8008	13
KGBLaban	5901	8008	13
MadMax	5902	8008	13
Vyc21	5903	8008	13
wolfvagen	5904	8008	13
Meyson	5905	8008	13
Luukas991	5906	8008	13
paradoks	5907	8008	13
fenista	5908	8008	13
Пуська	5909	8008	13
PithikiFuel	5910	8008	13
Ikari	5911	8008	13
Drugash	5912	8008	13
Taco	5913	8008	13
BloodRose	5914	8008	13
DoctorWho69	5915	8008	13
Drkahazad	5916	8008	13
WalrusKing7	5917	8008	13
Kaiff	5918	8008	13
azaron	5919	8008	13
faust	5920	8008	13
StrongTiger	5921	8008	13
Joscar	5922	8008	13
Львенок	5923	8008	13
ll4ermeDll	5924	8008	13
Halow	5925	8008	13
t2GaRiII	5926	8008	13
Enmi	5927	8008	13
Drakatar	5928	8008	13
Psycho229	5929	8008	13
Jacktyl	5930	8008	13
TrolBendsFir	5931	8008	13
AngelMc	5932	8008	13
ChimèreRare	5933	8008	13
Mirm	5934	8008	13
zanaroth	5935	8008	13
ThunderBolt	5936	8008	13
Ferein	5937	8008	13
我是笨蛋	5938	8008	13
Partyzan	5939	8008	13
Poxaus	5940	8008	13
Popolzen	5941	8007	13
Student	5942	8007	13
Kurama	5943	8007	13
rztoth	5944	8007	13
Huby	5945	8007	13
Xsenderes	5946	8007	13
Peyo	5947	8007	13
prigat	5948	8007	13
WhiteYeti	5949	8007	13
UnchainedTog	5950	8007	13
LOSC	5951	8007	13
Earendil	5952	8007	13
Ipasha	5953	8007	13
AGemii	5954	8007	13
Shieldior	5955	8007	13
Alexandrrr	5956	8007	13
Negative	5957	8007	13
YourLastHope	5958	8007	13
Hizie	5959	8007	13
Attila	5960	8007	13
Legomanden	5961	8007	13
Taiga	5962	8007	13
KrisMyoll	5963	8007	13
Vov4ik	5964	8007	13
Knuckles	5965	8007	13
DreamWalker	5966	8007	13
nevermor	5967	8007	13
Malesantare	5968	8007	13
Masatoshi	5969	8007	13
Dilvish	5970	8007	13
CaToS	5971	8007	13
Wetall	5972	8007	13
Eleaz	5973	8007	13
Trewes	5974	8007	13
keketox	5975	8007	13
DPM	5976	8007	13
Zaap	5977	8007	13
Sharfoezhka	5978	8007	13
BeigeGnoll	5979	8007	13
Cr0me0	5980	8007	13
Arkhaine	5981	8007	13
Saxy	5982	8007	13
Himiya	5983	8007	13
Lirlya	5984	8007	13
JohnJohn134	5985	8007	13
WildRage	5986	8007	13
Wikistrike	5987	8007	13
ShockxZ	5988	8007	13
Skidz	5989	8007	13
Xinting	5990	8006	13
EpicSexGuy	5991	8006	13
BushBaby	5992	8006	13
KingDemon	5993	8006	13
Egal	5994	8006	13
BenNeinMin	5995	8006	13
AAAAAAAAAAA	5996	8006	13
xaiai	5997	8006	13
Derekoy	5998	8006	13
Sauron	5999	8006	13
satarusta	6000	8006	13
Ezaheart	6001	8006	13
ЛёхаТурбо	6002	8006	13
ТоСяПеРдОсЯ	6003	8006	13
wtf420	6004	8006	13
DjKubik	6005	8006	13
Witcher	6006	8006	13
sam3434	6007	8006	13
dGurub	6008	8006	13
ДокторЖопа69	6009	8006	13
Hanz	6010	8006	13
	6011	8006	13
BigBoyHerb	6012	8006	13
KPanterka	6013	8006	13
Killer	6014	8006	13
quatamsey	6015	8006	13
Korichka	6016	8006	13
waterenjoyer	6017	8006	13
yehor1956	6018	8006	13
NoMercy	6019	8006	13
Aimo	6020	8006	13
Dalglish	6021	8006	13
Balkoiner	6022	8006	13
pragmatus	6023	8006	13
Schmackeboom	6024	8006	13
Decker	6025	8006	13
PLOVEC	6026	8006	13
Alucard	6027	8006	13
LausDeo	6028	8006	13
Rydn	6029	8006	13
Raccoon	6030	8006	13
Karmoth	6031	8006	13
Ariy	6032	8006	13
Mac	6033	8006	13
EQQQ	6034	8006	13
Magazzo	6035	8006	13
trakzor	6036	8006	13
Sosamba	6037	8006	13
doggySTREAM	6038	8006	13
Pioner	6039	8006	13
MangoHound	6040	8006	13
Yilmaz	6041	8006	13
Zsaterra	6042	8006	13
daza	6043	8005	13
BGApple	6044	8005	13
Decim	6045	8005	13
fldxzz	6046	8005	13
AfkOmaWaschn	6047	8005	13
SoulSkate	6048	8005	13
Decade	6049	8005	13
Dorom	6050	8005	13
Mida103	6051	8005	13
ЖУЖА	6052	8005	13
MrStalker	6053	8005	13
korol	6054	8005	13
memory	6055	8005	13
KylaAnime	6056	8005	13
BastienBDN	6057	8005	13
Nocturne	6058	8005	13
MaryJane	6059	8005	13
porolon	6060	8005	13
Straatkroaat	6061	8005	13
GiaDioAuga	6062	8005	13
Guik	6063	8005	13
Devid	6064	8005	13
АлексРайс	6065	8005	13
Kristina	6066	8005	13
Нісенітниця	6067	8005	13
Prometheus	6068	8005	13
BaByWka	6069	8005	13
Finnfal	6070	8005	13
Amorta	6071	8005	13
poka	6072	8005	13
Клеопатра	6073	8005	13
Яхайфи	6074	8005	13
МЕМ	6075	8005	13
UnrealPlay	6076	8005	13
kuro133	6077	8005	13
SuRaKille	6078	8005	13
Ante	6079	8005	13
Cancanne	6080	8005	13
Василиса	6081	8005	13
KarmaSpecNaz	6082	8005	13
Izibaget	6083	8005	13
Andro	6084	8005	13
BornToDie	6085	8005	13
Estopal	6086	8005	13
Dizelplay	6087	8005	13
Jamargal	6088	8005	13
Thawley	6089	8005	13
NeutralEvil	6090	8005	13
KrzychuOee	6091	8005	13
GGbenenfalls	6092	8005	13
Ecstatica	6093	8005	13
LifeChanger	6094	8005	13
Psycoz	6095	8005	13
IlyaCzech	6096	8005	13
DaF1sh	6097	8005	13
Nenda	6098	8004	13
ArtemaBear	6099	8004	13
Varenie	6100	8004	13
wsghy	6101	8004	13
JumpyWizard	6102	8004	13
Ethereal	6103	8004	13
Queen	6104	8004	13
Grossman	6105	8004	13
ecclesiaste	6106	8004	13
ravens52	6107	8004	13
Honzish	6108	8004	13
Sasko64	6109	8004	13
forgetlow	6110	8004	13
Chalowi	6111	8004	13
Noltenius	6112	8004	13
KRi0	6113	8004	13
PercyN	6114	8004	13
Drachenmeier	6115	8004	13
profecy	6116	8004	13
DRNA	6117	8004	13
Hawkeye	6118	8004	13
Joshh	6119	8004	13
Bulli	6120	8004	13
ElNez	6121	8004	13
ZigZog	6122	8004	13
nace	6123	8004	13
Rampant	6124	8004	13
TZUMITNEM	6125	8004	13
DrDonu7	6126	8004	13
LordBelow	6127	8004	13
Ximera	6128	8004	13
LaDecadence	6129	8004	13
Praxède	6130	8004	13
xNLxKILLERm	6131	8004	13
Sky7	6132	8004	13
ReMeiDaX	6133	8004	13
Land	6134	8004	13
CannonFodder	6135	8004	13
Kudia	6136	8004	13
FatOldNaked	6137	8004	13
Yiels	6138	8004	13
CRONEY	6139	8004	13
Denkai	6140	8004	13
ReAdix	6141	8004	13
Tomtom	6142	8004	13
Benjiih	6143	8004	13
CakeHeavy	6144	8004	13
ValyaTychkin	6145	8004	13
Insousciance	6146	8004	13
Nosferu	6147	8004	13
Safazx	6148	8004	13
flash0808	6149	8003	13
Caste11annn	6150	8003	13
Egnat00	6151	8003	13
Neyro	6152	8003	13
Strife	6153	8003	13
Bushmills	6154	8003	13
max	6155	8003	13
RedDeviL	6156	8003	13
Sweparn	6157	8003	13
Empathy	6158	8003	13
meretrix	6159	8003	13
Anton	6160	8003	13
Azart	6161	8003	13
Kein	6162	8003	13
Bismark	6163	8003	13
dødIcdeath	6164	8003	13
Asma	6165	8003	13
ZPPI	6166	8003	13
Agresssor	6167	8003	13
xkek	6168	8003	13
Wallion	6169	8003	13
BouncyBear	6170	8003	13
МикроМошонка	6171	8003	13
PrinceDryce	6172	8003	13
MRGrove	6173	8003	13
Arigato	6174	8003	13
Pix	6175	8003	13
mouse	6176	8003	13
uaetiger	6177	8003	13
anton4ik	6178	8003	13
Valeria	6179	8003	13
Ex3me	6180	8003	13
Fodas	6181	8003	13
Lifelover	6182	8003	13
Abokhalil	6183	8003	13
burningteub	6184	8003	13
TROLOLANIK	6185	8003	13
Pacoin	6186	8003	13
Holmberg	6187	8003	13
Vankalion	6188	8003	13
pupilofsatan	6189	8003	13
Duncan44	6190	8003	13
Sunino	6191	8003	13
Akzuuu	6192	8003	13
Speedy4	6193	8003	13
linkoln	6194	8003	13
p0zer	6195	8003	13
Traqs	6196	8003	13
batman	6197	8003	13
Drenzoo	6198	8003	13
Mastiff	6199	8003	13
szilimate	6200	8003	13
Atu	6201	8003	13
rähmäkäpälä	6202	8003	13
adrixxx	6203	8003	13
Druidoren	6204	8003	13
Lev113	6205	8003	13
Emmerii	6206	8003	13
leelegante	6207	8003	13
Trejok	6208	8003	13
Morrgana	6209	8002	13
ash1rov	6210	8002	13
Wuchtbrumme	6211	8002	13
ExiledTail	6212	8002	13
Frroid	6213	8002	13
МодныйТигр	6214	8002	13
DinnersDins	6215	8002	13
ЧудоМонах	6216	8002	13
Dunkelheit	6217	8002	13
Ephesiel	6218	8002	13
dobrokota	6219	8002	13
FCKSWG	6220	8002	13
Kanninen	6221	8002	13
Axtman	6222	8002	13
eliasfh37	6223	8002	13
Gunz4Hire	6224	8002	13
ePEXGado	6225	8002	13
Troopcd	6226	8002	13
Bäfling	6227	8002	13
Damevelue	6228	8002	13
Tammazzo	6229	8002	13
TrickyHunter	6230	8002	13
Shadersy	6231	8002	13
Sleep	6232	8002	13
SansPlayHD	6233	8002	13
GetLucky	6234	8002	13
Blanc	6235	8002	13
Мороженко	6236	8002	13
iMba	6237	8002	13
PipL	6238	8002	13
pirorus	6239	8002	13
Kenboard	6240	8002	13
Vector	6241	8002	13
Perec	6242	8002	13
x0ma	6243	8002	13
legendburn	6244	8002	13
MonstreRose	6245	8002	13
RasimCooper	6246	8002	13
PeakyBlinder	6247	8002	13
Mozart13	6248	8002	13
UnrealWorld	6249	8002	13
klhs	6250	8002	13
galcus	6251	8002	13
LeOuf	6252	8002	13
Kapera	6253	8002	13
Kinguin	6254	8002	13
InrI	6255	8002	13
olauzzoN	6256	8002	13
ShadowStyle	6257	8002	13
Skycall	6258	8002	13
Blondkiller	6259	8002	13
Fuego	6260	8002	13
NAPA	6261	8002	13
Salis	6262	8002	13
titoOne	6263	8002	13
SehaRefaire	6264	8002	13
Noodles	6265	8002	13
GrumpyFrench	6266	8002	13
KingNema666	6267	8002	13
Xeres	6268	8002	13
DyL3m25fr	6269	8002	13
tinki	6270	8002	13
WaJollier	6271	8002	13
Rubii	6272	8002	13
OkasudaRosy	6273	8002	13
Midorima	6274	8002	13
Darkbambi	6275	8002	13
Peerlz	6276	8002	13
Disperatis	6277	8002	13
Careloki	6278	8002	13
Yuichiro	6279	8002	13
APPLE	6280	8002	13
Fix	6281	8002	13
Nomja	6282	8002	13
BilboSwaggin	6283	8001	13
xJok3er	6284	8001	13
NiceSlice	6285	8001	13
kizey	6286	8001	13
x3mooRy	6287	8001	13
AndreyBO	6288	8001	13
FinTrooper	6289	8001	13
СиськоЛюб	6290	8001	13
Snups	6291	8001	13
Korkhov	6292	8001	13
Verold	6293	8001	13
DeeLite	6294	8001	13
Stropsills1	6295	8001	13
Stinker	6296	8001	13
IcanBetter	6297	8001	13
manorvin	6298	8001	13
ЕдкийГоблин	6299	8001	13
bruce	6300	8001	13
FortuneTiger	6301	8001	13
paloufleouf	6302	8001	13
Immortal	6303	8001	13
Samas	6304	8001	13
STRAIKER	6305	8001	13
Player	6306	8001	13
JustCorn	6307	8001	13
HaZe	6308	8001	13
Shira14	6309	8001	13
Saucerer	6310	8001	13
Guitonus	6311	8001	13
Garrat74	6312	8001	13
Fireangel	6313	8001	13
Derover	6314	8001	13
Dani	6315	8001	13
О4ередняра	6316	8001	13
SbydNor	6317	8001	13
ШуринГовна	6318	8001	13
sus	6319	8001	13
DikkePief	6320	8001	13
Ventury	6321	8001	13
Wakka	6322	8001	13
YourDream	6323	8001	13
Canterus	6324	8001	13
Shilo	6325	8001	13
KevinDeKat	6326	8001	13
SireSombre	6327	8001	13
larsjekooi	6328	8001	13
Masamune	6329	8001	13
juicymoe	6330	8001	13
Jingui	6331	8001	13
partyson	6332	8001	13
MauveLion	6333	8001	13
Sn3oos	6334	8001	13
soap11	6335	8001	13
Damaja	6336	8001	13
Jurassic	6337	8001	13
Suslik	6338	8000	13
TeamNaiman	6339	8000	13
Dvorg	6340	8000	13
Orange	6341	8000	13
Doctorlama	6342	8000	13
Juhned3D	6343	8000	13
Cramich	6344	8000	13
oguz121030	6345	8000	13
Garazieris	6346	8000	13
prailex	6347	8000	13
KiwiAssassin	6348	8000	13
vargasIII	6349	8000	13
Matherikus	6350	8000	13
gilbert	6351	8000	13
Brolaf	6352	8000	13
Владсилав	6353	8000	13
Enteo	6354	8000	13
Тенемурл	6355	8000	13
Jazzmake	6356	8000	13
Lorenzo	6357	8000	13
Smoorth	6358	8000	13
BeJIaruSech	6359	8000	13
Firebat	6360	8000	13
EvilKill	6361	8000	13
Amber	6362	8000	13
Ty3uK	6363	8000	13
Мамочка	6364	8000	13
Xvedrung	6365	8000	13
Melg0shi	6366	8000	13
fwm	6367	8000	13
Shalasashka	6368	8000	13
Magic	6369	8000	13
iSn0ofOut	6370	8000	13
DarkEmperor	6371	8000	13
Suprèmus	6372	8000	13
ДокторКто	6373	8000	13
RenArisugawa	6374	8000	13
Propapandah	6375	8000	13
TonyIrish	6376	8000	13
RubHagreed	6377	8000	13
Entelechy	6378	8000	13
theubu	6379	8000	13
VRag	6380	8000	13
METALMULISHA	6381	8000	13
AzuDzy	6382	8000	13
Tiktak	6383	8000	13
Beniel	6384	8000	13
Weazl	6385	8000	13
Nuggetz	6386	8000	13
Reocre	6387	8000	13
CrimsonJohn	6388	8000	13
Hex	6389	8000	13
Aroadblock	6390	8000	13
Hito	6391	8000	13
HntaiEnjoyer	6392	8000	13
Kingsman	6393	8000	13
Jambo123bg	6394	8000	13
Okseniya	6395	8000	13
FlotteKatze	6396	8000	13
ПёсПи	6397	8000	13
ВаТа	6398	8000	13
Bypass	6399	8000	13
ZappelIch	6400	8000	13
TheJulius	6401	8000	13
GUSYRA	1	20025	14
TedJefferson	2	20025	14
ddlydoll	3	19054	14
DdlydollFan	4	18601	14
СмелыйВомбат	5	18568	14
Viconia	6	18553	14
kekandop	7	18546	14
Мэйбл	8	18040	14
happysmile	9	17794	14
Bob	10	16827	14
Eisenerf	11	16605	14
HugeBang	12	16604	14
Spyro	13	16195	14
Seynar	14	15858	14
SpaceMurloc	15	15502	14
Kirby	16	15324	14
Glada	17	15283	14
ВасяСварка	18	15042	14
王耀华	19	15014	14
Erijo	20	14844	14
zertyter9	21	14750	14
Th3Magny	22	14721	14
zingz	23	14678	14
Explosion	24	14616	14
irohabit	25	14598	14
Vict2706	26	14570	14
ilittlepanda	27	14520	14
dai	28	14479	14
nococacola	29	14383	14
Dito	30	14282	14
Deionara	31	14221	14
snowsauce	32	14148	14
Chyva4ok	33	14088	14
EDGE	34	14067	14
JackBeam	35	14045	14
Genkid	36	13950	14
CATHRINE	37	13812	14
Diminou	38	13656	14
Warbringer	39	13646	14
Redemption	40	13618	14
Luna	41	13546	14
flameloa	42	13532	14
succersn	43	13506	14
Randolf	44	13479	14
thatjt	45	13446	14
Aladeer	46	13436	14
Deedrayn	47	13422	14
yorickjoo	48	13403	14
Woland	49	13395	14
fsd	50	13388	14
AMao	51	13333	14
Cocos	52	13284	14
hank	53	13278	14
Qi8888	54	13269	14
Dextreme	55	13263	14
ЗлыеШтаны	56	13248	14
fantozzi	57	13247	14
Raskinz	58	13132	14
BabyNoobaBoB	59	13103	14
SAY09ARA	60	13070	14
MEPHISTO	61	13045	14
pepo271995	62	13036	14
randydady	63	13033	14
JJRDUsniper	64	13026	14
GimmeDanger	65	13023	14
R1csxl	66	13016	14
Potatoe37	67	13009	14
Galih	68	13008	14
HateMurloks	69	13007	14
GAZIM	70	13000	14
RomaMEGA	71	12998	14
tumoxa	72	12983	14
EMAUKA	73	12945	14
dieither	74	12902	14
managaOleh	75	12704	14
Gifter	76	12686	14
Onlythis	77	12679	14
QuizPBacon	78	12631	14
Qnigmatic	79	12534	14
cuckchromo47	80	12530	14
МегаДворф	81	12502	14
Yatech	82	12465	14
Kamalost	83	12458	14
maltus72	84	12456	14
Mathkb	85	12455	14
GorDan	86	12425	14
Kein	87	12425	14
Prikolist	88	12397	14
dofmxakoxjh	89	12377	14
ТарасВульва	90	12374	14
clamox	91	12347	14
MrBRITT	92	12304	14
polskikabak	93	12292	14
Gloosik	94	12287	14
DeadlyMouse	95	12280	14
Fr0l	96	12262	14
Player	97	12248	14
kaito1412	98	12242	14
Moonlight	99	12195	14
Чикабуашка	100	12192	14
NoMercyBro	101	12185	14
sadon	102	12175	14
Grim	103	12166	14
SamONprime	104	12146	14
KrEShiK	105	12102	14
i2NaQ	106	12095	14
ПоСценарию	107	12093	14
Gods	108	12092	14
wystanich	109	12035	14
Rayman	110	12030	14
ApELbCiN	111	12027	14
Dmitryda	112	12022	14
FlaMe	113	12018	14
FalconCrux	114	12008	14
glowin9	115	12008	14
Firefly	116	11950	14
SilverWolf	117	11948	14
vmsep	118	11909	14
JeppeLund	119	11883	14
concord	120	11870	14
SneakySquid	121	11866	14
mock1ngb1rd	122	11836	14
PIVO	123	11818	14
КАРТОХА	124	11808	14
Cheesecake	125	11797	14
HuGeCuCumber	126	11772	14
Simalaja	127	11771	14
Solo322	128	11769	14
Destructor13	129	11758	14
PenPen	130	11758	14
wsa7wow	131	11751	14
Kaory	132	11736	14
WDNMAD	133	11726	14
JEBKA	134	11686	14
KAPTOXA	135	11664	14
Teho12345	136	11648	14
Amorta	137	11617	14
Donkot	138	11597	14
Juliajm	139	11596	14
Azdormu	140	11591	14
grenFox23	141	11580	14
FlaxLich	142	11578	14
FlameBear	143	11563	14
ScreaM	144	11559	14
Thanatos	145	11532	14
ShadowDragon	146	11513	14
ashKaaassshh	147	11511	14
Nordhesser	148	11498	14
AAAAAAAAAAA	149	11494	14
DaddySugar	150	11490	14
ReadyFreddy	151	11488	14
ананас	152	11478	14
Kinkade	153	11477	14
Legend99	154	11469	14
Millhouße	155	11457	14
JohnSouls	156	11457	14
G1mmeDanger	157	11453	14
Simon	158	11453	14
Bomjag	159	11452	14
Estiny	160	11448	14
mistake	161	11447	14
SuperBuka	162	11444	14
Utry	163	11443	14
bay	164	11431	14
govno4	165	11420	14
Ledra	166	11417	14
Luckyboy	167	11396	14
Caly	168	11389	14
Luna	169	11386	14
leavemealone	170	11367	14
Chewbaccahim	171	11363	14
Sombra	172	11360	14
Tchikalaboum	173	11358	14
LooGiiQQ	174	11341	14
D1Zzy	175	11322	14
ModniySapog	176	11320	14
Rahm	177	11320	14
Koshchei	178	11316	14
Fro5ti	179	11308	14
OpaNa	180	11307	14
xeet	181	11305	14
Dinxinho	182	11297	14
persh	183	11283	14
LAG	184	11283	14
pirre	185	11273	14
sven77	186	11257	14
ConkAndBepis	187	11248	14
axu	188	11243	14
ГлиноГрег	189	11242	14
Oktava	190	11227	14
SteakFrite	191	11210	14
ЯниТовис	192	11201	14
Draken	193	11198	14
Poyo	194	11185	14
bitzu	195	11165	14
BabyDeionara	196	11165	14
Shamaniac	197	11165	14
Hori	198	11161	14
teran2	199	11155	14
TVtwinsidde	200	11146	14
MusclGui	201	11144	14
aggeeinnbg	202	11140	14
tvTwinSidde	203	11130	14
VenGeanCe	204	11126	14
Tonusu	205	11123	14
xdmenXD	206	11122	14
HeavyMetal	207	11110	14
Sequoa	208	11106	14
Xeno	209	11100	14
totsamikolya	210	11100	14
sharp	211	11100	14
reantony	212	11096	14
Ricbus	213	11096	14
Pharah	214	11084	14
ParsaBunny	215	11081	14
Aysegulcan	216	11072	14
halkri	217	11071	14
Darship	218	11060	14
levik	219	11059	14
EFG	220	11041	14
Scarecrow	221	11014	14
GoldBear	222	11013	14
PaleGuyHi	223	11013	14
Fred	224	11008	14
Terrorwolf	225	11001	14
Morzas	226	10997	14
S1E	227	10992	14
lokk2345	228	10975	14
Just1kz	229	10950	14
Mpi	230	10922	14
ptXnadzieja	231	10917	14
SzokoSwiR	232	10917	14
	233	10916	14
Thanatos	234	10913	14
Kriplese	235	10903	14
FadDay	236	10900	14
Kroshyk	237	10867	14
Vdk	238	10860	14
ShinyHero	239	10858	14
Vrtvp	240	10830	14
ChristosG3	241	10797	14
FalafelBill	242	10795	14
FrcFaust	243	10793	14
OliveWight	244	10773	14
Nalidon	245	10760	14
vitriel	246	10750	14
IlDavis	247	10746	14
Coma	248	10739	14
keg1	249	10738	14
Solitude	250	10737	14
xle	251	10730	14
Tiluma	252	10726	14
zoco	253	10725	14
lukasenkov	254	10719	14
sleepless	255	10716	14
notNN	256	10716	14
Root	257	10714	14
ArslanLegend	258	10713	14
ЯркийВомбат	259	10694	14
Alcapone	260	10692	14
b1omechan1ka	261	10688	14
ХитрыйЛось	262	10679	14
Malisar	263	10672	14
OneEyedCamel	264	10668	14
Ангелина	265	10656	14
Destroya	266	10653	14
SilverName	267	10653	14
KekanDrop	268	10653	14
Типси	269	10651	14
だからヨハネよ！	270	10638	14
Hamrio	271	10628	14
Skaisgiris	272	10626	14
igeenger	273	10621	14
Ketodivi146	274	10620	14
Andushalan	275	10617	14
Gumball	276	10615	14
KarselionBG	277	10615	14
Qwasi	278	10612	14
kankanmikan	279	10610	14
ƁǾƘǬǃ	280	10604	14
MetsJeesus	281	10603	14
ManStyle	282	10603	14
Nightmare	283	10601	14
Eeireee	284	10599	14
Ray	285	10598	14
morgisjemala	286	10594	14
RubeKOT	287	10589	14
Gabba	288	10583	14
MrAzaghast	289	10581	14
Exotic	290	10581	14
KR8	291	10578	14
Smootik	292	10564	14
manyking	293	10558	14
Deauliprane	294	10556	14
fizuk	295	10555	14
Vova	296	10554	14
Chaotic	297	10544	14
Yojimbo	298	10541	14
Hooyaka	299	10535	14
Dastey	300	10531	14
Pashka4ever	301	10530	14
potvorych	302	10527	14
l099y	303	10526	14
ODiSSEi	304	10514	14
AXDS	305	10496	14
BOBBINONION	306	10491	14
Sheridan	307	10483	14
Sury	308	10480	14
LightOfChaos	309	10478	14
MakaB0703	310	10478	14
BECHA	311	10472	14
Dark5ider5	312	10471	14
DingDong	313	10470	14
Nkts	314	10467	14
Тайпан	315	10463	14
Ledokol	316	10460	14
m3r8	317	10456	14
Miraya	318	10453	14
Anastasia	319	10445	14
eliohu	320	10443	14
Kuromi	321	10441	14
NoReflexLFT	322	10436	14
Pr0sDontTalk	323	10431	14
ColdtongG	324	10427	14
Nahallikoff	325	10424	14
gr0nas	326	10422	14
PaSiBetes	327	10408	14
Bowser	328	10408	14
Artemeezy	329	10407	14
AsDePicas	330	10399	14
lvl99Got	331	10393	14
ROXAN	332	10388	14
GG112345	333	10384	14
aw3	334	10368	14
ТочныйЭлекк	335	10368	14
Spidy	336	10360	14
hadayn228	337	10359	14
Batman29lo	338	10352	14
Biggishow	339	10340	14
TiGrey	340	10335	14
FlexLex	341	10332	14
Kraa	342	10331	14
Lester	343	10331	14
Suppenkelle	344	10331	14
Boss	345	10329	14
Sifnosguy	346	10329	14
XPYXPY	347	10323	14
drunkenrebel	348	10316	14
kivistik2006	349	10313	14
TrickyHunter	350	10303	14
Sarkos	351	10292	14
Lacarotte	352	10284	14
Царич	353	10279	14
Boluard	354	10264	14
QuartzGhost	355	10263	14
УльтраЖижа	356	10257	14
FruitDealer	357	10255	14
Julez	358	10247	14
ШикарнаяЖижа	359	10240	14
Botanich	360	10238	14
Xiquitin	361	10236	14
Tefanis	362	10232	14
Jcontent	363	10229	14
Sayōnara	364	10228	14
Harald	365	10228	14
Teo	366	10227	14
YOLO	367	10226	14
Leksksks	368	10223	14
Ensit	369	10223	14
Meancor	370	10218	14
Burnout	371	10214	14
ちぇいん	372	10213	14
QuestN7	373	10212	14
Tormento	374	10198	14
ДерзкаяЛиса	375	10193	14
WatchMeDougi	376	10189	14
lollittle	377	10185	14
XE098	378	10183	14
cosmos	379	10181	14
GreyDawn	380	10179	14
TOCTEP228	381	10178	14
Steinh	382	10177	14
Zyno	383	10176	14
LichKing	384	10174	14
Kimpay	385	10173	14
Stabbing	386	10170	14
Hrotozvod	387	10169	14
Panzer8	388	10169	14
Fenrir8341	389	10168	14
Mommos	390	10162	14
Af1Nn	391	10161	14
TreeDar	392	10160	14
Razz	393	10158	14
Extrahammer	394	10154	14
Dimmaster	395	10154	14
ДикийЗверь	396	10152	14
PhoeniX	397	10137	14
Abdulhadi	398	10134	14
SoRRyMiRaCLe	399	10131	14
Egivan	400	10129	14
Aleph	401	10127	14
FreeHugz	402	10127	14
Hylo	403	10126	14
Fatalist	404	10125	14
SuperKot	405	10124	14
МиниНиндзя	406	10124	14
Кнетчес	407	10119	14
panda	408	10119	14
JOPA228	409	10117	14
Android190	410	10108	14
cx000	411	10108	14
Spawn	412	10102	14
Avrora	413	10101	14
DlovaN	414	10100	14
EasyPush	415	10093	14
СтоякБезДела	416	10091	14
GraveShadow	417	10090	14
Santé	418	10088	14
Liakusha	419	10086	14
Pretty	420	10085	14
AlfHund	421	10079	14
Berserker	422	10077	14
Vanya	423	10071	14
LavaBat	424	10069	14
Dayday	425	10067	14
Jogral	426	10065	14
Porlk	427	10063	14
mafano1	428	10062	14
YoussefRm	429	10057	14
NSKL	430	10057	14
Zero	431	10054	14
RoMeWolv	432	10052	14
eCans	433	10051	14
ocetp	434	10047	14
kekw	435	10045	14
Dolphi	436	10039	14
Reddigan	437	10039	14
Tight	438	10039	14
AnomaLY	439	10038	14
ДерзкийВолк	440	10037	14
Detective	441	10036	14
maks20k	442	10035	14
Koen	443	10034	14
sixK	444	10034	14
Furax	445	10032	14
СэрМрргглтон	446	10032	14
Spiffy	447	10031	14
Ghixor	448	10026	14
Decei1ver	449	10025	14
Uncontrolled	450	10024	14
DekA	451	10024	14
luckeroni	452	10023	14
OGmeister	453	10023	14
Hezekiel	454	10020	14
ArthurDC60	455	10010	14
СреднийБосс	456	10010	14
NiKo	457	10007	14
RaiKen	458	10007	14
Barinooov	459	10005	14
Thokk	460	10004	14
mankingthing	461	10003	14
GeorgeBailey	462	10002	14
BartDevil	463	10001	14
musoryanskiy	464	9995	14
BlackSun	465	9994	14
Dgamer	466	9992	14
theadiss17	467	9990	14
nightcore	468	9982	14
WhiteNoise	469	9979	14
GnomoMagico	470	9978	14
HolyTerroR	471	9978	14
DiaTech	472	9975	14
d00m	473	9974	14
onion	474	9973	14
BibleThump	475	9973	14
R3S1D3NT	476	9969	14
Impuls269	477	9968	14
QURICA	478	9968	14
xFA	479	9965	14
Leta	480	9964	14
ZerGgBoY	481	9964	14
Den777	482	9960	14
VVViger	483	9960	14
KeepUp	484	9957	14
VovaCoilNova	485	9953	14
Zener	486	9951	14
Tolmachevau	487	9950	14
ПлешивыйЧмо	488	9946	14
CardMaster	489	9945	14
ApocalipsuL	490	9944	14
Kakosikk007	491	9940	14
Otter	492	9934	14
YoCuteSenpai	493	9926	14
MayBeHeX	494	9915	14
НеТрожьМеня	495	9911	14
PashtetRU	496	9909	14
jojo	497	9907	14
xMegAtPaXePx	498	9906	14
Belo4ka	499	9902	14
Mad	500	9900	14
yoshi6409	501	9895	14
BeJIaruSech	502	9893	14
Dreamliner	503	9891	14
Remilde	504	9891	14
CielSapphire	505	9890	14
RomanKnight	506	9887	14
hoobinka	507	9879	14
PinkPanther	508	9878	14
Tutenshamun	509	9878	14
ддааррииннаа	510	9874	14
FeelGood	511	9874	14
Joe	512	9871	14
GiantAxe	513	9871	14
Pepo	514	9870	14
Badboy	515	9869	14
VValdis	516	9868	14
FlowRian	517	9868	14
adhil	518	9866	14
Koleco	519	9865	14
Anda	520	9860	14
Ultraslayer	521	9858	14
LiljonGR	522	9857	14
Derkin	523	9856	14
StockholmF91	524	9855	14
Vanitas	525	9853	14
rinnegan	526	9851	14
CompadeTormi	527	9850	14
Pain	528	9840	14
Bronzegoblin	529	9840	14
Bischem	530	9839	14
SiLNine	531	9839	14
Alex	532	9835	14
Sanixxx	533	9831	14
Chilango	534	9830	14
Pint0	535	9827	14
Terminator	536	9826	14
FLexX	537	9821	14
Ded	538	9819	14
Nizzl3	539	9819	14
pilis	540	9818	14
keeperessa	541	9816	14
miltiade	542	9814	14
DrGuFy	543	9813	14
Alyson	544	9807	14
Andevas	545	9806	14
Igoreklow	546	9801	14
Sebbue	547	9800	14
zomos	548	9799	14
ЭхЧтоЗаТяги	549	9798	14
GregPlitt	550	9797	14
Maltinukas	551	9793	14
ТавернаБоба	552	9792	14
Laurii	553	9791	14
rooonieo	554	9788	14
dayyrus	555	9784	14
TimBuckJew	556	9783	14
MysterY	557	9783	14
SlicedFred	558	9782	14
Burhnach	559	9782	14
born2die64	560	9781	14
SageRhino	561	9778	14
NOS	562	9777	14
DroChillaXXX	563	9777	14
Lucker	564	9774	14
Bombey	565	9773	14
Пустой	566	9772	14
Armandeo	567	9772	14
jeefLegend	568	9770	14
Котик	569	9770	14
Bodi	570	9767	14
Magikas	571	9767	14
SatzuIsBest	572	9765	14
wackz	573	9765	14
Almtze	574	9763	14
Emil98	575	9762	14
RedCat	576	9760	14
mbogos	577	9755	14
STO11E	578	9752	14
van1sh	579	9750	14
KingEumel	580	9749	14
TheBest	581	9748	14
Hazard	582	9748	14
Pystota	583	9747	14
Rancor	584	9747	14
HelyaWarAxe	585	9746	14
Reeborn	586	9746	14
Desik	587	9746	14
Sneax	588	9744	14
Yogg	589	9739	14
OpalSatyr	590	9736	14
RNGESUS	591	9735	14
Valorator	592	9733	14
Shay	593	9731	14
Selalife	594	9727	14
Banananaking	595	9727	14
mendel	596	9722	14
Artanis28	597	9721	14
Akureimo	598	9720	14
wAmpa	599	9717	14
RainScarlet	600	9714	14
Sarah	601	9713	14
Chartered	602	9711	14
Kisonell	603	9711	14
MadeBySuhich	604	9711	14
pharsalia	605	9709	14
Skiaparelli	606	9708	14
Everinbloom	607	9706	14
thegr33nyone	608	9704	14
YourBadTrip	609	9704	14
PatAfrique	610	9699	14
Jordinator	611	9699	14
Sotr3x	612	9699	14
cześć	613	9699	14
Boomi	614	9698	14
Shagui	615	9697	14
Kellersen	616	9694	14
Matibatka	617	9693	14
Elward	618	9692	14
Maxoulefou	619	9691	14
Llm	620	9690	14
YourReaLDad	621	9685	14
Samugga	622	9682	14
Seal	623	9682	14
Kupfergoblin	624	9678	14
Groom	625	9677	14
Brolts	626	9676	14
MarikFS	627	9675	14
Сява228	628	9674	14
MrSpockY	629	9672	14
DenBrunstige	630	9671	14
CAMILLLLLLAW	631	9670	14
RisK	632	9667	14
RuS	633	9663	14
AsceLP	634	9663	14
Beloved	635	9660	14
MrAnanasYT	636	9659	14
Колбаса	637	9655	14
WeeWee	638	9650	14
Enemis	639	9648	14
b0ngo	640	9644	14
uRycot	641	9641	14
Ackerberg	642	9641	14
Сирожка	643	9635	14
laon	644	9635	14
BTR4ER	645	9632	14
Vektor	646	9632	14
denchip	647	9631	14
ImFlovers	648	9629	14
Igor	649	9626	14
StigMcCloud	650	9624	14
Buba	651	9620	14
PetroKapot	652	9619	14
Vital0	653	9605	14
DarkGamer	654	9603	14
KilouNco	655	9591	14
DEFENDER7829	656	9589	14
stetsuk	657	9589	14
Kaskaras	658	9588	14
Solevar	659	9586	14
Make	660	9583	14
Orpinell	661	9583	14
Lesnik	662	9582	14
Pomoyka	663	9581	14
NutSnack	664	9578	14
DarkWolf	665	9576	14
AngryBirDDD	666	9576	14
Hyperkarina	667	9571	14
Frontside	668	9566	14
ShinyHaxorus	669	9566	14
Antonbaoan	670	9564	14
kalzifèr	671	9563	14
Proto	672	9563	14
Weqrex	673	9560	14
Eternallie	674	9560	14
Benlinks	675	9558	14
Lichkönig	676	9551	14
coilnovagg	677	9551	14
Manok	678	9551	14
Bombetta	679	9549	14
Pain	680	9545	14
Рюкзачок	681	9545	14
Felargon	682	9544	14
NoahSchwartz	683	9544	14
Bybeto69	684	9542	14
Pheb	685	9541	14
Sorrow	686	9540	14
tMi	687	9540	14
PredaThor	688	9539	14
Martje	689	9538	14
Bombardier	690	9536	14
Mercx	691	9536	14
KOTEHbKA	692	9535	14
Urs	693	9534	14
Artbook	694	9530	14
Bobby	695	9529	14
Дискорд	696	9529	14
JPJR003	697	9526	14
REMUŚ	698	9525	14
ARGONEES	699	9525	14
Sukinoi	700	9524	14
Marginal	701	9521	14
FrØzen	702	9520	14
CHEBURSHILA	703	9519	14
Spyrozgz	704	9518	14
TacoDaniel	705	9515	14
TuffCandy	706	9515	14
ДокторЖопа69	707	9514	14
goike	708	9514	14
iono	709	9510	14
Сергеич	710	9509	14
Savvon	711	9508	14
Mindset	712	9505	14
MrInvisable2	713	9504	14
RockNRave	714	9503	14
Core	715	9503	14
krikerman	716	9503	14
thithiboum	717	9501	14
Zokaboom	718	9498	14
Quindecim	719	9497	14
SirBefington	720	9497	14
BrianSpilner	721	9496	14
Nightking	722	9496	14
IrmaLaerQ	723	9495	14
Blaze420it	724	9494	14
Kekkess	725	9494	14
Nanomonstr	726	9493	14
Riton	727	9492	14
ItzPenzo	728	9488	14
Quutamo	729	9487	14
hillel	730	9487	14
JONES	731	9485	14
MonarchAwake	732	9481	14
Midde	733	9480	14
Alex631	734	9479	14
Salonearbuz	735	9473	14
Ibez	736	9473	14
BlackBird	737	9470	14
Tikara	738	9467	14
MrPartizanUa	739	9461	14
essentle	740	9455	14
AmaterasuFrk	741	9452	14
Hidan	742	9451	14
Bear	743	9451	14
Nizel	744	9449	14
Искатель	745	9447	14
kew2023	746	9447	14
Zanil	747	9446	14
Nodez	748	9445	14
itachier	749	9442	14
Ziooon	750	9441	14
DontBuyTrash	751	9440	14
sultan23	752	9439	14
Stezzey	753	9438	14
Lava	754	9438	14
WYWY	755	9436	14
zloyVomka	756	9432	14
Houndoo	757	9430	14
Kustari	758	9429	14
merak1t	759	9425	14
Zronix	760	9425	14
hardwell	761	9425	14
Bombara	762	9424	14
Risecro	763	9424	14
Goldik	764	9421	14
kruzikk	765	9420	14
Stelkoy	766	9418	14
Zarocox	767	9417	14
Nordom	768	9417	14
Ewanpleydu77	769	9415	14
Lu12ck34y5	770	9412	14
	771	9409	14
snaker	772	9408	14
Dam7970	773	9407	14
GringerBasic	774	9407	14
Фурия	775	9407	14
BryanRSCL	776	9407	14
Megalovaniac	777	9405	14
Clumsy	778	9400	14
bugsylla	779	9400	14
kamukaze	780	9400	14
Falini	781	9399	14
Seevabbe	782	9397	14
Miku	783	9393	14
moty	784	9391	14
Romidu78	785	9389	14
Schutzengel	786	9388	14
Tohji	787	9387	14
Nomja	788	9386	14
CumBezz	789	9383	14
Lemon	790	9383	14
Donhaja	791	9382	14
Maguire	792	9382	14
Aastrea	793	9380	14
Grainesombre	794	9379	14
ХитрыйКраб	795	9378	14
BawdyBeast	796	9376	14
Peixus	797	9376	14
Robirom	798	9374	14
Pedro	799	9364	14
Glauera	800	9363	14
Vyzero	801	9362	14
Мичман	802	9362	14
Agree	803	9358	14
Kucher	804	9353	14
BLACKJJ	805	9351	14
Okullist	806	9346	14
Zioba	807	9346	14
HQNA	808	9344	14
DontPanic	809	9344	14
Fatten	810	9343	14
Speedy4	811	9341	14
DonSikaleone	812	9341	14
Lastid	813	9340	14
shimoda	814	9337	14
Wnkrdnns	815	9337	14
robikenobi	816	9326	14
ecclesiaste	817	9325	14
RaVaGeUr	818	9322	14
БомжихаДжеби	819	9320	14
ylathor	820	9319	14
AkirA	821	9318	14
KittenWoof	822	9316	14
andreeeezy	823	9312	14
dctrX	824	9311	14
Heegiboy	825	9310	14
Nosaka	826	9309	14
Asesino	827	9307	14
Nadja	828	9307	14
Zreem	829	9304	14
TurboRanetka	830	9302	14
EbashuAboba	831	9301	14
Mitsuo	832	9299	14
dakad	833	9299	14
chichicho	834	9297	14
Wunnybunny	835	9297	14
Tangusik	836	9297	14
BOBAH86	837	9297	14
magn	838	9296	14
Lørgqkee	839	9294	14
Nameless	840	9294	14
Darnassovsky	841	9287	14
OrsonPoland	842	9286	14
СашаБелый	843	9285	14
EyeWinner	844	9281	14
ChibraLtar	845	9281	14
ColdVibe	846	9280	14
ChesterSL	847	9278	14
SilverHawk	848	9277	14
Baobowdnmd	849	9276	14
liniment	850	9274	14
Rogul	851	9274	14
SecretPlayer	852	9273	14
BakkerBarry	853	9273	14
Gwore	854	9273	14
DriedOrange	855	9272	14
sproink	856	9272	14
FlotteKatze	857	9270	14
DjPetuhe	858	9269	14
Quaker	859	9267	14
Ralul	860	9265	14
chobo13	861	9264	14
Mihail759	862	9260	14
Deartos	863	9259	14
greekstalion	864	9259	14
Shooller	865	9258	14
Falaxx	866	9258	14
Tpjbx	867	9257	14
LaKu	868	9243	14
Medveba	869	9242	14
Anatidae	870	9241	14
ReD	871	9241	14
Jer100	872	9240	14
Luni	873	9237	14
xMnDz	874	9236	14
LordSimon	875	9235	14
vladislove	876	9232	14
Detulissie	877	9232	14
BlackTec	878	9231	14
SellerHappi	879	9229	14
kikimore	880	9223	14
xumuk32	881	9223	14
Andymage	882	9223	14
Pazuzu	883	9222	14
q4tter	884	9218	14
xHoLyCraBx	885	9217	14
Dream	886	9216	14
Keltak	887	9215	14
Shapeless	888	9215	14
HuaH	889	9214	14
BlackB12	890	9214	14
Servetel	891	9214	14
Turee00	892	9211	14
archer	893	9210	14
EyeSeeU	894	9209	14
Catazorx	895	9209	14
XRiod	896	9209	14
DeCri0t	897	9206	14
Arafas	898	9206	14
Binkelderk	899	9203	14
НаБутылке	900	9203	14
Harrison	901	9203	14
Paskudei	902	9202	14
Klofi	903	9201	14
Hilou	904	9200	14
Maxawi	905	9199	14
ПОШЛЫЙХОМЖОН	906	9197	14
Bamblebog	907	9195	14
Jojjer	908	9195	14
Awesonya	909	9194	14
Co6ol	910	9192	14
TheChrissila	911	9192	14
SpaceMonkey	912	9192	14
Bèp92	913	9191	14
MuteAgent	914	9191	14
Watsky	915	9185	14
EbashuBoba	916	9183	14
WhiteBearD	917	9183	14
Gogoa	918	9181	14
DCPepe	919	9181	14
Sentenciado	920	9179	14
Eli3001	921	9179	14
кисскаМск	922	9178	14
Gergej	923	9177	14
Frantic	924	9176	14
Manuel	925	9176	14
Metaleyes	926	9176	14
МаркоРойс	927	9176	14
Rostyslav	928	9176	14
frostedpetal	929	9173	14
Fisufasu	930	9173	14
Grommed	931	9172	14
YHUTA3228	932	9170	14
ragnarlotbrk	933	9169	14
powerrade	934	9169	14
Антошка	935	9168	14
Espada	936	9167	14
Hey	937	9167	14
liv3d	938	9167	14
Orinoshi	939	9167	14
PsionUnclear	940	9161	14
AccZell	941	9161	14
LaKurt	942	9160	14
ProPaN	943	9159	14
HARLYYY	944	9159	14
Fallanon	945	9159	14
bomj	946	9159	14
Arsen	947	9157	14
CreateUrDeck	948	9156	14
SandyRay	949	9155	14
SkripkaLisa	950	9154	14
Pack	951	9151	14
Tolikras	952	9145	14
Olegtrikk	953	9144	14
Narayana	954	9144	14
Parzival	955	9142	14
Chikatilka	956	9142	14
MarvelousMax	957	9141	14
Drainer	958	9141	14
ZAD	959	9140	14
yek	960	9140	14
Krys	961	9139	14
Smivzh	962	9138	14
JelB	963	9138	14
YuGiOh	964	9138	14
musikkusik	965	9138	14
Possumi	966	9136	14
PlanetDirt	967	9135	14
miiiisha	968	9134	14
Omokage	969	9132	14
danielzilla	970	9130	14
Har4mbe	971	9129	14
Lerssinaama	972	9125	14
Zērñø6453	973	9123	14
Cronos	974	9121	14
ThePanda	975	9121	14
Еврей	976	9121	14
buzalac	977	9118	14
МегаСпектр	978	9117	14
Wormpal	979	9117	14
PrettyPotato	980	9113	14
Regius	981	9112	14
Rolcsy	982	9111	14
ArhiDeD	983	9106	14
Barbara	984	9106	14
OhTakeItEasy	985	9106	14
Akashi	986	9104	14
Khorne	987	9103	14
Zenkel	988	9103	14
Floflo541	989	9102	14
BraveWolves	990	9101	14
FuzzyWuzzy	991	9098	14
FrGGosu	992	9098	14
shveps	993	9097	14
Natascha	994	9096	14
Leukopeuko	995	9095	14
Houston	996	9095	14
Ac3tyl	997	9093	14
WonderZak	998	9088	14
ERIK	999	9087	14
c4llmesnake	1000	9085	14
Gnoki	1001	9082	14
Котун	1002	9079	14
Kayto	1003	9079	14
Bigstomach	1004	9078	14
jyramiidi	1005	9077	14
CoralHawk	1006	9077	14
ГибкийГрелль	1007	9075	14
NAGIBATOR666	1008	9074	14
Mogorva	1009	9073	14
tutturu	1010	9070	14
Captainleek	1011	9070	14
pOvod	1012	9069	14
OneOfMany	1013	9068	14
Deus	1014	9067	14
Bespoleznich	1015	9066	14
BananaMan1	1016	9066	14
Donrobzen	1017	9064	14
Arox	1018	9064	14
iuphul	1019	9063	14
ваншот	1020	9063	14
Zaraza	1021	9062	14
Gruby	1022	9060	14
Satinaph	1023	9060	14
deekey	1024	9060	14
fanfan	1025	9060	14
Dirtybrody	1026	9059	14
RedEagle	1027	9059	14
Tryndapère94	1028	9054	14
Stevvi	1029	9053	14
rubberbarba	1030	9053	14
Tyyppi	1031	9052	14
goldegram	1032	9051	14
Woozie	1033	9050	14
ПАРКУРПАРКУР	1034	9050	14
Enum	1035	9048	14
DemonHunter	1036	9047	14
NekoNyaam	1037	9046	14
OPƗUM	1038	9046	14
Rogue	1039	9044	14
brodyaga	1040	9043	14
YouNotSave	1041	9039	14
GuessWho	1042	9039	14
RusniaSosi	1043	9039	14
kingofkill	1044	9038	14
Bear	1045	9037	14
Kalbon2	1046	9037	14
Pinkpotato	1047	9036	14
ReneLaTaupe	1048	9036	14
бодя	1049	9034	14
H4mst3rN	1050	9032	14
shioh	1051	9032	14
Bistouflere	1052	9030	14
Xtravalous	1053	9029	14
Juhi	1054	9028	14
FiftyFive	1055	9026	14
SoldierBobby	1056	9026	14
Strong	1057	9023	14
Solik41	1058	9023	14
RoadrunnerX	1059	9022	14
gr0nas	1060	9022	14
Shadowzoro	1061	9020	14
Lukas	1062	9020	14
Sharewin	1063	9017	14
MarkHuelius	1064	9016	14
MyghtyBeast	1065	9016	14
AntiUA	1066	9016	14
Fiasko	1067	9015	14
majekako	1068	9015	14
Haarashi	1069	9015	14
mLsLinkin	1070	9013	14
Unoriginell	1071	9011	14
Ded00Lya	1072	9009	14
hamed	1073	9009	14
saya	1074	9007	14
MrSOP	1075	9006	14
Electron	1076	9005	14
Spirosz	1077	9003	14
Cancanneed	1078	9002	14
NovaHydoNos	1079	9000	14
swatcol	1080	8997	14
LastLucky	1081	8997	14
silyyyy	1082	8995	14
JensenSSR	1083	8995	14
Воробушек	1084	8993	14
MrFresher	1085	8992	14
kickz	1086	8991	14
P3n	1087	8990	14
Koshkodevka	1088	8987	14
Josemanden	1089	8987	14
mistrz6969	1090	8987	14
Oli	1091	8987	14
FireDead	1092	8987	14
Oxxyy	1093	8986	14
Дима	1094	8986	14
koost64	1095	8985	14
Silvernight	1096	8984	14
danimal1408	1097	8983	14
ChillyWilly	1098	8983	14
Murloc	1099	8982	14
Champikiller	1100	8982	14
UN4CN	1101	8979	14
Cosmus	1102	8978	14
Вальгард	1103	8977	14
WitTheLord	1104	8976	14
TheArcher	1105	8975	14
Eclipse	1106	8972	14
Raven	1107	8972	14
AMIWAR	1108	8972	14
Liam	1109	8972	14
Eltisch	1110	8967	14
Kore	1111	8966	14
Grat	1112	8966	14
Cancana	1113	8963	14
Dareno25	1114	8962	14
Atlas	1115	8962	14
Klor	1116	8959	14
Vladosina	1117	8954	14
Vaazed	1118	8953	14
Fnoberzqt	1119	8953	14
AzureWolf	1120	8952	14
GuliGuli	1121	8951	14
Shadowdancer	1122	8951	14
RandomPerson	1123	8950	14
StillTrying	1124	8949	14
Snooder	1125	8949	14
zangue	1126	8949	14
Arkandos	1127	8948	14
Askamar	1128	8948	14
MetCashflow	1129	8948	14
Your7Death	1130	8947	14
Phobios	1131	8947	14
polik	1132	8946	14
artmavr	1133	8946	14
tristrat	1134	8945	14
ХмарныйВор	1135	8945	14
kenni	1136	8944	14
Elacour	1137	8944	14
Ruben	1138	8943	14
MrMister	1139	8942	14
ЧестныйИндюк	1140	8939	14
Pandemoneus	1141	8939	14
Desidia	1142	8939	14
OldGuyEarl	1143	8937	14
RunningBeer	1144	8935	14
Puppycat	1145	8932	14
Нико	1146	8932	14
Waladorf	1147	8931	14
Dufist	1148	8931	14
sparda	1149	8931	14
sleepless	1150	8931	14
BongoAFK	1151	8930	14
WtfVik	1152	8930	14
DoReMI	1153	8929	14
Aristokrat	1154	8927	14
Platinum	1155	8926	14
KaptainSnack	1156	8924	14
Ztnv	1157	8924	14
snAckEm	1158	8923	14
Avrorakz	1159	8923	14
Alpas	1160	8921	14
OliveCrane	1161	8921	14
Mfet	1162	8920	14
Klumpen	1163	8920	14
SoulSkate	1164	8918	14
Zhid228	1165	8918	14
evgeni008	1166	8915	14
Krutmaks	1167	8914	14
Adark	1168	8913	14
Scuzemebro	1169	8911	14
fishen	1170	8910	14
puuh	1171	8910	14
Rambooo086	1172	8910	14
SirBubbleBut	1173	8906	14
Toastman134	1174	8905	14
kiritox	1175	8904	14
korol	1176	8902	14
Sakapoi	1177	8901	14
Schnitzler	1178	8900	14
PusinBoots	1179	8899	14
jakejakejake	1180	8898	14
ZVK88	1181	8897	14
Perdon	1182	8897	14
CrazyGuyG123	1183	8896	14
Senseless	1184	8896	14
Weezing	1185	8895	14
HolyDiver	1186	8893	14
Skipped	1187	8893	14
Dorch	1188	8891	14
K1F1R	1189	8890	14
Tamftw	1190	8889	14
StyleHappy	1191	8885	14
Kilzn	1192	8884	14
Viberg	1193	8884	14
Skyscreeper	1194	8882	14
Mystikpsy	1195	8882	14
Stefan	1196	8879	14
ZeroBrain	1197	8879	14
Globox	1198	8878	14
Moondog	1199	8878	14
Skalmanleif	1200	8877	14
Lalalallaala	1201	8875	14
КрабДиктатор	1202	8874	14
nekoFox	1203	8873	14
DYADYAEBALO	1204	8872	14
hornyFRanz	1205	8870	14
Gyggis	1206	8866	14
NifelheimBB	1207	8862	14
IV4	1208	8860	14
KOR3ANiZ3Dx	1209	8859	14
Ainef75	1210	8858	14
Gregori	1211	8855	14
stikus	1212	8853	14
JayFo	1213	8853	14
phiLord	1214	8853	14
SL7FAH	1215	8852	14
Dante	1216	8852	14
Анжелика	1217	8851	14
bbox65	1218	8849	14
RaccoonRiot	1219	8848	14
Lautarox	1220	8848	14
Jellinek	1221	8848	14
Unclephil	1222	8848	14
FayST	1223	8847	14
Xakergg	1224	8846	14
Бобр	1225	8845	14
Cheatingsby	1226	8844	14
BaneOfSam	1227	8843	14
Skrik	1228	8843	14
BaoBao	1229	8841	14
Driou	1230	8840	14
AlusyaHS	1231	8840	14
Earthspirit	1232	8837	14
GhostPants	1233	8835	14
Reconstruct	1234	8835	14
Drimks	1235	8835	14
Kadi	1236	8834	14
Fløpper	1237	8833	14
Myrcella	1238	8830	14
Fatboy	1239	8824	14
preie	1240	8821	14
Mugi	1241	8821	14
Omnicarbon	1242	8821	14
Esther	1243	8820	14
HuyaMasterYa	1244	8819	14
Tangveyor	1245	8818	14
Kr1v	1246	8818	14
Xopek	1247	8815	14
North	1248	8814	14
Misiorek	1249	8814	14
toxa	1250	8813	14
ХитрыйГерой	1251	8811	14
Phatteh	1252	8811	14
Nenada	1253	8810	14
GaorTim	1254	8809	14
miesman	1255	8808	14
DDave1509	1256	8808	14
Ankan	1257	8808	14
Lemongrade	1258	8805	14
Zurnagos	1259	8802	14
Holop	1260	8801	14
МанакоРыцарь	1261	8801	14
etoSad	1262	8799	14
korm	1263	8799	14
Grom	1264	8799	14
HršakIvan	1265	8798	14
Misfit	1266	8796	14
Jeef	1267	8794	14
PODONOCKK	1268	8793	14
hunteríco	1269	8793	14
VipR3	1270	8791	14
Интроверт	1271	8790	14
Heliox	1272	8789	14
Avesq	1273	8787	14
YoloGoat	1274	8787	14
Odens	1275	8787	14
Critting	1276	8786	14
Hasbulla	1277	8785	14
zwolker	1278	8785	14
RoaDto20k	1279	8783	14
Юрьич	1280	8782	14
visanders	1281	8781	14
Balcken	1282	8780	14
Longboy	1283	8780	14
Chromer	1284	8778	14
Krausz	1285	8777	14
seleymenk	1286	8776	14
Basketball48	1287	8776	14
Zzatox	1288	8775	14
Prokus	1289	8775	14
Корнишон	1290	8773	14
Evil	1291	8772	14
Dild0Beginz	1292	8772	14
OrsoFacile	1293	8771	14
Ropi	1294	8766	14
Hellara	1295	8765	14
GhostDog	1296	8765	14
WindRider	1297	8765	14
Vantelin	1298	8765	14
TheRabbin	1299	8765	14
tycheace	1300	8763	14
Mob	1301	8763	14
Oméga	1302	8759	14
Totoro	1303	8759	14
Eugeniuzs	1304	8758	14
Артас	1305	8755	14
chakra	1306	8752	14
FunctionFarj	1307	8752	14
Tormi	1308	8752	14
iodaaa	1309	8752	14
Cavor	1310	8752	14
Silberdrache	1311	8750	14
Alastair	1312	8747	14
Sentence	1313	8746	14
KGBLaban	1314	8744	14
angry245	1315	8744	14
Qulti	1316	8744	14
codeinemastr	1317	8742	14
Necro	1318	8742	14
Revelen	1319	8742	14
Sparkion	1320	8740	14
Few	1321	8739	14
Eonx	1322	8737	14
BILLisDD	1323	8736	14
HopeIsDead	1324	8734	14
yager74	1325	8734	14
paggyjuice	1326	8733	14
marsel1io	1327	8732	14
Vovik	1328	8732	14
ШутникМаг	1329	8731	14
erkk	1330	8730	14
Director	1331	8730	14
ChrisHansen	1332	8729	14
FindDaWae	1333	8728	14
BigSashaGrey	1334	8728	14
LEGRANDOWNYD	1335	8728	14
ogremagina	1336	8727	14
äUrner	1337	8726	14
Tutenshamun	1338	8725	14
calient	1339	8724	14
BelowAverage	1340	8723	14
Joscar	1341	8723	14
silenZed	1342	8722	14
storozh	1343	8721	14
n14	1344	8721	14
DronJordan	1345	8720	14
Qazl	1346	8718	14
Sabosha	1347	8718	14
UniMolors	1348	8717	14
Slizen	1349	8716	14
Mekerev	1350	8715	14
Kolambys	1351	8715	14
Kozula	1352	8714	14
Veles	1353	8714	14
afrikaner2	1354	8714	14
ANTIHYPE	1355	8713	14
SterixFoxe	1356	8712	14
MarinCim	1357	8711	14
Beny	1358	8709	14
ZoomGG	1359	8708	14
Swaglana	1360	8708	14
boomer	1361	8708	14
Meyson	1362	8707	14
Lukas	1363	8706	14
Wandereule	1364	8706	14
Mijk	1365	8705	14
inviserpro	1366	8705	14
Maniuszka	1367	8705	14
Evu	1368	8704	14
Fresh	1369	8703	14
Aeryst	1370	8702	14
IceWolf	1371	8700	14
Unta1ented	1372	8700	14
ANIMAL	1373	8700	14
Anassterian	1374	8700	14
ЗлюкаМаг	1375	8700	14
InfInIty	1376	8699	14
Fake	1377	8697	14
sofikom	1378	8696	14
SollerTM	1379	8696	14
Discovery	1380	8696	14
S1l3ntN1nja	1381	8696	14
Diablojunior	1382	8695	14
CheyToMozg	1383	8694	14
Exuni	1384	8693	14
Candykiller	1385	8693	14
Bwatte	1386	8693	14
Legolas	1387	8691	14
CTpaHHuK	1388	8690	14
Sqwirl	1389	8688	14
Cobranadoo	1390	8688	14
Cameron	1391	8687	14
HardPork	1392	8687	14
Ascard	1393	8686	14
GoldY	1394	8685	14
darkness	1395	8680	14
vita	1396	8679	14
Escapertwo	1397	8679	14
Bloodyyx	1398	8678	14
JosefSnow	1399	8677	14
Rouda	1400	8676	14
Ram778	1401	8676	14
DikiyPudge	1402	8675	14
buka	1403	8675	14
Kinesis	1404	8673	14
Magician	1405	8673	14
Tonnylol	1406	8672	14
SenatorSPb	1407	8671	14
Здравствуй	1408	8671	14
Ka16acep	1409	8667	14
BrendanRed	1410	8665	14
Bmco	1411	8665	14
Fibonacci	1412	8665	14
KOKOSH	1413	8664	14
Viktorpersuh	1414	8663	14
Seth	1415	8663	14
Aceofstorms	1416	8661	14
Pingvin	1417	8661	14
Friedyjones	1418	8661	14
Tigron	1419	8660	14
Nordmand	1420	8659	14
Divd	1421	8659	14
КАКАЯЖАЛОСТЬ	1422	8658	14
fleckshick	1423	8658	14
ZZZ	1424	8657	14
Knoten	1425	8656	14
Fulrad	1426	8655	14
Chivas	1427	8655	14
noblesse727	1428	8655	14
King64	1429	8654	14
PirreSmurf	1430	8654	14
m0rtal	1431	8653	14
VeryBigTable	1432	8652	14
esmik	1433	8651	14
Fransman	1434	8651	14
Fredbuhl	1435	8651	14
glebok	1436	8651	14
Fox	1437	8650	14
jisaak	1438	8649	14
СтраусКолдун	1439	8648	14
Qiraa	1440	8648	14
RasimCooper	1441	8647	14
Paranoia	1442	8647	14
nafan4o	1443	8647	14
Dalglish	1444	8646	14
Bucoak	1445	8645	14
dima4e	1446	8645	14
TheEF	1447	8644	14
Makrayer	1448	8644	14
CuppE	1449	8644	14
VikramPappur	1450	8643	14
TealWolf	1451	8642	14
RedBoxPWNZ	1452	8642	14
LolNotPaying	1453	8641	14
КЛИНИЧЕСКИЙ	1454	8641	14
PetroFun	1455	8641	14
easymemes	1456	8640	14
NaécCo	1457	8639	14
WeeWeeRider	1458	8639	14
Evve97	1459	8639	14
Mephitoi	1460	8639	14
kliqt	1461	8638	14
Nazgul	1462	8637	14
Shrimpy	1463	8636	14
Ageres	1464	8635	14
GoldenBoy	1465	8635	14
Xinting	1466	8632	14
Hydrogendog	1467	8632	14
bogdan	1468	8632	14
salatik	1469	8631	14
Sergeant	1470	8631	14
kori9991	1471	8631	14
BarryAlen	1472	8630	14
Грыжа	1473	8629	14
deadlydog	1474	8629	14
plushkan	1475	8628	14
Stormtrooper	1476	8628	14
Pezzo	1477	8627	14
Monti	1478	8627	14
Lazy34	1479	8626	14
Voided	1480	8625	14
Matox	1481	8625	14
Kai	1482	8625	14
Bichoute	1483	8624	14
kallevonbach	1484	8623	14
lazare	1485	8623	14
Kay9	1486	8622	14
Geniko	1487	8620	14
Vincanity84	1488	8619	14
Fospan	1489	8619	14
Vytsag	1490	8618	14
dushas	1491	8618	14
Siyar	1492	8618	14
Zero	1493	8616	14
LazySid	1494	8616	14
Ghebi	1495	8615	14
LordGloom	1496	8614	14
Hurj	1497	8614	14
ColipsoǶ	1498	8613	14
JoelMathie	1499	8612	14
Luveha	1500	8611	14
Diemydarling	1501	8610	14
Barakyz	1502	8609	14
Balalaika	1503	8609	14
MrKazze	1504	8608	14
Michael	1505	8606	14
skvoretc	1506	8606	14
NevermOre	1507	8606	14
Torman	1508	8605	14
MarkGray	1509	8604	14
Henke	1510	8604	14
Exilsior	1511	8603	14
GivenGod	1512	8602	14
Rainbow	1513	8602	14
SteelDragon	1514	8602	14
ShamisPro	1515	8601	14
Eques	1516	8601	14
Numone	1517	8601	14
Melkor	1518	8600	14
Zeky	1519	8598	14
Crumble	1520	8597	14
ТихийГнолл	1521	8596	14
LelianaD	1522	8595	14
Wildhero	1523	8595	14
Phoenix3644	1524	8595	14
Tinkering	1525	8595	14
AllenIverson	1526	8593	14
ZenShot	1527	8592	14
QWYSHA	1528	8592	14
BabarPower	1529	8591	14
FrikPozornyi	1530	8591	14
Zeubave	1531	8591	14
ffwetal	1532	8590	14
Кираж	1533	8590	14
Gogeta	1534	8589	14
Daniel	1535	8589	14
Denoth	1536	8589	14
LighTninG	1537	8589	14
Kalimdor	1538	8588	14
zames	1539	8588	14
Djoxe	1540	8588	14
Méguie	1541	8587	14
Kalkon	1542	8587	14
Philipp	1543	8586	14
DmitriyZadow	1544	8585	14
Narkar	1545	8585	14
Ephesiel	1546	8584	14
Danny	1547	8584	14
Pancake	1548	8583	14
GrimPeeves	1549	8583	14
goegrog27	1550	8583	14
Gunfighter	1551	8581	14
Luchik	1552	8581	14
Eliel123	1553	8580	14
Bugymean	1554	8580	14
Diffen	1555	8580	14
MightyGorgon	1556	8580	14
Leney	1557	8578	14
Creonic	1558	8577	14
Carcosa	1559	8576	14
Pip	1560	8575	14
DosviDanya	1561	8575	14
p0nticc	1562	8574	14
Indubitably	1563	8574	14
Ultimatehero	1564	8573	14
Darkfgh	1565	8573	14
Kreysch	1566	8572	14
Picaschu	1567	8572	14
SP0	1568	8572	14
Skerrigan	1569	8572	14
Jesuistonper	1570	8571	14
Bann	1571	8571	14
Goldlog	1572	8571	14
winogrodnik	1573	8571	14
Hallontagg	1574	8570	14
TonyIrish	1575	8570	14
FreakSisyan	1576	8569	14
SHXLLTEAR	1577	8568	14
Hex	1578	8567	14
addeaudi	1579	8566	14
FeRoX518	1580	8566	14
Frodo	1581	8565	14
ShowReck	1582	8565	14
clooudus	1583	8565	14
NIKITA	1584	8564	14
Tizzil	1585	8563	14
PinSGer	1586	8562	14
Ingolanto	1587	8562	14
Stevederboss	1588	8562	14
Maksoman	1589	8561	14
sMu	1590	8561	14
Druidoren	1591	8561	14
Walle	1592	8556	14
klrotex	1593	8555	14
MAYBEBABYY	1594	8555	14
Rahna	1595	8555	14
Fleischsaft	1596	8554	14
SimSon	1597	8554	14
Darzamat	1598	8554	14
harry	1599	8554	14
P1Lzone	1600	8553	14
DrBerger	1601	8553	14
Кровосток	1602	8552	14
Alma	1603	8552	14
Beastyred	1604	8552	14
MisterT	1605	8552	14
prailex	1606	8551	14
Mechnzoth	1607	8551	14
FrozenMoment	1608	8550	14
BlackHammer	1609	8550	14
Hellscream	1610	8550	14
Kenzzu	1611	8550	14
kornoth	1612	8549	14
Kraken666	1613	8548	14
Animalo	1614	8548	14
Tos1k	1615	8548	14
Skylian	1616	8547	14
Genom	1617	8547	14
Arrvidxd	1618	8546	14
Hypothalamus	1619	8546	14
Eren	1620	8545	14
Sessor	1621	8544	14
Mrg	1622	8543	14
johnygreem	1623	8543	14
TinyAzrael	1624	8543	14
Krzycho	1625	8543	14
Тигран007	1626	8542	14
ХозяинЛеса	1627	8541	14
Holyhippie	1628	8541	14
pristabol	1629	8541	14
Hoodo	1630	8540	14
марио	1631	8540	14
Imperator	1632	8539	14
Leader	1633	8538	14
rovch	1634	8538	14
nottoobad	1635	8538	14
Félix	1636	8537	14
ITSTOOEZ	1637	8536	14
NIHAO	1638	8536	14
galzah	1639	8536	14
Regalec	1640	8531	14
Денис	1641	8529	14
Samehada	1642	8527	14
stepanDjo	1643	8527	14
Sokaigen	1644	8526	14
Tr0j	1645	8525	14
Demon	1646	8525	14
Gertturbo	1647	8525	14
NothingTried	1648	8524	14
Euriqa	1649	8524	14
Hayzan	1650	8524	14
lightop	1651	8523	14
Senpai	1652	8522	14
KEFIR	1653	8522	14
Relcsi	1654	8522	14
PLOVEC	1655	8522	14
blackmort	1656	8522	14
snus	1657	8521	14
Bunnycus	1658	8521	14
Korwood	1659	8520	14
Rudy	1660	8520	14
hurryhunter4	1661	8520	14
Eliasabatini	1662	8518	14
MushroomMan	1663	8518	14
TimurShvede	1664	8518	14
HeroPower	1665	8518	14
Tafit	1666	8517	14
Foller	1667	8517	14
Amfetaminium	1668	8517	14
Player08	1669	8517	14
tan4ik	1670	8517	14
TemaSonic	1671	8516	14
Metamag	1672	8516	14
Jaglix	1673	8516	14
sharkstah	1674	8514	14
arsobot	1675	8514	14
Nemmec	1676	8513	14
Yeroma	1677	8512	14
Zardoneeca	1678	8511	14
Maestrik	1679	8510	14
H3nkinator	1680	8510	14
RDB	1681	8507	14
So9l	1682	8505	14
JackBreak	1683	8505	14
Simpotyaga	1684	8505	14
Nikita	1685	8504	14
YDO3	1686	8502	14
Preatorian	1687	8502	14
fox	1688	8501	14
Retrospect	1689	8501	14
Frenkoo	1690	8501	14
Xedin	1691	8500	14
mesolstii	1692	8500	14
SEN	1693	8499	14
Dogmeat	1694	8499	14
SHAQ	1695	8497	14
Snowx95	1696	8497	14
Universe	1697	8496	14
DeDMaZaY	1698	8496	14
Cleras	1699	8494	14
KillerB	1700	8493	14
Meme	1701	8493	14
Infinity	1702	8493	14
oUddchEL	1703	8491	14
Bambybaby	1704	8490	14
Dragontwist	1705	8490	14
ABATAP	1706	8490	14
Willwallace	1707	8490	14
vitali1024	1708	8490	14
Skarlet	1709	8487	14
ТенеДракон	1710	8487	14
Thedeadyou	1711	8486	14
Maximka	1712	8486	14
haski	1713	8485	14
аманкингкрут	1714	8484	14
esthereh	1715	8484	14
MrJojoDolo	1716	8484	14
Nargas	1717	8484	14
Catmint	1718	8483	14
BaaBaBomba38	1719	8482	14
Neighbour	1720	8480	14
DoG1ON	1721	8479	14
DrPhil	1722	8479	14
eduardbarrj	1723	8479	14
BinaryHeap	1724	8478	14
Sabian	1725	8478	14
Альфест	1726	8477	14
Aservus	1727	8477	14
Uwatenage	1728	8477	14
Aart	1729	8475	14
iwumekiriko	1730	8475	14
PokerFace	1731	8473	14
DragonFire	1732	8473	14
Syrok	1733	8472	14
Gudleifur	1734	8471	14
Czaruuu	1735	8470	14
Askaruda	1736	8470	14
D4V3	1737	8469	14
Dobroleon	1738	8469	14
ALFREINUS	1739	8468	14
CuVeR	1740	8468	14
Bloodscall	1741	8468	14
Daark	1742	8467	14
NikiL	1743	8466	14
LeBeauFort	1744	8466	14
Zerratul	1745	8466	14
Effe	1746	8466	14
mokelembembe	1747	8466	14
MichaDG	1748	8464	14
ASJEY	1749	8464	14
ripulipaska	1750	8463	14
Nyron	1751	8462	14
Rainbow	1752	8462	14
Din	1753	8462	14
Aphrim	1754	8461	14
unknown	1755	8460	14
Smoker	1756	8460	14
Miracle	1757	8460	14
Shoott	1758	8460	14
VUlike	1759	8459	14
Speedy	1760	8458	14
Thrall	1761	8457	14
Ferrum	1762	8457	14
Mistle	1763	8456	14
Erdoganishe	1764	8455	14
NicNapp	1765	8455	14
Uebtjoesn	1766	8455	14
Blitzkrieg3	1767	8454	14
VelialVend	1768	8454	14
luffysama	1769	8454	14
ribapiba	1770	8452	14
EVG	1771	8452	14
iZeRox3	1772	8452	14
Firas	1773	8452	14
Bane	1774	8451	14
kiler2	1775	8450	14
Faktiz	1776	8450	14
Ome11	1777	8449	14
Batu	1778	8448	14
pansowa75	1779	8448	14
Pochacorne	1780	8448	14
BearCounter	1781	8448	14
Pax	1782	8447	14
maXXXie	1783	8447	14
IlOLI	1784	8447	14
JOZef	1785	8447	14
datk1ng	1786	8446	14
Nexus	1787	8446	14
Gener4l	1788	8446	14
BokuNoPtigro	1789	8445	14
WhiteLobos	1790	8445	14
Xysein	1791	8445	14
gorgutz	1792	8445	14
GrafTrahula	1793	8445	14
NasWhy	1794	8444	14
DaywalkerEx	1795	8443	14
Keriar	1796	8443	14
korzhik	1797	8443	14
Fottimatre	1798	8443	14
AmidroUZ	1799	8442	14
zxcdilda	1800	8440	14
Kraël	1801	8440	14
TToTpoLLIuJI	1802	8440	14
AntonCrisp	1803	8438	14
LSDeaddy	1804	8438	14
MisterHat	1805	8438	14
likedemon	1806	8435	14
Miro	1807	8435	14
M0nst3rKIKI	1808	8435	14
DawnFish	1809	8434	14
fAKE	1810	8434	14
Wanderflo	1811	8433	14
Zayl	1812	8431	14
Hash	1813	8431	14
Virdeluna	1814	8430	14
BenH	1815	8429	14
RickAtacko	1816	8429	14
Ko4uN	1817	8429	14
NeadekvateN	1818	8428	14
Wicky	1819	8428	14
TARTARA	1820	8428	14
JanitorSD	1821	8428	14
Sanguine	1822	8428	14
RoGGoR	1823	8427	14
InnerCore	1824	8427	14
CrazyWeapon	1825	8426	14
NightKnight	1826	8426	14
gaidev	1827	8426	14
Spontie	1828	8426	14
Queen	1829	8425	14
RID8N2	1830	8425	14
AlbertWesker	1831	8425	14
koebes	1832	8425	14
Pex	1833	8425	14
Vorkig	1834	8424	14
АрабскийШейх	1835	8424	14
Картавый	1836	8424	14
Tjiel	1837	8424	14
Hyperion	1838	8423	14
BarryBatsbak	1839	8422	14
FrostTitan	1840	8422	14
ReMeiDaX	1841	8422	14
Leefreat	1842	8422	14
Zoontic2017	1843	8421	14
Rokenz0	1844	8421	14
dakotan	1845	8421	14
gooo	1846	8419	14
DoktorDER	1847	8419	14
MissClick	1848	8419	14
BRaSTiON	1849	8418	14
Ponka	1850	8417	14
arkebana	1851	8416	14
Chenyu03	1852	8416	14
Enjojjo	1853	8416	14
VitalikelsEU	1854	8416	14
Flexnuts	1855	8416	14
YABAi	1856	8415	14
DoopsnoGG	1857	8415	14
Banania	1858	8415	14
Eposher	1859	8415	14
FroGGer	1860	8415	14
Sansanpisos	1861	8414	14
Apo	1862	8414	14
y6uBalllKa	1863	8414	14
Ace	1864	8413	14
Bhikkhuni	1865	8412	14
Nikolas	1866	8412	14
NeoLink	1867	8411	14
theolos	1868	8410	14
mbpro	1869	8410	14
Masamune	1870	8410	14
solari	1871	8409	14
Kriksy	1872	8409	14
rubik	1873	8409	14
kuburga	1874	8409	14
LeRoiDuChaos	1875	8409	14
mohammedlee	1876	8409	14
Gregor	1877	8408	14
SilentSword	1878	8407	14
splintar	1879	8407	14
GIGACHADbl4	1880	8407	14
ГеройГероев	1881	8407	14
uldir	1882	8406	14
StupidCupid	1883	8405	14
Petrustheone	1884	8404	14
JeffPapaNo	1885	8404	14
Rb7	1886	8403	14
keaab	1887	8403	14
Kleberstar	1888	8402	14
Lupi	1889	8402	14
eure	1890	8402	14
bronzer	1891	8402	14
Hansmakkar	1892	8402	14
hist	1893	8402	14
LadroConfuso	1894	8400	14
Paniro	1895	8399	14
pepsdu07	1896	8399	14
VALKOP33	1897	8399	14
fisker	1898	8397	14
Derpiys	1899	8397	14
Quorthon21	1900	8396	14
terenti228	1901	8396	14
METALEZ	1902	8396	14
Egorka	1903	8396	14
papaak	1904	8395	14
TKHTank	1905	8394	14
TatarinGun	1906	8394	14
FrenzHS	1907	8394	14
Eruwa	1908	8394	14
OllosDaDor	1909	8393	14
Cronix	1910	8393	14
lomprobzh	1911	8393	14
ENiERiTE	1912	8393	14
CAMEL	1913	8393	14
tor144	1914	8392	14
PlsSurrender	1915	8392	14
БоБЕр	1916	8392	14
Aventurier	1917	8391	14
Shrikee	1918	8391	14
Hunt3r	1919	8391	14
YaNki	1920	8390	14
ASDUT	1921	8390	14
Ahdpen	1922	8389	14
Lusa	1923	8389	14
Ember	1924	8389	14
FOXiz	1925	8389	14
qwdesaa	1926	8388	14
cye	1927	8388	14
Alexunder	1928	8387	14
GonzoReis	1929	8386	14
sandromarke	1930	8385	14
ТИМОША	1931	8384	14
Surprize	1932	8384	14
ohqwwy	1933	8383	14
Mario68	1934	8383	14
Insomniac	1935	8383	14
ark	1936	8382	14
Out	1937	8380	14
Endox	1938	8380	14
CaHe4Ka	1939	8378	14
ХичШТ	1940	8378	14
Purra	1941	8377	14
WeeBonnieLas	1942	8376	14
pince	1943	8376	14
kayfaraday	1944	8376	14
KoalaKrognon	1945	8374	14
RalDagondin	1946	8374	14
HiddenPants	1947	8374	14
Чорнобаївка	1948	8373	14
VelidonTV	1949	8372	14
Lookalive	1950	8372	14
Dobriy	1951	8371	14
HD140	1952	8371	14
zertex	1953	8369	14
microSlav	1954	8369	14
FlaxShark	1955	8369	14
Яхайфи	1956	8368	14
TZUMITNEM	1957	8368	14
kevin15674	1958	8367	14
podakonnik	1959	8367	14
waterenjoyer	1960	8367	14
Chris	1961	8367	14
CookieMonste	1962	8367	14
Proveider	1963	8366	14
Slehta	1964	8365	14
Oshnagal	1965	8365	14
willskills01	1966	8364	14
Dounga	1967	8364	14
usio0	1968	8363	14
ДикийВолк	1969	8363	14
Never	1970	8363	14
FCKSWG	1971	8362	14
Kubek	1972	8362	14
Finkel	1973	8361	14
duang	1974	8361	14
AdAeternam	1975	8361	14
Ярослав	1976	8361	14
NGreex	1977	8360	14
SwankyPants	1978	8359	14
Johnb01	1979	8359	14
ASHAB	1980	8359	14
kapa4iti	1981	8359	14
Darkdays2121	1982	8358	14
GnidaTvar	1983	8358	14
pashkats	1984	8358	14
Hitty	1985	8357	14
Kuragehime	1986	8357	14
DaF1sh	1987	8357	14
iMPO	1988	8355	14
oooDDXooo	1989	8355	14
RUFF	1990	8355	14
Parucca	1991	8355	14
blueface	1992	8355	14
GoldFish	1993	8354	14
Feff	1994	8354	14
WgWk	1995	8353	14
OpaPa	1996	8353	14
Rosque	1997	8352	14
Feanor	1998	8352	14
DeathGod016	1999	8351	14
LordNoob	2000	8351	14
Scorlio67	2001	8351	14
Kamaji	2002	8351	14
Bliss	2003	8351	14
PP1337	2004	8350	14
eliasahli	2005	8350	14
TeraqB	2006	8350	14
NickLiam123	2007	8349	14
VanTar	2008	8349	14
Tomtom	2009	8349	14
Vigour	2010	8349	14
Bounty1	2011	8348	14
ТавернаБоба	2012	8348	14
RRRmT	2013	8348	14
Elvenblood	2014	8348	14
jelly	2015	8347	14
VinteR	2016	8346	14
nat5015	2017	8345	14
Oocoll	2018	8345	14
SherrifPiele	2019	8345	14
WuggSaron	2020	8343	14
SneakyCrane	2021	8341	14
TestoMidget	2022	8341	14
DizzyDwarf	2023	8341	14
fiktio	2024	8341	14
Miri	2025	8340	14
EternalSenia	2026	8340	14
Bullseay	2027	8339	14
Robinette42	2028	8338	14
DaragAs	2029	8337	14
MishTheGrEaT	2030	8337	14
ДавайЧуткаЧе	2031	8336	14
RLArecaceaE	2032	8335	14
Icaurs	2033	8335	14
TheCobra	2034	8335	14
DropDead	2035	8334	14
Crash	2036	8333	14
BouncyBear	2037	8333	14
vadim	2038	8333	14
Snioxy	2039	8333	14
andyNicon	2040	8332	14
YahikO	2041	8331	14
jammoul	2042	8330	14
Agata0Arru	2043	8330	14
Yaz	2044	8329	14
senator	2045	8329	14
Shantoy	2046	8329	14
lexxeice	2047	8329	14
PEPILO	2048	8327	14
Hellagh	2049	8327	14
Tenebris	2050	8327	14
Harboe01	2051	8327	14
Weden	2052	8326	14
shootnik	2053	8324	14
RedStorm	2054	8324	14
KiRoGeR	2055	8323	14
LeGnollDu666	2056	8323	14
Sidewinder	2057	8323	14
FairLiar	2058	8323	14
GoshaOpasen	2059	8323	14
sysyCH	2060	8321	14
Aventurier	2061	8320	14
Tripisyat	2062	8319	14
WinTek	2063	8317	14
Elven	2064	8317	14
RyWy	2065	8316	14
Scrootz	2066	8316	14
Spezi	2067	8315	14
Markka	2068	8315	14
igor	2069	8314	14
BilboBaggin	2070	8313	14
GeilerGustav	2071	8313	14
СвиноБраза	2072	8312	14
Жабка	2073	8312	14
BladeGlade	2074	8312	14
ЧудоВалера	2075	8311	14
Euglena	2076	8311	14
Filip	2077	8311	14
Lifteur	2078	8311	14
Tuhomo	2079	8310	14
Spectrym	2080	8309	14
Flypaper	2081	8309	14
Xazy	2082	8308	14
Ikari	2083	8308	14
TantrumSlit	2084	8308	14
MegaMan	2085	8307	14
Tankafer	2086	8306	14
RomainGouin	2087	8305	14
kfnhalll	2088	8305	14
Кудрявый	2089	8305	14
krutoi23	2090	8305	14
Brokoli	2091	8305	14
Gecko	2092	8303	14
ильюша	2093	8303	14
fr4nt1c	2094	8302	14
Tenebrarum	2095	8302	14
numanumans	2096	8302	14
Pupppa	2097	8302	14
Dupuma40	2098	8300	14
PeteMorr	2099	8300	14
kouniamamao	2100	8300	14
ZLICHI	2101	8299	14
Sautros	2102	8299	14
Pitoonchik	2103	8298	14
iMHuzzla	2104	8298	14
hvasåg	2105	8297	14
Mephysto	2106	8297	14
RabarberPaj	2107	8296	14
aDARK	2108	8295	14
ALSOR	2109	8295	14
dec	2110	8295	14
qman	2111	8295	14
Айра	2112	8294	14
Chiarafa	2113	8294	14
Brackmarr	2114	8294	14
RealDonger	2115	8293	14
Moray	2116	8292	14
Nosferu	2117	8291	14
MrCamouflage	2118	8290	14
Vaynard	2119	8290	14
CptSpirit	2120	8289	14
МерзкийБес	2121	8287	14
PewPew	2122	8287	14
daffodillz	2123	8287	14
RUSO	2124	8286	14
Булат	2125	8285	14
Pomidor	2126	8285	14
Sasibo	2127	8283	14
NoxD	2128	8282	14
DecaDenced	2129	8281	14
RubyRoid	2130	8281	14
Egorenis	2131	8280	14
Ridap	2132	8279	14
DinMortjin	2133	8279	14
darth	2134	8278	14
Electric	2135	8276	14
diavitte	2136	8275	14
OverClocker	2137	8274	14
Peeloton	2138	8274	14
Sektant	2139	8272	14
thesimple	2140	8272	14
Pavelololom	2141	8272	14
Madinina	2142	8271	14
Xxxisos	2143	8271	14
tujouestrop	2144	8271	14
SexyCorgi	2145	8271	14
Morty	2146	8270	14
BadGodPirate	2147	8270	14
Perry	2148	8270	14
Zerginshvain	2149	8270	14
Beemo	2150	8270	14
Perdywok	2151	8269	14
Sanchos74	2152	8269	14
ЗлыеШтаны	2153	8269	14
Jeckyll	2154	8269	14
Zagibator	2155	8268	14
mieseb	2156	8268	14
Neutral	2157	8267	14
Nainno	2158	8267	14
MyWay	2159	8266	14
VeeV	2160	8266	14
Toslk	2161	8266	14
Tedlennart	2162	8266	14
Qarapuz	2163	8266	14
JoSSeR	2164	8265	14
SpnAllmighty	2165	8265	14
Zony	2166	8264	14
BlackJed	2167	8264	14
Traitorwgc	2168	8264	14
GamingPorter	2169	8264	14
Taljara	2170	8264	14
HinanawiTS	2171	8263	14
Munite	2172	8263	14
Cass	2173	8263	14
Clash	2174	8262	14
magnum	2175	8261	14
Ghotus	2176	8261	14
buyuntong	2177	8261	14
AlDuaij	2178	8260	14
Enmi	2179	8260	14
GachiBass	2180	8259	14
Cinderella	2181	8259	14
РыжаяБелка	2182	8259	14
Emilodon	2183	8258	14
Yoloswagging	2184	8258	14
matthellet	2185	8258	14
BlooDit	2186	8257	14
Timmk4	2187	8257	14
max	2188	8256	14
людина	2189	8256	14
Tomato	2190	8256	14
Sn3oos	2191	8256	14
Nyvrok	2192	8255	14
Koentjuh	2193	8255	14
wtfismyname	2194	8254	14
unnamed99	2195	8254	14
myshki	2196	8254	14
Reaper257	2197	8254	14
УмныйЛич	2198	8254	14
Tomso93	2199	8253	14
vhreek	2200	8253	14
etrana	2201	8253	14
KawaiiLipuch	2202	8252	14
Superunknown	2203	8252	14
He4To	2204	8252	14
Strann1k	2205	8252	14
PogoHopper	2206	8251	14
Arnaud	2207	8250	14
EspritCalme	2208	8249	14
Robert	2209	8249	14
hybrid	2210	8249	14
addmin	2211	8249	14
dawa3500	2212	8249	14
goliath	2213	8248	14
Torrin	2214	8247	14
Argentum	2215	8247	14
Nayoko	2216	8246	14
LaVadrouille	2217	8246	14
Yana	2218	8245	14
zattanas	2219	8244	14
Kroissance	2220	8243	14
karakalez	2221	8243	14
QAQ	2222	8243	14
Millmik	2223	8243	14
kref	2224	8242	14
Zerase	2225	8242	14
DarkinSlayer	2226	8241	14
ept	2227	8241	14
Juw1cq	2228	8241	14
DkPoDkaT	2229	8241	14
wariatpl	2230	8240	14
MrSvist	2231	8240	14
BigBud	2232	8240	14
Speckstangal	2233	8239	14
farghost	2234	8239	14
cartejmeke	2235	8239	14
Besdar	2236	8239	14
FiasKoO	2237	8239	14
Kenny	2238	8238	14
Yusana	2239	8237	14
bajonetmag	2240	8237	14
adriw	2241	8237	14
TwitchNemxxx	2242	8236	14
Rednemus	2243	8236	14
Keemon	2244	8236	14
Thre3s	2245	8235	14
matteo	2246	8235	14
ЧУХАН	2247	8235	14
Dima	2248	8235	14
PWNZ	2249	8235	14
Yeevel	2250	8235	14
Shakes	2251	8235	14
MethodMan	2252	8235	14
Mark	2253	8234	14
freblox	2254	8234	14
FAN	2255	8234	14
Seekndestroy	2256	8234	14
MonkeyDskin	2257	8233	14
Huby	2258	8233	14
Eburaptor	2259	8233	14
Pumpkin	2260	8232	14
huyaMiyuki	2261	8231	14
CyberFrog	2262	8231	14
AvideTv	2263	8230	14
Derover	2264	8230	14
Wayland	2265	8229	14
MRGrove	2266	8229	14
Aquill	2267	8229	14
DeTaaf	2268	8228	14
darianabbb	2269	8227	14
FeelingGood	2270	8227	14
Alluka	2271	8227	14
Psycho229	2272	8227	14
Klordo	2273	8227	14
Sjakalen	2274	8226	14
Anq	2275	8226	14
MooseWing	2276	8225	14
biwboris	2277	8225	14
DanZero	2278	8224	14
Manguls	2279	8224	14
DoomRaider	2280	8224	14
Kira	2281	8223	14
БоеСлизнюк	2282	8223	14
Atrax	2283	8223	14
MattFlah	2284	8223	14
BTR	2285	8222	14
Герыч23	2286	8222	14
Janimaster	2287	8221	14
Lunatic	2288	8220	14
feedme	2289	8219	14
Dazai	2290	8219	14
GetdaFkOut	2291	8218	14
SmokeJT	2292	8218	14
YANILOL	2293	8218	14
MDR23	2294	8217	14
Visions	2295	8217	14
Zanrak	2296	8217	14
Hightime	2297	8217	14
Axaytka	2298	8217	14
Wunsh	2299	8216	14
Equ1nex	2300	8216	14
Menerax	2301	8216	14
Michelmichel	2302	8216	14
Dytka	2303	8215	14
Lichking	2304	8214	14
Monk	2305	8213	14
Chaussette	2306	8213	14
Gr8fighter	2307	8213	14
Makarnik	2308	8212	14
Chris	2309	8212	14
Blurryface	2310	8212	14
Enigma	2311	8212	14
KingOfHell	2312	8211	14
Blobfish	2313	8211	14
Ingram	2314	8210	14
kender	2315	8210	14
mg6014	2316	8208	14
Dionaea	2317	8208	14
Lemuem	2318	8208	14
KalSo0n	2319	8207	14
Goodyounow	2320	8207	14
MrBit	2321	8207	14
Bloodynamnam	2322	8207	14
Peppino	2323	8207	14
Suno	2324	8206	14
damcair	2325	8206	14
tinou	2326	8206	14
Lani	2327	8205	14
WoodChuck	2328	8204	14
Nibreh	2329	8204	14
HuyaChu	2330	8204	14
ElDiablo	2331	8203	14
grozzen	2332	8203	14
Player	2333	8202	14
plöt	2334	8202	14
GuariuS	2335	8202	14
SarahDasta	2336	8201	14
Ladon511	2337	8201	14
mikibravo11	2338	8201	14
Popaul	2339	8201	14
Zabiako	2340	8201	14
Rekvet	2341	8200	14
Cleopatra21	2342	8199	14
ThornAdo	2343	8199	14
Strajker	2344	8199	14
HellYeah	2345	8199	14
ApolloSlay	2346	8199	14
DaoYuan	2347	8198	14
MagMni	2348	8198	14
Cinq	2349	8198	14
Dallisha	2350	8198	14
Djings	2351	8198	14
DerMatrose	2352	8197	14
Achilles	2353	8197	14
RazieL	2354	8196	14
l1WOLFl1	2355	8196	14
graceGG	2356	8195	14
Balzathor	2357	8195	14
Stridan	2358	8195	14
ximMa	2359	8195	14
Ryqir	2360	8195	14
Pavlin	2361	8195	14
HolyXplosion	2362	8195	14
Armess	2363	8195	14
Physikbar	2364	8194	14
FuzzyFennec	2365	8194	14
MCPakistan	2366	8194	14
Stellkitch	2367	8194	14
Romhek	2368	8193	14
Jingui	2369	8193	14
Феминистка	2370	8192	14
Cristina	2371	8192	14
VelcroFly	2372	8190	14
Death	2373	8190	14
LuckyPants	2374	8190	14
Пельмешка	2375	8190	14
RamboGenesis	2376	8190	14
Screaw	2377	8190	14
Smarty	2378	8190	14
DENOFEViL	2379	8189	14
NANSOCIAL	2380	8189	14
honzis1364	2381	8189	14
MsTake	2382	8189	14
Ciorpy	2383	8189	14
OpalLion	2384	8189	14
Lymania	2385	8188	14
aloprivetiki	2386	8187	14
Zelek	2387	8187	14
Ordox	2388	8186	14
GenaBykin228	2389	8185	14
Mada	2390	8185	14
LifeOrb	2391	8185	14
CrazyCat	2392	8185	14
Sypastat	2393	8185	14
OnyxGrell	2394	8185	14
George	2395	8185	14
ЧестныйТанк	2396	8184	14
Prior	2397	8184	14
Flexcalibur	2398	8184	14
daimonios	2399	8184	14
SeVaN22101	2400	8184	14
Eis	2401	8184	14
TROLOLANIK	2402	8184	14
Skrils	2403	8183	14
xaiai	2404	8183	14
BaptisteL	2405	8183	14
Mrakseek	2406	8182	14
Omniform	2407	8182	14
Leo	2408	8181	14
DaThali	2409	8181	14
Палдин	2410	8181	14
ElChapo	2411	8181	14
instantKarma	2412	8181	14
MauveSatyr	2413	8180	14
Lodi	2414	8180	14
pushka	2415	8180	14
Po4u4uxa	2416	8180	14
Torak	2417	8179	14
Villan	2418	8179	14
TWIGL	2419	8179	14
Slayer123	2420	8178	14
MissOliech	2421	8178	14
Biondo	2422	8177	14
Puzzles	2423	8177	14
StrammerBär	2424	8177	14
UrukHai21	2425	8176	14
John	2426	8176	14
Pamupe	2427	8176	14
ShinyHero	2428	8175	14
mucifer	2429	8175	14
Palau	2430	8175	14
TakeThat	2431	8175	14
chekapv1	2432	8174	14
MiracleHS	2433	8173	14
Minolisk	2434	8172	14
катюша	2435	8172	14
BlvckDevil	2436	8172	14
evagorinios	2437	8172	14
Bella	2438	8171	14
Envids	2439	8171	14
daywalker	2440	8171	14
rayrayray	2441	8171	14
nikitos	2442	8170	14
Powerwolf	2443	8170	14
Dalius	2444	8170	14
lend0n	2445	8169	14
Menchant	2446	8169	14
KadaverBB	2447	8169	14
NecoVoron	2448	8168	14
Kalbor	2449	8168	14
Foven	2450	8167	14
vados	2451	8167	14
Ceynet	2452	8167	14
MRogs	2453	8166	14
immvp	2454	8166	14
alanliaodong	2455	8165	14
Sanyka	2456	8165	14
ZXC1x1	2457	8164	14
kisamura	2458	8164	14
bambou973	2459	8164	14
j00p	2460	8163	14
yoloswag133	2461	8161	14
Arthex	2462	8161	14
Kuutam0	2463	8161	14
PIRATEJESUS	2464	8161	14
Lucky	2465	8161	14
Eno	2466	8160	14
Poputchik	2467	8159	14
Canab1s	2468	8159	14
FatCake	2469	8158	14
BrAfA	2470	8158	14
hoczatamas	2471	8158	14
Минотавра142	2472	8158	14
BenguiJump	2473	8157	14
Nrolly	2474	8157	14
SiMaisNon	2475	8156	14
LastPlatypus	2476	8156	14
TotoUpazz	2477	8156	14
Sumum	2478	8156	14
Ghost97	2479	8156	14
Dikey	2480	8155	14
raven	2481	8155	14
Bossim	2482	8155	14
Nalivaiko	2483	8154	14
greekfreak	2484	8154	14
Provokator	2485	8154	14
Kaito	2486	8154	14
Dion002	2487	8154	14
Murloc	2488	8154	14
CowPanda	2489	8154	14
Vebby	2490	8154	14
Kerumi	2491	8154	14
Sergo	2492	8153	14
Пумпучя	2493	8153	14
sniperking	2494	8153	14
BattleDwarf	2495	8153	14
Grobelj	2496	8153	14
Slipknot	2497	8152	14
Krasder	2498	8152	14
Scady	2499	8152	14
Petros9ln	2500	8152	14
Ploppy	2501	8151	14
Makson3000	2502	8151	14
chwydu	2503	8151	14
gameikrat	2504	8150	14
Silvername	2505	8149	14
peoszeoulas	2506	8149	14
NikGriffin	2507	8149	14
Andrew	2508	8149	14
МишаХУК	2509	8149	14
yolo420blaze	2510	8149	14
Egal	2511	8148	14
Tyrion	2512	8148	14
ReThInK	2513	8148	14
Xhiku	2514	8147	14
lomos	2515	8147	14
Faighter	2516	8147	14
Qgelfich	2517	8147	14
Nkameeer	2518	8147	14
Seamix	2519	8145	14
Friks	2520	8145	14
skivi	2521	8145	14
GiG	2522	8145	14
Ruse	2523	8145	14
Ceyz	2524	8144	14
SidDiman	2525	8144	14
kokos191	2526	8144	14
YaGotov	2527	8143	14
SKIFFF	2528	8143	14
Maxwn	2529	8143	14
Тар	2530	8143	14
TheWitcher	2531	8143	14
LykyanCHIK69	2532	8142	14
BossSky	2533	8142	14
Vodkaforme	2534	8142	14
bonzoconneK	2535	8141	14
roco	2536	8141	14
Erdanor	2537	8140	14
Patzor	2538	8140	14
Erkieh	2539	8140	14
oguz121030	2540	8139	14
SeaMist	2541	8139	14
Ashly	2542	8139	14
HueJazz	2543	8139	14
DaMarc	2544	8139	14
Jamargal	2545	8139	14
shar1ngan	2546	8139	14
Muradin	2547	8139	14
ElPrincipe	2548	8138	14
switch	2549	8138	14
Atomos	2550	8138	14
DecaDences	2551	8137	14
OpalSatyr	2552	8136	14
Yukkito	2553	8136	14
Dhoul	2554	8136	14
Deeglase	2555	8135	14
Nunchik	2556	8135	14
Oceanus	2557	8135	14
Питрович	2558	8135	14
Meumeu	2559	8134	14
HipHop	2560	8134	14
LiciniaTart	2561	8134	14
Дикаякриса	2562	8133	14
Rabadan	2563	8133	14
BatyaViki	2564	8133	14
beniss	2565	8133	14
Trexor	2566	8133	14
PeaceDuck	2567	8132	14
Xolost22sm	2568	8132	14
Rocket	2569	8132	14
Wallion	2570	8131	14
Achi	2571	8131	14
Mystoad	2572	8130	14
KPanterka	2573	8130	14
Fundiesel	2574	8130	14
SiMak59	2575	8130	14
нагибатор	2576	8129	14
Speedee	2577	8129	14
Gounet	2578	8129	14
Peyo	2579	8128	14
omlet	2580	8128	14
dudkameister	2581	8128	14
DrDussel	2582	8128	14
Ryzhyk	2583	8128	14
MoUsE42Kg	2584	8128	14
JornXD	2585	8127	14
Aliica	2586	8127	14
splaxz	2587	8127	14
Just2test	2588	8127	14
hypadao	2589	8126	14
AlmazXR	2590	8126	14
Mutuh	2591	8126	14
GioKro	2592	8126	14
Лунатик	2593	8126	14
Lyhne76	2594	8125	14
ThePurpleMan	2595	8125	14
Shambles	2596	8124	14
Zemdado	2597	8124	14
Zaster	2598	8124	14
Wondrin	2599	8124	14
Therrer	2600	8124	14
WolkeSpielt	2601	8124	14
TomoyaMaeda	2602	8124	14
Katja	2603	8124	14
Ilia	2604	8124	14
pgtwlr	2605	8123	14
Ali25	2606	8123	14
Eraaaa	2607	8123	14
S1lvers	2608	8123	14
CrazyMech	2609	8122	14
Tylestone	2610	8121	14
Caesura	2611	8120	14
Cheddo	2612	8120	14
Tutur	2613	8120	14
Xenx3127	2614	8120	14
dooiemonk	2615	8120	14
AzureHound	2616	8120	14
MambaBravae	2617	8119	14
Dikirin	2618	8118	14
Bodjey	2619	8118	14
ClaiReaa	2620	8117	14
bricegong	2621	8117	14
Gerät	2622	8116	14
Ermak	2623	8116	14
Lake	2624	8116	14
Kygou	2625	8116	14
Donofifou	2626	8116	14
OmgBanana	2627	8116	14
Mljask	2628	8116	14
Coopix911	2629	8116	14
BattlecryBre	2630	8115	14
Apolita	2631	8115	14
Lis	2632	8114	14
terz	2633	8114	14
DarkWave	2634	8114	14
Shekel	2635	8113	14
МЕМ	2636	8113	14
LisRoscoff	2637	8113	14
Arthackqwe	2638	8113	14
МудрыйБобр	2639	8113	14
УгрюмыйХрюк	2640	8112	14
shocktopus	2641	8112	14
Snoopy	2642	8112	14
Mabelrod	2643	8112	14
CREATOR	2644	8112	14
Tsotne	2645	8111	14
Sen4p	2646	8111	14
FLEX	2647	8111	14
GreenApple	2648	8111	14
ElBarto	2649	8110	14
Worgen	2650	8110	14
Zodin	2651	8110	14
Alayos	2652	8109	14
ESC	2653	8109	14
SpaßFuchs	2654	8109	14
K0lllAX	2655	8109	14
Gössinator	2656	8108	14
ClicClac	2657	8108	14
nestea4000	2658	8108	14
Kami	2659	8108	14
Owden	2660	8108	14
kingslayer	2661	8107	14
ShadowStorm	2662	8107	14
ДальноБойщик	2663	8106	14
sunOsk	2664	8106	14
Csonesz	2665	8106	14
Titus	2666	8106	14
Dreamy	2667	8106	14
ãŘŢ	2668	8106	14
CarryStaff	2669	8105	14
Overlord	2670	8105	14
Inimitable	2671	8105	14
Dannyman	2672	8104	14
NegativeZ	2673	8104	14
Круасанчик	2674	8104	14
xsephi	2675	8104	14
floriango1	2676	8104	14
Jack	2677	8104	14
Fert	2678	8103	14
Ink	2679	8103	14
stickyikyiky	2680	8103	14
Veladriel	2681	8103	14
GhostDog	2682	8103	14
Loupias	2683	8103	14
McREE	2684	8103	14
Eimz	2685	8102	14
Mafiew	2686	8102	14
Juteex	2687	8101	14
Deci	2688	8101	14
zaragozzz	2689	8101	14
Bedodo	2690	8101	14
JustL	2691	8101	14
EpicAkuman	2692	8101	14
Besilo	2693	8100	14
fuft1	2694	8100	14
Ripped	2695	8100	14
ElAndDeath	2696	8099	14
darless	2697	8099	14
Asshka	2698	8099	14
MOHCTP	2699	8098	14
Lilionerra	2700	8098	14
Onlyjudas	2701	8098	14
Good	2702	8097	14
ЧудоМонах	2703	8097	14
Владсилав	2704	8097	14
TorqueDD	2705	8097	14
MagmaRager	2706	8097	14
Deeglase	2707	8096	14
immmortal	2708	8096	14
AstorKagsk	2709	8096	14
ADya	2710	8095	14
soki	2711	8095	14
MrPoroSad	2712	8095	14
Lexxxxxx	2713	8095	14
RazzorHard	2714	8095	14
PainiCe	2715	8095	14
Jerycho	2716	8094	14
SEEEEEEENPAI	2717	8094	14
БабуляСтрея	2718	8094	14
Gingle	2719	8093	14
ArTi	2720	8093	14
Silv	2721	8093	14
Danick	2722	8093	14
AZAZEL	2723	8092	14
DavyDToto	2724	8092	14
fatix	2725	8092	14
H3llo1tsM3	2726	8092	14
Pouahchiche	2727	8092	14
ezekyelle	2728	8092	14
Arual	2729	8092	14
OldZhan	2730	8092	14
Moockluck	2731	8091	14
StauntonLick	2732	8091	14
ПлакиПлаки	2733	8091	14
SteveMadness	2734	8091	14
РоботКолдун	2735	8090	14
EnZiS	2736	8090	14
Alextroff	2737	8090	14
Haxatax	2738	8090	14
Paranoik	2739	8090	14
AgentV	2740	8089	14
MrSmith	2741	8089	14
Fox	2742	8089	14
Shiriu	2743	8089	14
Wilhelm	2744	8089	14
Axefrozzz	2745	8088	14
TailZed	2746	8088	14
josh	2747	8088	14
JIus	2748	8088	14
Gothmog	2749	8088	14
xIcex	2750	8088	14
DrAstral	2751	8088	14
rahacomeback	2752	8087	14
USSR1991	2753	8087	14
EvilKill	2754	8087	14
Skraizik	2755	8087	14
Inspirit	2756	8087	14
Old	2757	8087	14
Kramor	2758	8087	14
TpaBka	2759	8086	14
Ghghi4ka	2760	8086	14
MeDelano	2761	8086	14
rEEpPy	2762	8086	14
metre	2763	8086	14
rähmäkäpälä	2764	8086	14
Equilibrium	2765	8086	14
Zelies	2766	8085	14
Xsenderes	2767	8085	14
BOBJulio	2768	8085	14
Vanquish	2769	8085	14
LavrEntii	2770	8085	14
Dionis	2771	8085	14
Zarathoustra	2772	8085	14
armadeo	2773	8085	14
Peete	2774	8085	14
didakshen	2775	8085	14
DancingDevil	2776	8085	14
DimaZHL	2777	8084	14
poprusha	2778	8084	14
Yaz	2779	8084	14
Виктория	2780	8084	14
Nima	2781	8084	14
Arkohite	2782	8084	14
Firewan	2783	8084	14
yjlbl6ka	2784	8084	14
AshKetchum	2785	8084	14
Lhyn	2786	8084	14
FlSHBR0	2787	8084	14
Boiler	2788	8084	14
IgorZaichka	2789	8083	14
ЛенивыйТитан	2790	8083	14
BadZeliboba	2791	8083	14
KingMenin	2792	8083	14
Chungus	2793	8083	14
Restemeister	2794	8083	14
Mozart13	2795	8083	14
KevinWillis	2796	8083	14
Winter	2797	8083	14
Tometsu98	2798	8083	14
VladFB	2799	8083	14
Смехоног	2800	8082	14
Дубощит	2801	8082	14
ChopChop	2802	8082	14
Vberg	2803	8082	14
EdwardBird	2804	8082	14
Litzy	2805	8082	14
famine	2806	8081	14
YukkiOnna	2807	8081	14
Skinny	2808	8081	14
Daín	2809	8081	14
Furwal	2810	8081	14
asd1asd22061	2811	8081	14
EternityRain	2812	8081	14
Baciokas	2813	8081	14
МокрыйВорон	2814	8081	14
雪青幽靈	2815	8081	14
Ouutaiiii	2816	8080	14
AYaNeGotov	2817	8080	14
Fruate	2818	8080	14
LordTJ	2819	8080	14
Yoiy	2820	8080	14
IconicLGBTQ	2821	8080	14
Ritors	2822	8080	14
Stock	2823	8080	14
Ingrid	2824	8080	14
surly5cat	2825	8080	14
LuNGoVeR	2826	8080	14
ReiterPunk	2827	8080	14
Trompompom	2828	8080	14
Banner	2829	8080	14
loshke	2830	8080	14
Bollullo	2831	8080	14
grebnik	2832	8080	14
Porosenok	2833	8080	14
PjderZocker	2834	8080	14
Tiger	2835	8080	14
Seifer	2836	8079	14
Vermish	2837	8079	14
Palladium46	2838	8079	14
qwerjjj	2839	8079	14
Kirpich	2840	8079	14
Dekander	2841	8079	14
ГАЧИМУЧЕННИК	2842	8079	14
Pollopro	2843	8079	14
Herzagon	2844	8079	14
Worxan	2845	8079	14
riyals	2846	8079	14
Monsty	2847	8079	14
Hoczadavid	2848	8079	14
Zunique	2849	8079	14
Lullaby	2850	8078	14
Kokila	2851	8078	14
GeorgeAmbush	2852	8078	14
PIWASIK	2853	8078	14
AxelPirate	2854	8078	14
Ghostboy67	2855	8078	14
РваныйВорон	2856	8078	14
MishkaPopper	2857	8078	14
Kate	2858	8078	14
maksim122	2859	8078	14
powerfullmin	2860	8078	14
LaDecadence	2861	8078	14
kj061223	2862	8078	14
Sodo	2863	8078	14
Berezoviy	2864	8078	14
Cha1ned	2865	8078	14
KuniMen	2866	8078	14
Turokki	2867	8078	14
Koyomi	2868	8078	14
CHARADA	2869	8077	14
Rin	2870	8077	14
Naefling	2871	8077	14
phobia	2872	8077	14
CocoSick	2873	8077	14
Dmrazorflame	2874	8076	14
GoAnimeVno	2875	8076	14
Zevus	2876	8076	14
vartman	2877	8076	14
problhma	2878	8076	14
Nobody	2879	8076	14
Foni95	2880	8076	14
Alligatoah	2881	8076	14
Skoll	2882	8076	14
Potapych	2883	8076	14
BuBu	2884	8076	14
ElTimo	2885	8075	14
УшлыйОрк	2886	8075	14
iNote	2887	8075	14
ChiILex	2888	8075	14
panda9	2889	8075	14
TheExorcist	2890	8075	14
Bonnieldonic	2891	8075	14
SirDenaturat	2892	8075	14
SHAMROKem	2893	8075	14
Bzu	2894	8075	14
FATMAN	2895	8075	14
Dawi	2896	8075	14
Tythdor	2897	8075	14
BigCongre	2898	8074	14
MasterOK	2899	8074	14
krawalli	2900	8074	14
BreathOfLife	2901	8074	14
PPR2b	2902	8074	14
FairWell	2903	8074	14
fray	2904	8074	14
Baradwys	2905	8073	14
ShangoTD	2906	8073	14
Angelina	2907	8073	14
jova	2908	8073	14
Dendi	2909	8073	14
Stealthlink	2910	8073	14
KaasKiller	2911	8073	14
IceInferno	2912	8073	14
Хлебушек	2913	8073	14
Bobcent	2914	8073	14
RestInPain	2915	8073	14
ChiriFlautas	2916	8073	14
Endriu	2917	8073	14
hernayaJOPA	2918	8073	14
Pardus	2919	8073	14
Mishiru	2920	8073	14
LemonWolf	2921	8073	14
mishtolak	2922	8073	14
Theagle	2923	8073	14
Chrisfifi	2924	8072	14
Balo	2925	8072	14
Heimleiter	2926	8072	14
BuckeRudey	2927	8072	14
Polikolpolki	2928	8072	14
GoobLeJake	2929	8072	14
yehor1956	2930	8072	14
Motas	2931	8072	14
Jericho	2932	8072	14
LordBelow	2933	8072	14
Ataraxia	2934	8072	14
Yoshimaru	2935	8072	14
Titanikus	2936	8072	14
Danny	2937	8072	14
Stivens	2938	8071	14
Nico8012	2939	8071	14
garcia7788	2940	8071	14
Brokill007	2941	8071	14
carpet	2942	8071	14
Moneyvbane	2943	8071	14
Dunnohippo	2944	8071	14
Ptashka	2945	8071	14
iLovePoison	2946	8071	14
Tenixo	2947	8071	14
HolyMayhem	2948	8070	14
СиськоЛюб	2949	8070	14
domdordir	2950	8070	14
xqterman	2951	8070	14
EGO	2952	8070	14
DirtyPalm	2953	8070	14
Lanziee	2954	8070	14
Provoker	2955	8070	14
Schxhutz	2956	8070	14
QBHazel	2957	8070	14
КотХолерик	2958	8070	14
Mirage	2959	8070	14
Amyga	2960	8070	14
Makusfreund	2961	8069	14
ТайноТролль	2962	8069	14
Val9	2963	8069	14
Kniffe	2964	8069	14
BINZ	2965	8069	14
Arska	2966	8069	14
DjangoWaltz	2967	8069	14
Naavy	2968	8069	14
SmeagoL	2969	8069	14
Exhaluber	2970	8069	14
Camazotz	2971	8069	14
H1tsu	2972	8069	14
Rogi	2973	8069	14
cirkool	2974	8069	14
InkognitO	2975	8069	14
LightMyLife	2976	8069	14
sypersviblo	2977	8069	14
Hersimix	2978	8069	14
Yatsufusa	2979	8069	14
ILamari	2980	8069	14
Nichijou	2981	8068	14
MagicTurtle	2982	8068	14
DaMaVoU	2983	8068	14
Dolphin	2984	8068	14
Seraph	2985	8068	14
FoxY	2986	8068	14
Tschau	2987	8068	14
Joshh	2988	8068	14
goz	2989	8068	14
awknEk	2990	8068	14
ihatestreakk	2991	8068	14
Pride	2992	8068	14
SunYiKou	2993	8067	14
gilbert	2994	8067	14
Troya	2995	8067	14
SoloSmurf	2996	8067	14
magus	2997	8067	14
Egyptolog	2998	8067	14
Toasty	2999	8067	14
Tryxx	3000	8067	14
Purenergy	3001	8067	14
VeritaS	3002	8067	14
Mirakov	3003	8067	14
Yoda	3004	8067	14
GoR	3005	8067	14
Omnietrek	3006	8067	14
GeneralRaul	3007	8066	14
SharinganDX	3008	8066	14
Dragnlord666	3009	8066	14
Gennytalia	3010	8066	14
Zyrdrax	3011	8066	14
Golodz	3012	8066	14
IzDiablo	3013	8066	14
beaker	3014	8066	14
Säshymi	3015	8066	14
octopus	3016	8066	14
Bing	3017	8066	14
darkpath	3018	8066	14
Ikszes	3019	8066	14
Osama97	3020	8066	14
ArZoN	3021	8066	14
Снежка	3022	8066	14
RaiiQ	3023	8066	14
Ape	3024	8066	14
solnzeff	3025	8066	14
Makovka	3026	8066	14
Pipeline	3027	8066	14
Putinyilo	3028	8065	14
Mebius	3029	8065	14
Uortodox	3030	8065	14
ZERÇAY	3031	8065	14
WarJat	3032	8065	14
Iseroc	3033	8065	14
azaron	3034	8065	14
YoYoYaP	3035	8065	14
Clover	3036	8065	14
Mushroomhead	3037	8065	14
Argi	3038	8065	14
OurseChic	3039	8064	14
Snups	3040	8064	14
Lilly	3041	8064	14
Смеховор	3042	8064	14
Leichterbär	3043	8064	14
DannyCMan	3044	8064	14
sva2007	3045	8064	14
Marmics	3046	8064	14
DUPLOKID	3047	8064	14
shadowpat	3048	8064	14
TRND	3049	8063	14
Unoooooo	3050	8063	14
Morpheuseo	3051	8063	14
CarnivorousP	3052	8063	14
Taxmax	3053	8063	14
fosin	3054	8063	14
Bnice	3055	8063	14
SWAGOWSKY	3056	8063	14
Tuholainen	3057	8063	14
SeinaruFuna	3058	8063	14
Talerscan	3059	8063	14
Darthy	3060	8063	14
Waltz	3061	8063	14
Gleichathome	3062	8063	14
Churma	3063	8063	14
УмновыйКотис	3064	8062	14
Sholphon	3065	8062	14
BARBALARVO	3066	8062	14
ALX	3067	8062	14
Impsu	3068	8062	14
ELUSIVEWOW	3069	8062	14
Nikkis	3070	8062	14
Espy	3071	8062	14
NidFox	3072	8062	14
Blaise	3073	8062	14
thBlezz	3074	8062	14
rizombik	3075	8062	14
Gils	3076	8062	14
Budddy	3077	8062	14
Kiglorf	3078	8062	14
igorino444	3079	8062	14
EviLlenge	3080	8062	14
	3081	8062	14
ikun	3082	8062	14
risly	3083	8062	14
MeCountStars	3084	8062	14
Napoles	3085	8061	14
MeLaDzeeeeee	3086	8061	14
Dennyhhh	3087	8061	14
Золинген	3088	8061	14
BillyBilly	3089	8061	14
YourLastHope	3090	8061	14
Fem	3091	8061	14
Klyaipon	3092	8061	14
Rampant	3093	8061	14
Den4ik	3094	8061	14
Tadc	3095	8061	14
Businator228	3096	8061	14
КрошКартош	3097	8061	14
Vickylie	3098	8061	14
karam757	3099	8061	14
Plumpudding2	3100	8061	14
akaDizzy	3101	8060	14
JYKing	3102	8060	14
NovaINiek	3103	8060	14
M1nX	3104	8060	14
EpicTroll	3105	8060	14
Spectrum	3106	8060	14
benteuch	3107	8060	14
Kami	3108	8060	14
Viktor	3109	8060	14
BadOo	3110	8060	14
mihail	3111	8060	14
Kitsune	3112	8060	14
Sarcelus	3113	8060	14
Touché	3114	8060	14
ridiculous	3115	8060	14
Mayfea	3116	8060	14
Rikkudomenz	3117	8059	14
Sidespark	3118	8059	14
CiambellYna	3119	8059	14
Hisoka	3120	8059	14
Samuray1997	3121	8059	14
Sinedik	3122	8059	14
Snick21rus	3123	8059	14
seiken	3124	8059	14
Gilbert	3125	8059	14
naD	3126	8059	14
Буерак	3127	8059	14
SnowLHV	3128	8059	14
DarkValira	3129	8059	14
Rysing	3130	8059	14
Biba	3131	8059	14
RagNaRock	3132	8059	14
Melimel	3133	8059	14
Alex	3134	8058	14
UstaŞef	3135	8058	14
VitoSScaleto	3136	8058	14
БонВояЖиМышь	3137	8058	14
frostwizard	3138	8058	14
Deathlord	3139	8058	14
AS30	3140	8058	14
Tsunamis	3141	8058	14
TrueBench	3142	8058	14
DeathStar	3143	8058	14
Iwersen	3144	8058	14
cuBran	3145	8058	14
Bulli	3146	8058	14
CocoFudge	3147	8058	14
Propapandah	3148	8058	14
Queltek	3149	8058	14
Santoryu	3150	8058	14
Манул	3151	8058	14
Glutschwert	3152	8058	14
CRONEY	3153	8058	14
Hatvan	3154	8058	14
Petyadidas	3155	8058	14
Спартак	3156	8058	14
Maru	3157	8057	14
VonofaS	3158	8057	14
Caroboss	3159	8057	14
OLAVI	3160	8057	14
ilya29062004	3161	8057	14
Carta	3162	8057	14
Burger	3163	8057	14
Aegor	3164	8057	14
dowLsendrass	3165	8057	14
isid0	3166	8057	14
Shandec	3167	8057	14
ZLoiZeFear	3168	8057	14
Normann	3169	8057	14
Pas2	3170	8057	14
BushBaby	3171	8056	14
Kurama	3172	8056	14
FlendriS	3173	8056	14
MudroeDerevo	3174	8056	14
Snooptill	3175	8056	14
Prometheus	3176	8056	14
Riffguv	3177	8056	14
Coolish	3178	8056	14
PetaN	3179	8056	14
Weiterhimmel	3180	8056	14
DieMyError	3181	8056	14
DeadInside	3182	8056	14
KarlMarks	3183	8056	14
panf	3184	8056	14
GODFATHER	3185	8056	14
Amyloid	3186	8056	14
Cena	3187	8056	14
sanm	3188	8056	14
Jorrrdz	3189	8056	14
Str00pwaf3l	3190	8056	14
Prodarkness	3191	8056	14
ASHTRAY	3192	8056	14
QuickSilver	3193	8056	14
Buffy57	3194	8055	14
Acotaco	3195	8055	14
ГромкийЛось	3196	8055	14
YnMBanana	3197	8055	14
Son4arted	3198	8055	14
Arcay	3199	8055	14
PETSENKA	3200	8055	14
Chisoku	3201	8055	14
Weertu0z0	3202	8055	14
DarkWhispers	3203	8055	14
Saitama	3204	8055	14
КотУбийца	3205	8055	14
HelloWorld	3206	8055	14
Bossy	3207	8055	14
BoB1tchLIVE	3208	8055	14
Belford	3209	8055	14
blade	3210	8055	14
Balaf0n	3211	8055	14
Dreladin	3212	8055	14
vsehernya	3213	8055	14
Kenvandine	3214	8055	14
Zumbata	3215	8055	14
InQ	3216	8054	14
Алхимик	3217	8054	14
Inkorix	3218	8054	14
arckange	3219	8054	14
Heveur	3220	8054	14
Папа	3221	8054	14
TheHope	3222	8054	14
Bason	3223	8054	14
SHARKYY	3224	8054	14
PsychoMantis	3225	8054	14
Vikuta	3226	8054	14
Ray	3227	8054	14
Shmalhulung	3228	8054	14
Krebsen	3229	8054	14
MorfDespios	3230	8054	14
scare	3231	8054	14
Widar	3232	8054	14
MiloT	3233	8054	14
Kinguin	3234	8054	14
Meruem	3235	8054	14
Reocre	3236	8054	14
NicoLime	3237	8054	14
Whyboou	3238	8054	14
VarfaluVTop	3239	8054	14
Iluvatar	3240	8054	14
Serdar	3241	8054	14
Naomi	3242	8053	14
Myr	3243	8053	14
ЛимонадЕк	3244	8053	14
Jikes	3245	8053	14
ВеликийЧёдум	3246	8053	14
orendark	3247	8053	14
gebril	3248	8053	14
Berend	3249	8053	14
feel32own	3250	8053	14
Бездарь	3251	8053	14
bagett111	3252	8053	14
IkeaKast	3253	8053	14
massapalli	3254	8053	14
GlobuzOFF	3255	8053	14
exzekutor	3256	8053	14
Pirith	3257	8053	14
Наиль	3258	8053	14
FriendlyNyak	3259	8053	14
Empathia	3260	8053	14
LavaThief	3261	8053	14
Tonyz	3262	8053	14
Viberli	3263	8053	14
shizoid	3264	8053	14
RajPaBauLos	3265	8053	14
BloddyPath	3266	8053	14
KruKi	3267	8053	14
tormagnus	3268	8052	14
ann1ki	3269	8052	14
KaizerRob	3270	8052	14
InGADGET	3271	8052	14
MiniNinja	3272	8052	14
lion11king	3273	8052	14
AimIsLame	3274	8052	14
Alby995	3275	8052	14
saVage	3276	8052	14
Algorio	3277	8052	14
HearthBOT	3278	8052	14
gRain17	3279	8052	14
Dominich	3280	8052	14
Mortuus	3281	8052	14
Hikikomori	3282	8052	14
Steve	3283	8052	14
puuf	3284	8051	14
KingOfSpace	3285	8051	14
Yaga322	3286	8051	14
Наська	3287	8051	14
AkaSmoorke	3288	8051	14
MrBushido	3289	8051	14
Ggg	3290	8051	14
Voland	3291	8051	14
Sancity	3292	8051	14
Almend	3293	8051	14
JohnGarique	3294	8051	14
NOK1MONO	3295	8051	14
Arhasik	3296	8051	14
Sp33dy	3297	8051	14
Mustard	3298	8051	14
manatkin	3299	8051	14
Vatyan	3300	8051	14
Heisenberg	3301	8051	14
TryHardPSAto	3302	8051	14
Sharfoezhka	3303	8051	14
KingChrisi	3304	8051	14
Denkai	3305	8051	14
apmagedoh	3306	8051	14
Petopowa	3307	8051	14
Лоллилисичка	3308	8051	14
TututuBatman	3309	8051	14
winny974	3310	8050	14
Carnival	3311	8050	14
SavouryTwo	3312	8050	14
lillkrigarn	3313	8050	14
Sydar	3314	8050	14
Monst3r	3315	8050	14
GIR	3316	8050	14
ЛовецСтрекоз	3317	8050	14
SingDog	3318	8050	14
Shelleyshell	3319	8050	14
Prince	3320	8050	14
xDn0x	3321	8050	14
McG7aY	3322	8049	14
O86	3323	8049	14
HesperidEu	3324	8049	14
Sufo	3325	8049	14
Баклажан	3326	8049	14
ttvJTFhs	3327	8049	14
MintThief	3328	8049	14
BrestBubble	3329	8049	14
lifelover	3330	8049	14
Equilibrium	3331	8049	14
snapplor	3332	8049	14
killermax	3333	8049	14
КтоТакой	3334	8049	14
MrChoobz	3335	8049	14
ЖораТавернов	3336	8049	14
twelve	3337	8049	14
MrBob42	3338	8049	14
alex1019	3339	8049	14
Beppe	3340	8048	14
ForTheHorde	3341	8048	14
boloss11	3342	8048	14
SadFox01	3343	8048	14
MarKeuzz	3344	8048	14
Harper	3345	8048	14
Abismal	3346	8048	14
DarkMaster	3347	8048	14
AmonRa	3348	8048	14
sprinkled	3349	8048	14
Rby	3350	8048	14
Slipo	3351	8048	14
HappyPants	3352	8048	14
Sasha	3353	8048	14
Cynetic	3354	8048	14
WolfLarsen	3355	8048	14
MrDEF	3356	8048	14
Quaves	3357	8048	14
Gulman	3358	8048	14
ackikonkz	3359	8048	14
Свинюшка	3360	8048	14
Kolkoz	3361	8047	14
Azino777	3362	8047	14
KASATKA	3363	8047	14
unikum	3364	8047	14
Oracle	3365	8047	14
zeusolimp	3366	8047	14
Котяня	3367	8047	14
GitWel	3368	8047	14
serGEORGE	3369	8047	14
Löwenherz	3370	8047	14
Oger	3371	8047	14
HowToElaine	3372	8047	14
Thypsylion	3373	8047	14
ZiK	3374	8047	14
YashaboTSC	3375	8047	14
Ravenous	3376	8047	14
Egorka2010	3377	8047	14
JohnHunter	3378	8047	14
Dihpop	3379	8047	14
z1n	3380	8047	14
Darkramz	3381	8047	14
Kasskou	3382	8047	14
Asek90	3383	8047	14
Mihawk	3384	8047	14
leotare	3385	8047	14
Pukinator	3386	8047	14
DctrX	3387	8047	14
Makhenych	3388	8047	14
rodiiiiiiiik	3389	8046	14
TurinTuramba	3390	8046	14
sepultrapato	3391	8046	14
Boomhauer	3392	8046	14
Soeurknatter	3393	8046	14
Artem007	3394	8046	14
РезвыйМишка	3395	8046	14
SupraJean	3396	8046	14
Surmay	3397	8046	14
farfeuls	3398	8046	14
Skadar	3399	8046	14
BirdPerson	3400	8046	14
Grave	3401	8046	14
oooQ	3402	8046	14
Kronas	3403	8046	14
Dartanjan	3404	8046	14
donchichi	3405	8046	14
Максим	3406	8046	14
Folti	3407	8046	14
Riz	3408	8046	14
Sammpo	3409	8046	14
Onni	3410	8046	14
Gravensky	3411	8045	14
ShadowDragon	3412	8045	14
vannar	3413	8045	14
выживший	3414	8045	14
marker	3415	8045	14
Den4ik	3416	8045	14
Minuit	3417	8045	14
Jötunheim	3418	8045	14
Alukard	3419	8045	14
LokTarOgar	3420	8045	14
Herzlos	3421	8045	14
keitaaro	3422	8045	14
Dorogan	3423	8045	14
MuadDib	3424	8045	14
MagicTurtle	3425	8045	14
iteuN	3426	8045	14
NeonLoas	3427	8045	14
NexX	3428	8045	14
PoisonGang	3429	8045	14
михаил	3430	8044	14
BobDitLAne	3431	8044	14
Yurecbksj	3432	8044	14
StariiDoter	3433	8044	14
ToorNeeDoo	3434	8044	14
klosar	3435	8044	14
lothbrok	3436	8044	14
MRChesey	3437	8044	14
Qlex37	3438	8044	14
Wuppen	3439	8044	14
DeadRunner	3440	8044	14
Aman	3441	8044	14
GrenKain	3442	8044	14
райзард	3443	8044	14
Myrulik	3444	8044	14
Macrons	3445	8044	14
Kalcyferos	3446	8044	14
MasterYoda	3447	8044	14
Pewpew	3448	8044	14
marcoppp	3449	8044	14
JumboBog320	3450	8044	14
Alta1ir56	3451	8044	14
Sadomowski	3452	8044	14
Appaloni	3453	8044	14
ГигантКотик	3454	8043	14
inds	3455	8043	14
SailorMan	3456	8043	14
GoldWolf	3457	8043	14
Gonzo	3458	8043	14
ardiq	3459	8043	14
fantasy	3460	8043	14
Dumfist	3461	8043	14
PonyRider	3462	8043	14
Edna	3463	8043	14
MaGs	3464	8043	14
Hunter	3465	8043	14
SSK	3466	8043	14
Lutokot	3467	8043	14
IgorF	3468	8043	14
Ecstatica	3469	8043	14
Firvon	3470	8043	14
турбодурик	3471	8043	14
kod1a	3472	8043	14
Deltox	3473	8043	14
wunschpunsch	3474	8043	14
grobodel	3475	8043	14
Sydnou	3476	8043	14
Nara	3477	8043	14
Vardax	3478	8042	14
QWEEDY	3479	8042	14
Blizzya	3480	8042	14
psLegat	3481	8042	14
PoorOEdipus	3482	8042	14
Kaniff	3483	8042	14
Thor182	3484	8042	14
Mjau9	3485	8042	14
amaheartless	3486	8042	14
JNS	3487	8042	14
ZaramA	3488	8042	14
Kirill5	3489	8042	14
ScorDragTR	3490	8042	14
Некий	3491	8042	14
Josip25	3492	8042	14
IamSick	3493	8042	14
Okilan	3494	8042	14
Afterglow	3495	8042	14
Siredy	3496	8042	14
DevilsFire	3497	8042	14
PewPew	3498	8042	14
Anubis	3499	8042	14
yatvoirot	3500	8042	14
Татариус0001	3501	8041	14
SICKxTEEN	3502	8041	14
NiazOne	3503	8041	14
Kayrecks	3504	8041	14
CrazyCro	3505	8041	14
DarkCookie	3506	8041	14
DrBuzzkill	3507	8041	14
QuirkyTurtle	3508	8041	14
EpicBuniN	3509	8041	14
SergioVH26	3510	8041	14
Drifter	3511	8041	14
ProjoloGimb	3512	8041	14
DosSLD	3513	8041	14
FoudreNoire	3514	8041	14
winweek	3515	8041	14
Gambaara	3516	8041	14
InrI	3517	8041	14
Peres226	3518	8041	14
Dargoron	3519	8041	14
mod	3520	8041	14
Doodik	3521	8041	14
gedamista	3522	8041	14
Pioner	3523	8041	14
RubyOgre	3524	8041	14
Yunatic	3525	8040	14
CptGumjob	3526	8040	14
xMCx	3527	8040	14
SladkayaVata	3528	8040	14
hellyell	3529	8040	14
van	3530	8040	14
kahvee	3531	8040	14
M1niTitan	3532	8040	14
Devid	3533	8040	14
kaydera	3534	8040	14
QuartzBadger	3535	8040	14
Kobra	3536	8040	14
ChickenJoe	3537	8040	14
HoneyMew	3538	8040	14
Fagerholm	3539	8040	14
Bleyx	3540	8040	14
Alex3510	3541	8040	14
D3athAng3l1	3542	8040	14
Bounty	3543	8040	14
Link	3544	8040	14
panagiotakis	3545	8040	14
Killertoast	3546	8039	14
WildPants	3547	8039	14
КрэйзиКот	3548	8039	14
Минимакс	3549	8039	14
Edgar	3550	8039	14
Julysia	3551	8039	14
Agent47	3552	8039	14
Mefiniuu	3553	8039	14
ЛенивыйТитан	3554	8039	14
Криворукий	3555	8039	14
Aballam	3556	8039	14
sredni	3557	8039	14
Neils	3558	8039	14
Dimitrian	3559	8039	14
Sena	3560	8039	14
Battleship	3561	8039	14
MolmQQ	3562	8039	14
pianobmoll	3563	8039	14
Narumo	3564	8039	14
NRodionov	3565	8039	14
Alisson	3566	8039	14
Venom	3567	8039	14
uiuisisi01	3568	8039	14
Sotnikoff	3569	8039	14
Dumpesito	3570	8039	14
shaffaaf27	3571	8038	14
SanguineLaw	3572	8038	14
Wonder	3573	8038	14
Gleyder	3574	8038	14
Memyjokeandi	3575	8038	14
Whyte	3576	8038	14
Gertsch	3577	8038	14
Sousatos	3578	8038	14
LouLou	3579	8038	14
vivian	3580	8038	14
Kalatea	3581	8038	14
DariaAstrate	3582	8038	14
Faraon	3583	8038	14
skeleton22	3584	8038	14
Andas	3585	8038	14
MorphioS	3586	8038	14
Naganiacz	3587	8038	14
ElmirDeSang	3588	8038	14
Jako	3589	8038	14
Zayp	3590	8038	14
Deeris	3591	8038	14
GreckaXD	3592	8038	14
MintRoc	3593	8038	14
Унижатор	3594	8038	14
TheMallet	3595	8038	14
Alekton	3596	8037	14
Aventurier	3597	8037	14
SLaeG	3598	8037	14
VsemUdachi	3599	8037	14
OneManul83	3600	8037	14
ǃƇȐǞZŶƁǾŶ34ǃ	3601	8037	14
loganadems	3602	8037	14
Razer	3603	8037	14
Zhenia142002	3604	8037	14
ХитрыйКраб	3605	8037	14
Земфира	3606	8037	14
Западло	3607	8037	14
tehling	3608	8037	14
xMaKa	3609	8037	14
GentDel	3610	8037	14
БратьяМедвед	3611	8037	14
goodspell	3612	8037	14
Gulman	3613	8037	14
Goatmilk	3614	8037	14
PepperPanic	3615	8037	14
Fenrir	3616	8037	14
Alexeich	3617	8037	14
AlexHot	3618	8037	14
FlaxHero	3619	8037	14
makrota	3620	8037	14
jaks	3621	8036	14
NickqU	3622	8036	14
BadPlayerv3	3623	8036	14
Quicklight	3624	8036	14
Kfels	3625	8036	14
XPOFT	3626	8036	14
jackpot180	3627	8036	14
pingu	3628	8036	14
IHateU	3629	8036	14
Ancestrall	3630	8036	14
Lilith	3631	8036	14
KoalaCorn	3632	8036	14
Oxygen	3633	8036	14
ugobitchpro	3634	8036	14
Naxx40	3635	8036	14
Batty	3636	8036	14
Invader	3637	8036	14
Jones	3638	8036	14
Lodowy	3639	8036	14
Silentboss	3640	8036	14
DestriFay	3641	8036	14
CTAH	3642	8036	14
ORKEloy	3643	8036	14
Rogal	3644	8036	14
Barboss	3645	8036	14
Eros	3646	8036	14
Kilosaur	3647	8035	14
Byxalk	3648	8035	14
Admiral	3649	8035	14
portdeco20	3650	8035	14
Zycher	3651	8035	14
Farid	3652	8035	14
CitingRhyme	3653	8035	14
Crymeariver	3654	8035	14
profecy	3655	8035	14
LeroyHiller	3656	8035	14
MrPuma	3657	8035	14
BigTse	3658	8035	14
Newcomer	3659	8035	14
Groomvol	3660	8035	14
Yorick	3661	8035	14
Hawkzz	3662	8035	14
mandarinfm	3663	8035	14
Saga	3664	8035	14
SaveForests	3665	8034	14
ImmaWont	3666	8034	14
Wertina	3667	8034	14
Black	3668	8034	14
Rimage	3669	8034	14
Hundeland	3670	8034	14
ЖизньЗаШаву	3671	8034	14
MoronicRex	3672	8034	14
irtem	3673	8034	14
Maximilian	3674	8034	14
Ego2011	3675	8034	14
Shono	3676	8034	14
TheLiverBird	3677	8034	14
eXplictive	3678	8034	14
Slim	3679	8034	14
Tassadar	3680	8034	14
Flash	3681	8034	14
Tumbleweed	3682	8034	14
wazzZz	3683	8034	14
Majkel	3684	8034	14
Zolofty	3685	8034	14
СнюсРеармСню	3686	8034	14
GreenLight	3687	8033	14
NikiNeToxic	3688	8033	14
QuirkyTurtle	3689	8033	14
Erath	3690	8033	14
Züriknight	3691	8033	14
xSlifer	3692	8033	14
Antoine	3693	8033	14
Glückspilz	3694	8033	14
drainer	3695	8033	14
JigenlV	3696	8033	14
senpai	3697	8033	14
NasssPro	3698	8033	14
NorbyPPR	3699	8033	14
Sarago	3700	8033	14
Lonely	3701	8033	14
DarkAngels	3702	8033	14
Crazie	3703	8033	14
Max	3704	8033	14
Erdain	3705	8033	14
Армагедон	3706	8033	14
Pleb	3707	8033	14
Windowmaker	3708	8033	14
WerteX	3709	8033	14
Sunshine	3710	8033	14
ИльяЛада	3711	8033	14
HebanowyOgr	3712	8033	14
Kingsman	3713	8033	14
ВитойБарсук	3714	8033	14
BradWong	3715	8033	14
Skoni	3716	8033	14
vladi3love	3717	8032	14
Bagabuunga	3718	8032	14
Eneru	3719	8032	14
Sadness	3720	8032	14
Kamui	3721	8032	14
JaberWocky	3722	8032	14
Jumpat	3723	8032	14
Acdrow	3724	8032	14
Ayesh	3725	8032	14
ЕдкийЕж	3726	8032	14
Elizabeth	3727	8032	14
Koudman	3728	8032	14
dajxmannen	3729	8032	14
GibGab	3730	8032	14
eferalgan	3731	8032	14
Wrath	3732	8032	14
horsE	3733	8032	14
Theoderey	3734	8032	14
Fujin	3735	8032	14
Jummbo	3736	8032	14
МагоШтон	3737	8032	14
ElBruho	3738	8032	14
MintWolf	3739	8032	14
RDMAI	3740	8032	14
Thesuspect	3741	8031	14
GreenOctopus	3742	8031	14
Papay	3743	8031	14
Идари	3744	8031	14
Ghost	3745	8031	14
Harman	3746	8031	14
potato	3747	8031	14
Cyberchrome	3748	8031	14
Astaroth	3749	8031	14
Cajunb	3750	8031	14
MaxFalkon	3751	8031	14
Fonk	3752	8031	14
RareRune	3753	8031	14
Fenix800	3754	8031	14
olauzzoN	3755	8031	14
Lages	3756	8031	14
Niema	3757	8031	14
DirectoR	3758	8031	14
Anarchy	3759	8031	14
Demian	3760	8031	14
trinket	3761	8031	14
Bamsebjorn74	3762	8031	14
BoGun	3763	8030	14
Rappit	3764	8030	14
Thatias	3765	8030	14
DEDUSHKA	3766	8030	14
DecaDD	3767	8030	14
Zar	3768	8030	14
l3lacky	3769	8030	14
exclusive	3770	8030	14
tonibandos	3771	8030	14
Gluteus	3772	8030	14
Александр	3773	8030	14
Ant20c	3774	8030	14
Oneshark	3775	8030	14
VerGhoul	3776	8030	14
Sn4k3y	3777	8030	14
Konung	3778	8030	14
adsf	3779	8030	14
TheFruitBat	3780	8030	14
Eiño	3781	8030	14
MiniNinja	3782	8030	14
Praynick001	3783	8030	14
ImpYCelyn	3784	8030	14
AceOfSpades	3785	8030	14
Jacquøuille	3786	8030	14
Monster	3787	8030	14
dddddddddddd	3788	8030	14
GrayGhost	3789	8030	14
Anei	3790	8030	14
GROOT	3791	8030	14
TRAKTOR	3792	8030	14
Popolzen	3793	8029	14
Saintwolf	3794	8029	14
Mazai93	3795	8029	14
MuseAtroce	3796	8029	14
airatpirat1	3797	8029	14
Hardcore	3798	8029	14
ГеройГероев	3799	8029	14
TH1SKEY	3800	8029	14
KolaMeln	3801	8029	14
Romarioo	3802	8029	14
Earendil	3803	8029	14
Dose	3804	8029	14
PangolierZZZ	3805	8029	14
Тоталеррор	3806	8029	14
atroxe	3807	8029	14
drayon	3808	8029	14
Mummelpowel	3809	8029	14
Hojy	3810	8029	14
Hailraje	3811	8029	14
Karapetich	3812	8029	14
OlgaMarkina	3813	8029	14
LuckyJek	3814	8029	14
eddaj	3815	8029	14
onesec	3816	8029	14
Azerane	3817	8029	14
caillantho	3818	8029	14
adrixxx	3819	8029	14
Paller	3820	8029	14
УпоротыйМорж	3821	8028	14
XYQueen	3822	8028	14
Лёха	3823	8028	14
ivoooo651	3824	8028	14
Jimmare	3825	8028	14
PsinaPanina	3826	8028	14
ToPMo3	3827	8028	14
Kenarius	3828	8028	14
JosephD	3829	8028	14
Pas	3830	8028	14
Quampy	3831	8028	14
razorblade	3832	8028	14
Esbonzo	3833	8028	14
lapa99zan	3834	8028	14
NightShadoW	3835	8028	14
ThexRaze	3836	8028	14
Argon	3837	8028	14
Suprèmus	3838	8028	14
KOJIDbIPb	3839	8028	14
SirSalzchopf	3840	8028	14
Comablack	3841	8028	14
Ponyhans	3842	8028	14
Vaxa	3843	8028	14
DjGOz	3844	8028	14
mrgif	3845	8028	14
Котофей	3846	8028	14
NeonElk	3847	8028	14
Wakkito	3848	8028	14
StoniMahoni	3849	8028	14
Licantropic	3850	8028	14
getontop	3851	8027	14
PuzzleGod	3852	8027	14
Ondy	3853	8027	14
Landar	3854	8027	14
Archibaldo	3855	8027	14
Reivax72	3856	8027	14
Meow62	3857	8027	14
BlitzY	3858	8027	14
Scud	3859	8027	14
Tranx	3860	8027	14
absolvi	3861	8027	14
Xenlark	3862	8027	14
halllzer	3863	8027	14
redi217	3864	8027	14
chobOs	3865	8027	14
Lichar	3866	8027	14
Ezgi	3867	8027	14
Embrys	3868	8027	14
rainbowdash	3869	8027	14
CrazyMazdam	3870	8027	14
Mety	3871	8027	14
Amaranth	3872	8027	14
Kevkev	3873	8027	14
Nadeko	3874	8027	14
Dreamickie	3875	8027	14
ZaLLIu6ucb	3876	8027	14
СуперНиндзя	3877	8027	14
Sundavrblaka	3878	8027	14
Arckrid	3879	8027	14
OpalBadger	3880	8027	14
Шушпинчик	3881	8027	14
Chuplya	3882	8027	14
people	3883	8027	14
TheChopper	3884	8027	14
gregorgood	3885	8027	14
legek	3886	8026	14
HisMajesty	3887	8026	14
BlueWolf	3888	8026	14
gogusclipici	3889	8026	14
piculus	3890	8026	14
jarnoc	3891	8026	14
Mykon	3892	8026	14
Cheri	3893	8026	14
HappyAssasin	3894	8026	14
Smasher99	3895	8026	14
CheatBoy	3896	8026	14
Kuzuri7236	3897	8026	14
basicboy	3898	8026	14
CaToS	3899	8026	14
Quzion	3900	8026	14
Gunnolf	3901	8026	14
Chocodark	3902	8026	14
TuTri	3903	8026	14
analburnpwnz	3904	8026	14
Savmiron	3905	8026	14
daLe	3906	8026	14
Thrall	3907	8026	14
FürDieHorde	3908	8026	14
UDP	3909	8026	14
Tokyo	3910	8026	14
Mernayi	3911	8026	14
Fadoli83	3912	8025	14
BlinkiWin	3913	8025	14
Смертомышь	3914	8025	14
Zero	3915	8025	14
naxh	3916	8025	14
koperek	3917	8025	14
ultrasn0w	3918	8025	14
Pain	3919	8025	14
Gogow	3920	8025	14
Mickard	3921	8025	14
vainglory	3922	8025	14
LilDevil	3923	8025	14
vladikx	3924	8025	14
Maz0x1st	3925	8025	14
HangToLove	3926	8025	14
thornZ	3927	8025	14
al3ubed	3928	8025	14
Zenphir	3929	8025	14
Ben	3930	8025	14
Soego	3931	8025	14
Euronia	3932	8025	14
Juju26	3933	8025	14
Lynatheras	3934	8024	14
СашаИнферно	3935	8024	14
ElmfiS	3936	8024	14
Rookma	3937	8024	14
LemonPanda16	3938	8024	14
YougSuzy71	3939	8024	14
Gugit	3940	8024	14
Vain	3941	8024	14
Paradox	3942	8024	14
maloy1807	3943	8024	14
Zzzilas	3944	8024	14
Csirkemlfilé	3945	8024	14
Joyner	3946	8024	14
Volcania22	3947	8024	14
rasko93	3948	8024	14
Elipix	3949	8024	14
Chico	3950	8024	14
Pinky	3951	8024	14
Киберублюдок	3952	8024	14
Scopulus	3953	8024	14
alatata	3954	8024	14
oxehunden	3955	8024	14
CrazyFight	3956	8024	14
sepah	3957	8024	14
Gregorio	3958	8024	14
iBinDeUwe	3959	8024	14
Ovechkin	3960	8024	14
Katalepsy	3961	8024	14
Nelemiah	3962	8024	14
uWeirdo	3963	8024	14
Закари	3964	8024	14
Charlie	3965	8024	14
Dogmat	3966	8024	14
Lirlya	3967	8024	14
C4n4d14N	3968	8024	14
CheAT	3969	8024	14
pew	3970	8024	14
anton	3971	8023	14
AloisF	3972	8023	14
Титан	3973	8023	14
Justie	3974	8023	14
TUTURUU	3975	8023	14
Medspiller	3976	8023	14
Rudolph	3977	8023	14
Romain672	3978	8023	14
MrE	3979	8023	14
R2B2	3980	8023	14
Bondislav	3981	8023	14
Bittorio	3982	8023	14
Zairk12	3983	8023	14
Alvirion	3984	8023	14
Byronn14	3985	8023	14
Serejavaxta	3986	8023	14
Anuta24rus	3987	8023	14
Riki	3988	8023	14
dorcomafia	3989	8023	14
Lemony	3990	8023	14
DoctorWho69	3991	8023	14
SilvejFisk	3992	8023	14
IBelieve	3993	8023	14
DingyDongy	3994	8023	14
georj	3995	8023	14
Spieler4	3996	8023	14
EErikEE	3997	8023	14
ЧестныйСлон	3998	8023	14
Leito	3999	8023	14
DireRaven	4000	8023	14
k1llrogg	4001	8023	14
lokusa	4002	8022	14
sensenm4n	4003	8022	14
MJKortina	4004	8022	14
Iloveyouall	4005	8022	14
melkiyNahal	4006	8022	14
Alexperience	4007	8022	14
logan621	4008	8022	14
NsPitta	4009	8022	14
KingKadila	4010	8022	14
Ketil	4011	8022	14
Nunu	4012	8022	14
Witch	4013	8022	14
CantbenameD	4014	8022	14
CrazyCactus	4015	8022	14
MaximusX	4016	8022	14
Patelakos	4017	8022	14
Sebomat	4018	8022	14
Kuchengabel	4019	8022	14
Leblebitozu	4020	8022	14
Антиталант	4021	8022	14
ciufciuf	4022	8022	14
grototo	4023	8022	14
Bartosz	4024	8022	14
SCSmash3r	4025	8022	14
RedMurdoc	4026	8022	14
Filbo	4027	8022	14
Odin	4028	8022	14
Krmoje	4029	8022	14
SmartMario1	4030	8022	14
Skovstuta	4031	8022	14
Cleaner	4032	8022	14
Fading	4033	8022	14
SanyaKebab	4034	8022	14
Bobby	4035	8022	14
Jibitt	4036	8022	14
StealthNinja	4037	8021	14
FlaxSquid	4038	8021	14
Lannaly	4039	8021	14
Tebos	4040	8021	14
Sneaklol	4041	8021	14
Rindschwein	4042	8021	14
Mertas	4043	8021	14
Remdgiga	4044	8021	14
iZntGoD	4045	8021	14
EmptySkillCZ	4046	8021	14
Coffing	4047	8021	14
Timmeahj	4048	8021	14
McWatt	4049	8021	14
Lunatik	4050	8021	14
Yuyu	4051	8021	14
GarbanzoXXX	4052	8021	14
Myanao	4053	8021	14
AQbess	4054	8021	14
Buuughy	4055	8021	14
Chris152	4056	8021	14
RIKOT	4057	8021	14
puka	4058	8021	14
DKDDmitry	4059	8021	14
Ники	4060	8021	14
Bashstard	4061	8021	14
antimage	4062	8020	14
GolDJo	4063	8020	14
ChiliConArne	4064	8020	14
Godzilov	4065	8020	14
Chebi	4066	8020	14
PowerFull	4067	8020	14
Артемка	4068	8020	14
Amir	4069	8020	14
johan	4070	8020	14
Chertila	4071	8020	14
бомжара	4072	8020	14
SoR3x	4073	8020	14
Shokkz	4074	8020	14
Komdåå	4075	8020	14
Banduga	4076	8020	14
Ryssiard	4077	8020	14
Dauwn76	4078	8020	14
oops	4079	8020	14
Ни40си	4080	8020	14
Sjaaman	4081	8020	14
Kirill	4082	8020	14
Portol	4083	8020	14
PanicControl	4084	8020	14
KipMuurTok	4085	8020	14
Galaxymus	4086	8020	14
Mammutti	4087	8020	14
mahalian	4088	8020	14
Blueshirt	4089	8020	14
ЗлобныйТорт	4090	8020	14
Assaris	4091	8020	14
ced01	4092	8020	14
Shadowmaster	4093	8020	14
Exo	4094	8020	14
Acholate	4095	8020	14
BBQ	4096	8020	14
LKas	4097	8020	14
denanssla	4098	8020	14
SirMedoed	4099	8020	14
ctakan	4100	8020	14
Joar	4101	8019	14
MrMureno	4102	8019	14
KICKplysovoy	4103	8019	14
пронзаяДушу	4104	8019	14
Fodgi	4105	8019	14
Мороженко	4106	8019	14
Sanchez	4107	8019	14
PidRosan	4108	8019	14
Baldrick	4109	8019	14
kiboumi	4110	8019	14
Soukho	4111	8019	14
Hadespace	4112	8019	14
GGG	4113	8019	14
BT7274	4114	8019	14
ХмурыйКот	4115	8019	14
xxshneezinxx	4116	8019	14
DarkFox	4117	8019	14
NikNick	4118	8019	14
drogot	4119	8019	14
Vampal	4120	8019	14
Misterdidi	4121	8019	14
CutieMarker	4122	8019	14
Hawkeye	4123	8019	14
Elovil	4124	8019	14
Lampagriz	4125	8019	14
patrickseba	4126	8019	14
IshakPasha	4127	8019	14
N1ceDayToD1e	4128	8019	14
BionicAvatar	4129	8019	14
Kwadr	4130	8019	14
COYS	4131	8019	14
SanfterBär	4132	8019	14
cptain7	4133	8019	14
NazRaF	4134	8019	14
EliteKitty69	4135	8019	14
Kinmoon	4136	8019	14
absolot	4137	8018	14
Anquaret	4138	8018	14
esgdbrbdgv	4139	8018	14
Feraldain	4140	8018	14
Xfrit	4141	8018	14
Swanky	4142	8018	14
JettroCzech	4143	8018	14
Alinos	4144	8018	14
KRLKarol	4145	8018	14
Vava	4146	8018	14
Razakhel	4147	8018	14
Smilejke	4148	8018	14
Vovesino	4149	8018	14
Dagzik	4150	8018	14
BigMajkl	4151	8018	14
Westhing	4152	8018	14
shadowdragon	4153	8018	14
Jane	4154	8018	14
greengrain	4155	8018	14
AnimalBasti	4156	8018	14
PipL	4157	8018	14
Klown	4158	8018	14
ХмурыйМонах	4159	8018	14
Raz	4160	8018	14
LunaTown	4161	8018	14
MachoAlfa	4162	8018	14
Donatello	4163	8018	14
NeoCubism	4164	8018	14
hierWerbung	4165	8018	14
Dragol90	4166	8018	14
ultra	4167	8018	14
Sunshineacid	4168	8018	14
despicable	4169	8018	14
llllllllll	4170	8018	14
Vinz	4171	8018	14
Deitherjay	4172	8018	14
Ryūjin	4173	8018	14
morifade	4174	8018	14
Fired	4175	8018	14
Elektroshokk	4176	8018	14
Shaus	4177	8018	14
Truefrost	4178	8018	14
sro20	4179	8018	14
DhrDennis	4180	8018	14
Syrez	4181	8018	14
Паранорман	4182	8018	14
komar	4183	8018	14
ЯркийОлень	4184	8018	14
PAŞA	4185	8018	14
Insousciance	4186	8018	14
Dared	4187	8018	14
more	4188	8018	14
AdmiralOmni	4189	8017	14
IrishMan	4190	8017	14
r1mz	4191	8017	14
VlaSox	4192	8017	14
prostoSanyok	4193	8017	14
BAFALO61	4194	8017	14
Kugeth	4195	8017	14
Diman72rus	4196	8017	14
ZaZaMaZa	4197	8017	14
koles	4198	8017	14
HLK	4199	8017	14
Alexey	4200	8017	14
Heilmann	4201	8017	14
cludi	4202	8017	14
KingHB	4203	8017	14
Ortroker	4204	8017	14
Neeno97	4205	8017	14
Myaxaxaxaxa	4206	8017	14
VOLTOB	4207	8017	14
Aimo	4208	8017	14
Cropp	4209	8017	14
HiHat	4210	8017	14
nobFRUDD	4211	8017	14
ichopf	4212	8017	14
Croptus	4213	8017	14
Sokrah	4214	8017	14
lexzeppelin	4215	8017	14
Mekett	4216	8017	14
Viria	4217	8017	14
lvl32geodude	4218	8017	14
átta	4219	8017	14
МокрыйБарсук	4220	8016	14
selios	4221	8016	14
Sheonna	4222	8016	14
Gvoz	4223	8016	14
ChlenSociety	4224	8016	14
mathieu	4225	8016	14
LAcity	4226	8016	14
TvoySladkiy	4227	8016	14
Hunzel	4228	8016	14
PennySaysBye	4229	8016	14
BigBoyHerb	4230	8016	14
Gnome	4231	8016	14
CatAttack107	4232	8016	14
Chester	4233	8016	14
FunkyMonk	4234	8016	14
rwbyandy	4235	8016	14
B3nefactoR	4236	8016	14
Максимин	4237	8016	14
HTz	4238	8016	14
ddc	4239	8016	14
Мурлок	4240	8016	14
Derpy	4241	8016	14
cheops	4242	8016	14
AprelskiyRA	4243	8016	14
Zamm08	4244	8016	14
LinaGiratina	4245	8016	14
Badphily	4246	8016	14
nk99	4247	8016	14
DrastiC	4248	8016	14
Sayonara	4249	8016	14
Tikkirei	4250	8016	14
Atrava	4251	8016	14
Xantalus	4252	8016	14
Harron	4253	8016	14
Diablord	4254	8016	14
МилыйЗверь	4255	8016	14
БубновыйТуз	4256	8016	14
ManBeerPick	4257	8016	14
Bodycount	4258	8016	14
DIP	4259	8015	14
Kitin07	4260	8015	14
Redis	4261	8015	14
MaNeOx	4262	8015	14
TBEU	4263	8015	14
HiddenSquid	4264	8015	14
ODA	4265	8015	14
DoubleBetta	4266	8015	14
Dotter	4267	8015	14
Bassinus	4268	8015	14
Ro0knz	4269	8015	14
Jabol	4270	8015	14
Honzish	4271	8015	14
Mitrandir	4272	8015	14
ScouterJ	4273	8015	14
ПерекатиПоле	4274	8015	14
ZZZerock	4275	8015	14
PereZNy	4276	8015	14
HappyFeet123	4277	8015	14
Neoderrus	4278	8015	14
t0X1Gen	4279	8015	14
Ansaw	4280	8015	14
Provornuk	4281	8015	14
Ante	4282	8015	14
OmegaSniper	4283	8015	14
dyrak	4284	8015	14
NauticalStar	4285	8015	14
lyova	4286	8015	14
Sayzer	4287	8015	14
askmej	4288	8015	14
Griselbrand	4289	8015	14
goblin	4290	8015	14
TrashMashina	4291	8015	14
Solaron	4292	8015	14
CoachNuke	4293	8015	14
SicBert	4294	8015	14
Dartjik	4295	8015	14
Misko	4296	8015	14
Tintino	4297	8015	14
Monnimon	4298	8015	14
Bolghar	4299	8015	14
ЯСукаТакая	4300	8015	14
LeonPanetta	4301	8015	14
Korenasa	4302	8015	14
Kcilarus	4303	8015	14
Toblerone	4304	8015	14
Zyae	4305	8015	14
PotterMarie	4306	8015	14
sleg	4307	8014	14
Defnutiy	4308	8014	14
ЧудоГном	4309	8014	14
Dante	4310	8014	14
Jinzo	4311	8014	14
bogistr	4312	8014	14
Gominator	4313	8014	14
lololol	4314	8014	14
harlam	4315	8014	14
RobotWizard	4316	8014	14
Dmise	4317	8014	14
sirsonder	4318	8014	14
TrwwSporia	4319	8014	14
Lophée	4320	8014	14
Balázs	4321	8014	14
Самозванец	4322	8014	14
FrameLayout	4323	8014	14
greatOnizuka	4324	8014	14
ch1ck3nS	4325	8014	14
xXNova2014	4326	8014	14
pHi11Colins	4327	8014	14
AvaRISE	4328	8014	14
ivekk	4329	8014	14
DrDonu7	4330	8014	14
Kross	4331	8014	14
twinesi	4332	8014	14
MozgBena	4333	8014	14
f4ntasy	4334	8014	14
Bsaadati	4335	8014	14
Nohardfeels	4336	8014	14
NightKnight	4337	8014	14
Lestoman	4338	8014	14
Ea11	4339	8014	14
partyson	4340	8014	14
HttpXenoL	4341	8014	14
Совсейдури	4342	8014	14
HowlwoH	4343	8014	14
pupypup	4344	8014	14
osborn	4345	8014	14
P1NEE	4346	8014	14
xixiha	4347	8014	14
SalleX	4348	8014	14
SilentSword	4349	8013	14
Peetak	4350	8013	14
BruhMoment	4351	8013	14
Ghost	4352	8013	14
SHEFF	4353	8013	14
PinkiVinki	4354	8013	14
GhostDog	4355	8013	14
Grimgou	4356	8013	14
ХитрыйКраб	4357	8013	14
NightmareTX	4358	8013	14
SMkill	4359	8013	14
NeoNtin	4360	8013	14
klausatina	4361	8013	14
Vesta	4362	8013	14
Ernie	4363	8013	14
Tapiou	4364	8013	14
Skmestru	4365	8013	14
GiveMeSomeP	4366	8013	14
Niket	4367	8013	14
PredatoRRR	4368	8013	14
Barbatuz	4369	8013	14
aki	4370	8013	14
delo	4371	8013	14
Layla	4372	8013	14
DraY	4373	8013	14
Korsar	4374	8013	14
Gluger	4375	8013	14
HBKid	4376	8013	14
Quesote	4377	8013	14
Intrust	4378	8013	14
Traqs	4379	8013	14
Donger	4380	8013	14
IluZioN	4381	8013	14
Danzou	4382	8013	14
farew	4383	8013	14
Vojtman	4384	8013	14
TheMonk1	4385	8013	14
Троль	4386	8013	14
Petryshka	4387	8013	14
HoneyBadger	4388	8013	14
OLDO	4389	8013	14
constant	4390	8013	14
heker	4391	8012	14
Makiavel	4392	8012	14
shalls	4393	8012	14
WhiteYeti	4394	8012	14
Spawn	4395	8012	14
OLEGARXXX	4396	8012	14
KitKatz	4397	8012	14
lolkik05611	4398	8012	14
EyesBlue	4399	8012	14
TheWerehusky	4400	8012	14
авенюлав	4401	8012	14
Задушка	4402	8012	14
Rngsucks	4403	8012	14
Gwyndolin	4404	8012	14
ShadowStorm	4405	8012	14
Skullkid	4406	8012	14
Saerthas	4407	8012	14
gekster	4408	8012	14
Kerlz	4409	8012	14
TEUSCHMI	4410	8012	14
Yusanagi	4411	8012	14
GTOnizuka	4412	8012	14
Geen	4413	8012	14
DctrY	4414	8011	14
WayToLegend	4415	8011	14
GBM	4416	8011	14
blackleg	4417	8011	14
KatonCenzor	4418	8011	14
TheCPas	4419	8011	14
Epol	4420	8011	14
Смертомышь	4421	8011	14
GalaBranner	4422	8011	14
VITMOHAX	4423	8011	14
Sobole	4424	8011	14
Raureif	4425	8011	14
Naka	4426	8011	14
zeus	4427	8011	14
kurgan	4428	8011	14
Kfc	4429	8011	14
Draco	4430	8011	14
Marusya	4431	8011	14
Slam	4432	8011	14
lioons1	4433	8011	14
tknking	4434	8011	14
Gekarik	4435	8011	14
WasDaLos	4436	8011	14
StrongTiger	4437	8011	14
Anael	4438	8011	14
Runik51ua	4439	8011	14
Schwenger	4440	8011	14
Jaydenjames	4441	8011	14
Teroh	4442	8011	14
Steelsneak	4443	8011	14
SinApex	4444	8011	14
Jibriel	4445	8011	14
Visionairy	4446	8011	14
TorZireael	4447	8011	14
artedee	4448	8011	14
Blade	4449	8011	14
Cataru	4450	8011	14
tupend	4451	8011	14
lichbeach	4452	8010	14
Zander	4453	8010	14
Miklaha	4454	8010	14
MegaPlautze	4455	8010	14
BouncyKnight	4456	8010	14
MikeCrystal	4457	8010	14
Girthquake	4458	8010	14
ПерекатиПоле	4459	8010	14
Ctlr	4460	8010	14
Troopcd	4461	8010	14
Venombuch	4462	8010	14
Bluebear	4463	8010	14
KARIMSARA13	4464	8010	14
Kilomed	4465	8010	14
ZEro	4466	8010	14
Borus	4467	8010	14
MethOde	4468	8010	14
Rhapsody	4469	8010	14
Братухгранды	4470	8010	14
Valeria	4471	8010	14
Leancoln	4472	8010	14
Pigeon	4473	8010	14
FNK	4474	8010	14
VenomV	4475	8010	14
Takuto969	4476	8010	14
albopillosm	4477	8010	14
ЛенивыйТитан	4478	8010	14
ХартСтоунер	4479	8010	14
Horus	4480	8010	14
Nibras	4481	8010	14
sardnsai	4482	8010	14
Roou	4483	8010	14
ДикийЗверь	4484	8010	14
Smashranger	4485	8010	14
KFMMM	4486	8010	14
Knoperaune	4487	8010	14
lightwarrior	4488	8010	14
Eiritn	4489	8010	14
eddy	4490	8010	14
josch	4491	8010	14
ЧеткийТанк	4492	8010	14
iceDriver	4493	8010	14
Cameraman	4494	8010	14
Linerbek	4495	8010	14
Deku	4496	8010	14
Wasp27	4497	8009	14
ЗлюкаЗверь	4498	8009	14
Yunix	4499	8009	14
РозовыйПони	4500	8009	14
Smol	4501	8009	14
Roka	4502	8009	14
CobRbl4	4503	8009	14
Silentmezz	4504	8009	14
Scenicc	4505	8009	14
FlissKUR	4506	8009	14
Fatty	4507	8009	14
GeNeRaToR	4508	8009	14
FoOz	4509	8009	14
Warkrot	4510	8009	14
Danielexy003	4511	8009	14
Already	4512	8009	14
Lapitabrik	4513	8009	14
Flekso	4514	8009	14
leilani	4515	8009	14
Anemar	4516	8009	14
GuzzUgata	4517	8009	14
Tatsu	4518	8009	14
Gamester	4519	8009	14
Zee96	4520	8009	14
BruNathan	4521	8009	14
Vidgi	4522	8009	14
Demetrius	4523	8009	14
Shai	4524	8009	14
Emi	4525	8009	14
Zinger	4526	8009	14
Bouns	4527	8009	14
Fzbot	4528	8009	14
EROHENTAI	4529	8009	14
qiqi	4530	8009	14
PoissonChat	4531	8009	14
Данон	4532	8009	14
Krot	4533	8009	14
ToPefko	4534	8009	14
AzureHound	4535	8009	14
ayanamilove	4536	8009	14
seasauce	4537	8009	14
WALRUS	4538	8009	14
BullsEye	4539	8009	14
harry3000	4540	8008	14
РайскийДемон	4541	8008	14
Loreyns	4542	8008	14
neverdie0089	4543	8008	14
HarryMack	4544	8008	14
Sedrs	4545	8008	14
ТайныйРак	4546	8008	14
ТихийМеч	4547	8008	14
JohnyCagemk	4548	8008	14
Madøsa	4549	8008	14
dolgiyfclm	4550	8008	14
DertyMonk	4551	8008	14
sadpepa	4552	8008	14
babamisha	4553	8008	14
LaSilveria	4554	8008	14
DonMetis	4555	8008	14
misha	4556	8008	14
barryderbaer	4557	8008	14
ЯркийМолот	4558	8008	14
kuukkunen	4559	8008	14
Wortellen	4560	8008	14
Flax	4561	8008	14
ShadowDragon	4562	8008	14
YouWillLoose	4563	8008	14
Vespillo	4564	8008	14
faust	4565	8008	14
Amar	4566	8008	14
BananaJoe	4567	8008	14
Bobstroyer	4568	8008	14
alebonifax	4569	8008	14
Whoknowsdat	4570	8008	14
Verthus	4571	8008	14
Cheriton	4572	8008	14
Lomior	4573	8008	14
Doker	4574	8008	14
Pupalupa	4575	8008	14
NOCCIOLINE	4576	8008	14
im2high	4577	8008	14
danilatinker	4578	8008	14
Nico	4579	8008	14
jakob	4580	8008	14
Shorta	4581	8007	14
DerPim	4582	8007	14
Blumblum	4583	8007	14
Aurèlie	4584	8007	14
Matthi	4585	8007	14
sgm000	4586	8007	14
Flabido	4587	8007	14
ColaMatata	4588	8007	14
Qi1200	4589	8007	14
IAkaneI	4590	8007	14
bobotr	4591	8007	14
Dimeyy	4592	8007	14
LacosT	4593	8007	14
Bubuandrew	4594	8007	14
redajax	4595	8007	14
Niko	4596	8007	14
WazaBrook	4597	8007	14
arteus	4598	8007	14
AlphaMale	4599	8007	14
ДжонПрестон	4600	8007	14
Zerath	4601	8007	14
theoz	4602	8007	14
Thrasher	4603	8007	14
Blackgod	4604	8007	14
NTM8	4605	8007	14
Warpoet	4606	8007	14
Ramm	4607	8007	14
Dam1an1	4608	8007	14
Noctaby	4609	8007	14
Firzar	4610	8007	14
TheZeratull	4611	8007	14
sleet	4612	8007	14
Error	4613	8007	14
JenyaZver	4614	8007	14
ShadowLight	4615	8007	14
icyheart	4616	8007	14
pompote	4617	8007	14
ItsTRueZeRG	4618	8007	14
Леночка	4619	8006	14
ЛобПригожина	4620	8006	14
YeYe	4621	8006	14
HornOkPlease	4622	8006	14
sopa1984	4623	8006	14
Obama	4624	8006	14
vadim	4625	8006	14
NNYcute	4626	8006	14
sashaQ72	4627	8006	14
OlimpKi	4628	8006	14
HoFKa	4629	8006	14
VANGOG	4630	8006	14
ramzis	4631	8006	14
Kingsman	4632	8006	14
AttraX	4633	8006	14
Kizami	4634	8006	14
Maguer1771	4635	8006	14
elothewizz	4636	8006	14
Pablouss	4637	8006	14
LudiPla	4638	8006	14
Vaatu	4639	8006	14
NekaButrLY	4640	8006	14
Melkor	4641	8006	14
Tyra	4642	8006	14
pirorus	4643	8006	14
Tacocat0101	4644	8006	14
Ar4ik1337	4645	8006	14
Stubbeeh	4646	8006	14
MaJICIK	4647	8006	14
AuR3uS	4648	8006	14
Abokhalil	4649	8006	14
Freebryze	4650	8006	14
Kenpachi	4651	8006	14
Chosen	4652	8006	14
Teo23	4653	8006	14
Dskresh	4654	8006	14
Destruction2	4655	8006	14
MrBrappy	4656	8006	14
Link	4657	8006	14
BeardTV	4658	8006	14
NikDaPowner	4659	8006	14
MrHelios	4660	8006	14
Bardaz	4661	8006	14
Takadeinos	4662	8006	14
Pjijfdez	4663	8006	14
sinestre	4664	8006	14
MrTibbles	4665	8006	14
DatClonkiy	4666	8006	14
VankaFlowers	4667	8006	14
Natarishka	4668	8006	14
ShadowWick	4669	8006	14
Archangel	4670	8006	14
Relentas	4671	8006	14
Leooo	4672	8006	14
AkilZ	4673	8006	14
Staryy	4674	8006	14
ManaBanana	4675	8006	14
Csigamen	4676	8006	14
Moonka	4677	8005	14
duese88	4678	8005	14
CrowClaw	4679	8005	14
Love	4680	8005	14
EpicSexGuy	4681	8005	14
Piter97pas	4682	8005	14
МодныйТигр	4683	8005	14
WisX	4684	8005	14
Anti	4685	8005	14
BlackBarbie	4686	8005	14
KULETARIJUS	4687	8005	14
Cripwalk	4688	8005	14
Machinuga	4689	8005	14
tiger	4690	8005	14
moonking	4691	8005	14
Zugg0	4692	8005	14
aersyo	4693	8005	14
KEKC	4694	8005	14
Skeletor	4695	8005	14
bahor	4696	8005	14
NovaAT	4697	8005	14
pisterL	4698	8005	14
SkepasG	4699	8005	14
szekspir	4700	8005	14
EGO1ST	4701	8005	14
Scandal	4702	8005	14
CrauS	4703	8005	14
Cacie	4704	8005	14
MementoMori	4705	8005	14
TrashKarma	4706	8005	14
Bembi	4707	8005	14
Foxtill	4708	8005	14
Kiri	4709	8005	14
Pasha8802	4710	8005	14
PatJane	4711	8005	14
Рекакрови	4712	8005	14
Dives	4713	8005	14
Recoon247	4714	8005	14
CaptainJay	4715	8005	14
KingOfLemons	4716	8005	14
cwArp	4717	8005	14
Ducku	4718	8005	14
KurT	4719	8005	14
Haonai	4720	8005	14
skrylinux	4721	8005	14
Wizard	4722	8005	14
Jeli	4723	8005	14
MangoThief	4724	8005	14
Potatocangoo	4725	8005	14
imuzenira	4726	8005	14
Sqarzan	4727	8005	14
Bachurskiy	4728	8005	14
juicymelon3	4729	8005	14
Crazyhoer	4730	8005	14
Thundastruck	4731	8004	14
Beyonder	4732	8004	14
Kir	4733	8004	14
igrek	4734	8004	14
wikikeeper	4735	8004	14
MrSaz	4736	8004	14
ggaex	4737	8004	14
RispPq	4738	8004	14
Stinker	4739	8004	14
PaloMiticky	4740	8004	14
Dobrygyga	4741	8004	14
Méthionine	4742	8004	14
Rico	4743	8004	14
Globalector	4744	8004	14
usedew	4745	8004	14
SanReactor	4746	8004	14
Shreum	4747	8004	14
Flanky	4748	8004	14
A7X	4749	8004	14
Garanoob	4750	8004	14
KonsuL	4751	8004	14
Troy	4752	8004	14
Krabking	4753	8004	14
Bizkit	4754	8004	14
Karazomi	4755	8004	14
Макс	4756	8004	14
HYZER	4757	8004	14
Jäveln	4758	8004	14
Medisa	4759	8004	14
debdeb25	4760	8004	14
DKakaUA	4761	8004	14
Jarhead	4762	8004	14
K1tsune	4763	8004	14
lykkelig	4764	8004	14
Dougslask	4765	8004	14
Кот	4766	8004	14
Saracen	4767	8004	14
Bronita	4768	8004	14
Darkside	4769	8004	14
CoolBanana	4770	8004	14
Firefix	4771	8004	14
Land	4772	8004	14
Dylano	4773	8004	14
Nexolez	4774	8004	14
Glizza	4775	8004	14
Alarion	4776	8004	14
Mastox	4777	8004	14
makbook	4778	8004	14
oOtOote	4779	8004	14
Hu87	4780	8004	14
kokosgamias	4781	8004	14
Habnarfordu	4782	8004	14
Schaumiauer	4783	8004	14
M4L3NK4Y4	4784	8004	14
Setlar	4785	8003	14
momo	4786	8003	14
smirniv	4787	8003	14
OursRapide	4788	8003	14
AwesomE	4789	8003	14
Gemorroy	4790	8003	14
Pudge	4791	8003	14
Duracell	4792	8003	14
Topspin	4793	8003	14
Zkn	4794	8003	14
Lodalink	4795	8003	14
DiscoDingo	4796	8003	14
BeigeYeti	4797	8003	14
FanTom	4798	8003	14
kingofdeath	4799	8003	14
Mandellux	4800	8003	14
HELMOR	4801	8003	14
Богиня	4802	8003	14
MagicTurtle	4803	8003	14
RokossMDi	4804	8003	14
Vinschent	4805	8003	14
Beezel	4806	8003	14
KINTASTINS	4807	8003	14
Dezy	4808	8003	14
ELEFANT	4809	8003	14
MiNNoR	4810	8003	14
IPSJimmy	4811	8003	14
iBinAuDebei	4812	8003	14
scherfe	4813	8003	14
Kris	4814	8003	14
Taeki	4815	8003	14
RandOOmer	4816	8003	14
Rambo	4817	8003	14
Sun	4818	8003	14
Krewger	4819	8003	14
Amireskan	4820	8003	14
sowaxa	4821	8003	14
	4822	8003	14
TurkishAvia	4823	8003	14
Imma	4824	8003	14
Hroft52	4825	8003	14
moonnnn	4826	8003	14
Ktaken	4827	8003	14
yovis	4828	8002	14
MegaCross	4829	8002	14
смерч	4830	8002	14
serXronney	4831	8002	14
qwerty	4832	8002	14
KBK	4833	8002	14
Sun4ace	4834	8002	14
Сплюшка	4835	8002	14
Astemay	4836	8002	14
zoxx	4837	8002	14
Wazaa	4838	8002	14
SinTetik	4839	8002	14
МикроБобус	4840	8002	14
vollk	4841	8002	14
simxn	4842	8002	14
Vad	4843	8002	14
SiDjey	4844	8002	14
MadMax	4845	8002	14
NeonChik	4846	8002	14
SulesJebban	4847	8002	14
Hoji	4848	8002	14
KarinaVedel	4849	8002	14
Мороженко	4850	8002	14
RopeBurn3000	4851	8002	14
Kasyr	4852	8002	14
Мамочка	4853	8002	14
asemb	4854	8002	14
salinja	4855	8002	14
Huskey	4856	8002	14
Gomore	4857	8002	14
m0nster	4858	8002	14
Samler	4859	8002	14
milben	4860	8002	14
Abel21	4861	8002	14
Kawasaki	4862	8002	14
Sergo	4863	8002	14
useless123	4864	8002	14
BeHappy	4865	8002	14
Laconter	4866	8002	14
Rockstar	4867	8002	14
Tommy	4868	8002	14
paulilsa	4869	8002	14
ObiWanKenobi	4870	8002	14
ХитрыйКраб	4871	8002	14
Yrtiop	4872	8002	14
InThePink	4873	8002	14
sausau	4874	8002	14
Nadjus	4875	8002	14
Adam	4876	8002	14
killingconor	4877	8002	14
oxxxsytop	4878	8002	14
Maske	4879	8002	14
OnyxBadger	4880	8002	14
ItSiren	4881	8002	14
MauveLion	4882	8002	14
ShockxZ	4883	8002	14
Bobby	4884	8002	14
Bluefireball	4885	8001	14
AzziQ	4886	8001	14
Vipuk	4887	8001	14
ExiledTail	4888	8001	14
MrVirys96	4889	8001	14
perdarinka	4890	8001	14
Awalonfun	4891	8001	14
Тенемурл	4892	8001	14
qcoldaye	4893	8001	14
z0leg	4894	8001	14
finn2000	4895	8001	14
Houpp	4896	8001	14
Wythono	4897	8001	14
byby	4898	8001	14
Reazz	4899	8001	14
Smoorth	4900	8001	14
K1ESL	4901	8001	14
ahoy00	4902	8001	14
sevenszak	4903	8001	14
DoubleCrunch	4904	8001	14
krabik	4905	8001	14
Stephan	4906	8001	14
Overlord	4907	8001	14
Napalmus	4908	8001	14
Thier	4909	8001	14
Timber	4910	8001	14
Zan7	4911	8001	14
maZZEpa	4912	8001	14
r1deRR	4913	8001	14
MadDentist	4914	8001	14
Kren	4915	8001	14
ShadowPersik	4916	8001	14
Deninrol	4917	8001	14
Renko	4918	8001	14
TE1926	4919	8001	14
LittleOgre	4920	8001	14
CHZWRR	4921	8000	14
MissedHooks	4922	8000	14
JRJ	4923	8000	14
YESYOMAN	4924	8000	14
Tensa	4925	8000	14
Manos	4926	8000	14
FireFly	4927	8000	14
nyqueaula	4928	8000	14
Drezzer032	4929	8000	14
bo3enkka	4930	8000	14
KEruk	4931	8000	14
TayebYounis	4932	8000	14
SiRDanieL	4933	8000	14
bblkl	4934	8000	14
H3llg0g	4935	8000	14
YourMate	4936	8000	14
Ranek	4937	8000	14
LostMarxus	4938	8000	14
Dante	4939	8000	14
Огрик	4940	8000	14
DerKolben	4941	8000	14
C2H6O	4942	8000	14
Smailies	4943	8000	14
Darksoul	4944	8000	14
PieCeDuck	4945	8000	14
Bast0ne	4946	8000	14
Poison	4947	8000	14
XHunter	4948	8000	14
Noa	4949	8000	14
Dave	4950	8000	14
Tubbie	4951	8000	14
Kiljaeden	4952	8000	14
Doom	4953	8000	14
Archaon	4954	8000	14
Saxy	4955	8000	14
Uriel	4956	8000	14
Nurf	4957	8000	14
LuckyPotato	4958	8000	14
ИбезЭмоций	4959	8000	14
ОстатокСлов	4960	8000	14
Blessing	4961	8000	14
Evermeet	4962	8000	14
parasgagumus	4963	8000	14
Meowka	4964	8000	14
Kamu	4965	8000	14
déluwath	4966	8000	14
Drasiel	4967	8000	14
Saker	4968	8000	14
flameloa	1	20016	15
СмелыйВомбат	2	20006	15
yorickjoo	3	19594	15
GUSYRA	4	18449	15
TedJefferson	5	18438	15
Moonlight	6	18072	15
igeenger	7	16046	15
kekandop	8	15887	15
Bob	9	15848	15
DdlydollFan	10	15461	15
Мэйбл	11	15430	15
Diminou	12	15425	15
Seynar	13	15290	15
ddlydoll	14	15253	15
SpaceMurloc	15	15179	15
Woland	16	15115	15
MEPHISTO	17	15037	15
HugeBang	18	14785	15
Eisenerf	19	14738	15
ArslanLegend	20	14653	15
Make	21	14506	15
СтоякБезДела	22	14464	15
ilittlepanda	23	14272	15
dye	24	14242	15
FlameBear	25	13922	15
zingz	26	13903	15
zertyter9	27	13901	15
Spyro	28	13739	15
fantozzi	29	13668	15
Dextreme	30	13637	15
RomaMEGA	31	13588	15
LAG	32	13234	15
Ledra	33	13233	15
SAY09ARA	34	13149	15
aggeeinnbg	35	13133	15
JackBeam	36	13037	15
QuizPBacon	37	12906	15
Yatech	38	12837	15
Dito	39	12775	15
Deionara	40	12670	15
MysterY	41	12618	15
ТарасВульва	42	12606	15
Sayōnara	43	12379	15
jopa	44	12375	15
SteakFrite	45	12270	15
MusclGui	46	12263	15
Galih	47	12203	15
xHoLyCraBx	48	12130	15
axu	49	12130	15
Aysegulcan	50	12104	15
Eeireee	51	12066	15
Tormento	52	12059	15
CompadeTormi	53	12053	15
JEBKA	54	12049	15
Tchikalaboum	55	12034	15
EMAUKA	56	11984	15
Grim	57	11975	15
FrcFaust	58	11958	15
d00m	59	11920	15
mock1ngb1rd	60	11916	15
Rahm	61	11891	15
Moondog	62	11857	15
Dragontwist	63	11854	15
SneakySquid	64	11762	15
ГлиноГрег	65	11744	15
managaOleh	66	11741	15
Тайпан	67	11732	15
Рюкзачок	68	11730	15
SamON	69	11703	15
Orpinell	70	11670	15
Шапочка	71	11656	15
Лапочка	72	11654	15
JeppeLund	73	11651	15
FrenzHS	74	11644	15
Tomso93	75	11643	15
Destroya	76	11634	15
Tefanis	77	11607	15
Uncontrolled	78	11598	15
Explosion	79	11502	15
WatchMeDougi	80	11496	15
Prikolist	81	11477	15
GAZIM	82	11469	15
Just1kz	83	11466	15
Caly	84	11449	15
Ghost	85	11429	15
Bischem	86	11419	15
Glada	87	11417	15
Gloosik	88	11411	15
Destructor13	89	11359	15
HateMurloks	90	11346	15
PenPen	91	11342	15
maltus72	92	11333	15
EDGE	93	11319	15
DeadlyMouse	94	11307	15
Ultraslayer	95	11303	15
TheRabbin	96	11299	15
Potatoe37	97	11283	15
MrBRITT	98	11271	15
Rolcsy	99	11264	15
ВИПколяска	100	11259	15
Coma	101	11247	15
WisX	102	11242	15
Fluderutus	103	11168	15
Albertus	104	11165	15
igeenger	105	11158	15
succersn	106	11155	15
GBBAndrew	107	11130	15
Artemeezy	108	11110	15
Deedrayn	109	11105	15
NSKL	110	11086	15
Mpi	111	11085	15
Spyrozgz	112	11074	15
ддааррииннаа	113	11065	15
Dark5ider5	114	11060	15
happysmile	115	11035	15
Pharah	116	11032	15
FalafelBill	117	11006	15
Fired	118	11004	15
GnomoMagico	119	10986	15
WDNMAD	120	10982	15
ХитрыйЛось	121	10969	15
ocetp	122	10935	15
Thokk	123	10932	15
Tiluma	124	10915	15
Pint0	125	10915	15
Miraya	126	10901	15
Zronix	127	10899	15
Askaruda	128	10855	15
hank	129	10848	15
gr0nas	130	10837	15
Gumball	131	10817	15
SEEEEEEENPAI	132	10810	15
PirreSmurf	133	10803	15
Argi	134	10799	15
PredaThor	135	10768	15
MuNGGG	136	10755	15
Juliajm	137	10751	15
Smoker	138	10746	15
Quutamo	139	10736	15
TiGrey	140	10729	15
Kylo	141	10705	15
FalconCrux	142	10699	15
embrx	143	10690	15
Nightmare	144	10668	15
Escapertwo	145	10660	15
Artanar	146	10619	15
Bybeto69	147	10605	15
ParsaBunny	148	10596	15
ApocalipsuL	149	10582	15
SpaceRacer	150	10580	15
Sombra	151	10576	15
PatAfrique	152	10563	15
Bomjag	153	10547	15
Emil98	154	10546	15
JJRDUsniper	155	10529	15
Croki	156	10511	15
Dayday	157	10506	15
Evu	158	10500	15
Utry	159	10491	15
NutSnack	160	10485	15
IceRogue	161	10474	15
Gods	162	10468	15
Skyscreeper	163	10466	15
ESC	164	10458	15
Good	165	10447	15
BTR	166	10444	15
KR8	167	10443	15
Yogg	168	10409	15
krikerman	169	10407	15
Salonearbuz	170	10405	15
irtem	171	10405	15
Anatidae	172	10402	15
ЭхЧтоЗаТяги	173	10382	15
Gtbear	174	10373	15
Simalaja	175	10355	15
pponaroshku	176	10349	15
Hibiki	177	10346	15
persh	178	10340	15
ReadyFreddy	179	10339	15
AXDS	180	10309	15
Gabba	181	10303	15
prailex	182	10296	15
i2NaQ	183	10295	15
Gwore	184	10288	15
BraveWolves	185	10284	15
Eis	186	10284	15
Thanatos	187	10269	15
Boomi	188	10258	15
AAAAAAAAAAA	189	10252	15
G1mmeDanger	190	10238	15
MarkHuelius	191	10236	15
Suyoko	192	10235	15
Leviathan	193	10226	15
Pack	194	10226	15
Greygarden	195	10226	15
MrInvisable2	196	10223	15
Medveba	197	10222	15
Жужалица	198	10216	15
sadon	199	10194	15
Nauseabundo	200	10189	15
lennylurk	201	10178	15
keeperessa	202	10166	15
Lukas	203	10165	15
Donhaja	204	10163	15
ПоСценарию	205	10156	15
Batu	206	10141	15
Solitude	207	10137	15
Povar	208	10135	15
СэрМрргглтон	209	10133	15
DenBrunstige	210	10131	15
MrErsu	211	10109	15
mendel	212	10108	15
TAnder	213	10107	15
Gruby	214	10093	15
Bulli	215	10076	15
potvorych	216	10074	15
Kohnaan	217	10073	15
tumoxa	218	10071	15
itachier	219	10062	15
Calliban999	220	10061	15
Dastey	221	10055	15
Elward	222	10054	15
Tangusik	223	10049	15
Dikirin	224	10046	15
GoldBear	225	10042	15
Teo	226	10038	15
Lupi	227	10038	15
Juhi	228	10038	15
Romidu78	229	10031	15
Sifnosguy	230	10029	15
Liakusha	231	10026	15
Co6ol	232	10026	15
RLArecaceaE	233	10020	15
Sufo	234	10017	15
AccZell	235	10014	15
Reyden	236	10013	15
Bodjey	237	10012	15
GringerBasic	238	10011	15
Liteonit	239	10003	15
Kimpay	240	10003	15
Chewbaccahim	241	9998	15
Cotartem	242	9985	15
Spawn	243	9980	15
pepsipriest	244	9972	15
thesimple	245	9971	15
Arafas	246	9958	15
Hooyaka	247	9948	15
Eimz	248	9937	15
Beemo	249	9935	15
Setsuna	250	9919	15
Zyae	251	9886	15
Tenebrarum	252	9881	15
NikDaPowner	253	9866	15
Ryqir	254	9865	15
pew	255	9864	15
keg1	256	9862	15
AngelKashima	257	9861	15
MrAnanasYT	258	9859	15
Onlythis	259	9857	15
thatjt	260	9842	15
Ricbus	261	9828	15
mayumi	262	9820	15
GAP1698	263	9818	15
Lasmiranda	264	9811	15
Luna	265	9810	15
Xenx3127	266	9809	15
Chris	267	9805	15
Gifter	268	9793	15
panda	269	9790	15
LastLucky	270	9788	15
Randolf	271	9786	15
sven77	272	9781	15
Cheesecake	273	9770	15
Satinaph	274	9770	15
ZVK88	275	9765	15
DoubleCrunch	276	9762	15
Remilde	277	9761	15
Estiny	278	9758	15
VictoryJuly	279	9757	15
Viconia	280	9754	15
Watsky	281	9750	15
totsamikolya	282	9741	15
Vengevyne	283	9723	15
reantony	284	9715	15
Warbringer	285	9713	15
FlameLich	286	9713	15
Animalo	287	9708	15
BattleGDD	288	9707	15
King64	289	9704	15
Roka	290	9703	15
Hezekiel	291	9695	15
DekA	292	9695	15
m0rtal	293	9691	15
phiLord	294	9690	15
Pokkin	295	9679	15
Bwatte	296	9676	15
Applepie	297	9668	15
mistake	298	9668	15
Knoten	299	9662	15
ovamunous1	300	9653	15
tvTwinSidde	301	9648	15
tonibandos	302	9646	15
LaKu	303	9639	15
Leeeeroooooy	304	9636	15
Scar	305	9631	15
Lyngexd	306	9623	15
Dihpop	307	9619	15
NiKi	308	9617	15
Ledokol	309	9616	15
Millhouße	310	9610	15
SunsetMeow	311	9597	15
MrSpockY	312	9595	15
Opossum	313	9595	15
LeBron	314	9592	15
yoshi6409	315	9592	15
Detective	316	9585	15
Vyzero	317	9582	15
Martin1978	318	9580	15
Sarkos	319	9578	15
Shapeless	320	9576	15
BTR4ER	321	9572	15
PashtetRU	322	9571	15
Chilango	323	9562	15
Korenasa	324	9562	15
smsm	325	9557	15
Talgoxen	326	9557	15
Morzas	327	9555	15
Donkot	328	9552	15
miiiisha	329	9548	15
grenFox23	330	9548	15
Harald	331	9546	15
CatchThemAll	332	9541	15
TVtwinsidde	333	9538	15
FlaMe	334	9535	15
Famedparsley	335	9531	15
Maguire	336	9529	15
MrLenny	337	9518	15
peoszeoulas	338	9515	15
Anvill	339	9512	15
mxw	340	9509	15
Leyl44	341	9502	15
Julez	342	9498	15
Cocos	343	9497	15
Qiraa	344	9496	15
KOR3ANiZ3Dx	345	9482	15
MiracleHS	346	9482	15
vados	347	9458	15
notNN	348	9454	15
zxcdilda	349	9452	15
artmavr	350	9450	15
dofmxakoxjh	351	9445	15
Barbie	352	9441	15
nikitos	353	9440	15
Goon1	354	9439	15
ptXnadzieja	355	9429	15
SzokoSwiR	356	9429	15
NightRavenEU	357	9418	15
RomanKnight	358	9418	15
Bronzegoblin	359	9415	15
Keltak	360	9415	15
pilis	361	9412	15
Desik	362	9410	15
Vrtvp	363	9409	15
Necro	364	9408	15
Parzival	365	9405	15
CaptainAFK	366	9391	15
Dmitryda	367	9390	15
honzis1364	368	9384	15
Thanatos	369	9383	15
Mauve	370	9383	15
zhouzhou	371	9379	15
Burnout	372	9378	15
Simon	373	9375	15
twsong	374	9373	15
GiantAxe	375	9367	15
Kilosaur	376	9366	15
Stevvi	377	9364	15
ShadowOfMine	378	9362	15
OrsonPoland	379	9361	15
abigor	380	9357	15
Mytidks	381	9352	15
Servetel	382	9351	15
Kisonell	383	9351	15
Kupfergoblin	384	9347	15
Anime	385	9347	15
polskikabak	386	9345	15
Ktaken	387	9343	15
OpalSatyr	388	9341	15
Lebiys	389	9338	15
Sp33dy	390	9336	15
Akureimo	391	9335	15
Tamftw	392	9323	15
DinnersDins	393	9322	15
creech	394	9319	15
Tolmachevau	395	9315	15
l099y	396	9315	15
hadayn228	397	9307	15
Lemurkaaa	398	9299	15
Sneaklol	399	9298	15
Pingvin	400	9293	15
Тисона	401	9288	15
Globox	402	9288	15
kenni	403	9287	15
Barbaris	404	9284	15
fsd	405	9275	15
DonSikaleone	406	9268	15
Veggielord	407	9268	15
Koshchei	408	9264	15
WhiteBearD	409	9260	15
Selalife	410	9255	15
Skiaparelli	411	9255	15
Correctness	412	9255	15
Andevas	413	9255	15
Пельмешка	414	9251	15
VenGeanCe	415	9250	15
Aleph	416	9248	15
thegr33nyone	417	9248	15
Great	418	9242	15
nonololo	419	9237	15
MadeBySuhich	420	9236	15
Ave	421	9235	15
sasuke37	422	9231	15
Shadesword	423	9226	15
Strong	424	9224	15
bay	425	9221	15
BilboBaggin	426	9212	15
denchip	427	9212	15
Minolisk	428	9211	15
ELUSIVEWOW	429	9209	15
Azdormu	430	9206	15
Papifouettar	431	9201	15
Skrik	432	9200	15
Burhnach	433	9193	15
Diablojunior	434	9192	15
DaThali	435	9186	15
Lucker	436	9185	15
CJlABA	437	9182	15
BarryBatsbak	438	9180	15
Ascard	439	9180	15
MishTheGrEaT	440	9178	15
Hatvan	441	9178	15
esthereh	442	9177	15
EFG	443	9174	15
FlexLex	444	9173	15
Immortist	445	9171	15
Lester	446	9165	15
ShadowDragon	447	9158	15
Yurecbksj	448	9154	15
Bmco	449	9150	15
Reazz	450	9148	15
Schutzengel	451	9148	15
Porlk	452	9147	15
Djings	453	9139	15
Floflo541	454	9137	15
Aphrim	455	9137	15
OpaNa	456	9131	15
Rayman	457	9131	15
iamnotdarth	458	9131	15
boom	459	9127	15
Rogul	460	9125	15
Syrez	461	9125	15
KilouNco	462	9112	15
Few	463	9105	15
WoodChuck	464	9102	15
Jogral	465	9097	15
MDR23	466	9093	15
PinSGer	467	9091	15
Galahad	468	9089	15
Raskinz	469	9087	15
glowin9	470	9084	15
Munkoha	471	9082	15
QuartzGhost	472	9081	15
Zioba	473	9079	15
demeo	474	9079	15
ItzPenzo	475	9079	15
FeelGood	476	9076	15
Vovik	477	9073	15
Leney	478	9071	15
Smootik	479	9068	15
Mephysto	480	9067	15
tinou	481	9064	15
eliasahli	482	9062	15
R3S1D3NT	483	9061	15
chrisgame	484	9060	15
CuppE	485	9059	15
Beny	486	9059	15
cye	487	9058	15
Zērñø6453	488	9056	15
Alesha	489	9056	15
RunicTitan	490	9054	15
Bombara	491	9049	15
R1csxl	492	9045	15
Mulon	493	9044	15
tomleboss	494	9033	15
EbalGabena	495	9031	15
r4BB	496	9023	15
Gregor	497	9023	15
vmsep	498	9022	15
Lerooy	499	9021	15
IluZioN	500	9019	15
Xeno	501	9018	15
Tonusu	502	9018	15
adhil	503	9016	15
FrozenMoment	504	9015	15
Draken	505	9014	15
babamisha	506	9013	15
RedEagle	507	9010	15
Detulissie	508	9010	15
YougSuzy71	509	9008	15
wackz	510	9008	15
Nizzl3	511	9007	15
Sheva1221	512	9006	15
AlijsonTilt	513	9003	15
Binkelderk	514	9002	15
Raikiri	515	9002	15
Botanich	516	9002	15
concord	517	9002	15
halkri	518	9000	15
Bruheim	519	8999	15
PinkPanther	520	8994	15
MediumPurple	521	8994	15
zloyVomka	522	8992	15
ДерзкийВолк	523	8991	15
Biggishow	524	8985	15
b1omechan1ka	525	8979	15
Fiasko	526	8977	15
Riton	527	8976	15
negiz	528	8971	15
jakejakejake	529	8967	15
Mada	530	8966	15
JPJR003	531	8965	15
Camazotz	532	8959	15
Viridant	533	8951	15
Groom	534	8948	15
Arhion	535	8948	15
Fro5ti	536	8947	15
FrogEnjoyer	537	8945	15
Unoriginell	538	8943	15
Барсик	539	8936	15
Marginal	540	8935	15
Blizzya	541	8934	15
Huskey	542	8932	15
ImFlovers	543	8931	15
Replic	544	8928	15
Touché	545	8928	15
Chornhold	546	8924	15
InfInIty	547	8923	15
stetsuk	548	8916	15
ЗлыеШтаны	549	8910	15
Anei	550	8910	15
Ernie	551	8909	15
Nikita	552	8908	15
xle	553	8904	15
SilverHawk	554	8904	15
Hofi	555	8901	15
Mulder	556	8899	15
Chuplya	557	8898	15
fray	558	8897	15
Suno	559	8895	15
Колбаса	560	8890	15
Denkai	561	8888	15
Yusana	562	8886	15
Alcapone	563	8882	15
Netupi	564	8882	15
Царич	565	8881	15
Bobby	566	8878	15
Hylo	567	8877	15
KOKOSH	568	8876	15
Wandereule	569	8874	15
addmin	570	8872	15
KaptainSnack	571	8872	15
YoCuteSenpai	572	8872	15
Harfstone	573	8870	15
Lucifer	574	8870	15
Qnigmatic	575	8869	15
Slipknot	576	8863	15
RoadrunnerX	577	8862	15
Antonbaoan	578	8861	15
Walle	579	8860	15
lvl99Got	580	8859	15
majekako	581	8846	15
BECHA	582	8846	15
Kinlyo	583	8844	15
Falaxx	584	8843	15
Dawi	585	8841	15
wystanich	586	8837	15
Legolas	587	8832	15
BananaJoe	588	8830	15
Diemydarling	589	8827	15
Lemongrade	590	8825	15
КрабДиктатор	591	8824	15
SneakyCrane	592	8819	15
Cowboy	593	8818	15
killua	594	8817	15
Anastasia	595	8817	15
DrGuFy	596	8815	15
Rogue	597	8812	15
trakzor	598	8809	15
PetaN	599	8806	15
titusbonk	600	8804	15
BlackTec	601	8797	15
Martje	602	8796	15
Котун	603	8793	15
Deus	604	8782	15
Fredbuhl	605	8780	15
JohnSouls	606	8779	15
Legend99	607	8779	15
kato17	608	8777	15
Mositron	609	8776	15
Firefly	610	8774	15
Qi8888	611	8773	15
Klyaipon	612	8772	15
MalGanis	613	8767	15
DuePuntoZero	614	8766	15
musikkusik	615	8766	15
Eliasabatini	616	8765	15
	617	8764	15
DrakulinSin	618	8759	15
theadiss17	619	8758	15
AMao	620	8749	15
Eonx	621	8743	15
Nkts	622	8741	15
WayToLegend	623	8735	15
SilverWolf	624	8734	15
WaIkek	625	8731	15
Bloodyyx	626	8729	15
Jigalo	627	8725	15
HuaH	628	8718	15
jna3y66	629	8718	15
Savvon	630	8717	15
Reddigan	631	8715	15
Tigron	632	8714	15
PearlViper	633	8714	15
Rei	634	8713	15
Tyyppi	635	8712	15
SaShock	636	8711	15
FabulousFab	637	8711	15
bronzer	638	8710	15
pysnyaPNH	639	8709	15
Zenerchi	640	8709	15
Foxy	641	8709	15
Crucifer	642	8708	15
afrikaner2	643	8708	15
Regius	644	8706	15
Maxxis	645	8705	15
Boluard	646	8703	15
Otter	647	8702	15
HinanawiTS	648	8701	15
МанакоРыцарь	649	8699	15
hardwell	650	8698	15
SpaceMonkey	651	8698	15
Watchmen	652	8697	15
vitriel	653	8694	15
МокрыйВорон	654	8694	15
ПлешивыйЧмо	655	8693	15
Vilson	656	8693	15
porolon	657	8692	15
Méguie	658	8691	15
Lackschuuh	659	8691	15
SuperNinja	660	8690	15
Foxtill	661	8686	15
logan621	662	8685	15
Pepo	663	8684	15
Tutenshamun	664	8684	15
buyuntong	665	8682	15
FallenSky	666	8678	15
TYbabe	667	8672	15
Klotzman	668	8671	15
ГибкийГрелль	669	8670	15
pupypup	670	8666	15
NNYcute	671	8665	15
Luveha	672	8664	15
selios	673	8662	15
Ghixor	674	8662	15
skeleton22	675	8660	15
uRycot	676	8657	15
Assofdeath	677	8657	15
DEFENDER7829	678	8655	15
Rngsucks	679	8655	15
Doom	680	8652	15
georj	681	8649	15
zomos	682	8648	15
Kustari	683	8647	15
followers123	684	8642	15
Чикабуашка	685	8642	15
ШикарнаяЖижа	686	8642	15
NoMercyBro	687	8641	15
УльтраЖижа	688	8637	15
Kay9	689	8634	15
RockNRave	690	8634	15
Thrall	691	8634	15
randydady	692	8632	15
Kalimdor	693	8631	15
amir	694	8630	15
AllenIverson	695	8630	15
Eclipsus	696	8630	15
Krmoje	697	8629	15
Revy	698	8628	15
Vinz	699	8628	15
Bombey	700	8628	15
ArTi	701	8626	15
Skolzkiy	702	8621	15
levik	703	8620	15
Itsches	704	8620	15
ЯркийВомбат	705	8620	15
Bazuc	706	8619	15
Insomniac	707	8618	15
Dobroleon	708	8617	15
V1be	709	8615	15
karam757	710	8614	15
Bluefin	711	8613	15
Den777	712	8611	15
Vilswarm	713	8609	15
Лина	714	8606	15
Pashka4ever	715	8605	15
Rednemus	716	8605	15
Trump	717	8604	15
Erikson	718	8602	15
Pale	719	8601	15
Narumo	720	8597	15
MayBeHeX	721	8595	15
Kitty366	722	8594	15
Pheb	723	8593	15
thithiboum	724	8593	15
IBelieve	725	8591	15
sinestre	726	8589	15
Espada	727	8588	15
saVage	728	8586	15
Despe	729	8584	15
Elsias	730	8583	15
war00maker	731	8583	15
CielSapphire	732	8582	15
Ketodivi146	733	8582	15
fox1699	734	8578	15
Faktiz	735	8577	15
Khorne	736	8576	15
pince	737	8573	15
Berk	738	8573	15
SSK	739	8572	15
MangoThief	740	8572	15
BloodAdiict	741	8571	15
Muradin	742	8571	15
Nordhesser	743	8571	15
Hawtz	744	8570	15
Molz	745	8569	15
Emilnoharm	746	8567	15
Maxoulefou	747	8567	15
G4R	748	8566	15
Quesote	749	8564	15
Grainesombre	750	8563	15
átta	751	8563	15
clamox	752	8562	15
lollittle	753	8562	15
Chyva4ok	754	8559	15
FlaxLich	755	8558	15
OlimpKi	756	8558	15
Vytsag	757	8558	15
kevin15674	758	8557	15
NickLiam123	759	8557	15
ToTheMoon	760	8556	15
PupsGoRooRoo	761	8555	15
Adam	762	8553	15
Jellinek	763	8550	15
DerMatrose	764	8547	15
Shay	765	8547	15
LordNoob	766	8546	15
yolo420blaze	767	8545	15
DeepBlueApu	768	8543	15
Daenerys	769	8539	15
FuzzyFennec	770	8539	15
Gingle	771	8535	15
Daz54	772	8534	15
DaoYuan	773	8531	15
arteus	774	8528	15
Stefanovich	775	8527	15
Arrgentum	776	8526	15
ЛенивыйТитан	777	8525	15
ROXAN	778	8523	15
WeeWeeRider	779	8523	15
strazh	780	8522	15
Abdulhadi	781	8521	15
PetroKapot	782	8515	15
Xandorax	783	8514	15
Berserker	784	8512	15
Envids	785	8512	15
lifelover	786	8508	15
Terrorwolf	787	8507	15
pushka	788	8506	15
TimurShvede	789	8502	15
MauveLion	790	8501	15
Фурия	791	8499	15
Askael	792	8498	15
vladusiambTW	793	8498	15
bud	794	8498	15
Wuppen	795	8493	15
Lørgqkee	796	8490	15
ПозднийКот	797	8489	15
Jabol	798	8489	15
Rancor	799	8489	15
Elacour	800	8489	15
Fundiesel	801	8488	15
Dragonblade	802	8488	15
ZaZaMaZa	803	8486	15
Tommy	804	8485	15
ColdVibe	805	8485	15
rooonieo	806	8482	15
Kadly	807	8480	15
jur1st1s	808	8480	15
DotDan	809	8478	15
Nelemiah	810	8478	15
Root	811	8476	15
Fredy	812	8472	15
Rostyslav	813	8472	15
DeathStar	814	8471	15
légendaire	815	8469	15
saya	816	8469	15
Kalkon	817	8468	15
Papay	818	8466	15
Sorry	819	8466	15
Havash	820	8466	15
wAmpa	821	8465	15
Slimjimmy	822	8463	15
Chaotic	823	8461	15
Ferein	824	8461	15
dawa3500	825	8460	15
JoltColaGris	826	8460	15
BlackBird	827	8458	15
Tschau	828	8456	15
Alastair	829	8456	15
Aventurier	830	8455	15
Diablord	831	8455	15
МэтримКоутон	832	8454	15
Towerdude	833	8454	15
Catmint	834	8453	15
StillTrying	835	8452	15
ggwp	836	8449	15
DrBerger	837	8444	15
Morgan	838	8443	15
Taljara	839	8443	15
SimSon	840	8443	15
Kamaji	841	8442	15
Whobetter	842	8440	15
Estes	843	8440	15
Jordinator	844	8439	15
out9	845	8436	15
ERIK	846	8436	15
Moray	847	8434	15
coilnovagg	848	8433	15
Houston	849	8431	15
TheWitcher	850	8431	15
Moutoto	851	8429	15
Player	852	8429	15
Laurii	853	8425	15
Reconstruct	854	8424	15
aeoncheek	855	8422	15
Demetrius	856	8419	15
m3r8	857	8418	15
EXPERT	858	8418	15
Pix	859	8417	15
СЕ6АС	860	8416	15
z1n	861	8415	15
Sentenciado	862	8414	15
BartkLLJ	863	8414	15
reanimation	864	8413	15
rennytao	865	8409	15
ElzberG	866	8407	15
soloviovqqq	867	8406	15
Джимми	868	8406	15
JONES	869	8406	15
Shutto4ki	870	8406	15
Drakulia	871	8405	15
Finchik322	872	8405	15
BLACKJJ	873	8404	15
Kobra	874	8403	15
Meancor	875	8403	15
Gnoki	876	8402	15
vanoschka	877	8401	15
RishEEL	878	8401	15
Core	879	8400	15
Tolle502	880	8399	15
govno4	881	8397	15
Risecro	882	8395	15
SarahDasta	883	8393	15
БомжихаДжеби	884	8392	15
Shurteg	885	8392	15
Bugymean	886	8390	15
Aelexis	887	8390	15
PP1337	888	8389	15
mafano1	889	8389	15
AlphaPulsar	890	8387	15
Spezi	891	8386	15
Frainer	892	8385	15
Standartiq	893	8385	15
Slumer	894	8384	15
GeorgeBailey	895	8383	15
buyy	896	8381	15
BabyDeionara	897	8380	15
Linerbek	898	8378	15
Ayanami	899	8377	15
SirBubbleBut	900	8376	15
kender	901	8376	15
RamboRusina	902	8367	15
Arhangel135	903	8367	15
Hellrizen	904	8367	15
OneOfMany	905	8364	15
Ceynet	906	8364	15
Jesrty	907	8363	15
Kobalium	908	8363	15
Escobar666	909	8363	15
Snooder	910	8362	15
LAcity	911	8361	15
Bob	912	8361	15
Exuni	913	8360	15
Ecix	914	8360	15
Lion	915	8356	15
Finkel	916	8355	15
BobIsToxic	917	8355	15
Youpi	918	8354	15
Gurugamesh	919	8353	15
dudeldoedel	920	8351	15
Pyrok4	921	8351	15
Seevabbe	922	8351	15
BabarPower	923	8350	15
TikiMik	924	8350	15
Bnetplayer	925	8348	15
Bann	926	8346	15
sMu	927	8343	15
Okilan	928	8341	15
TwinLight	929	8340	15
Жабка	930	8338	15
kickz	931	8338	15
vasyatka	932	8336	15
zoomerzz	933	8334	15
HappyFeet123	934	8332	15
ColdtongG	935	8331	15
BigDaddyMike	936	8330	15
Ewanpleydu77	937	8329	15
Runestig	938	8329	15
Pas2	939	8326	15
Xysein	940	8325	15
Deltox	941	8324	15
PIVO	942	8324	15
Ageres	943	8320	15
Підозра	944	8320	15
Klown	945	8318	15
PeaceDuck	946	8317	15
koost64	947	8317	15
Ozazello	948	8316	15
RandomPerson	949	8315	15
DYADYAEBALO	950	8312	15
risenangel	951	8312	15
Nemoshi	952	8311	15
CaptainJay	953	8311	15
MementoMori	954	8309	15
Nalidon	955	8308	15
UncleRap	956	8307	15
eindringling	957	8305	15
Misiorek	958	8305	15
Hamrio	959	8303	15
Mutafchiyski	960	8301	15
asd1asd22061	961	8300	15
Karrimass	962	8299	15
BloddyPath	963	8298	15
Wolp	964	8296	15
Andrew	965	8293	15
Pandagros	966	8291	15
VovaCoilNova	967	8291	15
Dreamliner	968	8291	15
UmnyKot	969	8290	15
ParanoiaBeat	970	8288	15
hamed	971	8286	15
Donofifou	972	8285	15
Longdexin99	973	8283	15
calm	974	8282	15
Krevedko	975	8281	15
HeroPower	976	8279	15
al3ubed	977	8279	15
ХитрыйКраб	978	8279	15
Fløpper	979	8276	15
waterenjoyer	980	8275	15
SKYLLER	981	8275	15
iZeRox3	982	8273	15
Elusive	983	8270	15
arntarne	984	8270	15
PlanetDirt	985	8268	15
Zeubave	986	8268	15
MusicWarrior	987	8268	15
Darkhorror	988	8268	15
Out	989	8267	15
FATMAN	990	8267	15
DANGER	991	8267	15
xolodok	992	8266	15
wsa7wow	993	8266	15
CTAH	994	8265	15
Paniro	995	8264	15
sadpepa	996	8263	15
Hebihime	997	8263	15
Duller	998	8261	15
Perdon	999	8259	15
AlphaMale	1000	8257	15
Budzzza	1001	8255	15
Finespoo	1002	8254	15
Brolifter	1003	8252	15
DemonHunter	1004	8251	15
Svinina	1005	8250	15
Borus	1006	8249	15
KillerBe	1007	8249	15
Arpyyy	1008	8248	15
Shantoy	1009	8248	15
Miranda	1010	8247	15
Eternallie	1011	8246	15
МиниНиндзя	1012	8245	15
exzekutor	1013	8245	15
Thuni	1014	8245	15
Trangosu	1015	8244	15
Stickman	1016	8243	15
Markka	1017	8243	15
Omnicarbon	1018	8242	15
josch	1019	8242	15
ЗолотойГЭЭРР	1020	8241	15
MaciuśPL	1021	8241	15
ShockxZ	1022	8241	15
Silentmezz	1023	8240	15
Crosshairs	1024	8237	15
Nuvido	1025	8236	15
Myr	1026	8234	15
brokenrudi	1027	8234	15
Epsilon	1028	8232	15
TE1926	1029	8232	15
Razz	1030	8231	15
xdmenXD	1031	8228	15
Minapotheo	1032	8227	15
kingofkill	1033	8227	15
SuzukiMethod	1034	8226	15
YOLO	1035	8225	15
Sasko64	1036	8225	15
Barbatuz	1037	8225	15
Decei1ver	1038	8225	15
ITSTOOEZ	1039	8223	15
BaneOfSam	1040	8223	15
ЛенивыйТитан	1041	8221	15
ZLICHI	1042	8220	15
iHanjo	1043	8218	15
Taygeta	1044	8218	15
Кудрявый	1045	8216	15
loteronk	1046	8216	15
Zeky	1047	8215	15
ПОШЛЫЙХОМЖОН	1048	8215	15
puuh	1049	8215	15
ShadowStorm	1050	8215	15
magnum	1051	8212	15
AvaRISE	1052	8211	15
Alleria	1053	8211	15
Kozla	1054	8211	15
Dealwithit	1055	8210	15
bomj	1056	8209	15
Extrahammer	1057	8208	15
Juw1cq	1058	8208	15
Armath	1059	8207	15
Embrys	1060	8205	15
Стрелок	1061	8204	15
BambyBabyy	1062	8204	15
Fenix	1063	8203	15
OhTakeItEasy	1064	8203	15
Xazy	1065	8202	15
Light	1066	8201	15
Jeckyll	1067	8200	15
Max0maN	1068	8197	15
ТочныйЭлекк	1069	8197	15
Bobstroyer	1070	8194	15
metalSnake	1071	8192	15
harmich	1072	8192	15
NOS	1073	8190	15
Funker1337	1074	8190	15
Nalivaiko	1075	8188	15
videobased	1076	8188	15
Xili	1077	8187	15
DAEMONTools	1078	8186	15
Legas	1079	8183	15
MUD	1080	8183	15
NoReflexLFT	1081	8181	15
TheCobra	1082	8181	15
GoldWolf	1083	8180	15
pirre	1084	8180	15
AvideTv	1085	8180	15
Viberg	1086	8180	15
DarkGamer	1087	8179	15
ForsakenHK	1088	8178	15
Solo322	1089	8178	15
MrAzaghast	1090	8176	15
Zzatox	1091	8176	15
Интроверт	1092	8176	15
PepperPanic	1093	8175	15
Acholate	1094	8175	15
luffysama	1095	8175	15
Ink	1096	8174	15
HuyaMasterYa	1097	8174	15
Sw0rD900	1098	8173	15
ПерекатиПоле	1099	8173	15
maddeidk	1100	8172	15
ProstoFizik	1101	8170	15
Firas	1102	8170	15
FireDead	1103	8169	15
Charlie	1104	8169	15
lariend	1105	8168	15
Eno	1106	8168	15
mishtolak	1107	8167	15
TanZor	1108	8166	15
Neyro	1109	8164	15
Everinbloom	1110	8164	15
MDK	1111	8164	15
Bowser	1112	8163	15
TBEU	1113	8161	15
Miyakala	1114	8161	15
DancingDevil	1115	8160	15
NeonElk	1116	8159	15
Hardias	1117	8158	15
Kiryxa	1118	8156	15
kivistik2006	1119	8156	15
Egivan	1120	8155	15
Jaydenjames	1121	8155	15
Scandal	1122	8154	15
Oneshark	1123	8154	15
DikiyPudge	1124	8152	15
Alma	1125	8150	15
TuTri	1126	8150	15
Kushyo	1127	8149	15
Mogorva	1128	8148	15
Krausz	1129	8146	15
Yunand	1130	8146	15
Elven	1131	8145	15
Popaul	1132	8145	15
Kusattohito	1133	8144	15
Maz0x1st	1134	8143	15
Toasty	1135	8141	15
astro	1136	8141	15
KAMIKHAZE	1137	8141	15
Pardus	1138	8140	15
StigMcCloud	1139	8139	15
ProjoloGimb	1140	8138	15
Frozerka	1141	8137	15
Scady	1142	8137	15
thBlezz	1143	8137	15
Opar1sh2	1144	8136	15
Faceless	1145	8135	15
varnubug	1146	8132	15
Room	1147	8132	15
Beppe	1148	8131	15
Nilor	1149	8131	15
xofire	1150	8131	15
WytelDoody	1151	8130	15
Lichking	1152	8130	15
Esther	1153	8129	15
TrickyHunter	1154	8128	15
Shadow	1155	8128	15
RusniaSosi	1156	8127	15
Phobios	1157	8127	15
DobriK	1158	8125	15
mozassela	1159	8125	15
Shinuki	1160	8125	15
Мяукла	1161	8124	15
TomTdc	1162	8124	15
TrwwSporia	1163	8124	15
Kaban88mistr	1164	8124	15
Dvardovna	1165	8124	15
GuliGuli	1166	8123	15
Blaghden	1167	8123	15
Ackerberg	1168	8123	15
Gorica1941	1169	8122	15
Shelby666	1170	8121	15
Saucerer	1171	8120	15
MagmaRager	1172	8120	15
Phteven0802	1173	8120	15
СЕГАПОЦЕЛУЕВ	1174	8119	15
sultan23	1175	8118	15
Korsar	1176	8118	15
emmmmm	1177	8117	15
nafan4o	1178	8117	15
Fennec	1179	8114	15
Ilia	1180	8114	15
Gemorroy	1181	8112	15
LemonWolf	1182	8112	15
BOBJulio	1183	8111	15
Василиса	1184	8111	15
DANIELEGG	1185	8111	15
Rehouse	1186	8110	15
Eltisch	1187	8110	15
LengFeng	1188	8109	15
PotterMarie	1189	8109	15
Sotr3x	1190	8108	15
Vdk	1191	8108	15
Sukinoi	1192	8107	15
ChrisLynx	1193	8107	15
erzhan1613	1194	8107	15
Leukopeuko	1195	8106	15
FuzzyWuzzy	1196	8105	15
Sayzer	1197	8105	15
Bumbleboo	1198	8105	15
ŴĬŹŹŶ	1199	8104	15
Zedhar	1200	8103	15
snzvfi	1201	8102	15
Fem	1202	8102	15
Anael	1203	8102	15
Viperhere	1204	8102	15
Zanil	1205	8101	15
fishen	1206	8101	15
ACEez	1207	8100	15
Abis	1208	8099	15
Poputchik	1209	8098	15
bulgure	1210	8098	15
b0ngo	1211	8098	15
Hyperkarina	1212	8096	15
ZerGgBoY	1213	8096	15
ШутникМаг	1214	8094	15
Dmise	1215	8092	15
Arox	1216	8092	15
Gregori	1217	8091	15
Deimex	1218	8091	15
Hightime	1219	8091	15
Speedy4	1220	8091	15
alanliaodong	1221	8090	15
Olegtrikk	1222	8088	15
Samugga	1223	8088	15
hunteríco	1224	8088	15
RazieL	1225	8088	15
кисскаМск	1226	8087	15
GuacHS	1227	8087	15
Diplom	1228	8086	15
mrPoh	1229	8086	15
chwydu	1230	8086	15
gg228	1231	8086	15
Solik41	1232	8085	15
Dezzyu	1233	8085	15
Veve	1234	8084	15
Xtravalous	1235	8084	15
Magician	1236	8084	15
ChessMan	1237	8083	15
UnReaL	1238	8083	15
Reeborn	1239	8083	15
r1deRR	1240	8083	15
Flexnuts	1241	8083	15
Shooplers	1242	8082	15
Feraldain	1243	8081	15
GlobuzOFF	1244	8081	15
Provornuk	1245	8081	15
Sly	1246	8081	15
gyrak	1247	8081	15
falorde	1248	8081	15
Errcapi	1249	8080	15
Desidia	1250	8080	15
Ego	1251	8080	15
clément48	1252	8080	15
tortupizza	1253	8080	15
Мерзлоштан	1254	8079	15
AbuSchmerlin	1255	8079	15
SHXLLTEAR	1256	8078	15
Akdov370	1257	8078	15
El15billes	1258	8078	15
Hilou	1259	8078	15
Snowx95	1260	8078	15
Zyno	1261	8078	15
rovch	1262	8077	15
misterproper	1263	8076	15
CezzaR	1264	8076	15
koperek	1265	8076	15
marc92900	1266	8076	15
SlimeyShnake	1267	8076	15
goike	1268	8076	15
KoshkaSlay	1269	8076	15
acétylcoa	1270	8075	15
TpuK	1271	8075	15
MiNNoR	1272	8075	15
FlotteKatze	1273	8075	15
Torman	1274	8074	15
Muse	1275	8074	15
esmik	1276	8074	15
Flamed4	1277	8073	15
biigtonio	1278	8073	15
Davide	1279	8072	15
DontPanic	1280	8072	15
Lunatic	1281	8072	15
SepiaKodo	1282	8072	15
orendark	1283	8071	15
atommota	1284	8071	15
FireHound	1285	8071	15
Dragonborn	1286	8071	15
Антошка	1287	8071	15
RubeKOT	1288	8071	15
Алхимик	1289	8070	15
LifeOrb	1290	8070	15
M1ND3C0D3R	1291	8070	15
райзард	1292	8070	15
oxxxsytop	1293	8070	15
NauTeS	1294	8069	15
LFLMoEagle	1295	8069	15
Badboy	1296	8068	15
LewRom	1297	8068	15
Zarondark	1298	8068	15
drunkenrebel	1299	8068	15
ReD	1300	8068	15
SiDjey	1301	8067	15
Fedok	1302	8067	15
fiktio	1303	8067	15
Rokenz0	1304	8067	15
Profi64	1305	8067	15
klrotex	1306	8066	15
Spaego	1307	8066	15
DecaDenced	1308	8066	15
ЧестныйИндюк	1309	8065	15
Sury	1310	8065	15
Moneyvbane	1311	8065	15
Destroyn	1312	8065	15
Бахтияр	1313	8064	15
Zeraton	1314	8064	15
kikimore	1315	8064	15
Paul	1316	8064	15
Zinger	1317	8064	15
NorthernLite	1318	8064	15
Octopus	1319	8063	15
Xopek	1320	8063	15
Vebby	1321	8063	15
Sheonna	1322	8063	15
P1NEE	1323	8063	15
Deadtective	1324	8062	15
Sinz	1325	8062	15
pTu4kO	1326	8062	15
BlackSun	1327	8062	15
NerdsLegend	1328	8062	15
ZoomGG	1329	8062	15
DreiFantom	1330	8062	15
hakim	1331	8061	15
tehling	1332	8061	15
MaMu	1333	8061	15
Rando	1334	8061	15
mattia	1335	8060	15
Rollan	1336	8060	15
ХитрыйКраб	1337	8060	15
Viloutou	1338	8060	15
TrafalgarLaw	1339	8059	15
szavic	1340	8059	15
RenArisugawa	1341	8059	15
S1lvers	1342	8059	15
KingChrisi	1343	8059	15
Racemous	1344	8059	15
Odens	1345	8059	15
AmidroUZ	1346	8059	15
ApELbCiN	1347	8059	15
Brnnnr	1348	8058	15
North	1349	8058	15
onkain	1350	8058	15
Groomvol	1351	8058	15
MordWin	1352	8057	15
Metaleyes	1353	8057	15
Tankorad174	1354	8057	15
Rem	1355	8057	15
Stormi	1356	8057	15
GIGACHADbl4	1357	8057	15
Sammpo	1358	8057	15
Shambles	1359	8056	15
DavyDToto	1360	8056	15
ashadow20100	1361	8056	15
benteuch	1362	8056	15
Rampant	1363	8056	15
BceCynep	1364	8056	15
МОИСЕЙ	1365	8056	15
YoussefRm	1366	8055	15
Титан	1367	8055	15
ArthurDC60	1368	8055	15
PEPILO	1369	8054	15
Euglena	1370	8054	15
Lacarotte	1371	8054	15
Grat	1372	8054	15
NOA	1373	8053	15
Esdeath	1374	8053	15
Snoopy	1375	8053	15
kj061223	1376	8053	15
Manuel	1377	8053	15
Fatboy	1378	8053	15
BigGanche	1379	8053	15
Грыжа	1380	8052	15
Phill01	1381	8052	15
DrisMikNis	1382	8052	15
Ezaby	1383	8052	15
ImpYCelyn	1384	8052	15
Qulti	1385	8052	15
ГрязныйКлоун	1386	8052	15
Petyadidas	1387	8052	15
Titansrage	1388	8051	15
Safonz	1389	8051	15
WurLaund	1390	8051	15
CilaDima	1391	8051	15
RaisonT	1392	8051	15
Muse	1393	8051	15
Jzil	1394	8050	15
Bakster01	1395	8050	15
Crissie	1396	8050	15
mmbanan	1397	8050	15
Quaker	1398	8050	15
GilBestKun	1399	8050	15
Queen	1400	8049	15
Scenicc	1401	8049	15
Darkomick	1402	8049	15
KarTMooN	1403	8049	15
Dev	1404	8049	15
KOIIIKE	1405	8049	15
DaF1sh	1406	8049	15
Chebuch	1407	8048	15
Uwatenage	1408	8048	15
МишаХУК	1409	8048	15
alexxela	1410	8047	15
WtfVik	1411	8047	15
zeus	1412	8047	15
Quzion	1413	8047	15
Saxy	1414	8047	15
ollyaza	1415	8046	15
JuIIenbucken	1416	8046	15
Sousatos	1417	8046	15
PODONOCKK	1418	8046	15
SandyRay	1419	8046	15
DannyCMan	1420	8046	15
Toxin	1421	8046	15
SCSmash3r	1422	8046	15
Sadin	1423	8046	15
Bibma	1424	8045	15
DoReMI	1425	8045	15
Kanade	1426	8045	15
Lautarox	1427	8045	15
SidDiman	1428	8045	15
ГАЧИМУЧЕННИК	1429	8045	15
VarfaluVTop	1430	8045	15
sherlock	1431	8044	15
ElDiablo	1432	8044	15
jyramiidi	1433	8044	15
MaLygos	1434	8044	15
Айвенго	1435	8044	15
Csirkemlfilé	1436	8044	15
Astat	1437	8044	15
Monst3r	1438	8044	15
Eques	1439	8044	15
Hazard	1440	8044	15
cosmos	1441	8044	15
DingDong	1442	8044	15
AmirPodpivom	1443	8043	15
oqucc	1444	8043	15
Pjijfdez	1445	8043	15
Luxramm	1446	8043	15
senator	1447	8042	15
Desertuk	1448	8042	15
Xolost22sm	1449	8042	15
Firefix	1450	8042	15
Bamblebog	1451	8042	15
Potapych	1452	8042	15
RomainGouin	1453	8041	15
deilaris	1454	8041	15
ShrekHAHA	1455	8041	15
Already	1456	8041	15
Sid	1457	8041	15
Jaboco	1458	8041	15
yrotshi	1459	8041	15
ZLoiZeFear	1460	8041	15
Player08	1461	8041	15
Puppycat	1462	8040	15
ОтдайКарты	1463	8040	15
Lesto01	1464	8040	15
Nayoko	1465	8040	15
Искатель	1466	8040	15
Snick21rus	1467	8040	15
Dìf	1468	8040	15
RDB	1469	8040	15
Shiv	1470	8040	15
lemilzz	1471	8040	15
ann1ki	1472	8039	15
AlusyaHS	1473	8039	15
MarinCim	1474	8039	15
damcair	1475	8039	15
robustus	1476	8039	15
Kenboard	1477	8039	15
Zero	1478	8039	15
AvengeRon	1479	8039	15
ZeBub	1480	8039	15
korzhik	1481	8039	15
DENOFEViL	1482	8038	15
Nahallikoff	1483	8038	15
ShangoTD	1484	8038	15
Juli	1485	8038	15
born2die64	1486	8038	15
Alex	1487	8038	15
Pazuzu	1488	8038	15
kiritox	1489	8038	15
Adark	1490	8038	15
eweyone	1491	8038	15
Maych	1492	8037	15
GoldFish	1493	8037	15
Empir	1494	8037	15
Rise	1495	8036	15
Oxygen	1496	8036	15
SatanPWNZ	1497	8036	15
DeCri0t	1498	8035	15
Baldrick	1499	8035	15
Derover	1500	8035	15
K1tsune	1501	8035	15
Atrax	1502	8035	15
Adam	1503	8035	15
BrownTank	1504	8035	15
Mooshii	1505	8035	15
Chudoxxx	1506	8034	15
ЧудоМонах	1507	8034	15
Smol	1508	8034	15
ИскроМэн	1509	8034	15
Glückszwerg	1510	8034	15
Phoenix3644	1511	8034	15
YoungJesus	1512	8034	15
Hunter	1513	8034	15
RoMeWolv	1514	8034	15
WorldEvil	1515	8033	15
fisker	1516	8033	15
Ded	1517	8033	15
Nexus	1518	8033	15
szineztezia	1519	8033	15
RamboGenesis	1520	8033	15
Krys	1521	8033	15
BANDYmyx	1522	8033	15
Sn3oos	1523	8033	15
Sevack	1524	8033	15
Виктория	1525	8032	15
Kein	1526	8032	15
Reaverxai	1527	8032	15
Троль	1528	8032	15
DecaDD	1529	8031	15
LyBovSky	1530	8031	15
Luckyzorr	1531	8031	15
ХваткийКодо	1532	8031	15
GoobLeJake	1533	8031	15
GlenGarioch	1534	8031	15
CmcGranota	1535	8031	15
MulloNalkA	1536	8031	15
Tomato	1537	8031	15
Tr0j	1538	8030	15
Igoreklow	1539	8030	15
NothingTried	1540	8030	15
GluckStudio	1541	8030	15
Kriksy	1542	8030	15
GetdaFkOut	1543	8030	15
PewPew	1544	8030	15
Clod01	1545	8030	15
Onion	1546	8030	15
Ластик	1547	8030	15
addeaudi	1548	8030	15
Elvenblood	1549	8030	15
GrayGhost	1550	8030	15
CaH9I	1551	8029	15
Yuha	1552	8029	15
Shaman	1553	8029	15
liniment	1554	8029	15
PennySaysBye	1555	8029	15
Ravenous	1556	8029	15
Ante	1557	8029	15
TonyIrish	1558	8029	15
MrBrappy	1559	8029	15
LichKing	1560	8029	15
Ghost97	1561	8029	15
ManBeerPick	1562	8029	15
Thirdeye	1563	8028	15
Hydrogendog	1564	8028	15
SneezyDwarf	1565	8028	15
WhiteBerry	1566	8028	15
morgisjemala	1567	8028	15
YourLastHope	1568	8028	15
jeefLegend	1569	8028	15
Tudor	1570	8028	15
Accuracy47	1571	8028	15
Simple	1572	8028	15
Dartjik	1573	8028	15
Jenemai	1574	8028	15
Revelen	1575	8028	15
Pax	1576	8027	15
Sabo	1577	8027	15
Eneru	1578	8027	15
SilverName	1579	8027	15
Типси	1580	8027	15
Tr1z0phr3n	1581	8027	15
markin	1582	8027	15
Gogoa	1583	8027	15
Scorpion	1584	8027	15
ku4arka	1585	8027	15
Artbook	1586	8027	15
Kramer	1587	8027	15
paggyjuice	1588	8027	15
Brutal	1589	8026	15
Dauwn76	1590	8026	15
jisaak	1591	8026	15
Megalovaniac	1592	8026	15
Steinh	1593	8026	15
Smasher99	1594	8026	15
Lanziee	1595	8026	15
Counselor	1596	8026	15
Magog	1597	8026	15
GreenApple	1598	8026	15
ДжонПрестон	1599	8025	15
Freaxxx	1600	8025	15
arsobot	1601	8025	15
Ayrvin	1602	8025	15
Napalmus	1603	8024	15
anwfragma	1604	8024	15
Erosia	1605	8024	15
Akzuuu	1606	8024	15
metre	1607	8024	15
Cairne	1608	8024	15
Zerase	1609	8024	15
Påslakanet	1610	8024	15
joove	1611	8024	15
DEDUSHKA	1612	8024	15
MauveRaven	1613	8024	15
Medyatina	1614	8024	15
Blogis	1615	8024	15
Ksan	1616	8023	15
IthxNO	1617	8023	15
vasilii1096	1618	8023	15
felicidad	1619	8023	15
jelly	1620	8023	15
SirBefington	1621	8023	15
ТайныйРак	1622	8022	15
Weedzz	1623	8022	15
tommek4tw	1624	8022	15
IlDavis	1625	8022	15
drainer	1626	8022	15
Fumalol	1627	8022	15
Aztalavista	1628	8022	15
goblin	1629	8022	15
Reeinor	1630	8022	15
shar1ngan	1631	8022	15
Shadowmaster	1632	8022	15
Tometsu98	1633	8022	15
Fadeinc	1634	8022	15
WuggSaron	1635	8021	15
BaaBaBomba38	1636	8021	15
bullen	1637	8021	15
Hambürger	1638	8021	15
levokosmaxim	1639	8021	15
fox	1640	8021	15
ДерзкаяЛиса	1641	8021	15
IzTabakerki	1642	8021	15
Harrison	1643	8021	15
Fewar	1644	8021	15
pev4ov	1645	8021	15
o4ko	1646	8020	15
DeadlyKitten	1647	8020	15
Lucchini	1648	8020	15
Chmoki	1649	8020	15
Koleco	1650	8020	15
JohnGarique	1651	8020	15
BigBoyHerb	1652	8020	15
Iseroc	1653	8020	15
БыдлоПес	1654	8020	15
Golub	1655	8020	15
Maestro	1656	8020	15
sney	1657	8020	15
Corrwinn	1658	8020	15
FrØzen	1659	8020	15
nyqueaula	1660	8019	15
Пчела	1661	8019	15
getontop	1662	8018	15
Smoorth	1663	8018	15
Wunnybunny	1664	8018	15
KoalaCorn	1665	8018	15
Chilman	1666	8018	15
KarmaSpecNaz	1667	8018	15
NoFlexZone	1668	8018	15
GaorTim	1669	8018	15
Vidde	1670	8018	15
gubidahl	1671	8018	15
Director	1672	8018	15
MJM	1673	8018	15
Manguls	1674	8017	15
Kodjen	1675	8017	15
KalSo0n	1676	8017	15
xMegAtPaXePx	1677	8017	15
kuburga	1678	8017	15
Glory4UA	1679	8017	15
mLsLinkin	1680	8017	15
RasimCooper	1681	8017	15
Gilbert	1682	8017	15
Baq	1683	8017	15
SnowLHV	1684	8017	15
Ptiscarabé	1685	8017	15
VitalikelsEU	1686	8017	15
RealSecret	1687	8017	15
KingMenin	1688	8016	15
RaVaGeUr	1689	8016	15
OliveWight	1690	8016	15
viiluri	1691	8016	15
femster	1692	8016	15
Veret	1693	8016	15
bulletimes	1694	8016	15
kokos191	1695	8016	15
qman	1696	8016	15
Porcupine	1697	8016	15
Fottimatre	1698	8016	15
Grommed	1699	8015	15
DerCardProfi	1700	8015	15
wtfismyname	1701	8015	15
H2O	1702	8015	15
Ego2011	1703	8015	15
Opital	1704	8015	15
NasralKr3pko	1705	8015	15
Skreeler	1706	8015	15
Lifteur	1707	8015	15
Kakosikk007	1708	8015	15
GROOT	1709	8015	15
Sunaj66	1710	8015	15
Sergio	1711	8015	15
wke218	1712	8014	15
Akashi	1713	8014	15
Farmaceft	1714	8014	15
evgeni008	1715	8014	15
Ghost	1716	8014	15
Ondrasek77	1717	8014	15
van1sh	1718	8014	15
Dirtybrody	1719	8013	15
Spawn	1720	8013	15
Android190	1721	8013	15
XyanPereiro	1722	8013	15
Deadhunter	1723	8013	15
HeavyMetal	1724	8013	15
Gilikil	1725	8013	15
Galaxymus	1726	8013	15
Jamargal	1727	8013	15
ArcticSteve	1728	8013	15
ThunderBolt	1729	8013	15
RebelCamel	1730	8012	15
HabitRapido	1731	8012	15
dddtyy	1732	8012	15
ImSerious	1733	8012	15
rasko93	1734	8012	15
ShinyHaxorus	1735	8012	15
Nagibator228	1736	8012	15
mely974	1737	8012	15
МощныеШтаны	1738	8012	15
KASATKA	1739	8011	15
BushBaby	1740	8011	15
Hoodo	1741	8011	15
senpai	1742	8011	15
Barta95	1743	8011	15
Vincukas	1744	8011	15
Riou	1745	8011	15
Anjo	1746	8011	15
Magnusma18	1747	8011	15
Chosen	1748	8011	15
Caide	1749	8011	15
Drasiel	1750	8011	15
ALFREINUS	1751	8010	15
VValdis	1752	8010	15
xlopec	1753	8010	15
Impossibro	1754	8010	15
Kirill	1755	8010	15
drezery	1756	8010	15
Uberhulk	1757	8010	15
kistoxa	1758	8010	15
Yojimbo	1759	8010	15
Tankafer	1760	8010	15
Ram778	1761	8010	15
Еврей	1762	8010	15
Bsaadati	1763	8010	15
Rasputnik	1764	8010	15
fortheswarm	1765	8010	15
Darters	1766	8010	15
MePrincess	1767	8010	15
Velero	1768	8010	15
Blotrese	1769	8010	15
SaysOp	1770	8010	15
Feed	1771	8009	15
DARKNESS	1772	8009	15
Chris	1773	8009	15
liv3d	1774	8009	15
moguls	1775	8009	15
Suirad	1776	8009	15
HiHat	1777	8009	15
mythbuster	1778	8009	15
CAH9motopila	1779	8009	15
kynsmazos	1780	8009	15
Manok	1781	8009	15
FirePoireau	1782	8009	15
Nemmec	1783	8009	15
Vragmag	1784	8009	15
Styx	1785	8009	15
Pioner	1786	8009	15
Djeki	1787	8008	15
BigCongre	1788	8008	15
Jaxonfive57	1789	8008	15
PR0EXTR1M	1790	8008	15
Koshkodevka	1791	8008	15
Neadonalisa	1792	8008	15
Hateric	1793	8008	15
Mathkb	1794	8008	15
Kamish	1795	8008	15
sypersviblo	1796	8008	15
Castle	1797	8008	15
SanyaKebab	1798	8008	15
МаркоРойс	1799	8008	15
Yamakasi	1800	8007	15
IIATRIOT	1801	8007	15
Goahara	1802	8007	15
Semka	1803	8007	15
Distortion	1804	8007	15
LazySid	1805	8007	15
sproink	1806	8007	15
blackmort	1807	8007	15
MrHelios	1808	8007	15
Gertturbo	1809	8007	15
BLOODLUST	1810	8006	15
TrueSelfOfMe	1811	8006	15
Clockwork	1812	8006	15
Yuriy	1813	8006	15
Prongul	1814	8006	15
BIGFRAPPIE	1815	8006	15
CTpaHHuK	1816	8006	15
Khasar	1817	8006	15
Karapetich	1818	8006	15
QuirkyTurtle	1819	8006	15
SilentKiller	1820	8006	15
koulikis	1821	8006	15
Rustyman	1822	8006	15
Loreyns	1823	8005	15
lainatnis	1824	8005	15
MonkeyDskin	1825	8005	15
SnSn	1826	8005	15
ГУСЬТОП1	1827	8005	15
ChillyWilly	1828	8005	15
Smurfing	1829	8005	15
ducbob	1830	8005	15
Bruus	1831	8005	15
Praynick001	1832	8005	15
pOvod	1833	8005	15
nortonuss	1834	8005	15
Caseym	1835	8005	15
OurseChic	1836	8004	15
betabane	1837	8004	15
Driou	1838	8004	15
KYKLAWOD	1839	8004	15
GeNeRaToR	1840	8004	15
xxTOLExx	1841	8004	15
Optane	1842	8004	15
Tonsen	1843	8004	15
Mechnzoth	1844	8004	15
kindhunter	1845	8004	15
leduk	1846	8004	15
ShadowDragon	1847	8004	15
Byxalk	1848	8003	15
HUYASTAS	1849	8003	15
Heiyewuya	1850	8003	15
Danilson	1851	8003	15
Villan	1852	8003	15
Jore	1853	8003	15
CyanRogue	1854	8003	15
bæk	1855	8003	15
LilDevil	1856	8003	15
Kronas	1857	8003	15
olauzzoN	1858	8003	15
deekey	1859	8003	15
vitochef	1860	8003	15
skillzer0	1861	8003	15
OneOne	1862	8003	15
SleepyOwl	1863	8003	15
devzosaurus	1864	8002	15
qwerty	1865	8002	15
CumBezz	1866	8002	15
Wonder	1867	8002	15
Deyan	1868	8002	15
Senpai	1869	8002	15
linkoln	1870	8002	15
bugsylla	1871	8002	15
Masamune	1872	8002	15
Artem1s	1873	8002	15
Maximka	1874	8002	15
Failond	1875	8001	15
goodluck	1876	8001	15
SinTetik	1877	8001	15
feel32own	1878	8001	15
Ember	1879	8001	15
easymemes	1880	8001	15
YaNki	1881	8001	15
Djoxe	1882	8001	15
Laconter	1883	8001	15
YouWillLoose	1884	8001	15
sleepless	1885	8001	15
DrPhil	1886	8001	15
Peeloton	1887	8001	15
Dunnohippo	1888	8001	15
RollemHigh	1889	8001	15
Twilight	1890	8001	15
Nadjus	1891	8000	15
CAMILLLLLLAW	1892	8000	15
UABoSS	1893	8000	15
dusselluke	1894	8000	15
Unclephil	1895	8000	15
ollie	1896	8000	15
WhiteEnergy	1897	8000	15
Stantje	1898	8000	15
Pandemonium	1899	8000	15
БубновыйТуз	1900	8000	15
Explosion	1	20368	16
СмелыйВомбат	2	20012	16
Viconia	3	19264	16
Мэйбл	4	18679	16
TedJefferson	5	17945	16
SilverRain	6	17872	16
Melody	7	17515	16
Fluderutus	8	17330	16
GUSYRA	9	17329	16
Deionara	10	16367	16
WisX	11	16364	16
Dito	12	16295	16
hank	13	16237	16
kekandop	14	15900	16
ddlydoll	15	15867	16
Woland	16	15602	16
MEPHISTO	17	15462	16
FlameBear	18	15427	16
igeenger	19	15318	16
happysmile	20	15038	16
SamON	21	14977	16
EDGE	22	14786	16
Bob	23	14370	16
ГлиноГрег	24	14149	16
zertyter9	25	14097	16
zingz	26	14097	16
Slib	27	13950	16
Simon	28	13918	16
l099y	29	13845	16
Askaruda	30	13766	16
jopa	31	13749	16
Make	32	13722	16
ilittlepanda	33	13676	16
Sayōnara	34	13648	16
irtem	35	13627	16
CatchThemAll	36	13549	16
dai	37	13543	16
HugeBang	38	13345	16
SAY09ARA	39	13333	16
Th3Magny	40	13253	16
Meowka	41	13242	16
Vict2706	42	13210	16
TheArcher	43	13175	16
SkrO	44	13147	16
Eeireee	45	13133	16
Eisenerf	46	13111	16
rovch	47	13098	16
Subtractor	48	13073	16
Diminou	49	13035	16
managaOleh	50	13016	16
pew	51	12897	16
RomaMEGA	52	12893	16
Melkor	53	12881	16
fantozzi	54	12879	16
TheRabbin	55	12854	16
Xenx3127	56	12841	16
ArslanLegend	57	12831	16
Dextreme	58	12825	16
SneakySquid	59	12650	16
n14	60	12641	16
Dark5ider5	61	12632	16
Miraya	62	12622	16
MusclGui	63	12591	16
SteakFrite	64	12591	16
Tormento	65	12542	16
CompadeTormi	66	12536	16
Ultraslayer	67	12471	16
Metaleyes	68	12461	16
krikerman	69	12446	16
Salonearbuz	70	12429	16
ТарасВульва	71	12367	16
Genkid	72	12350	16
Djings	73	12264	16
Detective	74	12241	16
cye	75	12224	16
Liakusha	76	12188	16
Kein	77	12173	16
Eis	78	12127	16
youshang	79	12124	16
twd	80	12120	16
bitzu	81	12119	16
cuckchromo47	82	12106	16
Warbringer	83	12098	16
thesimple	84	12046	16
Deeckey	85	12041	16
GAP1698	86	12017	16
Tenebrarum	87	12005	16
UAENO1	88	11983	16
succersn	89	11971	16
Thanatos	90	11966	16
FrenzHS	91	11965	16
Globox	92	11960	16
Eimz	93	11917	16
Tomso93	94	11891	16
Anatidae	95	11887	16
yorickjoo	96	11850	16
GBBAndrew	97	11845	16
Goon1	98	11833	16
NutSnack	99	11821	16
GSǂRolex	100	11787	16
ARC	101	11772	16
ВасяСварка	102	11729	16
Goon2	103	11711	16
Pupppa	104	11685	16
Spidy	105	11672	16
РоботКолдун	106	11647	16
kornoth	107	11641	16
Randolf	108	11607	16
Kupfergoblin	109	11605	16
Тайпан	110	11588	16
Bronzegoblin	111	11566	16
thatjt	112	11564	16
Tchikalaboum	113	11520	16
Arhion	114	11477	16
BabyDeionara	115	11473	16
BradWong	116	11472	16
govno4	117	11439	16
FalafelBill	118	11424	16
PirreSmurf	119	11389	16
Gogoa	120	11382	16
CumBezz	121	11369	16
Vyzero	122	11342	16
Ketodivi146	123	11330	16
GringerBasic	124	11329	16
goldegram	125	11328	16
Artanar	126	11305	16
DekA	127	11293	16
Croki	128	11289	16
lollittle	129	11279	16
embrx	130	11240	16
Hezekiel	131	11234	16
Solitude	132	11202	16
Android190	133	11187	16
IluZioN	134	11186	16
Egivan	135	11184	16
maltus72	136	11175	16
MrPumkinDuke	137	11142	16
Sarkos	138	11141	16
SEEEEEEENPAI	139	11127	16
MrBRITT	140	11121	16
Leney	141	11112	16
JEBKA	142	11107	16
Harald	143	11104	16
Oriole	144	11090	16
LaKu	145	11088	16
Destructor13	146	11073	16
PenPen	147	11073	16
Utry	148	11070	16
iuphul	149	11026	16
Anei	150	11024	16
Teo	151	11015	16
Dastey	152	11008	16
fishen	153	11000	16
Romidu78	154	10996	16
puuh	155	10989	16
itachier	156	10988	16
Minolisk	157	10965	16
Nelemiah	158	10957	16
Grim	159	10942	16
ддааррииннаа	160	10927	16
NSKL	161	10907	16
Aysegulcan	162	10882	16
adhil	163	10874	16
DANIELEGG	164	10865	16
xofire	165	10864	16
keg1	166	10860	16
halkri	167	10855	16
EMAUKA	168	10840	16
Medveba	169	10822	16
Few	170	10819	16
alatata	171	10812	16
Toxin	172	10803	16
Qnigmatic	173	10783	16
igeenger	174	10770	16
Kimpay	175	10765	16
FlaxLich	176	10757	16
mock1ngb1rd	177	10745	16
Zapperinn1	178	10744	16
Nordhesser	179	10737	16
ХитрыйКраб	180	10735	16
Ink	181	10723	16
Thrall	182	10704	16
Rngsucks	183	10691	16
ShadowStorm	184	10689	16
СтоякБезДела	185	10687	16
Abdulhadi	186	10681	16
King64	187	10680	16
Kisonell	188	10678	16
Giantze	189	10676	16
ChessMan	190	10672	16
Balo45TheGod	191	10667	16
Dayday	192	10662	16
jeefLegend	193	10660	16
notNN	194	10660	16
Akureimo	195	10660	16
MuNGGG	196	10656	16
SicBert	197	10656	16
TiGrey	198	10655	16
m0rtal	199	10645	16
QuizPBacon	200	10604	16
Zērñø6453	201	10599	16
Glada	202	10598	16
ЯркийВомбат	203	10591	16
xle	204	10587	16
Terminator	205	10576	16
Uncontrolled	206	10575	16
MrAzaghast	207	10572	16
drainer	208	10568	16
Yatech	209	10568	16
EternityRain	210	10566	16
Dmitryda	211	10555	16
Reddigan	212	10549	16
huyaBot	213	10548	16
Bloodyyx	214	10548	16
Rayman	215	10548	16
Sektant	216	10546	16
Minato78	217	10545	16
BananaJoe	218	10536	16
УльтраЖижа	219	10530	16
ToTheMoon	220	10529	16
theoz	221	10509	16
Frankster	222	10503	16
porolon	223	10497	16
ШикарнаяЖижа	224	10492	16
Tiluma	225	10480	16
бебебе	226	10476	16
Prikolist	227	10473	16
Bing	228	10458	16
ПозднийКот	229	10451	16
Ricbus	230	10451	16
AhmedHabibi9	231	10448	16
Alastair	232	10442	16
Ibez	233	10442	16
Gloosik	234	10441	16
átta	235	10441	16
musikkusik	236	10439	16
Envids	237	10437	16
xdmenXD	238	10431	16
merak1t	239	10429	16
FuzzyFennec	240	10425	16
flameloa	241	10422	16
rennytao	242	10414	16
ApocalipsuL	243	10405	16
Goldik	244	10403	16
Amorta	245	10401	16
keeperessa	246	10401	16
slbquista	247	10382	16
Nosaka	248	10371	16
benteuch	249	10367	16
ColdtongG	250	10363	16
NedLand	251	10359	16
baal	252	10359	16
Elward	253	10354	16
ГибкийГрелль	254	10344	16
ЭхЧтоЗаТяги	255	10343	16
visanders	256	10336	16
ХитрыйЛось	257	10335	16
Василиса	258	10333	16
SzokoSwiR	259	10317	16
Coma	260	10309	16
ptXnadzieja	261	10306	16
thBlezz	262	10302	16
KingOfSpace	263	10300	16
Koen	264	10299	16
JustDylan	265	10292	16
fem	266	10290	16
GuliGuli	267	10283	16
GiGiZaShagi	268	10280	16
Shay	269	10280	16
BlackJed	270	10279	16
persh	271	10277	16
Palau	272	10275	16
KilouNco	273	10272	16
FLexX	274	10262	16
Vidal973	275	10260	16
PatAfrique	276	10260	16
xDEJAxVUx	277	10258	16
AZAMAT	278	10254	16
dctrX	279	10251	16
Lukas	280	10242	16
CTAH	281	10236	16
GoldBear	282	10229	16
Skrik	283	10228	16
FlowRian	284	10227	16
TETOKASANE	285	10219	16
Kalczuk	286	10216	16
西伯利亚土豆大王	287	10201	16
VeeV	288	10190	16
Les	289	10186	16
Balu	290	10181	16
Lordini	291	10178	16
LilacLoa	292	10178	16
LEGRANDOWNYD	293	10177	16
Chaussette	294	10164	16
Kaneki	295	10164	16
Horovodovod	296	10161	16
Гвеночка	297	10160	16
BECHA	298	10157	16
Ageres	299	10140	16
Klotzman	300	10130	16
Camazotz	301	10128	16
Blizzya	302	10127	16
panda	303	10126	16
tumoxa	304	10123	16
powerrade	305	10120	16
DctrY	306	10118	16
МокрыйВорон	307	10117	16
Quutamo	308	10111	16
Юрьич	309	10107	16
Joar	310	10106	16
RunningBeer	311	10101	16
Seynar	312	10099	16
Smoker	313	10097	16
SpaceMurloc	314	10094	16
Famedparsley	315	10087	16
maks20k	316	10085	16
Chyva4ok	317	10085	16
Spezi	318	10079	16
Eclipse	319	10073	16
BlackTec	320	10068	16
titusbonk	321	10068	16
AntiUA	322	10068	16
Albertus	323	10060	16
mohammedlee	324	10056	16
MrLenny	325	10055	16
Bazuc	326	10053	16
légendaire	327	10047	16
Seevabbe	328	10041	16
OpaNa	329	10037	16
MCwatergod	330	10026	16
Bim1noug	331	10024	16
Papifouettar	332	10024	16
Kriplese	333	10021	16
Artemeezy	334	10021	16
FalconCrux	335	10017	16
ZerGgBoY	336	10014	16
Applepie	337	10012	16
manyking	338	10010	16
Setsuna	339	10008	16
WoodChuck	340	10008	16
bud	341	10007	16
NightRavenEU	342	10004	16
Rave	343	10002	16
Lerooy	344	10002	16
PP1337	345	10000	16
Ernie	346	9999	16
Great	347	9998	16
tomatenbauer	348	9996	16
addmin	349	9995	16
Talgoxen	350	9994	16
Luxurary	351	9990	16
Vrtvp	352	9990	16
Frontside	353	9988	16
GAZIM	354	9975	16
HateMurloks	355	9972	16
Nia	356	9972	16
Spawn	357	9971	16
VictoryJuly	358	9970	16
DeadlyMouse	359	9962	16
technotyp	360	9958	16
DlovaN	361	9948	16
Shooller	362	9943	16
BabyNoobaBoB	363	9939	16
PredaThor	364	9935	16
Fluy	365	9933	16
PupsGoRooRoo	366	9931	16
BOBBINONION	367	9928	16
Hidan	368	9927	16
Ayanami	369	9924	16
Gifter	370	9924	16
VoTiVSEDolbo	371	9920	16
Razack	372	9917	16
Enum	373	9907	16
woniubi	374	9906	16
Dragontwist	375	9897	16
wystanich	376	9894	16
КАРТОХА	377	9876	16
KingChrisi	378	9875	16
Мороженко	379	9873	16
Erdanor	380	9871	16
Starck	381	9869	16
Gurnar	382	9856	16
LordDragon	383	9854	16
Filip	384	9848	16
killua	385	9845	16
Moondog	386	9845	16
MaydiePrime	387	9845	16
Ledra	388	9845	16
Шапочка	389	9836	16
Hunter	390	9827	16
glowin9	391	9814	16
Ermak	392	9812	16
Лапочка	393	9809	16
IdeVador	394	9806	16
Sneax	395	9798	16
BryanRSCL	396	9787	16
born2die64	397	9786	16
AJIbqpa	398	9783	16
DeaXStormZ	399	9783	16
Artem1s	400	9782	16
Ded	401	9781	16
LavaBat	402	9780	16
KOIIIKE	403	9778	16
chrisgame	404	9770	16
Snooder	405	9770	16
Тисона	406	9768	16
Igoreklow	407	9765	16
r4BB	408	9758	16
Botanich	409	9753	16
Estiny	410	9751	16
Xolms	411	9745	16
Millhouße	412	9744	16
boom	413	9732	16
wikikeeper	414	9726	16
Catspirit	415	9723	16
doggySTREAM	416	9718	16
Thanatos	417	9713	16
coldheart	418	9710	16
StillTrying	419	9709	16
OldGuyEarl	420	9705	16
goblin	421	9699	16
BARBALARVO	422	9697	16
Needless	423	9694	16
Enteo	424	9690	16
Pint0	425	9688	16
calient	426	9684	16
SirBubbleBut	427	9682	16
Danilson	428	9680	16
LAG	429	9679	16
JAMBAMJI	430	9679	16
AvideTv	431	9670	16
Ikinagara	432	9670	16
DodiDodi	433	9665	16
cosmos	434	9660	16
Tolmachevau	435	9658	16
skeleton22	436	9650	16
Molz	437	9649	16
Pepo	438	9642	16
Tutenshamun	439	9642	16
Пельмешка	440	9637	16
Koshchei	441	9634	16
Wunnybunny	442	9633	16
Totoro	443	9627	16
Orpinell	444	9624	16
BenAflic	445	9624	16
vmsep	446	9621	16
Esador	447	9612	16
mankingthing	448	9603	16
Félix	449	9602	16
Unoriginell	450	9602	16
Andreas	451	9601	16
Beny	452	9597	16
alibird	453	9596	16
Fiasko	454	9592	16
shveps	455	9586	16
PoutreEPIQUE	456	9586	16
MiracleHS	457	9584	16
Garouck	458	9584	16
LyMar	459	9581	16
FrcFaust	460	9579	16
fox1699	461	9575	16
FemtoPhys	462	9572	16
Spyrozgz	463	9570	16
PlanetDirt	464	9566	16
NOS	465	9565	16
emp	466	9565	16
Kuutam0	467	9560	16
MrInvisable2	468	9556	16
artmavr	469	9553	16
BattleGDD	470	9544	16
Aleph	471	9543	16
mbogos	472	9539	16
Aladeer	473	9536	16
JONES	474	9536	16
Vagabungo	475	9535	16
Mephysto	476	9530	16
krutoi23	477	9516	16
LichKing	478	9515	16
plöt	479	9513	16
FlaMe	480	9498	16
Ted	481	9497	16
Maximka	482	9497	16
majekako	483	9494	16
bay	484	9494	16
Nahallikoff	485	9492	16
Sneaklol	486	9492	16
Hipewie	487	9478	16
Karrimass	488	9477	16
krashnak	489	9477	16
Munkoha	490	9473	16
GreenApple	491	9473	16
Pheb	492	9465	16
Kylf	493	9464	16
Narumo	494	9464	16
Butchan	495	9454	16
Batu	496	9453	16
Artemikl	497	9451	16
Lebiys	498	9450	16
Extrahammer	499	9445	16
Aeryst	500	9445	16
Barbaris	501	9444	16
psLegat	502	9442	16
Chris777	503	9440	16
ВИПколяска	504	9438	16
Bischem	505	9433	16
zenie	506	9431	16
Xeno	507	9431	16
Котун	508	9428	16
SKYLLER	509	9428	16
DeepBlueApu	510	9426	16
Arven	511	9426	16
UnusualSpoon	512	9424	16
Meancor	513	9424	16
Tsomozxc	514	9418	16
Dam7970	515	9417	16
YoCuteSenpai	516	9414	16
Jav	517	9410	16
Avesq	518	9409	16
Кнетчес	519	9404	16
kouniamamao	520	9401	16
frost	521	9400	16
MrSpockY	522	9398	16
Maniuszka	523	9397	16
Evu	524	9396	16
Zreem	525	9395	16
Taljara	526	9395	16
Badboy	527	9394	16
Ninten	528	9392	16
ItzPenzo	529	9392	16
krol1k	530	9391	16
Bombara	531	9386	16
Жабка	532	9384	16
Wuppen	533	9384	16
Juw1cq	534	9382	16
RunicTitan	535	9379	16
Luplow	536	9378	16
Rolcsy	537	9378	16
inconnus	538	9375	16
Correctness	539	9375	16
Cheesecake	540	9374	16
WayToLegend	541	9373	16
Foxtill	542	9372	16
MeloLaZanga	543	9372	16
Yorickk	544	9372	16
Bugymean	545	9369	16
MrErsu	546	9367	16
Azrael	547	9363	16
HeroPower	548	9362	16
TurkMaster	549	9360	16
Slehta	550	9357	16
ReadyFreddy	551	9354	16
Yurecbksj	552	9348	16
Denvort	553	9347	16
Bashstard	554	9347	16
JPJR003	555	9344	16
HarambeLover	556	9343	16
Khorne	557	9342	16
L2kSlavon	558	9342	16
Povar	559	9321	16
PashtetRU	560	9319	16
SuzukiMethod	561	9315	16
BlackB12	562	9307	16
Еврей	563	9306	16
Morgrain	564	9305	16
Sheva1221	565	9303	16
romanl	566	9303	16
Alibrain	567	9303	16
Fibz27	568	9301	16
AcornBrain	569	9301	16
Жужалица	570	9290	16
Joeland	571	9287	16
KevinWillis	572	9286	16
Den777	573	9283	16
Schnitzler	574	9279	16
Burhnach	575	9276	16
shaffaaf27	576	9275	16
Ralul	577	9272	16
GreyDawn	578	9271	16
MrNegotive	579	9269	16
kivistik2006	580	9263	16
SWAGOWSKY	581	9263	16
RusniaSosi	582	9258	16
FruitDealer	583	9250	16
MarkGray	584	9246	16
yoshi6409	585	9244	16
Armess	586	9244	16
Dopldr17	587	9243	16
clooudus	588	9243	16
Thorminator	589	9242	16
mAdaL	590	9241	16
Zeubave	591	9241	16
Diablojunior	592	9238	16
Mpi	593	9238	16
Exotic	594	9237	16
Pharah	595	9235	16
Klumpen	596	9235	16
Gtbear	597	9234	16
Ryyudo	598	9231	16
Settris	599	9225	16
Huskey	600	9221	16
Yana	601	9221	16
goz	602	9213	16
Foxy	603	9213	16
Mag9705	604	9208	16
Kadly	605	9205	16
DarkGamer	606	9205	16
Skalmanleif	607	9203	16
Reyden	608	9199	16
Crucifer	609	9199	16
AcidSmack	610	9195	16
СэрМрргглтон	611	9192	16
Tyziara	612	9188	16
YourReaLDad	613	9188	16
Bobby	614	9188	16
Antonbaoan	615	9187	16
Nomster	616	9185	16
kiritox	617	9182	16
BaaBaBomba38	618	9180	16
ТавернаБоба	619	9180	16
Fransman	620	9178	16
dudeldoedel	621	9177	16
Lupi	622	9174	16
DaF1sh	623	9172	16
Servetel	624	9171	16
anwfragma	625	9170	16
Terrorwolf	626	9170	16
ХитрыйСтраус	627	9169	16
ALSOR	628	9169	16
jelly	629	9169	16
Krausz	630	9162	16
lennylurk	631	9158	16
Kraël	632	9158	16
Demetrius	633	9157	16
Krutmaks	634	9155	16
Shamaniac	635	9154	16
NightKnight	636	9151	16
Котик	637	9150	16
DeathStar	638	9149	16
Seal	639	9148	16
sniper	640	9145	16
coilnovagg	641	9144	16
dooiemonk	642	9143	16
TanZor	643	9138	16
magnum	644	9135	16
Anassterian	645	9133	16
YoloGoat	646	9127	16
pugapoe1	647	9121	16
Wunsh	648	9117	16
pepsipriest	649	9113	16
Xili	650	9111	16
JornXD	651	9109	16
Maxwn	652	9105	16
KODVAMMMMMMM	653	9104	16
Senpai	654	9104	16
Ultimatehero	655	9104	16
SaysOp	656	9104	16
Fallanon	657	9103	16
NSKD	658	9103	16
hardwell	659	9102	16
Alis	660	9096	16
yourWaifu	661	9091	16
oxehunden	662	9091	16
Bombey	663	9089	16
Biondo	664	9085	16
antireflexx	665	9085	16
sjowyuicy	666	9085	16
Ty3uK	667	9083	16
Silence	668	9080	16
liniment	669	9077	16
RMD4000	670	9077	16
xMegAtPaXePx	671	9074	16
Kucher	672	9074	16
Firefly	673	9073	16
HeavyMetal	674	9072	16
Proveider	675	9072	16
Jalionas	676	9070	16
SilverWolf	677	9069	16
Nkts	678	9066	16
van1sh	679	9065	16
Ryman	680	9064	16
Bann	681	9062	16
JIus	682	9062	16
Danny	683	9062	16
Darkhorror	684	9061	16
Floflo541	685	9055	16
Julez	686	9054	16
oile	687	9054	16
Edna	688	9053	16
dofmxakoxjh	689	9052	16
YourLastHope	690	9049	16
wsa7wow	691	9049	16
Emil98	692	9044	16
asd1asd22061	693	9043	16
ГАЧИМУЧЕННИК	694	9042	16
Cow	695	9035	16
KingJulian	696	9032	16
Daenerys	697	9032	16
DrastiC	698	9032	16
Lolshit	699	9031	16
Vanquish	700	9031	16
Jamais2sans3	701	9030	16
TotoroIer	702	9029	16
Jellinek	703	9029	16
GlobuzOFF	704	9029	16
EyeIgnite	705	9029	16
xStEpAx	706	9028	16
ZLICHI	707	9027	16
Kustari	708	9024	16
MiguelPrado	709	9024	16
TBEU	710	9020	16
BoomerAPM	711	9019	16
titouan	712	9019	16
Istaxiuatle	713	9015	16
PIVO	714	9014	16
randydady	715	9013	16
Popaul	716	9013	16
Krespo	717	9008	16
Scar	718	9008	16
Nefarius	719	9008	16
Draken	720	9006	16
morgisjemala	721	9003	16
Smarty	722	9003	16
Mugi	723	9001	16
SnowLHV	724	8996	16
Kilosaur	725	8994	16
LetDragoon	726	8993	16
Vailhoss	727	8990	16
Martje	728	8987	16
Inimitable	729	8985	16
Revy	730	8982	16
Roka	731	8980	16
Ewanpleydu77	732	8979	16
Omnicarbon	733	8979	16
Tatik4MATIC	734	8978	16
koost64	735	8978	16
Beelz	736	8977	16
LetVenomz	737	8977	16
Moyezdarova	738	8976	16
Ggthusy	739	8975	16
Rogul	740	8974	16
ERIK	741	8974	16
stikus	742	8973	16
ГигаЧатБобр	743	8972	16
RomanKnight	744	8970	16
Pix	745	8969	16
Arkandos	746	8964	16
MadeBySuhich	747	8963	16
ImAlex	748	8962	16
GorDan	749	8960	16
honzis1364	750	8956	16
Muse	751	8953	16
LilDevil	752	8953	16
iamnotdarth	753	8953	16
EXORCIST	754	8952	16
trakzor	755	8952	16
SHARKYY	756	8951	16
Espy	757	8948	16
Hannibal	758	8945	16
Dartjik	759	8945	16
DmitriyZadow	760	8944	16
PoLid3R	761	8942	16
ark	762	8940	16
Laurii	763	8939	16
BlackBird	764	8938	16
NicoRobin	765	8938	16
pilis	766	8938	16
Dild0Beginz	767	8935	16
Raimero4ek	768	8932	16
Doom	769	8932	16
R7z	770	8930	16
Indubitably	771	8930	16
Skiaparelli	772	8928	16
Pashka4ever	773	8926	16
Smasher99	774	8926	16
Leksksks	775	8926	16
GreshniK	776	8925	16
YuukiBG	777	8923	16
Escaramurza	778	8922	16
Chilman	779	8920	16
ShockxZ	780	8914	16
P1ggy	781	8912	16
olauzzoN	782	8909	16
Kachura	783	8909	16
Franco30Zanu	784	8908	16
Gloubox	785	8905	16
smsm	786	8903	16
MrBit	787	8903	16
Misiorek	788	8903	16
Korenasa	789	8902	16
BenteBent	790	8901	16
WhiteNoise	791	8900	16
Espada	792	8897	16
Sparviero	793	8893	16
DEFENDER7829	794	8891	16
VitalikelsEU	795	8891	16
Narkar	796	8890	16
Mihail759	797	8889	16
DingDong	798	8888	16
RobbaZona	799	8886	16
erkk	800	8886	16
dawa3500	801	8886	16
Budzzza	802	8882	16
Zahae	803	8875	16
Eternallie	804	8871	16
BeJIaruSech	805	8868	16
Gods	806	8867	16
Shapeless	807	8866	16
Reaper257	808	8864	16
HQNA	809	8863	16
nk99	810	8858	16
Интроверт	811	8857	16
Trangosu	812	8857	16
GameOver	813	8856	16
AgentV	814	8855	16
Feanord	815	8854	16
Boomi	816	8853	16
TheLegend27	817	8852	16
Dallisha	818	8850	16
BaoBao	819	8850	16
LastLucky	820	8845	16
Zecarys	821	8845	16
Yusana	822	8844	16
Player	823	8844	16
clamox	824	8842	16
Alleria	825	8840	16
Bnetplayer	826	8839	16
Magician	827	8839	16
ǍŜŬŊǍ	828	8837	16
Merovée	829	8836	16
Mercyfull	830	8835	16
Ascard	831	8834	16
Pain	832	8833	16
Bmco	833	8833	16
BolikHS	834	8832	16
Saker	835	8832	16
Gringéroux	836	8829	16
b0ngo	837	8828	16
Spetsnaz	838	8825	16
Puppycat	839	8824	16
Jaydenjames	840	8823	16
ТочныйЭлекк	841	8821	16
快速的金色龍獸	842	8820	16
Ridha	843	8819	16
Xtravalous	844	8818	16
PigeonLord	845	8817	16
Ashji	846	8815	16
MetsJeesus	847	8811	16
DMNK	848	8810	16
Anael	849	8809	16
Rubii	850	8809	16
Diemydarling	851	8808	16
Hibiki	852	8807	16
Cronos	853	8804	16
BlueSKY	854	8802	16
Vilswarm	855	8801	16
Tyyppi	856	8800	16
ayanamilove	857	8800	16
mendel	858	8798	16
fuga	859	8796	16
Djoxe	860	8796	16
bomj	861	8796	16
MrAnanasYT	862	8795	16
esthereh	863	8793	16
Seigan17	864	8786	16
SpaceMonkey	865	8786	16
ХитрыйСыч	866	8784	16
pohyj	867	8783	16
Minapotheo	868	8782	16
Yeti	869	8782	16
Hoodo	870	8781	16
KYKLAWOD	871	8780	16
out9	872	8779	16
SuP3RSmUrFX	873	8778	16
RaisonT	874	8776	16
Big	875	8773	16
Steinh	876	8773	16
Sebbue	877	8772	16
miiiisha	878	8771	16
Muradin	879	8768	16
Dank1ng	880	8767	16
Sharfoezhka	881	8763	16
BlackSun	882	8762	16
Konnijiwa	883	8762	16
Igor	884	8761	16
Wetwist	885	8761	16
Kamalost	886	8759	16
TonyIrish	887	8759	16
Donkot	888	8758	16
NauTeS	889	8753	16
TitkosStream	890	8753	16
Huby	891	8752	16
Klown	892	8752	16
Seliz	893	8752	16
Gregor	894	8749	16
CuriousHeart	895	8749	16
Kusszancs	896	8744	16
TWIGL	897	8743	16
JoelMathie	898	8742	16
lend0n	899	8742	16
Veret	900	8741	16
war00maker	901	8741	16
ƁǾƘǬǃ	902	8740	16
Fugost	903	8738	16
Walle	904	8737	16
ReD	905	8737	16
nikitos	906	8736	16
Criptonic	907	8736	16
Bomjag	908	8736	16
NoxD	909	8734	16
esmik	910	8733	16
Sheonna	911	8730	16
Nomad	912	8729	16
Sokrates	913	8728	16
Jones	914	8727	16
Garanoob	915	8724	16
Seri	916	8723	16
HotSauce	917	8722	16
MementoMori	918	8721	16
Deus	919	8720	16
Nunchik	920	8717	16
Boluard	921	8717	16
kekw	922	8715	16
Beastyred	923	8712	16
BachJunior	924	8710	16
ASJEY	925	8710	16
Topspin	926	8708	16
Zeky	927	8707	16
ConkAndBepis	928	8706	16
NIK	929	8705	16
Rahm	930	8700	16
Maksoman	931	8700	16
Mapuuu	932	8700	16
VeryBigTable	933	8699	16
qwerty	934	8698	16
zloyVomka	935	8696	16
Керриган	936	8695	16
Fottimatre	937	8695	16
Yaser	938	8693	16
Kalimdor	939	8693	16
concord	940	8693	16
Rouda	941	8691	16
rubberbarba	942	8691	16
SkyRazor	943	8690	16
Drasiel	944	8690	16
Dareno25	945	8689	16
WazaBrook	946	8689	16
Scarrr	947	8689	16
RazzorHard	948	8688	16
Михаил	949	8687	16
Solik41	950	8686	16
PruneauGéant	951	8684	16
cyberdog	952	8683	16
calvin85590	953	8683	16
Styx	954	8683	16
BloonyX	955	8682	16
PisyaKisya	956	8680	16
vados	957	8680	16
DanZero	958	8679	16
Stabbing	959	8677	16
Grat	960	8677	16
Bowser	961	8676	16
Akira	962	8675	16
arteus	963	8671	16
hohotyn	964	8668	16
Blind	965	8666	16
Eltisch	966	8664	16
Detulissie	967	8664	16
Sentenciado	968	8663	16
Yogg	969	8654	16
Унижатель	970	8651	16
Armath	971	8651	16
prailex	972	8649	16
Sovq	973	8647	16
Falaxx	974	8646	16
ShadowOfMine	975	8645	16
DeWenS	976	8643	16
GarbanzoXXX	977	8643	16
Mandellux	978	8642	16
durkus	979	8642	16
InkognitO	980	8641	16
Lyngexd	981	8641	16
Tavrys	982	8640	16
Balzathor	983	8639	16
FlexLex	984	8639	16
ЛёшкаКороль	985	8639	16
Homa	986	8639	16
SlimeyShnake	987	8636	16
Meinhardt	988	8634	16
Taeyhao	989	8632	16
Alcapone	990	8632	16
Hadespace	991	8629	16
Gwore	992	8629	16
r0ssi	993	8628	16
TakeThat	994	8627	16
Megalovaniac	995	8626	16
Gumball	996	8625	16
Gilbc	997	8624	16
Rambo	998	8622	16
БоеСлизнюк	999	8618	16
lichbeach	1000	8616	16
Weezing	1001	8615	16
ImpYCelyn	1002	8614	16
TrueBrainles	1003	8613	16
Danarh	1004	8613	16
GibGab	1005	8613	16
Вальгард	1006	8612	16
Perry	1007	8612	16
БомжихаДжеби	1008	8611	16
Skylian	1009	8610	16
Viktorpersuh	1010	8607	16
alexsolo525	1011	8607	16
RedEagle	1012	8607	16
Pack	1013	8606	16
Jekfell	1014	8606	16
nimrandir	1015	8605	16
Ppotto	1016	8603	16
Daywalker	1017	8603	16
Hallontagg	1018	8601	16
ЧанРамен	1019	8600	16
Hydrogendog	1020	8598	16
Lester	1021	8593	16
ИльяТрайХард	1022	8592	16
Af1Nn	1023	8591	16
Tenser	1024	8590	16
Sorry	1025	8586	16
IIepec	1026	8586	16
Climb	1027	8584	16
PhoeNiX	1028	8583	16
General007	1029	8580	16
Chilango	1030	8579	16
ЛайкайСосо	1031	8579	16
FrozenMoment	1032	8578	16
XPYXPY	1033	8578	16
Kinikibaster	1034	8578	16
Feraldain	1035	8577	16
Dinxinho	1036	8577	16
Olegtrikk	1037	8576	16
Dirtybrody	1038	8576	16
yarn	1039	8575	16
roco	1040	8575	16
Gounet	1041	8572	16
CoolBanana	1042	8571	16
Esther	1043	8570	16
TomatoXXX	1044	8567	16
sultan23	1045	8560	16
BigManCios	1046	8557	16
Anarki	1047	8555	16
Ed64	1048	8553	16
saya	1049	8550	16
RazieL	1050	8549	16
totsamikolya	1051	8548	16
OrsonPoland	1052	8548	16
reantony	1053	8547	16
Root	1054	8547	16
Dev	1055	8545	16
AnderZar	1056	8544	16
Dikirin	1057	8544	16
Discovery	1058	8543	16
Universe	1059	8543	16
ALFREINUS	1060	8542	16
Bodjey	1061	8542	16
Alanzer	1062	8540	16
GranD	1063	8537	16
Haddock	1064	8534	16
Dalglish	1065	8532	16
Hooyaka	1066	8531	16
CAMILLLLLLAW	1067	8531	16
Мегагном	1068	8530	16
CrazyCat	1069	8528	16
Darthy	1070	8528	16
sinestre	1071	8527	16
Frozzt	1072	8527	16
Aent	1073	8527	16
DhrDennis	1074	8525	16
goike	1075	8524	16
MyLife4Aiur	1076	8522	16
Drakulia	1077	8521	16
Kaiser	1078	8518	16
Vovesino	1079	8517	16
TwitchKABAN	1080	8516	16
Lund	1081	8515	16
sundowning	1082	8514	16
Alex	1083	8512	16
HurryCane	1084	8512	16
Rodion	1085	8512	16
hadayn228	1086	8510	16
avshuma	1087	8508	16
Chartered	1088	8505	16
СуперМурлок	1089	8504	16
Csirkemlfilé	1090	8503	16
ShoJi	1091	8502	16
Equol	1092	8502	16
SuperBuka	1093	8501	16
LuckyJek	1094	8501	16
Kir	1095	8499	16
azaron	1096	8499	16
mistake	1097	8499	16
HAYABUSA	1098	8498	16
ABATAP	1099	8498	16
theadiss17	1100	8496	16
WoogienatorZ	1101	8495	16
Cyberkos	1102	8493	16
Hellios	1103	8493	16
snapplor	1104	8493	16
HttpXenoL	1105	8493	16
Driliana	1106	8492	16
bbyOldPig	1107	8492	16
AriaRiA	1108	8492	16
Lydoed	1109	8491	16
Hanned	1110	8490	16
Ram778	1111	8489	16
mmilas	1112	8488	16
Cosmic	1113	8487	16
Sy4a	1114	8486	16
AvaRISE	1115	8486	16
IceRogue	1116	8486	16
Catmint	1117	8485	16
DinnersDins	1118	8484	16
Moutoto	1119	8483	16
Manyabv28	1120	8482	16
OZDO	1121	8480	16
Strell0	1122	8480	16
Bybeto69	1123	8480	16
bzikuan	1124	8479	16
Rob	1125	8479	16
WVN	1126	8477	16
Finkel	1127	8476	16
kindhunter	1128	8476	16
pahanarkoman	1129	8475	16
GamerKoos	1130	8473	16
Faighter	1131	8473	16
Fired	1132	8473	16
Tintino	1133	8473	16
tapsa	1134	8470	16
Paviaani	1135	8470	16
Kinguin	1136	8470	16
Ledokol	1137	8470	16
BlackHammer	1138	8469	16
QuirkyTurtle	1139	8468	16
Kuragehime	1140	8468	16
CTpaHHuK	1141	8464	16
Dmivladi	1142	8464	16
JosefSnow	1143	8463	16
kabanchik228	1144	8462	16
Thunderdyne	1145	8462	16
Rondos	1146	8462	16
CyanRogue	1147	8460	16
Siredy	1148	8460	16
Failond	1149	8459	16
ЛенивыйТитан	1150	8459	16
salonij	1151	8459	16
Yanxun	1152	8457	16
TZUMITNEM	1153	8453	16
Suyoko	1154	8452	16
SandyRay	1155	8451	16
Lemongrade	1156	8450	16
Bloodscall	1157	8450	16
karam757	1158	8450	16
DYADYAEBALO	1159	8448	16
MiniVy	1160	8447	16
Krewger	1161	8447	16
Kalkon	1162	8446	16
serg	1163	8446	16
Cheonshi	1164	8445	16
Netupi	1165	8445	16
Boss	1166	8444	16
Coconutguy	1167	8444	16
Барсик	1168	8443	16
Gregori	1169	8441	16
allanwake	1170	8441	16
AwoT1602	1171	8440	16
Norie	1172	8437	16
kevin15674	1173	8437	16
illma	1174	8437	16
Bwatte	1175	8437	16
jakub530	1176	8436	16
Sonofamother	1177	8435	16
WAVR1N	1178	8435	16
AngelFox	1179	8435	16
Jebnij	1180	8434	16
Bunnycus	1181	8434	16
Avrora	1182	8434	16
DUPLOKID	1183	8432	16
Danny	1184	8432	16
arntarne	1185	8432	16
Ancestrall	1186	8429	16
remsky	1187	8427	16
DrPhil	1188	8427	16
Silentmezz	1189	8425	16
ArTi	1190	8425	16
Epsilon	1191	8424	16
afrikaner2	1192	8422	16
Overlord	1193	8420	16
potvorych	1194	8419	16
Ritmix	1195	8419	16
Moray	1196	8419	16
Skretum	1197	8419	16
Jörö	1198	8416	16
ПАРКУРПАРКУР	1199	8415	16
SSK	1200	8413	16
HuyaMasterYa	1201	8413	16
danzdor	1202	8412	16
PotterMarie	1203	8412	16
exzekutor	1204	8411	16
Skolzkiy	1205	8411	16
Laforet	1206	8410	16
Tangusik	1207	8409	16
H2O	1208	8408	16
MegaPlautze	1209	8407	16
Sn3oos	1210	8407	16
ChapChap	1211	8406	16
Долбоёжик	1212	8405	16
HaileyXr	1213	8404	16
hornyFRanz	1214	8404	16
Hardias	1215	8402	16
MrSmith	1216	8400	16
Kamaji	1217	8400	16
Méthionine	1218	8399	16
Alarion	1219	8397	16
Joone	1220	8396	16
DefQonOne	1221	8396	16
Artbook	1222	8395	16
ilidan	1223	8395	16
Reconstruct	1224	8394	16
RoadrunnerX	1225	8393	16
executor	1226	8392	16
puuf	1227	8391	16
NeoNtin	1228	8390	16
dany52	1229	8390	16
pineapple	1230	8389	16
Mystikpsy	1231	8389	16
Sabian	1232	8387	16
Electron	1233	8386	16
KOR3ANiZ3Dx	1234	8386	16
Lennandote	1235	8385	16
krenzee	1236	8385	16
WatchMeDougi	1237	8385	16
vova	1238	8383	16
simplet	1239	8382	16
Perdon	1240	8381	16
Astemay	1241	8380	16
LordJoker	1242	8380	16
Luveha	1243	8380	16
Markus1984	1244	8380	16
Bast0ne	1245	8380	16
Madlyaza	1246	8379	16
Uwatenage	1247	8379	16
Scatter21	1248	8378	16
Deltox	1249	8378	16
MarkHuelius	1250	8376	16
Ferron	1251	8375	16
Willway	1252	8374	16
Whobetter	1253	8372	16
OmgBanana	1254	8372	16
ЖораТавернов	1255	8372	16
Nainno	1256	8371	16
Kirineki108	1257	8368	16
Embrys	1258	8367	16
CowPanda	1259	8366	16
anxæø	1260	8364	16
Mol	1261	8364	16
Eduarmar	1262	8364	16
Dreamliner	1263	8361	16
ImFlovers	1264	8361	16
pasadoobel	1265	8360	16
SaintYves	1266	8360	16
H2O	1267	8358	16
Vids	1268	8358	16
VeS	1269	8358	16
ZaZaMaZa	1270	8357	16
Zenerchi	1271	8357	16
Bear	1272	8356	16
БубновыйТуз	1273	8356	16
selios	1274	8355	16
Nottz	1275	8355	16
Nalidon	1276	8355	16
Tench	1277	8355	16
Karlhos	1278	8353	16
IllidanSOP	1279	8352	16
CancerCerebr	1280	8352	16
Jordinator	1281	8351	16
Jcontent	1282	8348	16
bugsylla	1283	8347	16
intizy	1284	8346	16
Yagarchin	1285	8346	16
FlSHBR0	1286	8343	16
АлаяЛуна	1287	8341	16
Rokenz0	1288	8340	16
Dytka	1289	8339	16
Equalizer	1290	8337	16
zorro41	1291	8336	16
Trump	1292	8336	16
niceracer	1293	8334	16
LelianaD	1294	8333	16
seleymenk	1295	8333	16
Azu	1296	8332	16
Барон	1297	8332	16
Klyaipon	1298	8331	16
Sp33dy	1299	8331	16
sproink	1300	8331	16
Dagzik	1301	8330	16
Vengevyne	1302	8330	16
GoodGat	1303	8330	16
Xopek	1304	8329	16
Kronas	1305	8328	16
MysterY	1306	8328	16
Дрей	1307	8328	16
Tricker	1308	8328	16
NikitaFix	1309	8327	16
MukhaBzibza	1310	8327	16
Xenor	1311	8326	16
RickAtacko	1312	8326	16
isid0	1313	8326	16
TinaTor	1314	8325	16
Rahna	1315	8324	16
Nizzl3	1316	8324	16
Tao	1317	8323	16
Rainbow1	1318	8323	16
Aservus	1319	8322	16
tortupizza	1320	8319	16
OnyxViper	1321	8319	16
CrazyManiac	1322	8317	16
Canab1s	1323	8316	16
PLOVEC	1324	8314	16
XE098	1325	8313	16
ApELbCiN	1326	8312	16
blazr	1327	8312	16
RalDagondin	1328	8311	16
BananaHunter	1329	8311	16
WillLT8	1330	8310	16
Bichoute	1331	8309	16
Ortroker	1332	8309	16
Amon	1333	8309	16
Robin	1334	8309	16
NickqU	1335	8308	16
Alex	1336	8308	16
Lasosta8	1337	8307	16
stetsuk	1338	8306	16
Xazy	1339	8306	16
Player08	1340	8306	16
NestingRock	1341	8305	16
Kohnaan	1342	8305	16
Kazaf	1343	8304	16
Exerian	1344	8304	16
heartbreaker	1345	8303	16
DeDMaZaY	1346	8302	16
Ambre	1347	8300	16
Dynasaur	1348	8300	16
Majkel	1349	8297	16
SHEFF	1350	8294	16
Runi	1351	8293	16
Аведи	1352	8292	16
SimplyLovely	1353	8292	16
QuestN7	1354	8291	16
WTFree	1355	8291	16
shar1ngan	1356	8291	16
BloddyPath	1357	8291	16
p0nticc	1358	8290	16
ChillyWilly	1359	8290	16
FaithFr	1360	8290	16
Kalbon2	1361	8289	16
LeBron	1362	8288	16
Chornhold	1363	8288	16
ХитрыйКраб	1364	8288	16
Yojimbo	1365	8287	16
WorstOfAny	1366	8286	16
waterenjoyer	1367	8285	16
LoRd	1368	8285	16
Pokkin	1369	8283	16
kistoxa	1370	8283	16
Markka	1371	8283	16
AURA	1372	8282	16
SanyaKebab	1373	8280	16
IlDavis	1374	8279	16
SneakyPickle	1375	8278	16
Koshkodevka	1376	8278	16
vainglory	1377	8278	16
tor144	1378	8277	16
ЖидкийПес	1379	8277	16
Boneyra	1380	8276	16
Samael	1381	8276	16
Yuyu	1382	8275	16
alexanderCST	1383	8274	16
Flad	1384	8273	16
PepitHoww	1385	8273	16
Romchit	1386	8273	16
ImDieu420	1387	8272	16
Tatout	1388	8272	16
SLaeG	1389	8271	16
Денис	1390	8271	16
FoudreNoire	1391	8271	16
AmbrosA	1392	8270	16
BattleDwarf	1393	8270	16
johnygreem	1394	8269	16
Imanerog	1395	8269	16
Euro	1396	8269	16
flowercat	1397	8268	16
sleepless	1398	8268	16
Legend99	1399	8268	16
BBQ	1400	8268	16
Zephiro	1401	8266	16
SiMak59	1402	8266	16
mosed1	1403	8264	16
DesiredDeath	1404	8264	16
Riku	1405	8260	16
P3n	1406	8260	16
MaciuśPL	1407	8259	16
Vilson	1408	8258	16
DayAndNight	1409	8257	16
JelB	1410	8257	16
Porcupine	1411	8256	16
lainatnis	1412	8255	16
orendark	1413	8255	16
Elven	1414	8255	16
egogorio	1415	8254	16
anton	1416	8253	16
MeLaDzeeeeee	1417	8252	16
Sivaxxus	1418	8252	16
Pas2	1419	8251	16
DeadlyDaf	1420	8249	16
Prongul	1421	8249	16
monji	1422	8249	16
keitaaro	1423	8249	16
TurkishAvia	1424	8249	16
Pouxar	1425	8248	16
farsching	1426	8248	16
wAmpa	1427	8248	16
EVGENY	1428	8248	16
Snuggykins	1429	8248	16
Gram3r	1430	8247	16
Denzmond	1431	8247	16
Unclephil	1432	8246	16
Azdormu	1433	8245	16
IBelieve	1434	8245	16
TikiMik	1435	8244	16
sleepless	1436	8243	16
ThunderBolt	1437	8242	16
Chydo	1438	8242	16
STO11E	1439	8241	16
shiny	1440	8239	16
Hoegaarden	1441	8238	16
Neihaart	1442	8237	16
Feed	1443	8236	16
Caly	1444	8236	16
ProKa3HuK	1445	8235	16
Zyno	1446	8234	16
Максим	1447	8234	16
Paddywan	1448	8233	16
Sashko	1449	8231	16
senpai	1450	8231	16
Qgelfich	1451	8227	16
Bigstomach	1452	8226	16
Bamblebog	1453	8226	16
Gruby	1454	8225	16
TheCobra	1455	8225	16
Bossim	1456	8225	16
Smootik	1457	8224	16
ЗлюкаЗверь	1458	8223	16
peoszeoulas	1459	8223	16
PinkPanther	1460	8223	16
jyramiidi	1461	8222	16
Chicko	1462	8222	16
Gudleifur	1463	8222	16
Rostyslav	1464	8222	16
CREATOR	1465	8221	16
Gouenji	1466	8220	16
NikGriffin	1467	8219	16
Kobra	1468	8218	16
Petros9ln	1469	8217	16
edeNRoss	1470	8216	16
Knoten	1471	8216	16
Ipados	1472	8215	16
Woozie	1473	8214	16
CaptainJay	1474	8214	16
Eraborea	1475	8214	16
Masamune	1476	8213	16
Furax	1477	8211	16
kingarris	1478	8210	16
Маша	1479	8207	16
kaulo	1480	8206	16
wergong	1481	8206	16
antimage	1482	8205	16
infoshym81	1483	8205	16
Nekoy	1484	8205	16
Pleijeri	1485	8205	16
r1deRR	1486	8203	16
Mendori	1487	8203	16
axu	1488	8201	16
AndySplit	1489	8200	16
Akashi	1490	8200	16
Watsky	1491	8199	16
hiohmy	1492	8199	16
Zankioh	1493	8197	16
Taygeta	1494	8197	16
gubidahl	1495	8196	16
PZh2	1496	8195	16
theolos	1497	8194	16
DukeOdin	1498	8194	16
Satinaph	1499	8193	16
Anubis	1500	8193	16
Duller	1501	8192	16
JohnSouls	1502	8192	16
Xenlark	1503	8192	16
Rogdak	1504	8192	16
Koanplan	1505	8191	16
iozih	1506	8191	16
Gvinpin77777	1507	8190	16
DarkMaster	1508	8190	16
ColdVibe	1509	8189	16
DaveChan	1510	8188	16
ShinyHero	1511	8188	16
SailorMan	1512	8187	16
Pumpkin	1513	8187	16
ChrackPE	1514	8186	16
Sury	1515	8184	16
ZXC1x1	1516	8183	16
Смертомышь	1517	8183	16
KrisMyoll	1518	8183	16
ElChapo	1519	8183	16
AoeNeko98	1520	8183	16
Moonlight	1521	8183	16
mrazyacigani	1522	8182	16
Eques	1523	8182	16
Art116	1524	8181	16
TheChrissila	1525	8180	16
Carlitos5705	1526	8178	16
EpicSexGuy	1527	8177	16
Necrosis	1528	8177	16
Nysralel	1529	8177	16
WtfVik	1530	8176	16
LiorTheSote	1531	8175	16
KittyMeow	1532	8175	16
G4R	1533	8175	16
mazsola	1534	8174	16
Thuni	1535	8174	16
Akkarin	1536	8174	16
Core	1537	8173	16
wizzo	1538	8172	16
Спартак	1539	8170	16
Deluxe2020	1540	8170	16
Diffen	1541	8170	16
МишаХУК	1542	8169	16
Drakatar	1543	8169	16
Speedy4	1544	8169	16
Dimon123	1545	8168	16
senator	1546	8167	16
ApoKu225	1547	8167	16
PonuryKociak	1548	8167	16
Xatiko	1549	8166	16
ShadowLight	1550	8166	16
Grommed	1551	8165	16
Dreca	1552	8165	16
AlloraPrego	1553	8163	16
Eno	1554	8163	16
arsobot	1555	8162	16
addeaudi	1556	8161	16
AvengeRon	1557	8161	16
logan621	1558	8160	16
MangoThief	1559	8160	16
BTR	1560	8159	16
vzaj	1561	8159	16
aki	1562	8159	16
Bolan	1563	8159	16
LolNotPaying	1564	8158	16
asmyde	1565	8157	16
gonza310	1566	8157	16
MetCashflow	1567	8157	16
ZrrrBtian	1568	8157	16
Ghost	1569	8156	16
ryuu	1570	8156	16
Euglena	1571	8155	16
Eliasabatini	1572	8154	16
Balcken	1573	8154	16
Nemesis	1574	8154	16
Menerax	1575	8154	16
JJ2nes	1576	8153	16
mangeto	1577	8152	16
seiken	1578	8151	16
MrStrohhut	1579	8151	16
lukasenkov	1580	8150	16
Earendil	1581	8150	16
Sufo	1582	8149	16
GnidaTvar	1583	8149	16
HappyGilmore	1584	8148	16
TripleOnSix	1585	8148	16
Landyachtz12	1586	8148	16
Mephitoi	1587	8147	16
TreeDar	1588	8147	16
NeonLoas	1589	8147	16
Hugebert	1590	8146	16
KwakZalver	1591	8146	16
SteelDragon	1592	8145	16
Atomos	1593	8145	16
Chernobog	1594	8144	16
CJlABA	1595	8144	16
SenseiXL	1596	8144	16
aw3	1597	8143	16
Mymymymymymy	1598	8142	16
chancewaters	1599	8142	16
Karkiniarhs	1600	8141	16
BrianSpilner	1601	8140	16
PusinBoots	1602	8140	16
CezzaR	1603	8139	16
cenzo	1604	8138	16
MonarchAwake	1605	8138	16
Rodgar007	1606	8137	16
Tefanis	1607	8136	16
Piranha	1608	8136	16
MaLygos	1609	8135	16
TayebYounis	1610	8134	16
Гвин	1611	8134	16
grondull	1612	8134	16
MediumPurple	1613	8133	16
СуперНиндзя	1614	8133	16
Empir	1615	8132	16
Lookalive	1616	8131	16
z1n	1617	8131	16
thaumiel	1618	8131	16
ПсевдоРыцарь	1619	8130	16
Nagu	1620	8128	16
Gurren	1621	8128	16
Argentum	1622	8127	16
d00m	1623	8127	16
b1oodycat	1624	8126	16
Akeu	1625	8125	16
ДИАБОБА	1626	8124	16
Begouille	1627	8124	16
Solo322	1628	8124	16
KawaiiLipuch	1629	8123	16
Andevas	1630	8123	16
Superunknown	1631	8121	16
Juhi	1632	8121	16
Viberg	1633	8120	16
Bedodo	1634	8119	16
Sedlak	1635	8119	16
Arlekin	1636	8119	16
Dengarik	1637	8119	16
EbyDRUGA	1638	8117	16
vladzar	1639	8117	16
Ferein	1640	8117	16
Folti	1641	8117	16
VikramPappur	1642	8115	16
Kirito	1643	8114	16
Shrimpy	1644	8114	16
OlimpKi	1645	8113	16
kauke88	1646	8113	16
TAnder	1647	8113	16
ЗлойКотик	1648	8112	16
JTimmner	1649	8112	16
Romain672	1650	8111	16
SSaRRkeLL	1651	8111	16
CR7	1652	8109	16
Manuel	1653	8109	16
tyzyano	1654	8109	16
Azamakyr	1655	8108	16
AnomaLY	1656	8108	16
EFG	1657	8107	16
SnarkyGoblin	1658	8107	16
C2H6O	1659	8105	16
JoJo	1660	8105	16
Farax	1661	8105	16
Heegiboy	1662	8104	16
boloss11	1663	8104	16
Fatum	1664	8104	16
Wnkrdnns	1665	8104	16
flholly	1666	8104	16
Valorator	1667	8103	16
Ar4ik1337	1668	8102	16
DerCardProfi	1669	8101	16
Kira	1670	8101	16
NisLox	1671	8101	16
Taupy	1672	8101	16
Pardus	1673	8101	16
Hellscream	1674	8100	16
ymdase	1675	8099	16
Jäveln	1676	8099	16
ЧудоГоблин	1677	8099	16
Biggishow	1678	8099	16
DancingDevil	1679	8099	16
Satywuly	1680	8097	16
Gogow	1681	8097	16
yatvoirot	1682	8097	16
nofeels	1683	8096	16
王耀华	1684	8095	16
LeHnEsS	1685	8094	16
Mausiminator	1686	8094	16
eferalgan	1687	8094	16
Kaory	1688	8093	16
MaJorBlaze24	1689	8093	16
VanTar	1690	8093	16
EbashuBoba	1691	8092	16
Mishka	1692	8092	16
GreyImp	1693	8092	16
AetherStrike	1694	8089	16
hoobinka	1695	8089	16
Light	1696	8088	16
Fransken	1697	8087	16
Persik	1698	8087	16
БлеклыйГерой	1699	8087	16
BadZeliboba	1700	8086	16
СреднийБосс	1701	8086	16
Diablord	1702	8085	16
JRJ	1703	8084	16
Bjarkvin	1704	8084	16
Mytidks	1705	8083	16
ristorax	1706	8083	16
Krovopiec	1707	8083	16
Silco	1708	8083	16
Aphrim	1709	8082	16
Lifteur	1710	8081	16
iKickSomeAss	1711	8081	16
m3r8	1712	8080	16
Savmiron	1713	8080	16
Nikot	1714	8080	16
tHy	1715	8080	16
Monti	1716	8079	16
CrispyBacon	1717	8079	16
Villain	1718	8079	16
PsychoMantis	1719	8079	16
TheOneKiller	1720	8079	16
RubyStag	1721	8079	16
Днищеброд	1722	8079	16
candeur	1723	8079	16
WhiteYeti	1724	8078	16
МанакоРыцарь	1725	8078	16
babamisha	1726	8078	16
Stellkitch	1727	8078	16
Wizardlizard	1728	8078	16
Cryptallis	1729	8078	16
alux3r	1730	8078	16
Adam	1731	8078	16
ShArShAb	1732	8078	16
FoudreNoire	1733	8077	16
Kokila	1734	8077	16
Etheris	1735	8077	16
hypadao	1736	8077	16
Mummelpowel	1737	8077	16
Rakiah	1738	8077	16
RubeKOT	1739	8077	16
Naidjun	1740	8077	16
Elmaco	1741	8077	16
Demian	1742	8077	16
spainsanta	1743	8076	16
SeManch	1744	8076	16
NikDaPowner	1745	8076	16
theo	1746	8075	16
MrBlaZZer	1747	8075	16
AuraDarkmoon	1748	8075	16
FlotteKatze	1749	8075	16
LouMar	1750	8075	16
Chainsaw	1751	8074	16
Lecentrale	1752	8074	16
Murloc	1753	8074	16
Sen4p	1754	8074	16
Tonnes	1755	8074	16
N1KD0	1756	8073	16
Togh	1757	8073	16
Monsty	1758	8073	16
Skoll	1759	8073	16
РайскийДемон	1760	8072	16
exstassy	1761	8072	16
Hayzan	1762	8072	16
ЛовкиеПальцы	1763	8071	16
MiNDGAmE	1764	8071	16
HH13	1765	8071	16
koebes	1766	8071	16
AlexShtaida	1767	8071	16
sanm	1768	8071	16
Rize	1769	8070	16
thekilldarka	1770	8070	16
xxSKYRxx	1771	8070	16
Matt	1772	8070	16
SpitfirePig	1773	8070	16
Frostik1337	1774	8070	16
VERSYA	1775	8069	16
MachuPicchu	1776	8069	16
FonkyFab	1777	8069	16
Noel	1778	8069	16
Kakarott	1779	8069	16
SorryForThis	1780	8068	16
forsakenyo	1781	8068	16
Faceless	1782	8068	16
UncleRufus	1783	8068	16
BenNeinMin	1784	8067	16
ДядяСаша	1785	8067	16
Zealot	1786	8067	16
CrazyCat	1787	8067	16
Xantalus	1788	8067	16
Sevani	1789	8066	16
NNYcute	1790	8066	16
SiDjey	1791	8066	16
Sera7	1792	8066	16
Belky	1793	8066	16
Ezaby	1794	8066	16
МрачныйСыч	1795	8066	16
ADya	1796	8065	16
omlet	1797	8065	16
GetRekt	1798	8065	16
Millmik	1799	8065	16
Perfectly	1800	8065	16
Zenkel	1801	8065	16
Sherbamonsta	1802	8064	16
Tiredhammer	1803	8064	16
Ashly	1804	8064	16
kokos191	1805	8064	16
Freebryze	1806	8064	16
Kappa	1807	8064	16
Kai	1808	8064	16
Cancanneed	1809	8063	16
paxa	1810	8063	16
subara	1811	8063	16
Hallaschka	1812	8063	16
PetaN	1813	8063	16
Shono	1814	8063	16
MaikelDRuffy	1815	8062	16
GoldWight	1816	8062	16
Mili	1817	8062	16
Demergo	1818	8062	16
spacecow	1819	8062	16
Marcionne	1820	8062	16
Ignek	1821	8062	16
LPick	1822	8061	16
AlusyaHS	1823	8061	16
TheCypher	1824	8061	16
Hennenrennen	1825	8061	16
Salame	1826	8061	16
Leooo	1827	8061	16
Marginal	1828	8061	16
Ktaken	1829	8061	16
МерзлыйПес	1830	8060	16
xCustoX	1831	8060	16
Dolphin	1832	8060	16
MagistrYoda	1833	8060	16
Insomniac	1834	8060	16
Shakes	1835	8060	16
Троль	1836	8060	16
Ans1k	1837	8059	16
Alpacha	1838	8059	16
Rabadan	1839	8059	16
xKasa	1840	8059	16
remis	1841	8059	16
aggeeinnbg	1842	8059	16
Nikita	1843	8058	16
graceGG	1844	8058	16
Safonz	1845	8058	16
IdyGolmonMax	1846	8058	16
FlippyRogue	1847	8058	16
Daytona	1848	8058	16
Maestro	1849	8058	16
Djaniny	1850	8058	16
BONNES	1851	8058	16
goegrog27	1852	8058	16
LSDeaddy	1853	8058	16
Aphok	1854	8058	16
Roxrir	1855	8058	16
SexyCorgi	1856	8058	16
WhiteBerry	1857	8057	16
chompdada	1858	8057	16
Es3tag	1859	8057	16
KoJl9	1860	8057	16
Grasia	1861	8057	16
Zerase	1862	8057	16
ВаТа	1863	8057	16
CryThem	1864	8056	16
Hash	1865	8056	16
aush	1866	8056	16
Waffro	1867	8056	16
RobotWizard	1868	8055	16
Co6ol	1869	8055	16
Gonzalo	1870	8055	16
Land	1871	8055	16
Yahoni	1872	8055	16
Wiesl247	1873	8055	16
Veboss	1874	8055	16
Rcoma	1875	8055	16
Dounga	1876	8055	16
fancyjumper	1877	8054	16
Pauva	1878	8054	16
Conquerer	1879	8054	16
Alena	1880	8054	16
dosenjunge	1881	8054	16
Kojiro	1882	8054	16
PROkaZniK	1883	8053	16
Гектор	1884	8053	16
MrKazze	1885	8053	16
Gas	1886	8053	16
MrWeed	1887	8053	16
leon	1888	8053	16
Elacour	1889	8053	16
Harrison	1890	8053	16
Спокойнее	1891	8052	16
Deadtective	1892	8052	16
NightmareTX	1893	8052	16
Vava	1894	8052	16
Kadi	1895	8052	16
Tuhomo	1896	8052	16
MrCat	1897	8052	16
Shadowdancer	1898	8052	16
Mystery177	1899	8052	16
ProjoloGimb	1900	8052	16
Heiyewuya	1901	8051	16
Griselbrand	1902	8051	16
Predator	1903	8051	16
DerMatrose	1904	8051	16
Kesten94	1905	8051	16
JadeX	1906	8051	16
Carbon	1907	8051	16
VenomV	1908	8051	16
foxhoundekb	1909	8051	16
TheOtherJake	1910	8051	16
GaNS	1911	8051	16
Nazgul	1912	8051	16
Fatboy	1913	8051	16
Steelsneak	1914	8051	16
Grobelj	1915	8051	16
Maguer1771	1916	8050	16
kurt	1917	8050	16
joh	1918	8050	16
korzhik	1919	8050	16
Poxaus	1920	8050	16
Lezvix	1921	8049	16
Heliox	1922	8049	16
Jim	1923	8049	16
DIVION	1924	8049	16
tracerator	1925	8049	16
Hitched	1926	8049	16
Tatsu	1927	8049	16
Joeggen	1928	8049	16
FOXiz	1929	8049	16
Трицепадлокс	1930	8048	16
TohsakaRin	1931	8048	16
levokosmaxim	1932	8048	16
Woof	1933	8048	16
Hightime	1934	8048	16
Yrsir	1935	8048	16
Toncez	1936	8048	16
Sankarisami	1937	8048	16
Rancor	1938	8048	16
GreatQWERTY	1939	8048	16
jal1899	1940	8048	16
Kizaru	1941	8047	16
Tengu23	1942	8047	16
Until	1943	8047	16
bahor	1944	8047	16
Synvilla	1945	8047	16
Arafas	1946	8047	16
ГигантБизон	1947	8046	16
Skrils	1948	8046	16
Sunshineacid	1949	8046	16
SneezyDwarf	1950	8046	16
Zuwa	1951	8046	16
Devid	1952	8046	16
GeneralG	1953	8046	16
JahRastafari	1954	8046	16
sakari	1955	8046	16
LazyTitan	1956	8046	16
ExcaliburS	1957	8046	16
BaneofFire	1958	8046	16
Unicornxoxo	1959	8046	16
TitRivendare	1960	8046	16
Ilia	1961	8046	16
Byxalk	1962	8045	16
YoussefRm	1963	8045	16
Neokje	1964	8045	16
Schloom	1965	8045	16
Keel	1966	8045	16
Handi	1967	8045	16
IrishMan	1968	8044	16
Octopu5	1969	8044	16
Squerlox	1970	8044	16
Guru	1971	8044	16
THEREALDRUS	1972	8044	16
Myanao	1973	8044	16
Swine	1974	8044	16
RLX	1975	8044	16
OpalLion	1976	8044	16
Sasha	1977	8044	16
QuartzGhost	1978	8043	16
NEVERLUCKŶ	1979	8043	16
Dionaea	1980	8043	16
LaKurt	1981	8043	16
PuBu3oP	1982	8043	16
Owden	1983	8043	16
大魔王	1984	8043	16
Yesterday	1985	8043	16
Matholwch	1986	8043	16
Ashram	1987	8042	16
Orion	1988	8042	16
Lirtz	1989	8042	16
DannyCMan	1990	8042	16
Madking	1991	8042	16
mojtabas898	1992	8042	16
j00p	1993	8042	16
FengHuang	1994	8042	16
xumuk32	1995	8042	16
DontBuyTrash	1996	8042	16
Dentist	1997	8042	16
ribapiba	1998	8041	16
Elddvs	1999	8041	16
PennySaysBye	2000	8041	16
Булат	2001	8041	16
AimIsLame	2002	8041	16
Marmics	2003	8041	16
Sunshineacid	2004	8041	16
YukiKuran	2005	8041	16
bigbuttom	2006	8041	16
WhiteBearD	2007	8041	16
Peeloton	2008	8041	16
Filbo	2009	8041	16
DirectoR	2010	8041	16
Zuxo	2011	8041	16
Blogis	2012	8041	16
Zarumoth	2013	8040	16
Alukard	2014	8040	16
xZiBiT	2015	8040	16
KingEumel	2016	8040	16
SirSalzchopf	2017	8040	16
Dazzle	2018	8040	16
lariend	2019	8040	16
Krmoje	2020	8040	16
Exploader	2021	8039	16
Steeltrooper	2022	8039	16
EbashuAboba	2023	8039	16
AngelHaniel	2024	8039	16
Roshchin	2025	8039	16
MrBrappy	2026	8039	16
Dawi	2027	8039	16
Cukr	2028	8039	16
TomLHB	2029	8039	16
ZlayaZalupa	2030	8039	16
Wakkito	2031	8039	16
Zolofty	2032	8039	16
SeniorBOG	2033	8038	16
NiKi	2034	8038	16
soidukfugo	2035	8038	16
Monst3r	2036	8038	16
arioh	2037	8038	16
TGR	2038	8038	16
EbonOwl	2039	8038	16
Panda00735	2040	8038	16
Bluefin	2041	8037	16
Eneru	2042	8037	16
Zioba	2043	8037	16
LastViking	2044	8037	16
Havash	2045	8037	16
sMu	2046	8037	16
Archtrone	2047	8037	16
MasteP	2048	8036	16
Wondrin	2049	8036	16
Маг	2050	8036	16
inviserpro	2051	8036	16
odesit	2052	8036	16
TuffCandy	2053	8036	16
ПлакиПлаки	2054	8036	16
Brnnnr	2055	8035	16
Warriorman	2056	8035	16
Twister	2057	8035	16
EvilGenius	2058	8035	16
Хвастун	2059	8035	16
Simonfenelon	2060	8035	16
Masatoshi	2061	8035	16
KARMA	2062	8035	16
Pichler	2063	8035	16
Player	2064	8035	16
SepiaKodo	2065	8035	16
Crshmmnd	2066	8035	16
luffysama	2067	8035	16
Neelis	2068	8035	16
babyKnight	2069	8034	16
teacommittee	2070	8034	16
RioRu	2071	8034	16
СкрытыйПул	2072	8034	16
GhostDragon	2073	8034	16
Karlajl	2074	8034	16
KPanterka	2075	8034	16
BöserPanzer	2076	8034	16
LiLZenkov	2077	8034	16
KittenWoof	2078	8034	16
Ruse	2079	8034	16
DragonAlbert	2080	8034	16
Whyboou	2081	8034	16
curtjod	2082	8034	16
Razz	2083	8034	16
DavyDToto	2084	8033	16
finn2000	2085	8033	16
Heroofmight	2086	8033	16
Pinkalis	2087	8033	16
Josinho	2088	8033	16
Serko	2089	8033	16
ShrekHAHA	2090	8032	16
PokoritelSib	2091	8032	16
brice13	2092	8032	16
ARFARF	2093	8032	16
Ferinna	2094	8032	16
Galleon	2095	8032	16
Oyes	2096	8032	16
Banaan	2097	8032	16
koxdeda	2098	8032	16
Shanfara	2099	8032	16
Tenz1n	2100	8032	16
Chuplya	2101	8032	16
BlaksiShark	2102	8031	16
KiraMilis	2103	8031	16
Буерак	2104	8031	16
turbomouloud	2105	8031	16
MUD	2106	8031	16
Adamantyum	2107	8031	16
kamukaze	2108	8031	16
	2109	8031	16
Iluvatar	2110	8031	16
Dynamo	2111	8030	16
MadMax	2112	8030	16
Solevar	2113	8030	16
LaDecadence	2114	8030	16
LiquidGecko	2115	8030	16
DANGER	2116	8030	16
Qulti	2117	8030	16
ХилкаДляТебя	2118	8030	16
buyy	2119	8030	16
Vladlenskyi	2120	8030	16
Glückszwerg	2121	8029	16
Chewbaccahim	2122	8029	16
MrKoKo	2123	8029	16
Candiebaby	2124	8029	16
AmoralMikk	2125	8029	16
Kadrag	2126	8029	16
knobe	2127	8029	16
TrwwSporia	2128	8029	16
BlackGarden	2129	8029	16
creech	2130	8029	16
MelodyBoy500	2131	8029	16
IMAGODLIKE	2132	8029	16
Belgan	2133	8029	16
Roma	2134	8029	16
MulloNalkA	2135	8029	16
Weeteck62	2136	8029	16
Holly	2137	8028	16
harry3000	2138	8028	16
Madinina	2139	8028	16
Chertila	2140	8028	16
Fellison	2141	8028	16
Grynen	2142	8028	16
Mamoru	2143	8028	16
BrestBubble	2144	8028	16
root	2145	8028	16
Shiv	2146	8028	16
Syrez	2147	8028	16
kadri70	2148	8028	16
Zony	2149	8027	16
NoFace	2150	8027	16
AyctriX	2151	8027	16
McHalls	2152	8027	16
pepper	2153	8027	16
Lacarotte	2154	8027	16
ludi	2155	8027	16
Pandemonium	2156	8027	16
Hatvan	2157	8027	16
Lomholt	2158	8027	16
Remilde	2159	8027	16
Tos1k	2160	8027	16
Belo4ka	2161	8027	16
Longdexin99	2162	8027	16
rickveller	2163	8027	16
AlbertWenda	2164	8026	16
Sinamomeni1	2165	8026	16
ProBeater	2166	8026	16
SofL	2167	8026	16
Hamrio	2168	8026	16
ashadow20100	2169	8026	16
xkek	2170	8026	16
ZumBaKfé	2171	8026	16
Ronin	2172	8026	16
WindRider	2173	8026	16
fenista	2174	8026	16
FlaxShark	2175	8026	16
Ego2011	2176	8026	16
Queltek	2177	8026	16
Elektrowald	2178	8026	16
BionicAvatar	2179	8026	16
ZLoiZeFear	2180	8026	16
Civilist	2181	8026	16
AFT3RMIND	2182	8026	16
Pipeline	2183	8026	16
Pioner	2184	8026	16
MrBob42	2185	8026	16
Увеселитель	2186	8026	16
VilShamane	2187	8026	16
Maru	2188	8025	16
Queen	2189	8025	16
Gamotoapoerl	2190	8025	16
Jlumon	2191	8025	16
Okilan	2192	8025	16
Pyrok4	2193	8025	16
Fulljelly	2194	8025	16
ShNik	2195	8025	16
Pinkpotato	2196	8025	16
theatm	2197	8025	16
HooD	2198	8025	16
letach	2199	8025	16
VOYS	2200	8025	16
Arual	2201	8025	16
sney	2202	8025	16
Staryy	2203	8025	16
ТемныйВомбат	2204	8024	16
Ethereal	2205	8024	16
ПлешивыйЧмо	2206	8024	16
KULETARIJUS	2207	8024	16
Пупка	2208	8024	16
Skalu	2209	8024	16
leomon	2210	8024	16
communal	2211	8024	16
VarfaluVTop	2212	8024	16
lewverine	2213	8023	16
NifelheimBB	2214	8023	16
nkvds	2215	8023	16
NightKnight	2216	8023	16
ilyha797	2217	8023	16
DeBanden	2218	8023	16
Pe4enyffka	2219	8023	16
Estes	2220	8023	16
Ник32	2221	8023	16
Khelzugah	2222	8023	16
bizzard123	2223	8023	16
Luffy	2224	8023	16
GAKIN	2225	8023	16
Михиро	2226	8023	16
Babichybre	2227	8022	16
JYKing	2228	8022	16
JustJoseph	2229	8022	16
Dolfy45	2230	8022	16
GrimPeeves	2231	8022	16
CilaDima	2232	8022	16
LEDENI	2233	8022	16
OneOfMany	2234	8022	16
Skretum	2235	8022	16
Wandereule	2236	8022	16
RagNaRock	2237	8022	16
Mauve	2238	8022	16
Norton	2239	8022	16
WayWay	2240	8021	16
Alayos	2241	8021	16
FisherChelov	2242	8021	16
Eschi	2243	8021	16
TomTdc	2244	8021	16
BartoLaw	2245	8021	16
serevebleu	2246	8021	16
SlyHorus	2247	8021	16
Mickard	2248	8021	16
Ragnarök	2249	8021	16
walkberg	2250	8021	16
Krl	2251	8021	16
TheGizmo	2252	8021	16
Cloud	2253	8021	16
Harron	2254	8021	16
Matthi	2255	8020	16
Frozerka	2256	8020	16
kato17	2257	8020	16
Mersenary	2258	8020	16
Sashaxa	2259	8020	16
Valentine	2260	8020	16
KingKagi	2261	8020	16
Manok	2262	8020	16
Caseym	2263	8020	16
Champikiller	2264	8020	16
DEN007	2265	8019	16
Megarylez	2266	8019	16
Cleras	2267	8019	16
Thundertrull	2268	8019	16
K1tsune	2269	8019	16
ocetp	2270	8019	16
Everinbloom	2271	8019	16
Doss	2272	8019	16
Decei1ver	2273	8019	16
Døenges	2274	8019	16
Rb7	2275	8019	16
Fenix	2276	8019	16
Lestoman	2277	8019	16
MyXoCRyN	2278	8019	16
Jinx	2279	8019	16
BbKasi	2280	8018	16
Equinnox	2281	8018	16
Mebius	2282	8018	16
Montaf	2283	8018	16
Nobody	2284	8018	16
Darksoul	2285	8018	16
ElmirDeSang	2286	8018	16
GiantAxe	2287	8018	16
Vdk	2288	8018	16
zlobuin	2289	8018	16
WildPus	2290	8018	16
Bounty	2291	8018	16
BabarPower	2292	8017	16
Smolov	2293	8017	16
ТолстыйХомяк	2294	8017	16
TheBeast	2295	8017	16
LazySid	2296	8017	16
misha	2297	8017	16
Stanislav22	2298	8017	16
DigiSlinger	2299	8017	16
Kastaneda	2300	8017	16
EightBitCow	2301	8017	16
godcha	2302	8017	16
Coviddino	2303	8016	16
D7YM	2304	8016	16
Erdrian	2305	8016	16
DerKolben	2306	8016	16
Darvel	2307	8016	16
FayST	2308	8016	16
Nancy23	2309	8016	16
vitochef	2310	8016	16
MrPhoenix	2311	8016	16
nortonuss	2312	8016	16
Anton	2313	8016	16
OrlovIosDev	2314	8016	16
pookie	2315	8016	16
ПожилаяГниль	2316	8015	16
Spawn	2317	8015	16
pysnyaPNH	2318	8015	16
Panuka	2319	8015	16
TA1LER	2320	8015	16
SherrifPiele	2321	8015	16
kurdupov44	2322	8015	16
Coolwars	2323	8015	16
l0rdm4dn3ss	2324	8015	16
Derpy	2325	8015	16
Bruheim	2326	8015	16
Gredinus	2327	8015	16
Dennis	2328	8015	16
mod	2329	8015	16
Hotzeblotz	2330	8015	16
Dhuw	2331	8015	16
ridiculous	2332	8015	16
solnzeff	2333	8015	16
NorthernLite	2334	8015	16
Xedin	2335	8014	16
WoTPro	2336	8014	16
Caroboss	2337	8014	16
Natanre	2338	8014	16
Shooplers	2339	8014	16
FortuneTiger	2340	8014	16
Pochacorne	2341	8014	16
Чумамай	2342	8014	16
Freedj	2343	8014	16
easymemes	2344	8014	16
DrisMikNis	2345	8014	16
Pierrot	2346	8014	16
Purgensk	2347	8014	16
ASDUT	2348	8014	16
kj061223	2349	8014	16
GhostDragon	2350	8014	16
Cameraman	2351	8014	16
Skaven	2352	8013	16
BigCongre	2353	8013	16
Anhe1	2354	8013	16
LenaAkktiv	2355	8013	16
dardanos	2356	8013	16
Aksouz	2357	8013	16
Fem	2358	8013	16
tknking	2359	8013	16
EneiKoen	2360	8013	16
zattanas	2361	8013	16
Jwostik	2362	8013	16
Efejy	2363	8013	16
Tecless	2364	8013	16
Mista4	2365	8013	16
Thalia	2366	8013	16
Микас	2367	8013	16
Fadoli83	2368	8012	16
LAcity	2369	8012	16
TaddyFUQ	2370	8012	16
Creonic	2371	8012	16
Lasmiranda	2372	8012	16
OffGottoff	2373	8012	16
Lalaloempoe	2374	8012	16
Пёс	2375	8012	16
FreeHugz	2376	8012	16
onesec	2377	8012	16
ValaDavus	2378	8012	16
Barguilha	2379	8012	16
MauveRaven	2380	8012	16
GoR	2381	8012	16
Tiger	2382	8012	16
XYQueen	2383	8011	16
wke218	2384	8011	16
НЕВЕЗЕТ	2385	8011	16
JoeyD	2386	8011	16
DAMS	2387	8011	16
МолчащаяРыба	2388	8011	16
mauzer	2389	8011	16
Sora	2390	8011	16
марио	2391	8011	16
ondrik	2392	8011	16
planky	2393	8011	16
Lymania	2394	8010	16
InQ	2395	8010	16
ShangoTD	2396	8010	16
Нефертити	2397	8010	16
Leotopszn	2398	8010	16
Naiz	2399	8010	16
ProPaN	2400	8010	16
StarySmyf	2401	8010	16
LokTarOgar	2402	8010	16
Gengar	2403	8010	16
Klugges	2404	8010	16
Praynick001	2405	8010	16
ObiWanKenobi	2406	8010	16
Krell	2407	8010	16
Ozazello	2408	8010	16
bronzer	2409	8010	16
PascalG	2410	8010	16
SexyJungle	2411	8010	16
Azocks	2412	8010	16
Jumanji	2413	8010	16
BOBJulio	2414	8009	16
КрэйзиКот	2415	8009	16
DrCuper	2416	8009	16
LastPlatypus	2417	8009	16
Hellrizen	2418	8009	16
SnephiiX	2419	8009	16
Blastingport	2420	8009	16
StauntonLick	2421	8009	16
Dskresh	2422	8009	16
andreeeezy	2423	8009	16
SCSmash3r	2424	8009	16
Nedra	2425	8009	16
Nomja	2426	8009	16
Dannyman	2427	8008	16
TheDude	2428	8008	16
Josh	2429	8008	16
darkcice	2430	8008	16
OOOOOOOOOOpa	2431	8008	16
J0Y5T1CK	2432	8008	16
fizuk	2433	8008	16
EzWp	2434	8008	16
Panda	2435	8008	16
Dolphi	2436	8008	16
Самозванец	2437	8008	16
SilverHawk	2438	8008	16
Darkrai808	2439	8008	16
Acmilan	2440	8008	16
Absolvi	2441	8008	16
Aurasma	2442	8008	16
Ketcher007	2443	8008	16
Delphinchik	2444	8008	16
BolDeFarine	2445	8008	16
mihaowz	2446	8008	16
Nowad	2447	8008	16
HornOkPlease	2448	8007	16
Awesonya	2449	8007	16
OneEyedCamel	2450	8007	16
Silence	2451	8007	16
Magnetron69	2452	8007	16
wowbunington	2453	8007	16
CrUsTiChEcK	2454	8007	16
AkeLLo	2455	8007	16
Tamet	2456	8007	16
StrongTiger	2457	8007	16
powerFUN	2458	8007	16
reja	2459	8007	16
Fulrad	2460	8007	16
DrPentalgon	2461	8007	16
Drakzar	2462	8007	16
Miniplach	2463	8006	16
Aztec	2464	8006	16
arckange	2465	8006	16
skull1334	2466	8006	16
Pablouss	2467	8006	16
Portnoy	2468	8006	16
Mrkengury	2469	8006	16
MaJICIK	2470	8006	16
Ктена	2471	8006	16
Rozhok56	2472	8006	16
Jomhsaig	2473	8006	16
Bossy	2474	8006	16
NovaHorizon	2475	8006	16
Migget	2476	8006	16
СтраусКолдун	2477	8006	16
Кираж	2478	8006	16
Max0maN	2479	8006	16
FallenHell	2480	8006	16
Рюкзачок	2481	8006	16
Pantera	2482	8005	16
Manos	2483	8005	16
Archie	2484	8005	16
pirre	2485	8005	16
Groom	2486	8005	16
kungen2	2487	8005	16
chakra	2488	8005	16
Santé	2489	8005	16
Italianimal	2490	8005	16
Jeunecouye	2491	8005	16
Vantelin	2492	8005	16
Nikita	2493	8005	16
DWValeera	2494	8005	16
Warpoet	2495	8005	16
Fasor	2496	8005	16
Kasskou	2497	8005	16
uiuisisi01	2498	8005	16
fushina	2499	8005	16
немраБоб	2500	8004	16
Eslmr	2501	8004	16
MarinCim	2502	8004	16
PR0EXTR1M	2503	8004	16
Affinity	2504	8004	16
Zerrø	2505	8004	16
B1GB0SS	2506	8004	16
chuck	2507	8004	16
PanzerCake	2508	8004	16
carnifex	2509	8004	16
Spongie	2510	8004	16
Tartua	2511	8004	16
MirrorMan	2512	8003	16
Virvia	2513	8003	16
Keszt	2514	8003	16
ВбивцяОрків	2515	8003	16
Nilor	2516	8003	16
SoRyN	2517	8003	16
zayatsdan	2518	8003	16
Hazard	2519	8003	16
gr0nas	2520	8003	16
Ben	2521	8003	16
constant	2522	8003	16
sunOsk	2523	8002	16
CiambellYna	2524	8002	16
Carnival	2525	8002	16
NakamaRHO	2526	8002	16
Lusus	2527	8002	16
SpookH	2528	8002	16
Mesnikr	2529	8002	16
MishaKachok	2530	8002	16
Ex3me	2531	8002	16
GHAD1278	2532	8002	16
MrSvist	2533	8002	16
anga	2534	8002	16
Kapera	2535	8002	16
krovik96	2536	8002	16
DonSikaleone	2537	8002	16
Шынгыс	2538	8002	16
NAGIBATOR666	2539	8002	16
KittiKet	2540	8002	16
vsehernya	2541	8002	16
Bossyansky	2542	8002	16
TealRogu	2543	8001	16
Myrcella	2544	8001	16
Killertoast	2545	8001	16
ahianno	2546	8001	16
PowerFull	2547	8001	16
Etnarion	2548	8001	16
dragonoire	2549	8001	16
Стакан	2550	8001	16
ZippyActop	2551	8001	16
BSpecjal	2552	8001	16
disorder	2553	8001	16
bulletimes	2554	8001	16
Julloris	2555	8001	16
Torgod	2556	8001	16
Jaboco	2557	8001	16
MoUsE42Kg	2558	8001	16
GrayGhost	2559	8001	16
Klimgod	2560	8001	16
AzziQ	2561	8000	16
Rainforce	2562	8000	16
ChrisHansen	2563	8000	16
Hrotozvod	2564	8000	16
Bombetta	2565	8000	16
Danny	2566	8000	16
Ghghi4ka	2567	8000	16
Arhangel135	2568	8000	16
ondaalex	2569	8000	16
GucciWizard	2570	8000	16
Patelakos	2571	8000	16
tnx	2572	8000	16
NoFlexZone	2573	8000	16
Algorio	2574	8000	16
Promises	2575	8000	16
RedStorm	2576	8000	16
Explosion	1	24000	17
Fluderutus	2	21378	17
Bob	3	21366	17
Deionara	4	21233	17
Moonlight	5	20545	17
СмелыйВомбат	6	20077	17
PirreSmurf	7	19322	17
Seevabbe	8	19312	17
kekandop	9	19195	17
Ghost	10	19116	17
Viconia	11	18643	17
fcpopa	12	18006	17
dai	13	17841	17
ilittlepanda	14	17770	17
Kein	15	17545	17
Metaleyes	16	17138	17
Eeireee	17	17025	17
Askaruda	18	17001	17
zingz	19	16697	17
zertyter9	20	16695	17
irtem	21	16678	17
CatchThemAll	22	16634	17
rovch	23	16596	17
TOXICH	24	16061	17
Woland	25	16021	17
Alexfox	26	16005	17
DUCK	27	15961	17
krol1k	28	15688	17
FlameBear	29	15674	17
Rabbit	30	15619	17
Fuglackh	31	15591	17
Neokje	32	15528	17
EnjojjoP	33	15466	17
EDGE	34	15366	17
igeenger	35	15300	17
MEPHISTO	36	15232	17
Juliajm	37	15157	17
GeFest728	38	15136	17
Epicman	39	14972	17
dofmxakoxjh	40	14769	17
fantozzi	41	14731	17
Dextreme	42	14685	17
Goon1	43	14467	17
ShadowOfMine	44	14359	17
SamON	45	14303	17
RomaMEGA	46	14211	17
FrcFaust	47	14088	17
Goon2	48	14086	17
Djings	49	14073	17
TheArcher	50	14071	17
Kriplese	51	14065	17
Slib	52	13963	17
Melkor	53	13919	17
Plag1at	54	13865	17
GUSYRA	55	13837	17
Destructor13	56	13836	17
PenPen	57	13822	17
Ralul	58	13795	17
bitzu	59	13790	17
SAY09ARA	60	13710	17
UAENO1	61	13676	17
Melody	62	13673	17
Jcontent	63	13670	17
Stabbing	64	13573	17
Жужалица	65	13573	17
BryanRSCL	66	13565	17
Prikolist	67	13563	17
Povar	68	13549	17
Enjojjo	69	13521	17
西伯利亚土豆大王	70	13514	17
NOS	71	13484	17
Dam7970	72	13482	17
BlueSKY	73	13459	17
n14	74	13445	17
cuckchromo47	75	13275	17
embrx	76	13267	17
ТарасВульва	77	13243	17
Askamar	78	13237	17
cye	79	13228	17
Simon	80	13207	17
keg1	81	13182	17
xle	82	13149	17
FalafelBill	83	13093	17
Giantze	84	13023	17
Nordhesser	85	13022	17
BabyDeionara	86	12985	17
FlaxLich	87	12898	17
xdmenXD	88	12891	17
Globox	89	12874	17
Fr0l	90	12832	17
LaKu	91	12791	17
Horovodovod	92	12771	17
TheRabbin	93	12771	17
adhil	94	12766	17
Gloosik	95	12716	17
Гвеночка	96	12711	17
AMao	97	12671	17
Qi8888	98	12627	17
ApocalipsuL	99	12531	17
sharp	100	12513	17
Swedepino	101	12504	17
Eisenerf	102	12490	17
ZerGgBoY	103	12443	17
Aysegulcan	104	12425	17
Zero	105	12411	17
WaIkek	106	12388	17
HugeBang	107	12380	17
Famedparsley	108	12370	17
Pokkin	109	12349	17
GAP1698	110	12329	17
MrLenny	111	12314	17
BTR	112	12238	17
Eimz	113	12223	17
TedJefferson	114	12219	17
tycheace	115	12211	17
Subtractor	116	12202	17
Мэйбл	117	12195	17
NoahSchwartz	118	12190	17
Sayōnara	119	12180	17
ddlydoll	120	12180	17
JIus	121	12145	17
Knord	122	12142	17
Eis	123	12139	17
ShadowStorm	124	12124	17
Nero60	125	12123	17
erijo	126	12114	17
Coma	127	12113	17
Armess	128	12113	17
ADROBEL	129	12108	17
Albertus	130	12094	17
Rüsseltier	131	12091	17
DriedOrange	132	12067	17
SpaceRacer	133	12042	17
Kirby	134	12031	17
jopa	135	12018	17
Ultraslayer	136	11990	17
Great	137	11983	17
Bomjag	138	11951	17
H2O	139	11949	17
Solitude	140	11946	17
røqvlsky	141	11945	17
Dinxinho	142	11936	17
ЭхЧтоЗаТяги	143	11930	17
BananaJoe	144	11871	17
ПивнойЗверь	145	11840	17
Sodapoppin	146	11835	17
ptXnadzieja	147	11821	17
ПозднийКот	148	11816	17
Abbud	149	11810	17
átta	150	11786	17
SzokoSwiR	151	11776	17
Garouck	152	11758	17
PoutreEPIQUE	153	11758	17
Dastey	154	11756	17
Mango281	155	11730	17
EternityRain	156	11651	17
HAYABUSA	157	11640	17
MusclGui	158	11633	17
GreshniK	159	11628	17
SteakFrite	160	11621	17
DCPepe	161	11617	17
FrGGosu	162	11607	17
IshakPasha	163	11586	17
ЛовкиеПальцы	164	11571	17
Fransman	165	11557	17
goldegram	166	11551	17
Grim	167	11545	17
Пельмешка	168	11536	17
Yorickk	169	11507	17
EMAUKA	170	11504	17
WhosMcCree	171	11504	17
sadon	172	11499	17
HuyaMasterYa	173	11489	17
GorDan	174	11483	17
kornoth	175	11479	17
Rolcsy	176	11477	17
ReadyFreddy	177	11471	17
goike	178	11460	17
ПАРКУРПАРКУР	179	11451	17
AmirPodpivom	180	11444	17
СтоякБезДела	181	11440	17
Willway	182	11429	17
Esther	183	11428	17
Diminou	184	11420	17
Yaser	185	11347	17
DekA	186	11341	17
Hezekiel	187	11340	17
MainFrost	188	11338	17
МиниНиндзя	189	11324	17
sproink	190	11316	17
JeppeLund	191	11311	17
kein2	192	11309	17
Chisoku	193	11302	17
Garanoob	194	11297	17
Thanatos	195	11271	17
Bischem	196	11253	17
Alis	197	11253	17
Maguire	198	11245	17
LilacLoa	199	11240	17
JONES	200	11222	17
DinnersDins	201	11221	17
lazarito	202	11212	17
ХитрыйКраб	203	11205	17
Lebiys	204	11199	17
cosmos	205	11195	17
Ultimatehero	206	11191	17
Yogg	207	11179	17
Salonearbuz	208	11168	17
Alsidius	209	11164	17
Barbaris	210	11161	17
krikerman	211	11157	17
happysmile	212	11156	17
Miraya	213	11155	17
DerCardProfi	214	11154	17
JohnSouls	215	11153	17
Dark5ider5	216	11140	17
Slimjimmy	217	11132	17
hank	218	11131	17
halkri	219	11130	17
DoktorKish	220	11123	17
Chikirinda	221	11120	17
DanseCoquine	222	11113	17
LAZARITO	223	11111	17
Orinoshi	224	11105	17
Legend99	225	11104	17
Tenebrarum	226	11094	17
Bronzegoblin	227	11080	17
Kupfergoblin	228	11074	17
thesimple	229	11071	17
SilverRain	230	11067	17
Haarashi	231	11066	17
managaOleh	232	11066	17
Tao	233	11045	17
Oathphen	234	11030	17
kedr89	235	11029	17
Uncontrolled	236	11028	17
Pupppa	237	11013	17
DMNK	238	10993	17
AZAMAT	239	10988	17
ArslanLegend	240	10970	17
Маг	241	10967	17
Bybeto69	242	10948	17
Gurnar	243	10938	17
Nomis	244	10932	17
JustDylan	245	10912	17
Dumfist	246	10900	17
Wunnybunny	247	10878	17
Trdamn	248	10874	17
AntiUA	249	10874	17
Hailrake	250	10866	17
powerrade	251	10865	17
RunicTitan	252	10855	17
reksrex	253	10847	17
Millhouße	254	10845	17
Estiny	255	10845	17
ChessMan	256	10839	17
jyramiidi	257	10822	17
xofire	258	10817	17
Bigstomach	259	10815	17
Kosty1924	260	10813	17
марио	261	10804	17
MuNGGG	262	10800	17
MysterY	263	10796	17
aggeeinnbg	264	10795	17
drainer	265	10794	17
Sp33dy	266	10793	17
KOR3ANiZ3Dx	267	10777	17
Everinbloom	268	10777	17
Sypherus	269	10776	17
SneakyCrane	270	10775	17
Trump	271	10771	17
Simalaja	272	10768	17
Alibrain	273	10767	17
vados	274	10763	17
nikitos	275	10750	17
Xenx3127	276	10734	17
AAAAAAAAAAA	277	10724	17
Vengevyne	278	10723	17
docteurX	279	10722	17
Reber	280	10715	17
MetsJeesus	281	10712	17
notNN	282	10709	17
thatjt	283	10708	17
SneakySquid	284	10701	17
Айвенго	285	10691	17
Reddigan	286	10688	17
QuizPBacon	287	10688	17
OBud	288	10686	17
Spawn	289	10685	17
mistake	290	10682	17
pince	291	10654	17
chwydu	292	10651	17
Hamrio	293	10642	17
ВахуиСтаюПон	294	10639	17
GuliGuli	295	10629	17
Randolf	296	10623	17
Paranoia	297	10621	17
GoldBear	298	10609	17
En3rgy	299	10600	17
Gaazik	300	10600	17
fem	301	10584	17
m3r8	302	10581	17
Chilango	303	10579	17
Ryderzor	304	10577	17
Sabri055	305	10577	17
Sheva1221	306	10571	17
Purra	307	10567	17
DeadlyMouse	308	10560	17
SkrO	309	10553	17
Tchikalaboum	310	10547	17
mmilas	311	10545	17
DeathStar	312	10544	17
Demetrius	313	10520	17
Lastid	314	10515	17
Yahoni	315	10512	17
reantony	316	10507	17
Lasmiranda	317	10503	17
shika	318	10501	17
CumBezz	319	10487	17
Caseym	320	10486	17
Narumo	321	10484	17
Gogoa	322	10476	17
WisX	323	10466	17
snaker	324	10455	17
docteurx	325	10450	17
GringerBasic	326	10438	17
boooooo	327	10437	17
Danse	328	10427	17
ШикарнаяЖижа	329	10410	17
Shamaniac	330	10403	17
totsamikolya	331	10402	17
SuperBuka	332	10400	17
sasuke37	333	10393	17
Кайрон	334	10393	17
calient	335	10392	17
УльтраЖижа	336	10387	17
Тайпан	337	10386	17
SandyRay	338	10380	17
Abdulhadi	339	10373	17
dctrX	340	10371	17
Hunter	341	10371	17
AllesQuark	342	10328	17
persh	343	10326	17
JaySquared	344	10317	17
Shadesword	345	10311	17
dudeldoedel	346	10301	17
stayyyfqht0m	347	10293	17
DeerNiko	348	10280	17
c4llmesnake	349	10279	17
PaleGuyHi	350	10269	17
TorkMen	351	10263	17
Bugymean	352	10257	17
Sneax	353	10256	17
БоеСлизнюк	354	10240	17
t7mech	355	10239	17
Ketodivi146	356	10235	17
KingOfLemons	357	10231	17
ЧанРамен	358	10231	17
Utry	359	10230	17
SteelDragon	360	10225	17
Седьмой	361	10224	17
sinica	362	10221	17
ColdtongG	363	10218	17
Muradin	364	10217	17
deadlydog	365	10205	17
LiteWooD	366	10203	17
uneverknow	367	10201	17
Equalizer	368	10199	17
QuestN7	369	10190	17
Jonidenlede	370	10181	17
ВИПколяска	371	10173	17
Eclipse	372	10171	17
NikDaPowner	373	10168	17
Thanatos	374	10155	17
Cortey	375	10151	17
Grid	376	10148	17
DeaXStormZ	377	10146	17
MortenSML	378	10144	17
Laforet	379	10142	17
AmbrosA	380	10141	17
Mol	381	10139	17
Zenitix	382	10138	17
d00m	383	10134	17
RunningBeer	384	10120	17
fox1699	385	10116	17
gfdsa	386	10113	17
Molz	387	10109	17
EpicMouse	388	10109	17
sultan23	389	10105	17
Kawazaki	390	10102	17
IAmTrash	391	10100	17
Rehab	392	10097	17
gl0w	393	10096	17
ПлакиПлаки	394	10095	17
ЯркийВомбат	395	10095	17
Dimonv16	396	10083	17
Croki	397	10083	17
Rubii	398	10080	17
Gwore	399	10075	17
MagmaRager	400	10068	17
maks20k	401	10061	17
Caide	402	10057	17
MrInvisable2	403	10057	17
Pack	404	10056	17
Михаил	405	10053	17
KilouNco	406	10049	17
Bloodyyx	407	10047	17
MiguelPrado	408	10045	17
Ikinagara	409	10043	17
Goldik	410	10041	17
YoCuteSenpai	411	10040	17
UnrulyGoyim	412	10037	17
Cheonshi	413	10030	17
krashnak	414	10030	17
ЧеМоДаСтЕр	415	10030	17
SKYLLER	416	10030	17
Pronalazac	417	10029	17
Artanar	418	10025	17
D7YM	419	10016	17
TurkMaster	420	10016	17
Skylian	421	10015	17
ruaaaaaaaaaa	422	10013	17
null	423	10012	17
Jaspertjess	424	10010	17
StigMcCloud	425	10008	17
Potato	426	10008	17
Ackerberg	427	10007	17
Tomato	428	10007	17
YuukiBG	429	10005	17
Yojimbo	430	10005	17
BlackHammer	431	10004	17
Rahna	432	10002	17
Leney	433	10001	17
Gruby	434	10000	17
easymemes	435	10000	17
Karrimass	436	10000	17
Ramdam77	437	10000	17
WoodChuck	438	9998	17
PetitouMaxou	439	9997	17
Ante	440	9973	17
LetVenomz	441	9969	17
ЖидкийПес	442	9969	17
addmin	443	9965	17
Oriole	444	9960	17
sGunther	445	9953	17
Bmco	446	9952	17
StalkerTM	447	9946	17
krikodil	448	9946	17
ХилкаДляТебя	449	9945	17
Ghixor	450	9936	17
Uwatenage	451	9935	17
Frontside	452	9934	17
NightKnight	453	9933	17
Zafkiel12	454	9927	17
légendaire	455	9923	17
SgtKoty	456	9923	17
Galih	457	9923	17
Laoyu	458	9922	17
bud	459	9922	17
Firefly	460	9921	17
soloviovqqq	461	9920	17
BabyNoobaBoB	462	9920	17
Desidia	463	9917	17
BuKpYTkA	464	9917	17
LilDevil	465	9915	17
SilverWolf	466	9911	17
Ascard	467	9910	17
MERcury	468	9906	17
Hoodo	469	9896	17
HaZe	470	9886	17
KawaiiLipuch	471	9885	17
Chyva4ok	472	9885	17
Expelliarmus	473	9884	17
Diablojunior	474	9883	17
Mska22	475	9880	17
panda	476	9869	17
Bwatte	477	9863	17
LetDragoon	478	9859	17
Decoy	479	9854	17
koi	480	9844	17
FrØzen	481	9844	17
Phobios	482	9843	17
Aphrim	483	9838	17
sven77	484	9837	17
MiKami	485	9825	17
Jaboco	486	9816	17
MrSpockY	487	9814	17
DreamDr4gon	488	9811	17
KOKOSH	489	9808	17
Ernie	490	9806	17
serg	491	9801	17
Zreem	492	9799	17
Hidan	493	9797	17
Klotzman	494	9795	17
Dobroleon	495	9794	17
titusbonk	496	9793	17
goegrog27	497	9793	17
Asklit	498	9779	17
PashtetRU	499	9768	17
Bombey	500	9768	17
ToTheMoon	501	9761	17
LordDragon	502	9745	17
Schutzengel	503	9736	17
Minolisk	504	9735	17
Lupi	505	9735	17
бодя	506	9730	17
Korenasa	507	9729	17
Roka	508	9727	17
technotyp	509	9725	17
Nokell	510	9724	17
peoszeoulas	511	9719	17
Maximka	512	9719	17
HeavyMetal	513	9716	17
PQCDigaa	514	9716	17
Den777	515	9710	17
TiGrey	516	9709	17
ǍŜŬŊǍ	517	9706	17
DMORz	518	9704	17
krutoi23	519	9703	17
Gabe98121	520	9701	17
lennylurk	521	9695	17
Bombara	522	9694	17
BOBJulio	523	9693	17
tolstoy	524	9686	17
Potatoe37	525	9679	17
BrunnenG	526	9672	17
ItzPenzo	527	9670	17
DIAVLO	528	9669	17
Dersky	529	9660	17
BlackB12	530	9658	17
thBlezz	531	9657	17
Zexinos	532	9657	17
Igor	533	9652	17
Tormento	534	9650	17
CompadeTormi	535	9649	17
ChesterSL	536	9648	17
yoshi6409	537	9644	17
Фыргыдыщь	538	9636	17
xMegAtPaXePx	539	9636	17
LAcity	540	9633	17
sam3434	541	9632	17
BlueMoose	542	9631	17
Дрей	543	9631	17
Groom	544	9630	17
JohnGarique	545	9627	17
Wythono	546	9627	17
CancerCerebr	547	9612	17
Kaory	548	9611	17
Krewger	549	9610	17
ПлешивыйЧмо	550	9607	17
DavyDToto	551	9605	17
Butthead1g	552	9603	17
Sentenciado	553	9602	17
Jellinek	554	9591	17
OrsonPoland	555	9591	17
Drasiel	556	9591	17
DZZ	557	9588	17
Anastasia	558	9587	17
SpaceMonkey	559	9585	17
Boluard	560	9577	17
Sequoa	561	9573	17
Lava	562	9572	17
BrownRaven	563	9571	17
RoflingNinja	564	9568	17
duang	565	9567	17
Kilosaur	566	9562	17
JYKing	567	9562	17
honzis1364	568	9562	17
XYQueen	569	9561	17
NutSnack	570	9557	17
PIVO	571	9557	17
Юрьич	572	9556	17
KingChrisi	573	9554	17
Alesha	574	9551	17
Negan	575	9551	17
Fiaw	576	9547	17
Ciccio00	577	9547	17
Александр	578	9547	17
Num3n	579	9542	17
fhojmz	580	9540	17
Jacquøuille	581	9540	17
HowToElaine	582	9539	17
eltoN1g	583	9537	17
zloyVomka	584	9536	17
KalSo0n	585	9535	17
sabina	586	9520	17
TitRivendare	587	9515	17
BECHA	588	9514	17
RubeKOT	589	9513	17
Cheesecake	590	9507	17
Spidy	591	9507	17
Ageres	592	9505	17
BöserPanzer	593	9504	17
senator	594	9503	17
Ermak	595	9503	17
Boss	596	9503	17
Azdormu	597	9501	17
Genkid	598	9500	17
hemrald	599	9498	17
Cosminww	600	9494	17
Hendruid	601	9493	17
roco	602	9488	17
Kurama	603	9486	17
P3n	604	9486	17
Jore	605	9483	17
Flamekeeper	606	9475	17
Warika	607	9473	17
Finkel	608	9466	17
Filip	609	9465	17
GnidaTvar	610	9464	17
Riku	611	9464	17
Catmint	612	9463	17
tor144	613	9461	17
Danny	614	9461	17
Eldlich	615	9456	17
Eiji	616	9455	17
MonarchAwake	617	9455	17
Rei	618	9447	17
Bastian	619	9446	17
Bella	620	9445	17
yanedevka	621	9444	17
wsa7wow	622	9443	17
Igoreklow	623	9441	17
thomax	624	9440	17
СтраусКолдун	625	9440	17
TayebYounis	626	9433	17
Heegiboy	627	9430	17
Fiasko	628	9427	17
Marginal	629	9427	17
stikus	630	9422	17
puuf	631	9419	17
boloss11	632	9419	17
SEEEEEEENPAI	633	9418	17
pupypup	634	9417	17
Snooder	635	9414	17
wAmpa	636	9414	17
Euglena	637	9413	17
NakamaRHO	638	9412	17
Kizami	639	9411	17
Newbie	640	9409	17
Wnkrdnns	641	9405	17
leavemealone	642	9405	17
Kimpay	643	9403	17
GHAD1278	644	9402	17
Žęrø	645	9401	17
LSDeaddy	646	9400	17
Skalmanleif	647	9399	17
Sasha	648	9399	17
vitochef	649	9398	17
Miracle	650	9395	17
Nikita	651	9394	17
Applepie	652	9392	17
Sn0wXi	653	9391	17
Unoriginell	654	9389	17
ToMamiReci	655	9385	17
Sneaklol	656	9380	17
PieCeAcaKe	657	9379	17
Necro	658	9377	17
Deathvill	659	9371	17
DarkGamer	660	9368	17
RedMelv	661	9364	17
VeeV	662	9364	17
nicolasm91	663	9362	17
succersn	664	9360	17
Vict2706	665	9359	17
bronzer	666	9359	17
Удачливый	667	9358	17
Andevas	668	9356	17
lollittle	669	9355	17
pysnyaPNH	670	9353	17
Luxor	671	9351	17
asd1asd22061	672	9348	17
mock1ngb1rd	673	9347	17
Calliban999	674	9343	17
Th3Magny	675	9343	17
Deathwish	676	9342	17
JEBKA	677	9341	17
Co6ol	678	9341	17
tukimon99	679	9340	17
keglya	680	9336	17
Spongie	681	9335	17
Ectow	682	9332	17
coilnovagg	683	9330	17
GesOsetin	684	9329	17
SiLNine	685	9325	17
SSK	686	9325	17
WetMagicNips	687	9324	17
Ghost	688	9323	17
Myr	689	9322	17
edeNRoss	690	9322	17
Millmik	691	9320	17
DUPLOKID	692	9318	17
ToastTactic	693	9316	17
FireDead	694	9314	17
SherrifPiele	695	9312	17
TheOneKiller	696	9310	17
qwerty	697	9308	17
Cyberchrome	698	9307	17
Biggishow	699	9307	17
DeadlyPants	700	9302	17
Korttiapina	701	9295	17
VovaCoilNova	702	9294	17
Chuplya	703	9288	17
Pint0	704	9286	17
logan621	705	9285	17
WonderZ	706	9284	17
SergeGnabry	707	9283	17
Jordinator	708	9279	17
Zony	709	9278	17
PupsGoRooRoo	710	9277	17
Zuwa	711	9276	17
m0rtal	712	9276	17
King64	713	9276	17
Lazy34	714	9271	17
ПажилойКалош	715	9271	17
Yoxi2ITP	716	9271	17
MeLaDzeeeeee	717	9269	17
Arafas	718	9267	17
Apollion	719	9265	17
RevBoiii	720	9263	17
Chris	721	9262	17
kurochka666	722	9261	17
ShockedU	723	9260	17
Mogorva	724	9259	17
Jabbath	725	9256	17
Berk	726	9255	17
Pepo	727	9250	17
Azirael	728	9249	17
ZVK88	729	9245	17
Maestro	730	9243	17
BBQ	731	9243	17
Ledmiperfect	732	9242	17
kivistik2006	733	9241	17
Bossim	734	9233	17
theolos	735	9232	17
Ritors	736	9232	17
BlackTec	737	9227	17
Drahcir1995	738	9226	17
Dild0Beginz	739	9224	17
Zaple	740	9222	17
Тисона	741	9221	17
jeefLegend	742	9220	17
NeVeR7887	743	9220	17
Sumum	744	9218	17
Tutenshamun	745	9215	17
Weastrome	746	9213	17
Chris777	747	9212	17
ChristosG3	748	9209	17
aki	749	9208	17
Togh	750	9208	17
GinTonyc	751	9206	17
klosar	752	9206	17
Kinikibaster	753	9206	17
risenangel	754	9202	17
HuGeCuCumber	755	9200	17
karam757	756	9200	17
LorenitaMola	757	9198	17
Gvinpin77777	758	9196	17
Core	759	9195	17
Affinity	760	9194	17
AeroXXXI	761	9193	17
ГеройГероев	762	9193	17
YoloGoat	763	9192	17
Skyres	764	9191	17
qweqwepia	765	9188	17
Пельмень	766	9185	17
Deedrayn	767	9183	17
Root	768	9183	17
Neutral	769	9182	17
xxSKYRxx	770	9181	17
benteuch	771	9175	17
Eltisch	772	9175	17
rennytao	773	9173	17
BOBBINONION	774	9172	17
ShinyHero	775	9171	17
egoisto	776	9171	17
Akashi	777	9168	17
KingCss	778	9168	17
RusniaSosi	779	9168	17
Azrael	780	9168	17
Tenz1n	781	9165	17
MrAnanasYT	782	9163	17
Zyno	783	9163	17
LilacLich	784	9162	17
nococacola	785	9160	17
Monk	786	9159	17
Ink	787	9156	17
Spezi	788	9156	17
RisK	789	9156	17
Luna	790	9153	17
PP1337	791	9150	17
kenni	792	9149	17
Ryyudo	793	9148	17
Warbringer	794	9147	17
Oocoll	795	9145	17
MoLNyaaa	796	9144	17
Grommed	797	9143	17
GrenFox232	798	9143	17
Altair	799	9142	17
Anael	800	9140	17
kabanchyk12	801	9138	17
FLexX	802	9137	17
Shooller	803	9134	17
Correctness	804	9134	17
ЛайкайСосо	805	9133	17
pasadoobel	806	9132	17
DotDan	807	9130	17
XxToDxX	808	9128	17
Donkot	809	9126	17
blazr	810	9121	17
Satywuly	811	9119	17
Veret	812	9119	17
Honzish	813	9115	17
Puppycat	814	9114	17
Botanich	815	9113	17
BARBALARVO	816	9111	17
Ronan	817	9111	17
OldGuyEarl	818	9110	17
BTT	819	9110	17
Barinooov	820	9106	17
Zronix	821	9104	17
Les	822	9100	17
shaffaaf27	823	9095	17
ТавернаБоба	824	9095	17
FlaMe	825	9094	17
Gregauxriz	826	9092	17
godcha	827	9092	17
Bossyansky	828	9089	17
tapsa	829	9088	17
Huby	830	9087	17
Ceynet	831	9086	17
Sokrates	832	9084	17
Salame	833	9083	17
LittleOgre	834	9083	17
r1deRR	835	9082	17
Anton	836	9080	17
TohsakaRin	837	9077	17
Glada	838	9075	17
MrKazze	839	9074	17
Пажилаятуфля	840	9070	17
kori9991	841	9066	17
mohammedlee	842	9064	17
shveps	843	9063	17
Gas	844	9062	17
Roxrir	845	9061	17
Chartered	846	9059	17
КислыйМорж	847	9058	17
Tamet	848	9057	17
Gregori	849	9056	17
ShîtTheBed	850	9056	17
Paviaani	851	9054	17
Chillheart	852	9053	17
Царич	853	9052	17
flameloa	854	9050	17
TRAMPAPA	855	9046	17
Derpy	856	9043	17
Dami	857	9043	17
Котик	858	9042	17
MiNNoR	859	9038	17
Kadly	860	9035	17
Arkeon	861	9034	17
alatata	862	9031	17
Toxin	863	9031	17
Icekiss	864	9030	17
sinestre	865	9030	17
PjderZocker	866	9028	17
Hellios	867	9027	17
RNGESUS	868	9026	17
Slarkys	869	9022	17
BloodHunter	870	9021	17
DarquiNaiti	871	9020	17
Барсик	872	9020	17
Hofi	873	9018	17
EyeIgnite	874	9017	17
Sigquiet	875	9017	17
flash0808	876	9015	17
Nefarius	877	9015	17
CoolBanana	878	9012	17
lewverine	879	9011	17
Squerlox	880	9008	17
бебебе	881	9006	17
kirby	882	9006	17
Kran	883	9005	17
JanitorSD	884	9005	17
Yannis	885	9003	17
MasterOK	886	9003	17
ShookOne	887	9003	17
Sheonna	888	9002	17
ERIK	889	9001	17
ImpYCelyn	890	9000	17
ShockxZ	891	9000	17
Superennu	892	8999	17
CuppE	893	8997	17
Pandemonium	894	8996	17
miiiisha	895	8995	17
ImDieu420	896	8995	17
Artemeezy	897	8988	17
GreenApple	898	8986	17
VOYS	899	8985	17
McPotato	900	8984	17
Василиса	901	8983	17
kotwq	902	8983	17
ElDiablo	903	8981	17
CTAH	904	8973	17
beepbeep	905	8972	17
Mercyfull	906	8972	17
kremo	907	8967	17
Csirkemlfilé	908	8966	17
Pulse	909	8965	17
moodak	910	8965	17
Pain	911	8964	17
DrGuFy	912	8962	17
Inimitable	913	8961	17
korzhik	914	8960	17
Astaroth	915	8959	17
Lilly	916	8957	17
SellerHappi	917	8957	17
rubberbarba	918	8956	17
Migget	919	8955	17
Metal	920	8955	17
fsd	921	8953	17
SicBert	922	8950	17
Teo	923	8949	17
Fibz27	924	8943	17
MachoAlfa	925	8942	17
Karapetich	926	8942	17
Darkness	927	8941	17
Detective	928	8941	17
Foudroyeur	929	8940	17
Yusana	930	8939	17
MyghtyBeast	931	8939	17
Terrorwolf	932	8939	17
Люц	933	8933	17
MulloNalkA	934	8932	17
jakub530	935	8929	17
FeelGood	936	8928	17
Meancor	937	8926	17
goz	938	8926	17
MrPumkinDuke	939	8925	17
iamnotdarth	940	8925	17
Extrahammer	941	8923	17
Shantoy	942	8923	17
Psix	943	8919	17
Ryman	944	8918	17
Yilans	945	8917	17
Plaksa	946	8915	17
TonyIrish	947	8914	17
IrmaLaerQ	948	8912	17
Fired	949	8912	17
glowin9	950	8912	17
Adamantyum	951	8911	17
Weezing	952	8908	17
Laziness	953	8906	17
R3S1D3NT	954	8904	17
БубновыйТуз	955	8904	17
Raskinz	956	8903	17
Necrosis	957	8902	17
LazySid	958	8901	17
Naka	959	8900	17
Urs	960	8900	17
BeLikan	961	8899	17
qman	962	8899	17
xixiha	963	8898	17
Terminator	964	8895	17
iodaaa	965	8894	17
SaysOp	966	8890	17
ebaki	967	8888	17
fanfan	968	8888	17
remsky	969	8887	17
Bobpls	970	8884	17
Sheonna	971	8883	17
FA4W	972	8883	17
harmich	973	8882	17
WAVR1N	974	8882	17
Floflo541	975	8878	17
xKairo	976	8876	17
WhiteYeti	977	8874	17
doggySTREAM	978	8874	17
L1ght	979	8873	17
porolon	980	8872	17
FATAMORGANA	981	8872	17
clemk	982	8867	17
dark	983	8867	17
lolos	984	8866	17
Dario	985	8866	17
Yanxun	986	8865	17
endlessLie	987	8865	17
GraueMaus	988	8859	17
OpaNa	989	8858	17
VotTakLjaps	990	8855	17
R1csxl	991	8853	17
Tamftw	992	8852	17
Siyar	993	8852	17
Theagle	994	8852	17
Робби	995	8851	17
p04uhavpen1s	996	8847	17
Sufo	997	8846	17
Sury	998	8844	17
goyKiller	999	8844	17
ChillyWilly	1000	8844	17
vartman	1001	8842	17
Dazzle	1002	8842	17
BattlecryBre	1003	8842	17
Nehorn	1004	8841	17
TjockaLinnea	1005	8841	17
Sunaj66	1006	8841	17
Hawtom	1007	8840	17
Will	1008	8839	17
WindRider	1009	8838	17
Керриган	1010	8838	17
Samael	1011	8838	17
Kylf	1012	8837	17
JIoyKuK	1013	8836	17
Galaxatin	1014	8835	17
Xeno	1015	8834	17
Pumani	1016	8832	17
shiny	1017	8830	17
Kanalon	1018	8826	17
Tolmachevau	1019	8825	17
arioh	1020	8825	17
TeraqB	1021	8823	17
Npk	1022	8823	17
NovicePlayer	1023	8820	17
AltikGrik	1024	8820	17
Tangusik	1025	8819	17
CaptainAFK	1026	8818	17
fox	1027	8816	17
AlKsauce	1028	8814	17
Scud	1029	8812	17
Mida	1030	8812	17
Jekfell	1031	8811	17
Tonusu	1032	8808	17
DragonAlbert	1033	8805	17
vmsep	1034	8805	17
Fohl	1035	8803	17
Cosmic	1036	8802	17
DeSjoe	1037	8801	17
Mupi	1038	8800	17
ConkAndBepis	1039	8800	17
InsAlend	1040	8798	17
Мороженко	1041	8797	17
McREE	1042	8797	17
Liakusha	1043	8796	17
ZaZaMaZa	1044	8795	17
Krawo	1045	8795	17
Koshkodevka	1046	8794	17
Wakkito	1047	8790	17
JuIIenbucken	1048	8789	17
Fewar	1049	8789	17
HQNA	1050	8788	17
Gwastik	1051	8788	17
BradWong	1052	8784	17
Catlady	1053	8777	17
HOLST	1054	8777	17
大魔王	1055	8777	17
Heisenberg	1056	8775	17
DmitriyZadow	1057	8770	17
feel32own	1058	8770	17
Spaego	1059	8770	17
Maksimalen	1060	8770	17
TheViper	1061	8769	17
MrJojoDolo	1062	8769	17
Pumpkin	1063	8768	17
Paul	1064	8765	17
KapiW	1065	8765	17
stetsuk	1066	8763	17
Senpai	1067	8762	17
Crucifer	1068	8759	17
MrBob42	1069	8759	17
ОтдайКарты	1070	8758	17
Стакан	1071	8757	17
Hardias	1072	8757	17
DeBanden	1073	8754	17
LaDecadence	1074	8753	17
FlexLex	1075	8751	17
legenden	1076	8751	17
Proveider	1077	8751	17
asmyde	1078	8747	17
Yourdadovich	1079	8745	17
Rimbaudian	1080	8744	17
Kronas	1081	8744	17
VVG	1082	8743	17
Exotic	1083	8742	17
ymdase	1084	8740	17
SoRyN	1085	8740	17
Xtravalous	1086	8739	17
Komicap	1087	8738	17
RazzorHard	1088	8737	17
PennySaysBye	1089	8735	17
eindringling	1090	8735	17
Laurii	1091	8734	17
Dufist	1092	8733	17
Foxy	1093	8733	17
Keltak	1094	8732	17
Norman	1095	8730	17
Joppi	1096	8723	17
Pro100kop	1097	8723	17
Akliman	1098	8721	17
Diplom	1099	8720	17
eliasahli	1100	8715	17
Lester	1101	8715	17
salonij	1102	8714	17
jelly	1103	8712	17
sleepless	1104	8711	17
bomj	1105	8711	17
BroneZ	1106	8706	17
wizzo	1107	8706	17
Vanquish	1108	8704	17
itachier	1109	8704	17
Romidu78	1110	8704	17
DeadlyDaf	1111	8704	17
Ar4ik1337	1112	8704	17
j00p	1113	8704	17
Ego	1114	8702	17
Seyru	1115	8702	17
ǞȐǕǨǞ	1116	8701	17
Ihniy	1117	8699	17
Arrgentum	1118	8698	17
Nkts	1119	8698	17
Burnout	1120	8696	17
YaoiBoi	1121	8696	17
Унижатель	1122	8695	17
Okilan	1123	8695	17
Prophète	1124	8693	17
Qnigmatic	1125	8693	17
YANILOL	1126	8691	17
Vovesino	1127	8689	17
BigBoyHerb	1128	8689	17
筱梦	1129	8687	17
Bamblebog	1130	8686	17
Irma	1131	8686	17
hadayn228	1132	8685	17
ZZZ	1133	8685	17
Wetwist	1134	8685	17
appleSPAS	1135	8684	17
ProjoloGimb	1136	8684	17
PearlOtter	1137	8681	17
IQQI	1138	8680	17
ТенеДракон	1139	8678	17
Erdanor	1140	8675	17
leeluv	1141	8673	17
Alastair	1142	8672	17
b1omechan1ka	1143	8671	17
olStckyTapes	1144	8668	17
Smasher99	1145	8668	17
Avocardio	1146	8667	17
ChoKoLaD	1147	8667	17
ЗлыеШтаны	1148	8664	17
InfInIty	1149	8663	17
onesec	1150	8663	17
ГибкийГрелль	1151	8663	17
Otter	1152	8661	17
kroxa	1153	8660	17
Dannyman	1154	8658	17
DaveChan	1155	8658	17
AlphaPulsar	1156	8655	17
Extasyy	1157	8653	17
DaF1sh	1158	8653	17
Mystikpsy	1159	8652	17
Elsias	1160	8650	17
Wiesl247	1161	8650	17
DikiyPudge	1162	8649	17
	1163	8646	17
Dmise	1164	8645	17
Minapotheo	1165	8645	17
Turnbull32	1166	8644	17
Nalivaiko	1167	8644	17
Zerginshvain	1168	8642	17
Mew	1169	8641	17
R7z	1170	8639	17
Quzert	1171	8639	17
Talgoxen	1172	8639	17
Dito	1173	8634	17
Scarecrow	1174	8634	17
Clod01	1175	8633	17
Seal	1176	8631	17
rpo	1177	8631	17
Bishop	1178	8628	17
lowrate	1179	8628	17
Boomhauer	1180	8627	17
LyMar	1181	8625	17
P1Lzone	1182	8624	17
Xazy	1183	8624	17
Hooyaka	1184	8624	17
joh	1185	8624	17
ShangoTD	1186	8623	17
Arekdnb	1187	8623	17
ТруГуль	1188	8622	17
BigTse	1189	8622	17
PersikKOT	1190	8621	17
iNote	1191	8619	17
Luplow	1192	8619	17
Tompouss74	1193	8617	17
Din	1194	8617	17
Zerratul	1195	8616	17
Pegaska	1196	8616	17
voixq	1197	8616	17
SterixFoxe	1198	8613	17
Peixus	1199	8610	17
Electron	1200	8606	17
EightBitCow	1201	8605	17
FuzzyFennec	1202	8604	17
NauTeS	1203	8603	17
Angel	1204	8603	17
Artrax	1205	8602	17
Kushyo	1206	8601	17
mihail	1207	8601	17
Yasou	1208	8601	17
KEKW	1209	8601	17
Mausiminator	1210	8600	17
LemonYeti	1211	8596	17
BarryBatsbak	1212	8594	17
salinja	1213	8594	17
Sassa	1214	8593	17
Ptimouche	1215	8591	17
Hoegaarden	1216	8589	17
Kreysch	1217	8588	17
Hash	1218	8588	17
КотУбийца	1219	8587	17
ArTi	1220	8585	17
DANIELEGG	1221	8584	17
ASDUT	1222	8579	17
Pantera	1223	8578	17
axu	1224	8577	17
Keno	1225	8577	17
Félix	1226	8575	17
Matt	1227	8574	17
PinkRain	1228	8573	17
Chernobog	1229	8572	17
DiosCruel	1230	8572	17
Pepparpatrik	1231	8570	17
KevinWillis	1232	8570	17
Paller	1233	8570	17
Sadin	1234	8569	17
Popaul	1235	8567	17
AbyssHole	1236	8566	17
Errathy	1237	8566	17
Raz	1238	8566	17
haubo77	1239	8566	17
Wom	1240	8563	17
BabaGanush	1241	8561	17
Naiz	1242	8561	17
SergeyTechno	1243	8561	17
lukasenkov	1244	8559	17
Джентльмен	1245	8559	17
ХмурыйГад	1246	8559	17
KutrDash	1247	8557	17
Mikihiso	1248	8557	17
JackBreak	1249	8556	17
SyDe	1250	8555	17
SnarkyGoblin	1251	8553	17
useless123	1252	8553	17
Talerscan	1253	8553	17
Lu12ck34y5	1254	8550	17
MaJICIK	1255	8550	17
ExcaliburS	1256	8550	17
Carnival	1257	8548	17
Джимми	1258	8547	17
Khorne	1259	8546	17
mLsLinkin	1260	8546	17
Kirito	1261	8545	17
koles	1262	8544	17
Wuppen	1263	8544	17
Heytrix	1264	8544	17
Кираж	1265	8543	17
cnblbg	1266	8542	17
OneEyedCamel	1267	8541	17
Дасшуля	1268	8541	17
Cenzuram	1269	8539	17
gangwower	1270	8538	17
GROOT	1271	8538	17
Sunshine	1272	8537	17
iamgroot	1273	8537	17
Zohan	1274	8537	17
Gecko	1275	8536	17
LazyOrc	1276	8536	17
Corrwinn	1277	8534	17
Troglar	1278	8533	17
snus	1279	8530	17
Nosaka	1280	8530	17
darth	1281	8530	17
Mytidks	1282	8528	17
LEXA	1283	8527	17
Juhi	1284	8527	17
SP0	1285	8526	17
Defra	1286	8525	17
Balo45TheGod	1287	8524	17
BaaBaBomba38	1288	8523	17
Krampus	1289	8523	17
Niko	1290	8523	17
AinzOoalGown	1291	8522	17
Аведи	1292	8521	17
Jager	1293	8521	17
Артас	1294	8520	17
BACTORTRAKTO	1295	8519	17
Bunnycus	1296	8516	17
Elessar	1297	8515	17
bugsylla	1298	8515	17
K0r0	1299	8515	17
SkyggeManden	1300	8513	17
iuphul	1301	8512	17
drdrem8	1302	8512	17
KoJl9	1303	8511	17
AziZoMBiE	1304	8510	17
Wilhelm	1305	8510	17
MucuK	1306	8504	17
MusicWarrior	1307	8504	17
Zolofty	1308	8504	17
Cerrax	1309	8503	17
ТавернаБоба	1310	8502	17
Martje	1311	8497	17
Zahae	1312	8497	17
AJIbqpa	1313	8496	17
Gredinus	1314	8496	17
SkullReaper	1315	8494	17
DobriK	1316	8494	17
KOJIDbIPb	1317	8494	17
Simppadeexd	1318	8494	17
Augur	1319	8493	17
NightKnight	1320	8491	17
FanTom	1321	8491	17
Casadian	1322	8491	17
Servetel	1323	8489	17
Imanerog	1324	8489	17
Ben	1325	8487	17
Bigmoney814L	1326	8487	17
Fottimatre	1327	8487	17
Néo	1328	8485	17
betabane	1329	8484	17
finn2000	1330	8483	17
AvengeRon	1331	8483	17
Mauve	1332	8483	17
Gregor	1333	8482	17
Paul215	1334	8482	17
Itsche	1335	8482	17
zangue	1336	8482	17
Dmivladi	1337	8482	17
Razer	1338	8481	17
MrNegotive	1339	8481	17
Rusty	1340	8481	17
Kanade	1341	8480	17
Goodyounow	1342	8480	17
Kojiro	1343	8480	17
Noblesse	1344	8479	17
JosefSnow	1345	8479	17
Krmoje	1346	8479	17
Harrison	1347	8479	17
Mattes	1348	8479	17
EdwardNewgat	1349	8478	17
Zaster	1350	8478	17
Kirito	1351	8477	17
Vindet	1352	8475	17
Amorta	1353	8474	17
Harfstone	1354	8473	17
Chertila	1355	8473	17
Parj	1356	8473	17
Immortist	1357	8472	17
Celavac	1358	8470	17
WellPlayed	1359	8470	17
IwanTop	1360	8469	17
Yakou	1361	8468	17
Vektor	1362	8468	17
Zuxo	1363	8467	17
MrBit	1364	8466	17
Gapsha	1365	8465	17
followers123	1366	8463	17
Алхимик	1367	8462	17
dawa3500	1368	8461	17
van1sh	1369	8460	17
ADya	1370	8459	17
Wandereule	1371	8458	17
NightSilver	1372	8458	17
Kalbon2	1373	8456	17
MarvelousMax	1374	8455	17
Qulti	1375	8455	17
Shapeless	1376	8455	17
PalachRoka	1377	8454	17
razor	1378	8453	17
byGeKooh	1379	8452	17
Hameleon	1380	8451	17
Marinkus	1381	8451	17
Homa	1382	8451	17
stelion	1383	8450	17
Raikiri	1384	8449	17
SuzukiMethod	1385	8448	17
KungFuMaster	1386	8448	17
CrownedRuti	1387	8447	17
MansurDabag1	1388	8447	17
AFT3RMIND	1389	8447	17
Koshchei	1390	8446	17
esthereh	1391	8443	17
DerKolben	1392	8442	17
Romain672	1393	8441	17
Krasj	1394	8441	17
Hazard	1395	8441	17
Kampninja	1396	8440	17
КотХолерик	1397	8440	17
Envids	1398	8439	17
Lina	1399	8438	17
Egetz	1400	8438	17
MiniNinja	1401	8438	17
Wunsh	1402	8438	17
woniubi	1403	8437	17
yeellee	1404	8436	17
GoobLeJake	1405	8436	17
GSǂRolex	1406	8436	17
Azeksis	1407	8435	17
Suslenok	1408	8435	17
Draken	1409	8433	17
Sleaze	1410	8431	17
IBelieve	1411	8430	17
Budzzza	1412	8430	17
Few	1413	8430	17
Bloodshot	1414	8430	17
Panda00735	1415	8430	17
Yamakasi	1416	8429	17
XPOFT	1417	8428	17
SilentStorm	1418	8428	17
Tikorus	1419	8428	17
mozg	1420	8427	17
lichbeach	1421	8426	17
Kalimdor	1422	8426	17
Pipeline	1423	8425	17
bittelfraise	1424	8423	17
Hellfire	1425	8422	17
Darship	1426	8421	17
Troopcd	1427	8420	17
t1nyy	1428	8420	17
Joar	1429	8419	17
Overlord	1430	8418	17
olauzzoN	1431	8418	17
YourBadTrip	1432	8417	17
GooGleee	1433	8416	17
MEGA	1434	8416	17
Zaryos	1435	8415	17
ЖораТавернов	1436	8415	17
Stefan	1437	8414	17
AlbertWenda	1438	8413	17
CaptainMax	1439	8412	17
Tikara	1440	8411	17
STO11E	1441	8410	17
incv228	1442	8406	17
Radicall	1443	8406	17
YuGiOh	1444	8406	17
M1nkof	1445	8405	17
IgnoR	1446	8405	17
Beastyred	1447	8403	17
Maksoman	1448	8403	17
HarryMack	1449	8402	17
Banania	1450	8401	17
DraY	1451	8401	17
OneOfMany	1452	8399	17
MarinCim	1453	8397	17
MtgPlayUsa	1454	8397	17
COBA	1455	8397	17
Porlk	1456	8397	17
Ledokol	1457	8396	17
Hurj	1458	8396	17
BrianSpilner	1459	8395	17
Lawander	1460	8395	17
Eno	1461	8395	17
NicoLime	1462	8394	17
sherman	1463	8391	17
General007	1464	8391	17
Sy4a	1465	8391	17
kakady	1466	8389	17
EvilKill	1467	8389	17
Korsar	1468	8388	17
theoz	1469	8386	17
YourReaLDad	1470	8385	17
ARC	1471	8384	17
Yaponetz	1472	8384	17
Pauva	1473	8383	17
JumBoss	1474	8383	17
Atlas	1475	8382	17
Hellen	1476	8382	17
DaywalkerEx	1477	8382	17
anton	1478	8380	17
Xhiku	1479	8380	17
Bear	1480	8380	17
DarkName	1481	8379	17
Kalczuk	1482	8379	17
chaber	1483	8377	17
trakzor	1484	8376	17
Exilsior	1485	8375	17
Heliox	1486	8374	17
Armath	1487	8374	17
BAJI	1488	8374	17
musikkusik	1489	8370	17
Tefanis	1490	8369	17
kickz	1491	8369	17
DZ18	1492	8368	17
Cochonou	1493	8367	17
KODVAMMMMMMM	1494	8366	17
Bluefin	1495	8365	17
Magyman	1496	8365	17
l0rdm4dn3ss	1497	8364	17
Axon	1498	8363	17
artmavr	1499	8363	17
Holasiola	1500	8362	17
Alex	1501	8362	17
TWIGL	1502	8361	17
ИльяТрайХард	1503	8360	17
NeoLink	1504	8358	17
Mohyoh	1505	8357	17
Blind	1506	8356	17
Flashheart	1507	8355	17
Klever	1508	8355	17
CoBecTuHeT	1509	8354	17
Ichkaufedich	1510	8353	17
Mephysto	1511	8352	17
Быль	1512	8350	17
Bann	1513	8350	17
TETOKASANE	1514	8350	17
NestingRock	1515	8350	17
Jeeps	1516	8348	17
Art116	1517	8347	17
AdrianHS	1518	8347	17
Sedrs	1519	8346	17
BONNES	1520	8345	17
damcair	1521	8343	17
Anei	1522	8343	17
Schina	1523	8342	17
roanita01	1524	8341	17
Nysralel	1525	8341	17
RopeBurn3000	1526	8340	17
Hramoi	1527	8339	17
WatchMeDougi	1528	8336	17
RandomPerson	1529	8336	17
Speedy4	1530	8335	17
Staryy	1531	8335	17
WaYneZ	1532	8334	17
Максим	1533	8334	17
ASJEY	1534	8332	17
Harper	1535	8330	17
FrankZappa	1536	8330	17
KHORN	1537	8327	17
Kovroy	1538	8324	17
Sh0keR	1539	8324	17
lend0n	1540	8323	17
Cena	1541	8323	17
Fulrad	1542	8323	17
MeGustav96	1543	8323	17
ZrrrBtian	1544	8323	17
Gogel	1545	8322	17
tuefelsliebe	1546	8321	17
ShadowStorm	1547	8320	17
Ninten	1548	8317	17
Mummelpowel	1549	8317	17
SadowStorm	1550	8316	17
Ty3uK	1551	8316	17
Grat	1552	8315	17
PaRaDoXxXxXx	1553	8314	17
Traqs	1554	8314	17
Эрнат	1555	8313	17
Sinamomeni1	1556	8312	17
GrosCaillou	1557	8311	17
Sedlak	1558	8311	17
frozen17	1559	8309	17
Sevani	1560	8308	17
Gamotoapoerl	1561	8308	17
DYRA1488	1562	8308	17
Aleksandr	1563	8305	17
LeBeauFort	1564	8305	17
Ozazello	1565	8304	17
lolnikitaPL	1566	8304	17
Busta	1567	8303	17
LikeAngelDie	1568	8303	17
Hellrizen	1569	8303	17
dddtyy	1570	8302	17
AimIsLame	1571	8302	17
yurasu4ok	1572	8300	17
Yana	1573	8300	17
snowsauce	1574	8299	17
FlotteKatze	1575	8299	17
jBobBjob	1576	8299	17
KingMenin	1577	8298	17
cześć	1578	8298	17
ГромкийКит	1579	8298	17
HH13	1580	8297	17
SawariNeko	1581	8296	17
Maneken	1582	8296	17
AvaRISE	1583	8295	17
MomFriendSon	1584	8295	17
Vedetta9	1585	8294	17
seiken	1586	8294	17
УшлыйМедведь	1587	8291	17
Shaldave	1588	8291	17
zergzwerg	1589	8291	17
Legolas	1590	8290	17
GaNS	1591	8290	17
Ferron	1592	8289	17
IslandBoy	1593	8287	17
Zērñø6453	1594	8286	17
GamerKoos	1595	8286	17
Yatsufusa	1596	8286	17
Smilon	1597	8286	17
Selalife	1598	8284	17
ZUBILO	1599	8284	17
Rouda	1600	8283	17
Lestoman	1601	8282	17
Shieeza1	1602	8282	17
Fritetour	1603	8281	17
voleurquivol	1604	8281	17
Fuego	1605	8281	17
WickedNastya	1606	8280	17
EnZiS	1607	8278	17
Marpan	1608	8277	17
Embrys	1609	8277	17
Enemis	1610	8277	17
Minato78	1611	8276	17
Arven	1612	8276	17
XtazFuneral	1613	8276	17
BigManCios	1614	8275	17
Erox	1615	8275	17
Latin	1616	8275	17
Refyoka	1617	8274	17
huyaBot	1618	8273	17
pugapoe1	1619	8273	17
DarthVapor	1620	8273	17
Medvezhonok	1621	8272	17
argonn	1622	8271	17
snowyowl	1623	8271	17
arteus	1624	8270	17
Sensoftim	1625	8269	17
QuirkyTurtle	1626	8269	17
Maggame	1627	8269	17
Max0maN	1628	8268	17
BouncyKnight	1629	8267	17
Seamix	1630	8267	17
MaddyK	1631	8267	17
omtso	1632	8267	17
turkoz	1633	8266	17
Doom	1634	8266	17
AhmedHabibi9	1635	8266	17
Mickard	1636	8265	17
Flamed4	1637	8264	17
Grynen	1638	8263	17
Méthionine	1639	8262	17
AetherStrike	1640	8261	17
Portnoy	1641	8261	17
Dengarik	1642	8261	17
HooDooWooDoo	1643	8259	17
Falco	1644	8259	17
Zudoniix	1645	8259	17
planb21	1646	8254	17
ЧикСноуПру	1647	8254	17
G4rg4n4cl	1648	8253	17
Sifnosguy	1649	8253	17
МанакоРыцарь	1650	8252	17
FLEX	1651	8252	17
F0rSaGG	1652	8252	17
Josh	1653	8251	17
Mag9705	1654	8251	17
Revy	1655	8250	17
Waladorf	1656	8250	17
Korint	1657	8250	17
CromFayer	1658	8249	17
Nedra	1659	8249	17
neverdie0089	1660	8248	17
EpicSexGuy	1661	8248	17
Semka	1662	8248	17
Lordini	1663	8248	17
Konnijiwa	1664	8248	17
Jackson	1665	8247	17
Aegor	1666	8246	17
Qi1200	1667	8245	17
Ah1l3s	1668	8245	17
Nutishka	1669	8245	17
MaxHades	1670	8244	17
Menerax	1671	8244	17
Wolfgang	1672	8243	17
Rudy	1673	8242	17
BTR4ER	1674	8241	17
Kira	1675	8240	17
CiambellYna	1676	8239	17
Viberg	1677	8239	17
Cukr	1678	8239	17
Jonik	1679	8238	17
Tigron	1680	8237	17
Genom	1681	8237	17
SanyaKebab	1682	8237	17
SafliDono	1683	8236	17
Aksel	1684	8235	17
Belo4ka	1685	8235	17
BlackLord	1686	8234	17
PmJ	1687	8234	17
Kenvandine	1688	8234	17
Bing	1689	8232	17
Leksksks	1690	8231	17
dorcomafia	1691	8230	17
Mugiwara	1692	8230	17
pontuskillen	1693	8230	17
AriaRiA	1694	8230	17
Bobkiller	1695	8228	17
SN1T	1696	8228	17
MBFrosty	1697	8226	17
КАРТОХА	1698	8226	17
evagorinios	1699	8225	17
Tommzz69	1700	8224	17
Magician	1701	8224	17
ethlam	1702	8223	17
UnEpicmage	1703	8223	17
GoodGuy	1704	8222	17
vVenomVv	1705	8222	17
GoR	1706	8222	17
R2D2	1707	8220	17
ШутникЧервь	1708	8219	17
Хакуу	1709	8219	17
ScorDragTR	1710	8219	17
Rainbow1	1711	8219	17
prailex	1712	8217	17
SidDiman	1713	8217	17
Zeubave	1714	8217	17
Мурза	1715	8215	17
Laewl	1716	8215	17
Bnice	1717	8215	17
DirtySocks	1718	8213	17
Iopossum	1719	8212	17
Valjavec	1720	8211	17
SurferTao15	1721	8210	17
Tonnes	1722	8209	17
Gachist	1723	8208	17
Kaylana	1724	8207	17
tomatenbauer	1725	8207	17
bonivomal	1726	8207	17
Smeuze	1727	8206	17
dardanos	1728	8206	17
GBBAndrew	1729	8206	17
afrikaner2	1730	8206	17
BolleBart023	1731	8205	17
Lemony	1732	8205	17
phobia	1733	8204	17
lomprobzh	1734	8203	17
panda9	1735	8203	17
Un1eashedman	1736	8203	17
TomasHunter	1737	8203	17
Renarou	1738	8202	17
Invaloid	1739	8201	17
Luveha	1740	8200	17
Rokenz0	1741	8200	17
JensenSSR	1742	8199	17
Mad	1743	8199	17
Snooting	1744	8198	17
OguHo4ka	1745	8198	17
Lirroww	1746	8195	17
Chio	1747	8194	17
out9	1748	8193	17
NeCapitan	1749	8192	17
osborn	1750	8192	17
SLARM	1751	8191	17
Wardom	1752	8191	17
tyrcha	1753	8191	17
Xysein	1754	8191	17
RazieL	1755	8189	17
Gwenochka	1756	8189	17
Vovik	1757	8188	17
Laison	1758	8187	17
Natendo	1759	8185	17
Hylm	1760	8185	17
Scuippevoi	1761	8185	17
Pecurka777	1762	8184	17
GojoSatoruCZ	1763	8184	17
ХваткийКодо	1764	8183	17
Dimentor	1765	8183	17
mrpeanud	1766	8183	17
Nevirez	1767	8182	17
Ashborn	1768	8181	17
Deathlord	1769	8179	17
berkana	1770	8179	17
Homiez	1771	8179	17
MetCashflow	1772	8178	17
dosenjunge	1773	8178	17
Diffen	1774	8178	17
Nielsezzz	1775	8178	17
Escaramurza	1776	8175	17
Danillove	1777	8174	17
fizuk	1778	8174	17
Geen	1779	8174	17
Coviddino	1780	8173	17
abffl	1781	8173	17
SuP3RSmUrFX	1782	8171	17
yourWaifu	1783	8170	17
mendel	1784	8170	17
Immortal	1785	8170	17
Legas	1786	8169	17
BOT1	1787	8169	17
SPFoxis	1788	8168	17
Sorry	1789	8168	17
MadDentist	1790	8168	17
linkoln	1791	8167	17
Faiz	1792	8167	17
ChrisHansen	1793	8166	17
KingHB	1794	8163	17
TomatoXXX	1795	8163	17
infoshym81	1796	8162	17
HeroPower	1797	8162	17
Rancor	1798	8162	17
TinyEvil	1799	8161	17
Louis	1800	8161	17
Nickel	1801	8161	17
KittyMeow	1802	8160	17
HagibaTop163	1803	8159	17
Morphy	1804	8159	17
DonLardon	1805	8159	17
LightMyLife	1806	8159	17
con4ever	1807	8157	17
sunOsk	1808	8156	17
Eternallie	1809	8156	17
YukiKuran	1810	8155	17
Kroshyk	1811	8154	17
Englishgaman	1812	8154	17
Ayanami	1813	8153	17
Leibao	1814	8152	17
Speedee	1815	8152	17
BorisTheF	1816	8151	17
Dauwn76	1817	8151	17
OLAVI	1818	8150	17
Easyhorn	1819	8149	17
ACEez	1820	8149	17
Styx	1821	8149	17
TheEF	1822	8148	17
HideinBtlTag	1823	8147	17
Smurf	1824	8147	17
JornXD	1825	8146	17
Warner	1826	8146	17
BlackBird	1827	8145	17
ПОШЛЫЙХОМЖОН	1828	8145	17
Ordox	1829	8145	17
Vladgankster	1830	8144	17
Denvort	1831	8143	17
Malefic	1832	8143	17
CrUsTiChEcK	1833	8142	17
ГАЧИМУЧЕННИК	1834	8142	17
yatvoirot	1835	8142	17
Wambo	1836	8141	17
tumoxa	1837	8141	17
Sen4p	1838	8140	17
runchi	1839	8138	17
AcornBrain	1840	8138	17
ferogot	1841	8138	17
Dofamin	1842	8138	17
Sylvanas	1843	8138	17
Evilknight	1844	8137	17
JRegrets	1845	8136	17
Dow4p	1846	8136	17
AlMa	1847	8134	17
SilverHawk	1848	8134	17
Equilibrium	1849	8134	17
Ninjà	1850	8134	17
Rayman	1851	8132	17
iozih	1852	8132	17
Trekz	1853	8132	17
DrKongo	1854	8130	17
Phill01	1855	8130	17
Neko	1856	8130	17
NeoNtin	1857	8129	17
Reset	1858	8129	17
bbyOldPig	1859	8129	17
Af1Nn	1860	8127	17
Mankka	1861	8127	17
BattleFrog	1862	8127	17
newultimate	1863	8126	17
Skarllet	1864	8126	17
Everucrys	1865	8125	17
Sputnikaa	1866	8125	17
PigeonLord	1867	8125	17
UnchainedTog	1868	8124	17
ZIP	1869	8124	17
StrongTiger	1870	8124	17
equilibrium	1871	8124	17
Disspe4er	1872	8123	17
Luka	1873	8123	17
Ggthusy	1874	8122	17
Raikiri	1875	8122	17
Riordian123	1876	8121	17
Capharnaüm	1877	8121	17
Taboosted	1878	8120	17
lurven	1879	8120	17
Emil98	1880	8119	17
Oli	1881	8119	17
Scugno	1882	8118	17
xxSlayerxx	1883	8118	17
Chris0017	1884	8118	17
TitkosStream	1885	8118	17
DramierKZ	1886	8117	17
Joker	1887	8117	17
OkyHb	1888	8117	17
Kirineki108	1889	8116	17
Matthi	1890	8116	17
Solik41	1891	8116	17
prostoXLeB	1892	8115	17
Ewanpleydu77	1893	8115	17
Smail	1894	8114	17
Pr0sDontTalk	1895	8114	17
Ucant	1896	8114	17
ZED	1897	8114	17
Valx	1898	8114	17
VanTar	1899	8113	17
Mihailcv	1900	8113	17
JjB	1901	8112	17
MomsLover	1902	8112	17
Discovery	1903	8111	17
vzaj	1904	8110	17
apo	1905	8110	17
shalls	1906	8109	17
Kazi	1907	8109	17
liderbuks	1908	8109	17
MaoSama	1909	8108	17
Ave	1910	8108	17
hoobinka	1911	8108	17
Hopeless	1912	8107	17
wachotec	1913	8107	17
YaNki	1914	8107	17
gamerscam	1915	8107	17
OlimpKi	1916	8106	17
rusrobert4	1917	8106	17
miltiade	1918	8106	17
davidos03	1919	8106	17
linfur	1920	8105	17
sevenszak	1921	8105	17
Yami	1922	8105	17
Jurax	1923	8105	17
Kairokus	1924	8105	17
Rivnay	1925	8104	17
Cocos	1926	8103	17
ПсевдоРыцарь	1927	8103	17
Ayoshi	1928	8103	17
Tatt	1929	8102	17
inv1te1337KK	1930	8102	17
PlovChik	1931	8101	17
Dolphin	1932	8100	17
KevinDeKat	1933	8100	17
ЗлюкаЗверь	1934	8097	17
Mup	1935	8097	17
Ledra	1936	8097	17
Morgrain	1937	8096	17
uiuisisi01	1938	8096	17
vindorde	1939	8095	17
Texas	1940	8095	17
Hebelebeleb	1941	8094	17
Chenyu03	1942	8094	17
DualZz	1943	8093	17
Just2test	1944	8093	17
FallenHell	1945	8092	17
HappyGilmore	1946	8091	17
Strong	1947	8091	17
an29	1948	8091	17
dooiemonk	1949	8090	17
DEFENDER7829	1950	8089	17
Hayzan	1951	8089	17
Sunshine	1952	8089	17
HJMFSO	1953	8088	17
IllidanSOP	1954	8088	17
Anubis	1955	8088	17
Flifplop	1956	8087	17
Pacoin	1957	8087	17
Markka	1958	8087	17
Nexus	1959	8087	17
ProDano	1960	8086	17
iFneSs	1961	8086	17
Elacour	1962	8085	17
Cleras	1963	8084	17
Volos123	1964	8084	17
Chappuller	1965	8083	17
Marisan	1966	8083	17
Howtoplay	1967	8083	17
Trololo	1968	8083	17
JdixX	1969	8083	17
Neoterzial	1970	8083	17
babyKnight	1971	8082	17
Alexquadrat	1972	8082	17
AlexMorren	1973	8082	17
Kellersen	1974	8082	17
Evu	1975	8082	17
OctagonSeven	1976	8082	17
Stab	1977	8082	17
TexasBBQsauc	1978	8081	17
lilkridge	1979	8081	17
Raven	1980	8081	17
nisaasz	1981	8081	17
NeFolwaez	1982	8081	17
Akkarin	1983	8081	17
Ember	1984	8079	17
Asmadeys	1985	8079	17
Daisuke	1986	8079	17
seam	1987	8078	17
pitonprozxc	1988	8078	17
Banyak	1989	8078	17
fenista	1990	8077	17
LEGRANDOWNYD	1991	8077	17
reja	1992	8077	17
Campo678	1993	8077	17
WildRage	1994	8076	17
SkyFoxik	1995	8076	17
Sindre	1996	8076	17
Gutykiller96	1997	8076	17
maddeidk	1998	8076	17
Radu	1999	8076	17
Phatteh	2000	8076	17
Brenwyn	2001	8076	17
Kirnac	2002	8075	17
Pěchy	2003	8075	17
TrwwSporia	2004	8075	17
Lenin228	2005	8075	17
Zavobest	2006	8075	17
RaikuZ	2007	8075	17
Stranger	2008	8075	17
Shadow2033	2009	8074	17
t0X1Gen	2010	8074	17
FoxyCat	2011	8074	17
cheops2019	2012	8074	17
Shaman	2013	8073	17
pepsdu07	2014	8073	17
Bombetta	2015	8073	17
Gurren	2016	8073	17
ChenZen	2017	8073	17
Lathspell	2018	8073	17
ImmortalFox	2019	8073	17
Tr0j	2020	8072	17
Varenie	2021	8072	17
Hellara	2022	8072	17
PsychoMantis	2023	8072	17
G4R	2024	8072	17
КрайнийСатир	2025	8072	17
SaltyDog	2026	8071	17
Coldsoul	2027	8071	17
subara	2028	8071	17
Silence	2029	8071	17
z1n	2030	8071	17
jakobc	2031	8071	17
ForTheHorde	2032	8071	17
Argentum	2033	8070	17
tunkneninn	2034	8070	17
Leotopszn	2035	8070	17
Lesto01	2036	8070	17
Drc	2037	8070	17
KavkazCat	2038	8070	17
Handi	2039	8070	17
VitalikelsEU	2040	8070	17
Среброкрыл	2041	8069	17
AvideTv	2042	8069	17
lempo	2043	8069	17
seleymenk	2044	8069	17
Redamped	2045	8069	17
Deürf	2046	8069	17
Rattfratz	2047	8069	17
Bashstard	2048	8069	17
Qarapuz	2049	8069	17
Nowad	2050	8069	17
lainatnis	2051	8068	17
RockNRave	2052	8068	17
WeeZy	2053	8068	17
Dettelleo	2054	8068	17
Osama97	2055	8068	17
GoldenGolem	2056	8068	17
Noel	2057	8068	17
ALFREINUS	2058	8067	17
Escobar666	2059	8067	17
Beam21	2060	8067	17
TheLegend27	2061	8067	17
ХичШТ	2062	8067	17
BestOfEvil	2063	8067	17
Av1s	2064	8066	17
Flash	2065	8066	17
jnguar	2066	8066	17
CutieMarker	2067	8066	17
Сергеич	2068	8065	17
Polgara	2069	8065	17
arar	2070	8065	17
trebat	2071	8065	17
Simpo	2072	8065	17
BionicAvatar	2073	8065	17
Munkoha	2074	8065	17
Nemmec	2075	8065	17
DontBeAfraid	2076	8064	17
xFlash	2077	8064	17
Dendi	2078	8064	17
Venca	2079	8064	17
Yrtiop	2080	8064	17
iefam	2081	8064	17
WPAT	2082	8063	17
NoxD	2083	8063	17
GiMattyLee	2084	8063	17
sicarius	2085	8063	17
forestwow	2086	8063	17
Dementor	2087	8062	17
Carlsson	2088	8062	17
Панда	2089	8062	17
TuniStar	2090	8062	17
Rerexoxo	2091	8062	17
WormBass	2092	8062	17
thevoid	2093	8062	17
Stereotype	2094	8062	17
Arty	2095	8061	17
etanel19	2096	8061	17
Silence	2097	8061	17
greatOnizuka	2098	8061	17
Antuh	2099	8061	17
Gonzalo	2100	8061	17
Aurora	2101	8061	17
Zack	2102	8061	17
ShiBaka	2103	8061	17
Madafaka000	2104	8060	17
raithlin	2105	8060	17
Skudy	2106	8060	17
Dael	2107	8060	17
Лимончелло	2108	8059	17
Бахтияр	2109	8059	17
PODONOCKK	2110	8059	17
MishkaPopper	2111	8059	17
Horizon	2112	8059	17
Kweskab	2113	8059	17
Defnutiy	2114	8058	17
Stratex	2115	8058	17
DeepBlueApu	2116	8058	17
VeLiKoS	2117	8058	17
HentaiMyLove	2118	8058	17
potvorych	2119	8058	17
Darkside	2120	8058	17
Demobidule	2121	8058	17
Dezzyu	2122	8058	17
champloo	2123	8058	17
Rayrayray	2124	8058	17
fisker	2125	8058	17
MickleCircle	2126	8058	17
KawaiiKokomi	2127	8058	17
Cataru	2128	8058	17
Salato	2129	8057	17
Crabbzy	2130	8057	17
ReThInK	2131	8057	17
Dlo	2132	8057	17
Terrakota	2133	8056	17
Matédé	2134	8056	17
Bulbasaur	2135	8056	17
Myanao	2136	8056	17
Lunatic	2137	8056	17
baha	2138	8056	17
Muegge	2139	8055	17
SlicedFred	2140	8055	17
Бадяга	2141	8055	17
urashka	2142	8055	17
Biondo	2143	8055	17
LouLou	2144	8055	17
FuxBy	2145	8055	17
FREDDOSPWN	2146	8055	17
Sindra	2147	8055	17
ВольныйБобр	2148	8055	17
kava	2149	8054	17
hardworrier	2150	8054	17
Senty	2151	8054	17
HappyFeet123	2152	8054	17
stavros	2153	8054	17
Fearless	2154	8054	17
bibka228voni	2155	8054	17
dOpwla	2156	8053	17
Tamtako	2157	8053	17
babamisha	2158	8053	17
m0nster	2159	8053	17
Jelledenkik	2160	8053	17
clooudus	2161	8053	17
Mercy	2162	8052	17
Draleco	2163	8052	17
Poputchik	2164	8052	17
karrar	2165	8052	17
robustus	2166	8052	17
Nat	2167	8052	17
LoliPenguin	2168	8052	17
ferres	2169	8052	17
igorino444	2170	8052	17
Adnap	2171	8052	17
ВольныйБобр	2172	8051	17
Gilbc	2173	8051	17
zolmir	2174	8051	17
fullrasta	2175	8051	17
Omnicarbon	2176	8051	17
BananaSplit	2177	8051	17
Nezz	2178	8051	17
chejos	2179	8051	17
Stormbringer	2180	8050	17
STRANGE	2181	8050	17
Malina	2182	8050	17
pOvod	2183	8050	17
WhitestBoy	2184	8049	17
Faighter	2185	8049	17
SHARKYY	2186	8049	17
tornadi	2187	8049	17
Krokgar	2188	8049	17
Heiyewuya	2189	8048	17
Ingvar	2190	8048	17
Pidor1	2191	8048	17
RamboRusina	2192	8048	17
NuiNimic	2193	8048	17
Craytos	2194	8048	17
WebShank	2195	8047	17
Bim1noug	2196	8047	17
Pheb	2197	8047	17
Espy	2198	8047	17
Tyra	2199	8047	17
Kiljaeden	2200	8047	17
ДелаюДичь	2201	8047	17
Hewa	2202	8046	17
Самозванец	2203	8046	17
Hey	2204	8046	17
zEz	2205	8046	17
Evdosya	2206	8046	17
GarbanzoXXX	2207	8046	17
Kssy	2208	8046	17
Vaynard	2209	8046	17
Tometsu98	2210	8046	17
Termeros	2211	8046	17
Blogis	2212	8046	17
Btom31	2213	8045	17
Oswiecimz	2214	8045	17
JustL	2215	8045	17
Ranceta	2216	8045	17
Geniko	2217	8045	17
sausau	2218	8045	17
Shnubster	2219	8045	17
Larsonix	2220	8044	17
Tensa	2221	8044	17
Wannder	2222	8044	17
Смертомышь	2223	8044	17
Arkandos	2224	8044	17
Fred	2225	8044	17
DESMOS	2226	8044	17
Croucrou	2227	8044	17
wowbunington	2228	8044	17
Nightwitch	2229	8044	17
Ryūjin	2230	8044	17
Theoderey	2231	8044	17
AdmiralPEPPA	2232	8044	17
Pandemoneus	2233	8043	17
Shinobi	2234	8043	17
PhoeniX	2235	8043	17
MichaDG	2236	8043	17
ElChapo	2237	8043	17
coldheart	2238	8042	17
DeWenS	2239	8042	17
Raphael1979	2240	8042	17
fakalen	2241	8042	17
matthellet	2242	8042	17
Dynamo	2243	8041	17
Grainesombre	2244	8041	17
Fenix	2245	8041	17
Cosmin	2246	8041	17
Turu90	2247	8041	17
Spaizw0w	2248	8041	17
Algorio	2249	8041	17
Jav	2250	8041	17
ArcticSteve	2251	8041	17
FOXiz	2252	8041	17
skillzer0	2253	8041	17
Sn3oos	2254	8041	17
zZRipp3r	2255	8040	17
kazugaya	2256	8040	17
Zhmykh	2257	8040	17
NikOne	2258	8040	17
wbtbfum	2259	8040	17
zloyvetal	2260	8039	17
viv86	2261	8039	17
viiluri	2262	8039	17
Ome11	2263	8039	17
Oceanus	2264	8039	17
oggg	2265	8039	17
Gerrero	2266	8039	17
Jakasa	2267	8039	17
KinG322	2268	8039	17
Dave	2269	8039	17
Lages	2270	8039	17
Спартак	2271	8038	17
Nemzixs	2272	8038	17
DefQonOne	2273	8038	17
Жабка	2274	8038	17
Ray	2275	8038	17
SantasHo	2276	8038	17
Easy	2277	8038	17
Sanguine	2278	8038	17
Skolzkiy	2279	8038	17
DingDong	2280	8038	17
gregorgood	2281	8038	17
SpeeDexX	2282	8037	17
theHrony	2283	8037	17
Lookalive	2284	8037	17
DANIZ	2285	8037	17
lioons1	2286	8037	17
FramingFrame	2287	8037	17
ValikBeresh	2288	8037	17
Queen	2289	8037	17
SkullCape	2290	8037	17
tiVra	2291	8037	17
Krys	2292	8036	17
NicoRobin	2293	8036	17
Fhenom	2294	8036	17
Jokica10	2295	8036	17
Kai	2296	8036	17
ХитрыйКраб	2297	8036	17
mrhelmpie	2298	8035	17
Eneru	2299	8035	17
Sunshineacid	2300	8035	17
Kapitolia	2301	8035	17
Sarkos	2302	8035	17
Monst3r	2303	8035	17
Priest	2304	8035	17
Morgan	2305	8035	17
getrobin	2306	8035	17
Rogue	2307	8035	17
Esador	2308	8035	17
Escarriwichi	2309	8035	17
Woody	2310	8034	17
raven	2311	8034	17
VelialVend	2312	8034	17
BlackTea	2313	8034	17
Kawasaki	2314	8034	17
Lennandote	2315	8034	17
InkognitO	2316	8034	17
Intrust	2317	8034	17
РедкийТанк	2318	8034	17
Ruletik	2319	8033	17
Gominator	2320	8033	17
Yayanne	2321	8033	17
Cancana	2322	8033	17
Djoxe	2323	8033	17
Thérésias	2324	8033	17
Eraborea	2325	8033	17
Morzas	2326	8033	17
V01N83	2327	8033	17
R9b0k83	2328	8033	17
Bard	2329	8033	17
killua	2330	8032	17
TheINQ	2331	8032	17
wikikeeper	2332	8032	17
janif	2333	8032	17
Shotpirat	2334	8032	17
Tyrion	2335	8032	17
IrishMan	2336	8031	17
SneezyDwarf	2337	8031	17
Earendil	2338	8031	17
FedorHit	2339	8031	17
Ortroker	2340	8031	17
DenomiNator	2341	8031	17
Sarumant	2342	8031	17
MrWeed	2343	8031	17
AmidroUZ	2344	8031	17
Alchem1sd	2345	8030	17
Orangecat	2346	8030	17
byCrash	2347	8030	17
Tuyren	2348	8030	17
iGabbix	2349	8030	17
Yudzhyk	2350	8030	17
Exallot	2351	8030	17
StaceyCh3	2352	8030	17
Beny	2353	8030	17
BannZay	2354	8030	17
Tricker	2355	8030	17
Smolov	2356	8029	17
KingDan	2357	8029	17
Shaltear	2358	8029	17
Xitrojopik	2359	8029	17
Ayesh	2360	8029	17
LordWilly	2361	8029	17
Destroyn	2362	8029	17
Danny	2363	8029	17
Tazuo	2364	8029	17
ХваткийВорон	2365	8029	17
sney	2366	8029	17
Fan4ta79	2367	8029	17
OnyxGrell	2368	8029	17
szavic	2369	8028	17
noname	2370	8028	17
etoSad	2371	8028	17
ilyha797	2372	8028	17
skeleton22	2373	8028	17
Gognal	2374	8028	17
donchichi	2375	8028	17
Datschi	2376	8028	17
ivailosp	2377	8028	17
nootro	2378	8028	17
Xells	2379	8028	17
Sevack	2380	8028	17
BolikHS	2381	8027	17
Lucchini	2382	8027	17
TKHTank	2383	8027	17
Guik	2384	8027	17
szineztezia	2385	8027	17
W33D5P1R1T	2386	8027	17
Evilstrike	2387	8027	17
Иван	2388	8027	17
Harboe01	2389	8027	17
Barrabacha	2390	8027	17
SwEbA	2391	8027	17
Lalidan	2392	8026	17
SeManch	2393	8026	17
ПыльныйТанк	2394	8026	17
Phenomen147	2395	8026	17
TomaHawk	2396	8026	17
Мурлок	2397	8026	17
LunaTown	2398	8026	17
NisLox	2399	8026	17
Andet	2400	8026	17
Ferdinand	2401	8026	17
simplet	2402	8026	17
VoTiVSEDolbo	2403	8026	17
БлеклыйЧервь	2404	8026	17
Preatorian	2405	8026	17
anisa	2406	8025	17
KingJulian	2407	8025	17
LenaAkktiv	2408	8025	17
NastMoon	2409	8025	17
Bismark	2410	8025	17
Heavyvetal	2411	8025	17
volutabrum	2412	8025	17
Magnusma18	2413	8025	17
GrimPeeves	2414	8025	17
WTFree	2415	8025	17
Rainbow322	2416	8025	17
Palau	2417	8025	17
Dunmora	2418	8025	17
RubyOgre	2419	8025	17
Glorfindel	2420	8025	17
Volcom	2421	8025	17
Ariegiii	2422	8024	17
Darssy	2423	8024	17
Creator	2424	8024	17
БарыгаКрекер	2425	8024	17
SpatchcockFM	2426	8024	17
mono	2427	8024	17
Vesta	2428	8024	17
krabik	2429	8024	17
DodiDodi	2430	8024	17
Legomanden	2431	8024	17
MaxLimo	2432	8024	17
Solevar	2433	8024	17
lucer	2434	8024	17
КопатычСила	2435	8024	17
BBCSanchez	2436	8024	17
Lonely	2437	8024	17
keeperessa	2438	8024	17
goblin	2439	8024	17
Peacewarrior	2440	8024	17
Rudmila	2441	8024	17
tenebrarum	2442	8024	17
Ogarkov	2443	8024	17
OVERPROBOSS	2444	8024	17
Lifteur	2445	8024	17
ReD	2446	8024	17
KruKi	2447	8024	17
АрхиКитик	2448	8023	17
GiGiZaShagi	2449	8023	17
Kustari	2450	8023	17
ShadoWolf	2451	8023	17
sarcasticone	2452	8023	17
Yiels	2453	8023	17
Tintino	2454	8023	17
Xantalus	2455	8023	17
Пивнаясися	2456	8023	17
Flexcalibur	2457	8022	17
Turbo	2458	8022	17
likedemon	2459	8022	17
creech	2460	8022	17
Furax	2461	8022	17
eferalgan	2462	8022	17
Lørgqkee	2463	8022	17
SnowLHV	2464	8022	17
Gunitfreak	2465	8022	17
DinMortjin	2466	8022	17
DrSnowdrop	2467	8022	17
Masamune	2468	8022	17
ZLoiZeFear	2469	8022	17
Eventis	2470	8022	17
Kosh	2471	8022	17
FlatEarther	2472	8022	17
Danny	2473	8022	17
Frostyfeet	2474	8021	17
StillTrying	2475	8021	17
Thraduil	2476	8021	17
SLePeR	2477	8021	17
Elward	2478	8021	17
Asylum	2479	8021	17
Ricocard14	2480	8021	17
Galen	2481	8021	17
Emolii	2482	8021	17
Rambo	2483	8021	17
Omniform	2484	8021	17
axz	2485	8020	17
sneaxx	2486	8020	17
AnderZar	2487	8020	17
Patchi	2488	8020	17
Stickman	2489	8020	17
Den4ik	2490	8020	17
dominategame	2491	8020	17
berlin686	2492	8020	17
visanders	2493	8020	17
ИскроМэн	2494	8020	17
Naefling	2495	8020	17
KRUSHER99	2496	8020	17
OpiumDlyNiko	2497	8020	17
Poroho4ek	2498	8020	17
i2ainb0w	2499	8020	17
skiperoga	2500	8020	17
Sedral	2501	8020	17
Death	2502	8019	17
SidRain	2503	8019	17
Cyberkos	2504	8019	17
СуперМурлок	2505	8019	17
Casiopeea	2506	8019	17
TpuK	2507	8019	17
TrashKarma	2508	8019	17
Pettingzoo	2509	8019	17
Luffy	2510	8019	17
ХмурыйМонах	2511	8019	17
Хихикаем	2512	8019	17
Сосальщикчмо	2513	8019	17
ILamari	2514	8019	17
SenseiXL	2515	8019	17
Arox	2516	8019	17
Waffro	2517	8019	17
fcrm12	2518	8018	17
AlezFant	2519	8018	17
SirBubbleBut	2520	8018	17
NP5	2521	8018	17
Madlyaza	2522	8018	17
Феминистка	2523	8018	17
BernDoom	2524	8018	17
mikiJP	2525	8018	17
ImSerious	2526	8018	17
Jafla	2527	8018	17
OmbreDorée	2528	8018	17
Lave	2529	8018	17
NedLand	2530	8018	17
Lukas	2531	8018	17
Sancher	2532	8018	17
NickDeKeeper	2533	8018	17
Myvage	2534	8018	17
Oneyes	2535	8018	17
Coollikeafoo	2536	8018	17
shootnik	2537	8018	17
shusha	2538	8018	17
Helloïse	2539	8017	17
NOA	2540	8017	17
PopolAndKupa	2541	8017	17
SonnyxYouTub	2542	8017	17
Vasilen	2543	8017	17
Darfouf	2544	8017	17
VladimirDV	2545	8017	17
Shono	2546	8017	17
Stingrat111	2547	8017	17
Hallontagg	2548	8017	17
Densor	2549	8017	17
Bruheim	2550	8017	17
deepdno	2551	8017	17
Nazgul	2552	8017	17
Zlaya	2553	8017	17
Manok	2554	8017	17
AngelKashima	2555	8017	17
b0ngo	2556	8017	17
Dreamy	2557	8017	17
pookie	2558	8017	17
Promises	2559	8017	17
Bounty	2560	8017	17
Ktaken	2561	8017	17
YoussefRm	2562	8016	17
Kadi	2563	8016	17
AdrenalinW	2564	8016	17
Deus	2565	8016	17
KnifeParty	2566	8016	17
Sektant	2567	8016	17
disorder	2568	8016	17
alibird	2569	8016	17
GeekBoy	2570	8016	17
Палдин	2571	8016	17
FuZZy	2572	8016	17
Локки	2573	8016	17
Niogatori	2574	8016	17
iFeral	2575	8016	17
Adam	2576	8016	17
Рюкзачок	2577	8016	17
adermake	2578	8016	17
CoraZon13	2579	8015	17
ZXC1x1	2580	8015	17
SticErAC	2581	8015	17
Leisureboss	2582	8015	17
ВОИНДОНЕЦКА	2583	8015	17
DarkMaster	2584	8015	17
HTz	2585	8015	17
miamiam	2586	8015	17
RandOOmer	2587	8015	17
lasimo7	2588	8015	17
Hroft52	2589	8015	17
Mihail759	2590	8015	17
heker	2591	8014	17
Bespoleznich	2592	8014	17
selios	2593	8014	17
Catspirit	2594	8014	17
Viridant	2595	8014	17
VsegdaZaRus	2596	8014	17
NaR0RoW	2597	8014	17
Gopi	2598	8014	17
aforius	2599	8014	17
Volaplayer	2600	8014	17
vladzar	2601	8014	17
DWValeera	2602	8014	17
Dartjik	2603	8014	17
Whyboou	2604	8014	17
Helios	2605	8014	17
Businator228	2606	8014	17
norad	2607	8014	17
luffysama	2608	8014	17
Aventurier	2609	8013	17
Чайлиптон	2610	8013	17
VeryStrongRU	2611	8013	17
Bughy	2612	8013	17
koperek	2613	8013	17
FireLunaCraf	2614	8013	17
Kaneki	2615	8013	17
Mystery177	2616	8013	17
Sterymis	2617	8013	17
Tasheki	2618	8013	17
Harald	2619	8013	17
CaPPtaiNN	2620	8013	17
Donald	2621	8013	17
First	2622	8013	17
CaptainMasya	2623	8013	17
Hod	2624	8013	17
mely974	2625	8013	17
axel	2626	8013	17
KlisTron	2627	8012	17
Daemoon	2628	8012	17
pahenimun	2629	8012	17
orendark	2630	8012	17
Ticher	2631	8012	17
Alma	2632	8012	17
Adam	2633	8012	17
Gurugamesh	2634	8012	17
ADxboy	2635	8012	17
Bossy	2636	8012	17
rst	2637	8012	17
al3ubed	2638	8012	17
Redriar	2639	8012	17
BaoBao	2640	8012	17
Seeker	2641	8012	17
BambyBabyy	2642	8012	17
KillerBe	2643	8012	17
TehZagaJr	2644	8012	17
OpalEagle	2645	8011	17
Ximiya	2646	8011	17
Regius	2647	8011	17
Paranoia5150	2648	8011	17
РоботМурлок	2649	8011	17
TipOK	2650	8011	17
sjowyuicy	2651	8011	17
Loyalkin	2652	8011	17
Mortuus	2653	8011	17
Shakes	2654	8011	17
NeonLoas	2655	8011	17
averik	2656	8011	17
Ptolemaeus	2657	8011	17
silyyyy	2658	8010	17
goliath	2659	8010	17
SatanicVoron	2660	8010	17
inconnus	2661	8010	17
effo	2662	8010	17
FlissKUR	2663	8010	17
кисскаМск	2664	8010	17
xorus	2665	8010	17
BillyBilly	2666	8010	17
KPanterka	2667	8010	17
Ph3xY	2668	8010	17
Dragontwist	2669	8010	17
Xopek	2670	8010	17
Kryg	2671	8010	17
rähmäkäpälä	2672	8010	17
Deadtective	2673	8009	17
Astemay	2674	8009	17
Hitagi	2675	8009	17
Vektor	2676	8009	17
MachuPicchu	2677	8009	17
AlmazXR	2678	8009	17
PoverDrich	2679	8009	17
ducbob	2680	8009	17
fupoha	2681	8009	17
Petros9ln	2682	8009	17
Mino	2683	8009	17
crecer2207	2684	8009	17
Trewes	2685	8009	17
tonche	2686	8009	17
Farax	2687	8009	17
Scampadour	2688	8009	17
A114U	2689	8009	17
Schnitzler	2690	8009	17
WEasy	2691	8009	17
простоДаня	2692	8008	17
Kek	2693	8008	17
тюлень	2694	8008	17
innan03	2695	8008	17
Niikom	2696	8008	17
Pirith	2697	8008	17
Orderic	2698	8008	17
Filbo	2699	8008	17
Xili	2700	8008	17
KiriHasmus	2701	8008	17
Vigilnte8zim	2702	8008	17
Sammpo	2703	8008	17
ObedientAlex	2704	8007	17
GameOver	2705	8007	17
Empeiros	2706	8007	17
Erosia	2707	8007	17
LAG	2708	8007	17
Fost	2709	8007	17
Ill08	2710	8007	17
bidm	2711	8007	17
Deeckey	2712	8007	17
RDMAI	2713	8007	17
EFG	2714	8006	17
Loriar	2715	8006	17
Maxwn	2716	8006	17
Mugello	2717	8006	17
Predator	2718	8006	17
chrisgame	2719	8006	17
LaSilveria	2720	8006	17
Symmathael	2721	8006	17
rasko93	2722	8006	17
Aman	2723	8006	17
JFantastique	2724	8006	17
Balavurder	2725	8006	17
PanzerCake	2726	8006	17
Universe	2727	8006	17
Fantasy	2728	8006	17
KoToS	2729	8006	17
MESONDAR	2730	8006	17
Igzor	2731	8005	17
r4BB	2732	8005	17
Mathiasoon3t	2733	8005	17
OOOOOOOOOOpa	2734	8005	17
Jaxonfive57	2735	8005	17
FiXiK	2736	8005	17
daddymcphee	2737	8005	17
ТайноТролль	2738	8005	17
Legend27	2739	8005	17
Vberg	2740	8005	17
Quark	2741	8005	17
pokamolodoy	2742	8005	17
Kappa	2743	8005	17
Unclephil	2744	8005	17
sandorlev	2745	8005	17
Firas	2746	8005	17
heltagenius	2747	8005	17
MrVirys96	2748	8004	17
jstn7	2749	8004	17
Danilson	2750	8004	17
Sweg1R	2751	8004	17
SGUSHONKA	2752	8004	17
OffGottoff	2753	8004	17
Rahm	2754	8004	17
Mymymymymymy	2755	8004	17
Vanquish	2756	8004	17
devilstorm	2757	8004	17
Kostil	2758	8004	17
Player08	2759	8004	17
DonSikaleone	2760	8004	17
GitzN	2761	8004	17
ayanamilove	2762	8004	17
SHEFF	2763	8003	17
teploholod	2764	8003	17
BananaHunter	2765	8003	17
micaros23	2766	8003	17
ragnarlotbrk	2767	8003	17
Enteo	2768	8003	17
IHateU	2769	8003	17
ХитрыйСтраус	2770	8003	17
Cacie	2771	8003	17
koebes	2772	8003	17
DRagon	2773	8003	17
Mugi	2774	8003	17
Shadowmaster	2775	8003	17
УшлыйМелкий	2776	8003	17
RyzhayaBelka	2777	8003	17
МаркоРойс	2778	8003	17
Ptashka	2779	8003	17
Nikoflex	2780	8003	17
biglazynabat	2781	8002	17
Creat	2782	8002	17
FrostByte69	2783	8002	17
torobotaki	2784	8002	17
Napalmus	2785	8002	17
bizzard123	2786	8002	17
Karkabon	2787	8002	17
OsSLatvia	2788	8002	17
MooNLight	2789	8002	17
FeaskoO	2790	8002	17
JaguarBog	2791	8002	17
sherlock	2792	8001	17
BlaksiShark	2793	8001	17
LeGish	2794	8001	17
Pr0p4gande	2795	8001	17
Некрасов	2796	8001	17
Deore	2797	8001	17
Julez	2798	8001	17
SkepasG	2799	8001	17
keltuzad	2800	8001	17
MishTheGrEaT	2801	8001	17
Chilman	2802	8001	17
RasimCooper	2803	8001	17
Mrakseek	2804	8001	17
MihaDimon	2805	8001	17
kj061223	2806	8001	17
Peeloton	2807	8001	17
Макулатура	2808	8001	17
Melimel	2809	8001	17
Govnar228	2810	8000	17
Shohich	2811	8000	17
Айра	2812	8000	17
TolleyGaming	2813	8000	17
Ev1light	2814	8000	17
Tusap	2815	8000	17
KapitanKot	2816	8000	17
Abendländer	2817	8000	17
sadpepa	2818	8000	17
Gromzadira	2819	8000	17
PetroKapot	2820	8000	17
K1tsune	2821	8000	17
Интроверт	2822	8000	17
Dragano	2823	8000	17
hallvardhen	2824	8000	17
NullusSmile	2825	8000	17
Nagibator228	2826	8000	17
NeverLate	2827	8000	17
Explosion	1	26006	18
Viconia	2	23573	18
Melody	3	22223	18
ХитрыйКраб	4	22222	18
Fluderutus	5	21093	18
Deionara	6	21030	18
FlameBear	7	20992	18
dai	8	20314	18
ilittlepanda	9	20295	18
rovch	10	20067	18
TOXICH	11	20061	18
AlphaDecay	12	19184	18
Mathematics	13	19167	18
Мэйбл	14	19117	18
NOS	15	19000	18
huyaBot	16	18654	18
tycheace	17	18360	18
SamON	18	18349	18
Bob	19	17936	18
jopa	20	17685	18
NeoCubism	21	17645	18
Kein	22	17550	18
igeenger	23	17412	18
Slib	24	16897	18
Askaruda	25	16879	18
irtem	26	16811	18
Moonlight	27	16405	18
Fg228	28	16355	18
Viconia	29	15888	18
ПивнойЗверь	30	15720	18
SkrO	31	15677	18
Goon2	32	15673	18
Sayu	33	15516	18
бодя	34	15451	18
PirreSmurf	35	15357	18
СмелыйВомбат	36	15318	18
Dextreme	37	15287	18
fantozzi	38	15238	18
Mida	39	15218	18
Dami	40	15181	18
Goon1	41	15111	18
Кайрон	42	15027	18
WisX	43	15017	18
Spidy	44	14913	18
Nero60	45	14903	18
hank	46	14831	18
Neokje	47	14783	18
Yaser	48	14638	18
Alexfox	49	14567	18
Solitude	50	14450	18
DlovaN	51	14404	18
LavaBat	52	14355	18
Pupppa	53	14219	18
MusclGui	54	14216	18
SteakFrite	55	14216	18
n14	56	14213	18
SAY09ARA	57	14211	18
Gloosik	58	14077	18
Onlythis	59	14061	18
ТарасВульва	60	13967	18
succersn	61	13960	18
Great	62	13944	18
aggeeinnbg	63	13866	18
Warbringer	64	13836	18
TurkMaster	65	13776	18
DeadlyMouse	66	13623	18
QuizPBacon	67	13618	18
TheArcher	68	13611	18
ЭхЧтоЗаТяги	69	13548	18
TheJanitor	70	13526	18
FrGGosu	71	13516	18
null	72	13484	18
Grim	73	13457	18
GAP1698	74	13453	18
yanedevka	75	13381	18
LordDragon	76	13365	18
Dlo	77	13363	18
DCPepe	78	13337	18
Ultraslayer	79	13313	18
Dastey	80	13306	18
Eis	81	13300	18
ZerGgBoY	82	13286	18
Nordhesser	83	13239	18
FlaxLich	84	13238	18
Orangecat	85	13171	18
TheRabbin	86	13133	18
goblin	87	13132	18
Djings	88	13118	18
dondog33	89	13115	18
BattleGDD	90	13112	18
GUSYRA	91	13097	18
yoshi6409	92	13054	18
Седьмой	93	13023	18
tvTwinSidde	94	13015	18
Arhion	95	13014	18
gl0w	96	12967	18
DarkLight434	97	12965	18
PashtetRU	98	12956	18
Gurnar	99	12942	18
TVtwinsidde	100	12935	18
Bischem	101	12928	18
silasoli	102	12901	18
DOPELGANGER	103	12819	18
Rolcsy	104	12789	18
zertyter9	105	12737	18
zingz	106	12701	18
Simon	107	12634	18
sven77	108	12595	18
Glory	109	12592	18
LaKu	110	12545	18
Glada	111	12541	18
Draken	112	12527	18
DerCardProfi	113	12516	18
Scorlio67	114	12503	18
Anastasia	115	12502	18
Kimpay	116	12490	18
cye	117	12484	18
ПлакиПлаки	118	12479	18
managaOleh	119	12463	18
Xenx3127	120	12421	18
Utry	121	12419	18
Enjojjo	122	12416	18
SilverWolf	123	12415	18
Firefly	124	12406	18
Asklit	125	12393	18
JeppeLund	126	12386	18
Zamai	127	12375	18
Dasu	128	12353	18
SECODE	129	12349	18
Ayagami	130	12283	18
Jones	131	12271	18
Gapsha	132	12259	18
ksfeks	133	12246	18
Керриган	134	12228	18
Prikolist	135	12224	18
Унижатель	136	12191	18
EDGE	137	12185	18
BananaJoe	138	12149	18
ВахуиСтаюПон	139	12148	18
KREBETKA	140	12108	18
Sosal	141	12106	18
AmirPodpivom	142	12104	18
Kostil	143	12093	18
CatchThemAll	144	12082	18
easymemes	145	12071	18
Beppe	146	12068	18
UAENO1	147	12061	18
WotVrotTakWo	148	12046	18
fox1699	149	12034	18
sharp	150	12031	18
Bomjag	151	12030	18
Seevabbe	152	12017	18
SpaceRacer	153	12010	18
Molz	154	12004	18
dofmxakoxjh	155	11992	18
goike	156	11977	18
Bloodyyx	157	11975	18
Bybeto69	158	11972	18
Kespito	159	11931	18
Tao	160	11929	18
Chilango	161	11913	18
boooooo	162	11913	18
RomaMEGA	163	11912	18
MishTheGrEaT	164	11910	18
Yogg	165	11906	18
creech	166	11884	18
ddlydoll	167	11879	18
sattam	168	11876	18
西伯利亚土豆大王	169	11838	18
TiGrey	170	11808	18
rpo	171	11806	18
kalzifèr	172	11805	18
ChessMan	173	11802	18
Aleph	174	11794	18
olegTT	175	11793	18
MainFrost	176	11792	18
Subtractor	177	11781	18
ApocalipsuL	178	11769	18
Darklight11	179	11715	18
adhil	180	11712	18
razor	181	11703	18
PenPen	182	11702	18
Misternexx	183	11681	18
Пельмешка	184	11677	18
RubeKOT	185	11675	18
nococacola	186	11674	18
Spezi	187	11667	18
xle	188	11652	18
Destructor13	189	11652	18
embrx	190	11642	18
BTR	191	11636	18
PP1337	192	11598	18
Slimjimmy	193	11580	18
Karapetich	194	11568	18
coilnovagg	195	11566	18
Alis	196	11531	18
S1l3nccce	197	11508	18
ShadowOfMine	198	11479	18
snowsauce	199	11470	18
LilacLich	200	11467	18
ШикарнаяЖижа	201	11459	18
УльтраЖижа	202	11458	18
stayyyfqht0m	203	11444	18
fem	204	11440	18
Plag1at	205	11422	18
Embrys	206	11398	18
PePe	207	11394	18
BenRen	208	11385	18
Flaxowl	209	11385	18
AvaRISE	210	11379	18
SynDrom	211	11371	18
Detective	212	11337	18
JONES	213	11307	18
Fransman	214	11296	18
ptXnadzieja	215	11288	18
SzokoSwiR	216	11288	18
Reber	217	11280	18
Ultimatehero	218	11249	18
ArticRunner	219	11238	18
EternityRain	220	11228	18
drainer	221	11224	18
JustDylan	222	11214	18
ЗабытыйКот	223	11191	18
H2O	224	11181	18
Teo	225	11167	18
keg1	226	11163	18
MrRandom	227	11153	18
Sombra	228	11150	18
Argi	229	11145	18
sanm	230	11136	18
Айвенго	231	11126	18
sadon	232	11112	18
Blind	233	11100	18
Ghost	234	11095	18
Zronix	235	11092	18
Globox	236	11076	18
leavemealone	237	11072	18
Croki	238	11067	18
Artanar	239	11065	18
Rubii	240	11062	18
chK	241	11061	18
maks20k	242	11059	18
Korttiapina	243	11050	18
Veret	244	11048	18
rubberbarba	245	11044	18
GoldBear	246	11039	18
ERIK	247	11038	18
Fohl	248	11029	18
Arhangel135	249	11023	18
babamisha	250	11018	18
Liakusha	251	11000	18
kornoth	252	10993	18
sultan23	253	10992	18
Dam7970	254	10973	18
Khorne	255	10954	18
Ryqir	256	10946	18
Heiyewuya	257	10934	18
ЖидкийПес	258	10933	18
Sinabell	259	10931	18
SneezyDwarf	260	10925	18
Chaotic	261	10923	18
NuriDasHs	262	10916	18
alasroe	263	10912	18
DIVION	264	10899	18
ЯщикЯщеров	265	10897	18
yeellee	266	10881	18
persh	267	10878	18
ShockxZ	268	10873	18
ADya	269	10867	18
goldegram	270	10846	18
Sheva1221	271	10845	18
Minato78	272	10844	18
Karrimass	273	10838	18
MrPumkinDuke	274	10813	18
halkri	275	10810	18
YoCuteSenpai	276	10792	18
ZVV	277	10789	18
ColdtongG	278	10785	18
lewverine	279	10782	18
ACEez	280	10780	18
Sneax	281	10779	18
Lukas	282	10776	18
SKYLLER	283	10775	18
Lesnik	284	10773	18
GoGi	285	10765	18
krol1k	286	10762	18
Rabbit	287	10761	18
Darkhorror	288	10760	18
Maximka	289	10759	18
SEEEEEEENPAI	290	10758	18
EMAUKA	291	10744	18
Neutral	292	10739	18
OkyHb	293	10732	18
Genkid	294	10719	18
Darship	295	10695	18
Berserker	296	10687	18
Uncontrolled	297	10671	18
Igoreklow	298	10660	18
KnightLarion	299	10653	18
mrgl1st	300	10642	18
miiiisha	301	10634	18
Kadly	302	10625	18
Jabol	303	10625	18
vindorde	304	10624	18
Terminator	305	10616	18
Zokaboom	306	10593	18
Joppi	307	10590	18
BloodAdiict	308	10587	18
Jore	309	10584	18
Carnival	310	10574	18
Гвеночка	311	10562	18
Alastair	312	10560	18
Coma	313	10541	18
Гуманитарий	314	10540	18
lilkridge	315	10523	18
YoloGoat	316	10523	18
SirFrederick	317	10519	18
Horovodovod	318	10518	18
Nick	319	10518	18
MrInvisable2	320	10518	18
BradWong	321	10510	18
Tyziara	322	10490	18
Aphrim	323	10490	18
Ангелина	324	10482	18
Nomster	325	10481	18
RaVaGeUr	326	10470	18
RDMAI	327	10464	18
Hey	328	10463	18
mmilas	329	10460	18
Eltisch	330	10449	18
feel32own	331	10442	18
asapbush	332	10438	18
WillLT8	333	10435	18
AccZell	334	10427	18
Equalizer	335	10424	18
Chernobog	336	10405	18
røqvlsky	337	10403	18
Удачливый	338	10398	18
cra12PA6PM	339	10396	18
walkberg	340	10396	18
Coconutguy	341	10396	18
Laforet	342	10396	18
Abdulhadi	343	10375	18
Viberg	344	10368	18
AmbrosA	345	10366	18
Gwore	346	10366	18
Ante	347	10366	18
Pack	348	10366	18
gfdsa	349	10364	18
Dimonv16	350	10362	18
MuNGGG	351	10357	18
HeroPower	352	10351	18
Yorickk	353	10344	18
Andevas	354	10339	18
Gwastik	355	10337	18
Korint	356	10336	18
Lestoman	357	10322	18
Шынгыс	358	10320	18
МанакоРыцарь	359	10317	18
Kawazaki	360	10314	18
MHo	361	10313	18
Zagibator	362	10312	18
eliasker	363	10309	18
buyy	364	10309	18
GAS	365	10307	18
Ermak	366	10300	18
Jaboco	367	10299	18
dudeldoedel	368	10298	18
xixiha	369	10297	18
LazyTitan	370	10293	18
gaidev	371	10283	18
tor144	372	10282	18
sinestre	373	10279	18
Kirby	374	10278	18
ddBanzai	375	10276	18
t1nyy	376	10275	18
krutoi23	377	10274	18
MysterY	378	10266	18
BigBoyHerb	379	10263	18
BlackTec	380	10262	18
Kakosikk007	381	10261	18
Deathvill	382	10261	18
марио	383	10260	18
Hailrake	384	10251	18
Esador	385	10251	18
GnidaTvar	386	10250	18
MeloLaZanga	387	10250	18
Tigron	388	10248	18
Den777	389	10242	18
Aysegulcan	390	10237	18
Rahm	391	10229	18
ItzPenzo	392	10227	18
OpaNa	393	10223	18
Finkel	394	10217	18
Catmint	395	10217	18
mankingthing	396	10215	18
Lebiys	397	10206	18
reksrex	398	10199	18
krikerman	399	10196	18
OpalEagle	400	10192	18
DingDong	401	10190	18
Deeckey	402	10181	18
Bombara	403	10178	18
AMIWAR	404	10168	18
Howtoplay	405	10166	18
Barbaris	406	10163	18
Crucifer	407	10153	18
Seliz	408	10152	18
Foxy	409	10152	18
Laziness	410	10144	18
GeFest728	411	10139	18
Kupfergoblin	412	10139	18
Impuls269	413	10138	18
P3n	414	10127	18
Revy	415	10123	18
Wanderer	416	10122	18
Salonearbuz	417	10121	18
Askamar	418	10118	18
BlackWitch	419	10113	18
Tusap	420	10112	18
ebaki	421	10111	18
Razer	422	10110	18
eliasahli	423	10109	18
deadlydog	424	10101	18
Serko	425	10099	18
uRycot	426	10098	18
repka	427	10094	18
KapitanKot	428	10086	18
Migget	429	10084	18
Lefaya	430	10083	18
Felargon	431	10074	18
tonche	432	10074	18
Terrorwolf	433	10072	18
Rogue	434	10072	18
OPOPOPOPzmnl	435	10070	18
lostyaxd	436	10065	18
ПлешивыйЧмо	437	10062	18
Gruby	438	10062	18
robustus	439	10058	18
Hightime	440	10058	18
McHyper	441	10057	18
DoubleCrunch	442	10054	18
Roka	443	10049	18
Groom	444	10049	18
Pepo	445	10048	18
dANNN	446	10046	18
SL10	447	10043	18
YuukiBG	448	10039	18
Tutenshamun	449	10039	18
YoYoYaP	450	10039	18
Paviaani	451	10031	18
Peeloton	452	10027	18
Patzor	453	10024	18
Muradin	454	10022	18
SawariNeko	455	10020	18
Korenasa	456	10020	18
Deadtective	457	10019	18
Oswiecimz	458	10019	18
БоеСлизнюк	459	10016	18
Bachurskiy	460	10014	18
Bobpls	461	10009	18
Sigquiet	462	10009	18
Nemzixs	463	10008	18
LilDevil	464	10008	18
Mol	465	10006	18
Hoodo	466	10003	18
Tonusu	467	9997	18
Eksi	468	9995	18
Xeno	469	9991	18
Adam	470	9989	18
MVTEI	471	9987	18
FLexX	472	9986	18
ЧикСноуПру	473	9977	18
En3rgy	474	9973	18
ykkuy	475	9970	18
VenGeanCe	476	9970	18
Nikolai	477	9965	18
Kellersen	478	9961	18
DarquiNaiti	479	9950	18
Yuyu	480	9946	18
Heavyvetal	481	9940	18
GrayFalcon	482	9938	18
tapsa	483	9935	18
CancerCerebr	484	9933	18
Derpy	485	9932	18
Erijo	486	9927	18
vados	487	9926	18
BadVife	488	9926	18
YTOCHKA	489	9924	18
Hooyaka	490	9924	18
MrSvist	491	9919	18
Spaego	492	9918	18
FCKSWG	493	9917	18
nikitos	494	9917	18
Maguire	495	9912	18
Luskebuks	496	9909	18
Pain	497	9906	18
olala	498	9902	18
Дрей	499	9900	18
Skalmanleif	500	9896	18
BoolFighter	501	9895	18
Medveba	502	9895	18
Ayanami	503	9885	18
Xopek	504	9884	18
Biggishow	505	9884	18
Chaussette	506	9883	18
Bonaparty	507	9883	18
Bronzegoblin	508	9878	18
ylathor	509	9876	18
Директор	510	9870	18
Gregauxriz	511	9868	18
BabyDeionara	512	9867	18
HugeBang	513	9866	18
Phill01	514	9866	18
ЧанРамен	515	9865	18
Niikom	516	9864	18
Tchikalaboum	517	9862	18
Slarkys	518	9860	18
Фыргыдыщь	519	9856	18
Joe	520	9855	18
Yojimbo	521	9854	18
Wambo	522	9849	18
AlMa	523	9848	18
jyramiidi	524	9843	18
Metal	525	9843	18
DanseCoquine	526	9842	18
FLEX	527	9841	18
goegrog27	528	9841	18
LuNotFound	529	9838	18
iNote	530	9832	18
Zexinos	531	9832	18
Boss	532	9831	18
Bigstomach	533	9828	18
Ketodivi146	534	9827	18
sleepless	535	9817	18
GorDan	536	9816	18
Dark5ider5	537	9811	18
Thanatos	538	9807	18
logan621	539	9806	18
RomanKnight	540	9806	18
pilis	541	9805	18
Rancor	542	9804	18
SkyLamer	543	9802	18
ТруГуль	544	9799	18
Youtomia	545	9798	18
Belky	546	9798	18
Thanatos	547	9795	18
Kilosaur	548	9794	18
FrcFaust	549	9789	18
Romochka	550	9789	18
BANKAI	551	9788	18
HaZe	552	9787	18
kurochka666	553	9786	18
Risecro	554	9775	18
Dow4p	555	9774	18
Paller	556	9773	18
Bnice	557	9771	18
LichKing	558	9770	18
UnEpicmage	559	9770	18
D3athAng3l1	560	9769	18
DMNK	561	9766	18
DreamDr4gon	562	9762	18
FlameLich	563	9761	18
GreyDawn	564	9750	18
Bombey	565	9744	18
Gonzalo	566	9743	18
Donkot	567	9742	18
VoTiVSEDolbo	568	9742	18
MaddyK	569	9741	18
Bastian	570	9740	18
krikodil	571	9736	18
ResetRoman	572	9734	18
MaydiePrime	573	9729	18
GSǂRolex	574	9728	18
tukimon99	575	9727	18
r1deRR	576	9726	18
mohammedlee	577	9723	18
KingOfLemons	578	9711	18
Shadow	579	9710	18
WEasy	580	9709	18
Клейман	581	9703	18
KOR3ANiZ3Dx	582	9693	18
TheLegend27	583	9689	18
wAmpa	584	9680	18
Кисакотик	585	9678	18
PhoeniX	586	9675	18
Jordinator	587	9673	18
r4BB	588	9671	18
Miraya	589	9666	18
RazzorHard	590	9666	18
FlaxImp	591	9663	18
Nkts	592	9662	18
Shamaniac	593	9658	18
Shapeless	594	9657	18
Zreem	595	9656	18
LastLucky	596	9652	18
Sayōnara	597	9648	18
Sequoa	598	9643	18
ПозднийКот	599	9640	18
Gas	600	9638	18
Tamet	601	9637	18
Shaman	602	9634	18
Twilight	603	9634	18
MrAzaghast	604	9632	18
Gutykiller96	605	9632	18
CyberSwiper	606	9628	18
AvengeRon	607	9628	18
Mortietmore	608	9626	18
PatAfrique	609	9624	18
Aksel	610	9618	18
Dumfist	611	9614	18
Shintikryak	612	9613	18
Hambürger	613	9611	18
chrisgame	614	9611	18
Madlyaza	615	9609	18
DeWenS	616	9605	18
kivistik2006	617	9603	18
Schutzengel	618	9603	18
Sparkion	619	9602	18
Smurf	620	9597	18
Firas	621	9597	18
Yannis	622	9594	18
Sp33dy	623	9594	18
Strong	624	9587	18
Gregori	625	9585	18
ARC	626	9585	18
RivendareTit	627	9585	18
Metro	628	9583	18
Lennandote	629	9582	18
NoBrain	630	9581	18
Soundlink	631	9578	18
dusselluke	632	9577	18
CuVeR	633	9576	18
Senpai	634	9575	18
RMushroom	635	9566	18
XE098	636	9562	18
InkognitO	637	9557	18
AlexSix7	638	9555	18
Mekett	639	9552	18
goyKiller	640	9549	18
Kazi	641	9548	18
Gogoa	642	9547	18
Lifteur	643	9546	18
Radu	644	9542	18
CumBezz	645	9541	18
abffl	646	9538	18
Wythono	647	9535	18
Wunnybunny	648	9530	18
Amorta	649	9525	18
Fiaw	650	9523	18
Dengarik	651	9523	18
Kylf	652	9515	18
Yeghue	653	9514	18
Tutenshamun	654	9508	18
Swaglana	655	9507	18
ShiBaka	656	9506	18
Vanquish	657	9501	18
infoshym81	658	9497	18
Selalife	659	9496	18
Artemeezy	660	9496	18
Applepie	661	9494	18
zZRipp3r	662	9488	18
Zapperinn1	663	9488	18
d00m	664	9487	18
Vladgankster	665	9486	18
Ectow	666	9482	18
Correctness	667	9481	18
Darkrai808	668	9480	18
Yoxi2ITP	669	9478	18
Тисона	670	9475	18
BoomFox	671	9475	18
Ink	672	9474	18
Jelledenkik	673	9473	18
Co6ol	674	9472	18
cosmos	675	9472	18
xMegAtPaXePx	676	9471	18
Schnitzler	677	9466	18
rubik	678	9462	18
NuiNimic	679	9459	18
Garouck	680	9457	18
PoutreEPIQUE	681	9457	18
Knord	682	9456	18
КАМЛОРД2014	683	9455	18
СтраусКолдун	684	9450	18
Zero	685	9448	18
KingChrisi	686	9445	18
HotSauce	687	9445	18
Zyno	688	9440	18
gotenks5563	689	9439	18
Warner	690	9436	18
MrSpockY	691	9433	18
Dionyssuss	692	9433	18
NightKnight	693	9431	18
КАРТОХА	694	9431	18
AllesQuark	695	9427	18
SliverName	696	9424	18
Moondog	697	9424	18
AmidroUZ	698	9424	18
Félix	699	9423	18
GetRekt	700	9422	18
luffysama	701	9422	18
Stefan	702	9421	18
Luplow	703	9417	18
salonij	704	9414	18
Аведи	705	9413	18
panda	706	9413	18
Chilman	707	9412	18
РедкийТанк	708	9412	18
Sneaklol	709	9410	18
MadAxel	710	9408	18
ValikBeresh	711	9406	18
Dmivladi	712	9401	18
Erdanor	713	9400	18
IAmTrash	714	9399	18
pince	715	9399	18
Bing	716	9395	18
ggwp	717	9395	18
Yudzhyk	718	9394	18
TuTri	719	9390	18
Parzival	720	9387	18
Nixir	721	9386	18
BaaBaBomba38	722	9385	18
ЯйкиДракона	723	9380	18
Frankster	724	9380	18
followers123	725	9378	18
JaySquared	726	9378	18
jegor428	727	9377	18
Bim1noug	728	9373	18
ХилкаДляТебя	729	9372	18
SyDe	730	9371	18
CrashBob	731	9364	18
Esther	732	9362	18
xdmenXD	733	9362	18
Jogral	734	9359	18
PetaN	735	9356	18
Sifnosguy	736	9353	18
LSDeaddy	737	9349	18
DrGuFy	738	9348	18
Shiara3	739	9345	18
bouyyyachaka	740	9344	18
HuyaMasterYa	741	9344	18
Reaper	742	9340	18
Boluard	743	9340	18
VarfaluVTop	744	9338	18
Corrwinn	745	9337	18
Shanfara	746	9334	18
PredaThor	747	9333	18
Raven	748	9333	18
Kaiff	749	9333	18
Долбоёжик	750	9331	18
honzis1364	751	9330	18
Beluska	752	9322	18
executeur	753	9322	18
Puppycat	754	9321	18
Wakkito	755	9321	18
ShangoTD	756	9319	18
Minapotheo	757	9318	18
NauTeS	758	9316	18
Semy	759	9313	18
BryanRSCL	760	9312	18
xang	761	9311	18
Dauwn76	762	9309	18
Necro	763	9308	18
StigMcCloud	764	9306	18
ShookOne	765	9304	18
salinja	766	9303	18
Diminou	767	9302	18
karam757	768	9302	18
Stene69	769	9300	18
nisaasz	770	9299	18
orendark	771	9297	18
AlbertWenda	772	9296	18
Bloodshot	773	9296	18
Bugymean	774	9294	18
ОтдайКарты	775	9292	18
Casadian	776	9291	18
Dragontwist	777	9290	18
Ackerberg	778	9285	18
pokamolodoy	779	9284	18
Quutamo	780	9283	18
uiuisisi01	781	9279	18
Marpan	782	9276	18
iamgroot	783	9275	18
WetMagicNips	784	9274	18
ЛовкиеПальцы	785	9274	18
keglya	786	9273	18
LaDecadence	787	9273	18
RockNRave	788	9271	18
DRagon	789	9271	18
УпертыйЯщер	790	9265	18
qweqwepia	791	9265	18
Simalaja	792	9265	18
MrKazze	793	9265	18
Justice	794	9265	18
AAAAAAAAAAA	795	9263	18
berkana	796	9261	18
TWIGL	797	9260	18
ЗлюкаЗверь	798	9256	18
Kollins	799	9255	18
SSK	800	9255	18
Shono	801	9249	18
Nervuss	802	9248	18
ADROBEL	803	9246	18
MrHelios	804	9246	18
Banankaka	805	9246	18
linkoln	806	9245	18
Rüsseltier	807	9245	18
MadDentist	808	9243	18
Tiarun	809	9243	18
Astaroth	810	9241	18
janif	811	9239	18
AimGod	812	9238	18
MoUsE42Kg	813	9238	18
easygoing	814	9236	18
Yaponetz	815	9228	18
lend0n	816	9228	18
Diemydarling	817	9226	18
Sychorux	818	9225	18
Slehta	819	9222	18
MrBit	820	9220	18
Harper	821	9219	18
frost	822	9218	18
Arual	823	9215	18
joh	824	9214	18
Bwatte	825	9214	18
Danny	826	9213	18
DeadlyKitten	827	9213	18
RomainGouin	828	9210	18
BBQ	829	9210	18
Тесак	830	9206	18
ǍŜŬŊǍ	831	9205	18
pizzachu	832	9205	18
FlexLex	833	9204	18
Neyro	834	9203	18
Walle	835	9203	18
Lester	836	9202	18
Azdormu	837	9201	18
DronJordan	838	9201	18
Жабка	839	9200	18
Kirineki108	840	9194	18
Romsrvoroma	841	9191	18
FrozenCrisis	842	9187	18
RaikuZ	843	9186	18
СоваФортуны	844	9185	18
Diffen	845	9183	18
Leney	846	9181	18
mistake	847	9180	18
MetsJeesus	848	9179	18
Мороженко	849	9177	18
Romain672	850	9177	18
Perdon	851	9177	18
IBelieve	852	9177	18
Reyden	853	9176	18
NikOne	854	9175	18
FlaMe	855	9172	18
theoz	856	9168	18
Woozie	857	9166	18
Sokrates	858	9164	18
Yuutakyuu	859	9164	18
Shinuki	860	9164	18
Carlitos5705	861	9162	18
zangue	862	9160	18
aki	863	9159	18
CuriousHeart	864	9158	18
Aegor	865	9158	18
bronzer	866	9158	18
RandOOmer	867	9158	18
Speedy4	868	9157	18
voixq	869	9157	18
Rampant	870	9155	18
MetCashflow	871	9154	18
Ernie	872	9153	18
Hebelebeleb	873	9152	18
silyyyy	874	9147	18
BlackJed	875	9147	18
Vanya	876	9145	18
KingMenin	877	9144	18
peoszeoulas	878	9143	18
Emil98	879	9143	18
Kalbon2	880	9142	18
inconnus	881	9141	18
Lalidan	882	9140	18
Dallisha	883	9140	18
Bluebear	884	9140	18
Browski	885	9137	18
gonza310	886	9137	18
Yeno	887	9137	18
Phobios	888	9136	18
Mango281	889	9135	18
mikiJP	890	9133	18
JFantastique	891	9133	18
AvideTv	892	9132	18
Koshkodevka	893	9131	18
Desidia	894	9131	18
eindringling	895	9129	18
KODVAMMMMMMM	896	9126	18
AlphaPulsar	897	9124	18
linfur	898	9122	18
Luck4eR	899	9122	18
FrØzen	900	9121	18
Default	901	9118	18
Espada	902	9116	18
Ramdam77	903	9116	18
Zony	904	9112	18
Roxrir	905	9109	18
GrosCaillou	906	9107	18
Core	907	9107	18
Kriplese	908	9106	18
ChillyWilly	909	9106	18
Deathwish	910	9106	18
Sedrs	911	9105	18
iuphul	912	9105	18
WAVR1N	913	9104	18
GranD	914	9102	18
Max0maN	915	9101	18
Xazy	916	9100	18
Nikita	917	9098	18
Boomi	918	9097	18
SN1T	919	9094	18
ChapChap	920	9093	18
GrenFox232	921	9093	18
lioons1	922	9092	18
Quinn1Love	923	9090	18
Miroha	924	9090	18
Nathblan	925	9089	18
BAJI	926	9087	18
blueface	927	9081	18
ЗолотойНиГЭР	928	9080	18
Klumpen	929	9078	18
Texas	930	9078	18
Pacoin	931	9076	18
PauperBurd	932	9076	18
Hezekiel	933	9075	18
Alchem1sd	934	9073	18
NightmareTX	935	9070	18
Martje	936	9070	18
GregPlitt	937	9068	18
d00mw01f	938	9067	18
Babagin	939	9066	18
Solik41	940	9065	18
DrDonu7	941	9065	18
Trekz	942	9065	18
Gwenochka	943	9063	18
Shinobi	944	9061	18
Seraphinox	945	9059	18
arioh	946	9059	18
FlotteKatze	947	9057	18
Fume	948	9056	18
Monti	949	9055	18
Root	950	9054	18
UnrulyGoyim	951	9054	18
QuestN7	952	9050	18
Geveze	953	9050	18
Hakiku	954	9049	18
Sheonna	955	9047	18
Lomior	956	9046	18
Reconstruct	957	9043	18
MUD	958	9042	18
NoSoupForYou	959	9041	18
Dion002	960	9040	18
Clumsy	961	9039	18
BaconPai	962	9039	18
Tonyz	963	9039	18
Yoya	964	9038	18
Toxin	965	9037	18
DekA	966	9036	18
БубновыйТуз	967	9035	18
stetsuk	968	9033	18
ristorax	969	9032	18
YaSick	970	9030	18
essentle	971	9030	18
NamelessZ	972	9027	18
SherrifPiele	973	9024	18
mrPoh	974	9022	18
Alvarox94	975	9017	18
DN1Z	976	9017	18
Malwerino	977	9016	18
Krausz	978	9015	18
Cena	979	9015	18
Fujin	980	9015	18
denchip	981	9014	18
Stratex	982	9013	18
Jack	983	9009	18
IluZioN	984	9007	18
opoplop	985	9006	18
Azirael	986	9006	18
Fadoli83	987	9005	18
TrickyHunter	988	9005	18
gugiman	989	9005	18
laon	990	9004	18
DERHAUPTMANN	991	9004	18
Hardias	992	9003	18
alt	993	9002	18
Klotzman	994	9001	18
titusbonk	995	9001	18
solnzeff	996	9001	18
NeonLoas	997	9001	18
Ordox	998	9000	18
JackBreak	999	8997	18
Zaddebroni	1000	8995	18
Taeyhao	1001	8994	18
AlexeyMo	1002	8994	18
Tintino	1003	8992	18
Nefarius	1004	8991	18
VotTakLjaps	1005	8989	18
MortimerCrow	1006	8987	18
korzhik	1007	8985	18
CowPanda	1008	8982	18
Foxteror	1009	8979	18
Setämane	1010	8976	18
ПоСценарию	1011	8976	18
RNGESUS	1012	8975	18
Taljara	1013	8975	18
ZaZaMaZa	1014	8974	18
Kalimdor	1015	8972	18
Lavilaine	1016	8972	18
zoro	1017	8971	18
Искатель	1018	8970	18
Over3000	1019	8970	18
Ayesh	1020	8969	18
KHORN	1021	8966	18
ЛайкайСосо	1022	8966	18
lvl99Got	1023	8964	18
ShiroSempay	1024	8963	18
Arkandos	1025	8962	18
Jekfell	1026	8962	18
METALEZ	1027	8961	18
Vberg	1028	8959	18
Discovery	1029	8958	18
Zerratul	1030	8957	18
Hallontagg	1031	8957	18
pineapple	1032	8952	18
hmsd	1033	8950	18
Мишка	1034	8948	18
Fatten	1035	8947	18
SirBubbleBut	1036	8946	18
ChristosG3	1037	8945	18
Oathphen	1038	8944	18
Doom	1039	8944	18
FlatEarther	1040	8944	18
Барсик	1041	8944	18
Bushido	1042	8942	18
vanoschka	1043	8940	18
Peacewarrior	1044	8940	18
goz	1045	8940	18
Mogrim	1046	8940	18
Talgoxen	1047	8939	18
Vildgery	1048	8939	18
Tyyppi	1049	8939	18
Edge	1050	8938	18
LeifSodenber	1051	8938	18
Gabric	1052	8938	18
cześć	1053	8938	18
Hash	1054	8936	18
Marginal	1055	8936	18
Gvinpin77777	1056	8934	18
porolon	1057	8934	18
TBBM	1058	8933	18
ЛёшкаКороль	1059	8932	18
ReggaeShark	1060	8931	18
Legolas	1061	8931	18
Earthspirit	1062	8930	18
Samael	1063	8927	18
WhiteBearD	1064	8925	18
ppmaster	1065	8922	18
IliaSprite	1066	8920	18
Divd	1067	8919	18
Artorias	1068	8918	18
StillTrying	1069	8917	18
BobbyCowen	1070	8917	18
sleepless	1071	8915	18
trakzor	1072	8914	18
Civilist	1073	8911	18
tinou	1074	8910	18
Drahcir1995	1075	8908	18
Medved	1076	8908	18
EpicMouse	1077	8908	18
Preatorian	1078	8908	18
Dartjik	1079	8907	18
Pain	1080	8906	18
Magnetron69	1081	8906	18
Soznar	1082	8905	18
МерзлыйПес	1083	8904	18
Tiluma	1084	8903	18
Hawtom	1085	8903	18
Draleco	1086	8901	18
Naiz	1087	8900	18
Killer	1088	8899	18
Ritors	1089	8899	18
davidos03	1090	8899	18
seleymenk	1091	8896	18
sundowning	1092	8896	18
SnowLHV	1093	8895	18
Riku	1094	8895	18
Fr0l	1095	8894	18
qwerty	1096	8892	18
manatkin	1097	8892	18
Olipaone	1098	8891	18
JosefSnow	1099	8887	18
Fundiesel	1100	8887	18
ShadowDragon	1101	8884	18
Kiljaeden	1102	8883	18
AnomaLY	1103	8882	18
Cyberkos	1104	8880	18
MDK	1105	8880	18
Regius	1106	8879	18
b1ackfire	1107	8878	18
w4kka	1108	8877	18
OttORIK	1109	8876	18
jnguar	1110	8871	18
NIK	1111	8871	18
бебебе	1112	8869	18
Baba	1113	8867	18
Максимин	1114	8864	18
Ascard	1115	8862	18
Player	1116	8860	18
VovaCoilNova	1117	8860	18
ProDano	1118	8858	18
Caide	1119	8857	18
shaffaaf27	1120	8855	18
Mska22	1121	8852	18
lelya	1122	8852	18
Hamrio	1123	8851	18
NisLox	1124	8851	18
Sy4a	1125	8851	18
ЖораТавернов	1126	8851	18
drageherren	1127	8845	18
Syrez	1128	8844	18
NightSilver	1129	8844	18
Lucker	1130	8842	18
Csirkemlfilé	1131	8841	18
thBlezz	1132	8840	18
AngelFox	1133	8839	18
Kazaf	1134	8837	18
Overlord	1135	8837	18
Eclipex	1136	8837	18
GamerKoos	1137	8834	18
J3laZe	1138	8833	18
MirrorSpace	1139	8830	18
Zarocox	1140	8829	18
soki	1141	8828	18
Nelemiah	1142	8827	18
jctg	1143	8825	18
wbtbfum	1144	8824	18
ZLICHI	1145	8823	18
Wilhelm	1146	8823	18
ЛелинФерле	1147	8822	18
Ryyudo	1148	8821	18
Famedparsley	1149	8821	18
Logic	1150	8819	18
MrLenny	1151	8818	18
ДотаговнО	1152	8817	18
MEOW	1153	8817	18
Nightmare	1154	8816	18
portdeco20	1155	8814	18
HuyaPags	1156	8814	18
JackBeggs	1157	8814	18
Drews	1158	8812	18
Atlantice	1159	8812	18
KingOfSpace	1160	8810	18
Ledi7Flaqerd	1161	8810	18
TBEU	1162	8809	18
КОТ	1163	8808	18
TeraqB	1164	8807	18
geD	1165	8805	18
Маг	1166	8804	18
FireDead	1167	8803	18
stmast	1168	8802	18
merak1t	1169	8798	18
m3r8	1170	8798	18
Fingolfin	1171	8796	18
shadowpat	1172	8796	18
Pix	1173	8794	18
GreatMarau	1174	8794	18
NicuPaleru	1175	8793	18
Brokill007	1176	8791	18
Garanoob	1177	8788	18
Weezing	1178	8788	18
LaSilveria	1179	8786	18
ХитрыйЕнот	1180	8784	18
Satherlord	1181	8783	18
Минимакс	1182	8782	18
kenkiller99	1183	8782	18
PennySaysBye	1184	8780	18
Hatvan	1185	8778	18
WonderZ	1186	8777	18
Diablojunior	1187	8776	18
Носуха	1188	8776	18
Lilly	1189	8775	18
Bmco	1190	8775	18
Flounder	1191	8775	18
WolkeSpielt	1192	8774	18
calient	1193	8774	18
Karll	1194	8773	18
Chak	1195	8771	18
Devid	1196	8770	18
Lucario	1197	8770	18
Fililord	1198	8768	18
DonSikaleone	1199	8768	18
Profi64	1200	8767	18
Mihail759	1201	8767	18
Quniak	1202	8766	18
darth	1203	8766	18
Krugopryad	1204	8764	18
Loki	1205	8762	18
Durkei	1206	8762	18
Voleroth	1207	8759	18
Sanixxx	1208	8759	18
skeleton22	1209	8758	18
TheCypher	1210	8755	18
pOvod	1211	8754	18
mihail	1212	8753	18
flash0808	1213	8752	18
QuartzGhost	1214	8750	18
ВольныйЭлекк	1215	8749	18
JIoyKuK	1216	8749	18
Trump	1217	8749	18
Lastid	1218	8747	18
Vector	1219	8745	18
SwEbA	1220	8744	18
AlphaWolf	1221	8740	18
DeadlyPants	1222	8739	18
RevBoiii	1223	8739	18
Печенька	1224	8738	18
WaYneZ	1225	8738	18
Bumbar44	1226	8738	18
Pulse	1227	8737	18
TheEF	1228	8735	18
Smarty	1229	8735	18
Monst3r	1230	8734	18
ВысокийГнолл	1231	8734	18
jakub530	1232	8734	18
BigCongre	1233	8733	18
koh0	1234	8731	18
RyZeY	1235	8725	18
Deathlord	1236	8724	18
LazyOrc	1237	8720	18
ToMamiReci	1238	8719	18
Indubitably	1239	8717	18
Future	1240	8717	18
МокрыйБарсук	1241	8716	18
SneakyCrane	1242	8716	18
Siredy	1243	8716	18
Kate	1244	8714	18
Kruger	1245	8714	18
Eneru	1246	8713	18
Sydar	1247	8713	18
ПАРКУРПАРКУР	1248	8713	18
Ego2011	1249	8713	18
TheGizmo	1250	8713	18
ГибкийГрелль	1251	8712	18
Tap04egg	1252	8710	18
nightraven	1253	8709	18
NutSnack	1254	8708	18
Rayrayray	1255	8708	18
Liricks	1256	8706	18
Niam	1257	8703	18
UcK51	1258	8703	18
BabaGanush	1259	8702	18
PinkRain	1260	8701	18
SlyHorus	1261	8700	18
lolos	1262	8700	18
koebes	1263	8700	18
Goldik	1264	8700	18
DenomiNator	1265	8697	18
Lithos	1266	8694	18
Schina	1267	8694	18
CrUsTiChEcK	1268	8692	18
Dario	1269	8689	18
Rendei	1270	8688	18
devilstorm	1271	8687	18
Oshnagal	1272	8683	18
Zinger	1273	8679	18
Falaxx	1274	8678	18
SenseiXL	1275	8678	18
Hangingman	1276	8676	18
MegaRusel	1277	8675	18
NOCCIOLINE	1278	8675	18
Pioner	1279	8675	18
PieCeAcaKe	1280	8674	18
CrownedRuti	1281	8672	18
Dinxinho	1282	8672	18
Extrahammer	1283	8671	18
Yominaru	1284	8671	18
Pěchy	1285	8670	18
Plotva	1286	8670	18
Sorrow	1287	8668	18
Maksimalen	1288	8668	18
Reigncarn8or	1289	8667	18
farmazon	1290	8667	18
Pronalazac	1291	8667	18
mrVlad	1292	8665	18
Axon	1293	8660	18
Mytidks	1294	8657	18
MoralCharter	1295	8656	18
WeeWeeRider	1296	8655	18
Ryderzor	1297	8655	18
LouLou	1298	8654	18
M1nX	1299	8652	18
Bombonel	1300	8651	18
Kosty1924	1301	8651	18
Maksoman	1302	8650	18
Renegade	1303	8647	18
LyBovSky	1304	8646	18
GrayGhost	1305	8643	18
Derseus	1306	8642	18
reantony	1307	8640	18
totsamikolya	1308	8637	18
Beastyred	1309	8634	18
Alby995	1310	8631	18
theolos	1311	8625	18
DoktorKish	1312	8624	18
Control	1313	8624	18
Matt	1314	8623	18
MrBRITT	1315	8622	18
OneEyedCamel	1316	8622	18
Dawi	1317	8622	18
Grendo	1318	8620	18
Юрьич	1319	8620	18
átta	1320	8620	18
Tatik4MATIC	1321	8615	18
VeeV	1322	8615	18
DarkBass	1323	8615	18
Mauve	1324	8615	18
exzekutor	1325	8614	18
Groomvol	1326	8614	18
РАКЧИКИБРЯК	1327	8612	18
Heroofmight	1328	8612	18
musikkusik	1329	8612	18
JonGlow	1330	8611	18
iNzoliNe	1331	8610	18
thomax	1332	8608	18
МолчащаяРыба	1333	8608	18
Cowboy	1334	8608	18
Bamblebog	1335	8607	18
Bobsley	1336	8607	18
JanitorSD	1337	8607	18
ТолстыйХомяк	1338	8605	18
Sodapoppin	1339	8602	18
БыдлоПес	1340	8601	18
ChatonGarou	1341	8600	18
Domorodec	1342	8599	18
stikus	1343	8596	18
Slay	1344	8595	18
Xtravalous	1345	8595	18
Tenebris	1346	8594	18
CHEBURSHILA	1347	8593	18
Wunsh	1348	8593	18
Cyberchrome	1349	8592	18
bomj	1350	8592	18
Венчоус	1351	8590	18
JustArJ	1352	8590	18
Foven	1353	8588	18
Ledmiperfect	1354	8588	18
p1ng	1355	8585	18
CrysTaLL	1356	8585	18
ReigN	1357	8584	18
useless123	1358	8584	18
Cheesecake	1359	8583	18
Ichkaufedich	1360	8582	18
GHAD1278	1361	8581	18
Sterymis	1362	8581	18
Hoegaarden	1363	8581	18
LorenitaMola	1364	8579	18
honza150	1365	8579	18
Italianimal	1366	8577	18
BattleDwarf	1367	8577	18
edeNRoss	1368	8576	18
Qgelfich	1369	8576	18
ParsaBunny	1370	8576	18
keketox	1371	8575	18
GaLaXy	1372	8575	18
Fan4ta79	1373	8575	18
МаркоРойс	1374	8574	18
Jonidenlede	1375	8574	18
Rostyslav	1376	8574	18
SaShock	1377	8572	18
ReD	1378	8572	18
fenista	1379	8571	18
JmWick	1380	8571	18
Porcupine	1381	8571	18
ImKucher	1382	8568	18
Алхимик	1383	8567	18
XxToDxX	1384	8567	18
Daron	1385	8566	18
OhaD	1386	8561	18
Bossim	1387	8561	18
Har4mbe	1388	8560	18
ShØenice	1389	8559	18
CockOrSwim	1390	8559	18
Nexolez	1391	8559	18
Vantelin	1392	8558	18
GROOT	1393	8558	18
Alibrain	1394	8557	18
GringerBasic	1395	8554	18
Gondram	1396	8553	18
Prongul	1397	8551	18
EbonHero	1398	8551	18
MortenSML	1399	8550	18
DivHades	1400	8550	18
Abbud	1401	8548	18
Enemis	1402	8548	18
YukiKuran	1403	8546	18
Recored	1404	8545	18
Honzish	1405	8545	18
tuefelsliebe	1406	8543	18
Denoth	1407	8540	18
Kovach	1408	8538	18
Huskey	1409	8537	18
KevlaR	1410	8536	18
Monk	1411	8533	18
PyroLapin	1412	8532	18
Ceynet	1413	8531	18
MegaPlautze	1414	8529	18
Sephitz	1415	8529	18
ЧеМоДаСтЕр	1416	8529	18
tksq	1417	8527	18
ТигрФортуны	1418	8526	18
Cosmic	1419	8525	18
TedJefferson	1420	8522	18
DancingDevil	1421	8522	18
Vovesino	1422	8521	18
Eschi	1423	8517	18
Predator	1424	8515	18
Fibz27	1425	8514	18
Paranoia5150	1426	8514	18
Bismark	1427	8513	18
FeLix	1428	8513	18
Peixus	1429	8512	18
Čůrák	1430	8511	18
Kran	1431	8511	18
KavKav	1432	8510	18
ImmortalFox	1433	8510	18
seam	1434	8509	18
InZeenity	1435	8509	18
Pardus	1436	8508	18
Trdamn	1437	8507	18
ChrisHansen	1438	8504	18
Wuppen	1439	8501	18
Link	1440	8501	18
Coldice	1441	8501	18
MrNegotive	1442	8498	18
Heliox	1443	8497	18
KrisMyoll	1444	8497	18
Styx	1445	8495	18
turtlelord66	1446	8494	18
Kroshyk	1447	8493	18
Ykatnin	1448	8491	18
vladzar	1449	8491	18
manucho	1450	8489	18
WoodChuck	1451	8488	18
Meancor	1452	8488	18
Jav	1453	8488	18
addmin	1454	8487	18
NorthernLite	1455	8487	18
darling	1456	8487	18
clemk	1457	8486	18
wcanicee	1458	8486	18
Kirnac	1459	8484	18
НЕВЕЗЕТ	1460	8482	18
pasadoobel	1461	8481	18
Desolator	1462	8480	18
Xorb	1463	8480	18
Huby	1464	8479	18
DarkWhispers	1465	8479	18
RasimCooper	1466	8479	18
TarikTop	1467	8477	18
Nashae	1468	8475	18
ZBxstii	1469	8473	18
BONNES	1470	8473	18
Predator	1471	8472	18
Irma	1472	8472	18
Eclipsus	1473	8472	18
DeeDee	1474	8471	18
Hoji	1475	8470	18
zergzwerg	1476	8470	18
YoussefRm	1477	8469	18
NedLand	1478	8469	18
RyōikiTenkai	1479	8468	18
MrAnanasYT	1480	8468	18
Lacarotte	1481	8468	18
ArtasMenetil	1482	8467	18
kokos191	1483	8467	18
Meyer206	1484	8467	18
Lexanagib	1485	8465	18
Татариус0001	1486	8464	18
Yusana	1487	8464	18
Goblin	1488	8464	18
Lordini	1489	8462	18
Dazzle	1490	8462	18
TjockaLinnea	1491	8461	18
PinSGer	1492	8460	18
Krasj	1493	8459	18
drdrem8	1494	8459	18
ArTi	1495	8458	18
DragonAlbert	1496	8458	18
Ясвет	1497	8456	18
Flexnuts	1498	8455	18
Zekill	1499	8453	18
Ellama	1500	8452	18
Naka	1501	8451	18
McREE	1502	8451	18
Shoxie	1503	8451	18
ShadowStorm	1504	8450	18
Furla	1505	8449	18
LavaKodo	1506	8449	18
Brew	1507	8447	18
RoLLeem	1508	8444	18
Kovroy	1509	8444	18
Ageres	1510	8444	18
Hisoka	1511	8443	18
BruNathan	1512	8443	18
BOBBINONION	1513	8443	18
Fatboy	1514	8443	18
p0nticc	1515	8439	18
Rokenz0	1516	8438	18
AuraDarkmoon	1517	8435	18
ChesterSL	1518	8434	18
NakamaRHO	1519	8434	18
Menerax	1520	8433	18
averik	1521	8433	18
NeverLate	1522	8432	18
PLOVEC	1523	8431	18
Mini	1524	8431	18
Kokila	1525	8430	18
Михаил	1526	8430	18
Droopee	1527	8428	18
Cochonou	1528	8428	18
Sury	1529	8426	18
gurt	1530	8426	18
Burius	1531	8426	18
Бахтияр	1532	8423	18
Ramous	1533	8423	18
Sakujo	1534	8422	18
Yami	1535	8421	18
Dietz	1536	8421	18
Stellssenok	1537	8420	18
Arafas	1538	8420	18
Blaze420it	1539	8418	18
Банкаснюса	1540	8418	18
Few	1541	8417	18
Waffro	1542	8417	18
kevin15674	1543	8416	18
Munaim	1544	8416	18
RubyLich	1545	8415	18
Lina	1546	8413	18
pysnyaPNH	1547	8413	18
ХваткийКодо	1548	8413	18
nejî	1549	8410	18
M1l9	1550	8410	18
argonn	1551	8409	18
SofL	1552	8408	18
Sn4k3y	1553	8407	18
ilia10013	1554	8405	18
wergong	1555	8404	18
jeefLegend	1556	8403	18
Bulbasaur	1557	8403	18
Nedyra	1558	8401	18
SamSpam	1559	8401	18
BeFree	1560	8401	18
Tenebris	1561	8400	18
Harrison	1562	8400	18
asmeros	1563	8399	18
hamed	1564	8399	18
innan03	1565	8398	18
Radicall	1566	8397	18
sysyCH	1567	8397	18
bigboi	1568	8396	18
CheAT	1569	8394	18
Ulgar	1570	8393	18
Romchit	1571	8392	18
Myr	1572	8391	18
mendel	1573	8390	18
Savô	1574	8390	18
OrsonPoland	1575	8388	18
OneOne	1576	8388	18
Omnycrash	1577	8387	18
Erdoganishe	1578	8387	18
Derzilla	1579	8386	18
alexmetals	1580	8386	18
Botanich	1581	8385	18
Громоклык	1582	8385	18
Skaarm	1583	8385	18
kenni	1584	8385	18
Pazin	1585	8385	18
ProjoloGimb	1586	8384	18
Mosa	1587	8384	18
Bnetplayer	1588	8382	18
KevinDeKat	1589	8382	18
Pasternak	1590	8382	18
Joar	1591	8381	18
Pessimist	1592	8381	18
puuf	1593	8380	18
NavyWolf	1594	8380	18
Котун	1595	8379	18
Legend27	1596	8379	18
Kylo	1597	8378	18
Velzu	1598	8378	18
JustL	1599	8378	18
Mul1venturié	1600	8377	18
Huso1406	1601	8377	18
FunGuy	1602	8376	18
MrDevvie	1603	8373	18
HoolaHoop	1604	8373	18
falorde	1605	8373	18
Joker	1606	8370	18
Stormi	1607	8370	18
FESS	1608	8369	18
majekako	1609	8367	18
Karlhos	1610	8367	18
Pestiferius	1611	8367	18
snus	1612	8366	18
Mausiminator	1613	8366	18
Ploppy	1614	8364	18
van1sh	1615	8364	18
lulu2727	1616	8362	18
Mag9705	1617	8362	18
sergo	1618	8359	18
jamboni	1619	8359	18
CromFayer	1620	8358	18
Tonnes	1621	8358	18
Snooder	1622	8357	18
a1men1k	1623	8356	18
uptop	1624	8354	18
CoBecTuHeT	1625	8354	18
B1GB0SS	1626	8354	18
ISouthSide	1627	8354	18
derpiss	1628	8353	18
Nobuyuki	1629	8352	18
DeBanden	1630	8352	18
fwm	1631	8352	18
Panda00735	1632	8352	18
ShowReck	1633	8351	18
Smilon	1634	8350	18
LittleOgre	1635	8350	18
Player1	1636	8347	18
Неостраз	1637	8347	18
RoundRain	1638	8346	18
nofeels	1639	8346	18
SuzukiMethod	1640	8346	18
Anda	1641	8346	18
DeathStar	1642	8345	18
todice	1643	8345	18
Anei	1644	8345	18
Keke	1645	8343	18
Panika	1646	8343	18
Faydiee	1647	8342	18
iva	1648	8342	18
GammaDr	1649	8341	18
Veladriel	1650	8341	18
ffwetal	1651	8341	18
zloyVomka	1652	8340	18
SilverHawk	1653	8338	18
Skudy	1654	8336	18
Creat	1655	8335	18
Medvezhonok	1656	8335	18
Draganaft	1657	8334	18
FlowRian	1658	8333	18
Ethereal	1659	8333	18
Spookyboy	1660	8331	18
Kojiro	1661	8330	18
Zafkiel12	1662	8329	18
Semgawril	1663	8329	18
SmokeJT	1664	8328	18
Malisar	1665	8328	18
НищийБахтик	1666	8328	18
Enteo	1667	8326	18
gogusclipici	1668	8325	18
iDrezden	1669	8325	18
Zynchron	1670	8324	18
Sh1nso	1671	8323	18
usio0	1672	8323	18
Surmay	1673	8323	18
Kronas	1674	8323	18
Heegiboy	1675	8321	18
Bboab	1676	8321	18
Dmise	1677	8320	18
EpicBuniN	1678	8320	18
EHOT	1679	8319	18
r0ssi	1680	8319	18
смерч	1681	8318	18
Kizaru	1682	8318	18
Hellen	1683	8317	18
Cronos	1684	8317	18
LoveUkraine	1685	8316	18
Zabiako	1686	8316	18
coldheart	1687	8315	18
fuga	1688	8315	18
technotyp	1689	8314	18
Ethereal	1690	8312	18
Druez	1691	8311	18
Erdrian	1692	8311	18
YukkiOnna	1693	8310	18
Ивуариец	1694	8307	18
Phatteh	1695	8307	18
Lirlya	1696	8307	18
HappyGilmore	1697	8305	18
Tenshi	1698	8305	18
GarbanzoXXX	1699	8305	18
ШутникЛич	1700	8305	18
Wnkrdnns	1701	8304	18
ЯркийВомбат	1702	8304	18
Flifplop	1703	8303	18
Sunaj66	1704	8303	18
Demetrius	1705	8302	18
ThAner	1706	8302	18
Locaust	1707	8301	18
Dutch	1708	8300	18
Berk	1709	8300	18
Polgara	1710	8299	18
Море	1711	8299	18
out9	1712	8299	18
ПолувялыйБоб	1713	8298	18
Simple	1714	8297	18
beepbeep	1715	8296	18
TrashKarma	1716	8296	18
Jeeps	1717	8296	18
Loreyns	1718	8295	18
Kobra	1719	8295	18
ПлотныйСыч	1720	8295	18
NINJACOREjZ	1721	8294	18
xofire	1722	8294	18
suprez	1723	8293	18
FATAMORGANA	1724	8293	18
x3mooRy	1725	8292	18
ObuszekPL	1726	8290	18
WinTek	1727	8290	18
FanTom	1728	8289	18
NovicePlayer	1729	8289	18
MightyBeast	1730	8289	18
lollittle	1731	8289	18
Gvido	1732	8289	18
Kssy	1733	8289	18
Ghost	1734	8288	18
Wandyjörn	1735	8288	18
Inzah	1736	8287	18
Adafter	1737	8287	18
Nenada	1738	8286	18
FeelGood	1739	8286	18
R3S1D3NT	1740	8285	18
xilef92	1741	8284	18
ЛовкиеПальцы	1742	8284	18
ВысокийВол	1743	8284	18
DezKapo	1744	8284	18
Mup	1745	8282	18
RottenNatans	1746	8282	18
MiniNinja	1747	8282	18
DonDion	1748	8280	18
Coffeine	1749	8280	18
HipHop	1750	8279	18
SlimeyShnake	1751	8279	18
Nachtion	1752	8279	18
Serefina	1753	8279	18
LAZARITO	1754	8279	18
ПростойТанк	1755	8279	18
Eimz	1756	8278	18
haski	1757	8277	18
lazarito	1758	8277	18
AMao	1759	8275	18
JEBKA	1760	8274	18
ServietSky	1761	8274	18
Konnijiwa	1762	8274	18
DeusEx	1763	8273	18
Hazard	1764	8273	18
LyMar	1765	8273	18
Qi8888	1766	8273	18
onesec	1767	8272	18
DontBuyTrash	1768	8272	18
panagiotakis	1769	8272	18
ZeroBrain	1770	8271	18
Sharewin	1771	8270	18
Stevvi	1772	8270	18
noname	1773	8269	18
siuol	1774	8269	18
Vspace	1775	8268	18
CharlyBaby	1776	8267	18
BlackTemplar	1777	8267	18
Stromer31	1778	8266	18
Augur	1779	8265	18
kvg	1780	8265	18
FireSpirit19	1781	8264	18
L1ght	1782	8264	18
Kaory	1783	8263	18
Juhi	1784	8263	18
Tariel	1785	8263	18
ropeer	1786	8262	18
ГлиноГрег	1787	8262	18
Lasosta8	1788	8261	18
Logo	1789	8261	18
StrongTiger	1790	8261	18
RaZzOrMan	1791	8261	18
Hellrizen	1792	8260	18
Zolofty	1793	8260	18
Rine	1794	8259	18
eferalgan	1795	8259	18
Pipeline	1796	8259	18
Ewanpleydu77	1797	8257	18
Dreamon993	1798	8256	18
Dufist	1799	8255	18
Maltoure	1800	8254	18
Ipados	1801	8254	18
Lunatic	1802	8254	18
BouncyKnight	1803	8253	18
Fredy	1804	8253	18
Luxurary	1805	8252	18
Santé	1806	8252	18
Heartburn	1807	8252	18
Bossyansky	1808	8252	18
Matt	1809	8251	18
OldGuyEarl	1810	8251	18
Wizardlizard	1811	8251	18
RedBull	1812	8251	18
Singularity	1813	8250	18
Walle	1814	8250	18
blackspider	1815	8250	18
Papifouettar	1816	8249	18
alexanderCST	1817	8248	18
SkullReaper	1818	8248	18
Dougslask	1819	8248	18
TheAlest	1820	8248	18
Alucard	1821	8248	18
OOOOOOOOOOpa	1822	8247	18
VOYS	1823	8247	18
Hatsuki	1824	8246	18
aw3	1825	8246	18
Magog	1826	8246	18
ДракаМужиков	1827	8246	18
FanTom	1828	8246	18
Tesla	1829	8244	18
carnifex	1830	8244	18
Naskha	1831	8242	18
Augustus	1832	8242	18
tein	1833	8241	18
ds902022	1834	8239	18
Tizzil	1835	8239	18
Totoro	1836	8239	18
C4pitainh4ll	1837	8238	18
Laurii	1838	8238	18
ZEDD	1839	8237	18
Dannyman	1840	8235	18
SandroZet	1841	8235	18
FirePoireau	1842	8233	18
BaoBao	1843	8233	18
Brokoli	1844	8232	18
fisker	1845	8231	18
FlashRoyal	1846	8230	18
Pinkpotato	1847	8230	18
AwoT1602	1848	8229	18
SneakyPsycho	1849	8229	18
Golberg	1850	8229	18
KevinWillis	1851	8227	18
Macaccco	1852	8226	18
Begouille	1853	8225	18
Sybernatuz	1854	8225	18
Minolisk	1855	8224	18
Mebius	1856	8224	18
PbcJbNRr	1857	8224	18
Seamix	1858	8223	18
Ph3xY	1859	8223	18
MacmysticG	1860	8223	18
Lazy34	1861	8222	18
BambyBabyy	1862	8222	18
KillerBe	1863	8222	18
Mapuuu	1864	8221	18
Maxxis	1865	8220	18
ShArShAb	1866	8219	18
DoreGalore	1867	8219	18
Millmik	1868	8218	18
Лололошка	1869	8218	18
ReivaXavi	1870	8218	18
perdarinka	1871	8217	18
Cosminww	1872	8217	18
Newerstorm	1873	8217	18
antimage	1874	8216	18
ark	1875	8216	18
zlnbzeihhh	1876	8215	18
hallvardhen	1877	8215	18
Kiwy	1878	8215	18
rennytao	1879	8215	18
Theoderey	1880	8214	18
Pede	1881	8211	18
MightPants	1882	8211	18
killua	1883	8210	18
Boomhauer	1884	8210	18
chaber	1885	8209	18
Shrike	1886	8208	18
Les	1887	8208	18
Sparviero	1888	8207	18
Arigato	1889	8207	18
NeutralEvil	1890	8207	18
Tejubusion	1891	8207	18
Gatz	1892	8207	18
Mugi	1893	8206	18
Hitty	1894	8206	18
AltikGrik	1895	8206	18
BloonyX	1896	8206	18
Maaky	1897	8206	18
soulhealz	1898	8205	18
OneOfMany	1899	8205	18
Corb	1900	8205	18
Kamalepla	1901	8204	18
GuliGuli	1902	8203	18
RusniaSosi	1903	8203	18
jBobBjob	1904	8203	18
Djoks	1905	8202	18
hardwell	1906	8202	18
Sholphon	1907	8200	18
VampiR	1908	8199	18
Krmoje	1909	8199	18
Frontside	1910	8198	18
SultanTwitch	1911	8198	18
Hunter	1912	8197	18
JoniBanano	1913	8197	18
EzWp	1914	8196	18
WAN	1915	8196	18
Twik	1916	8194	18
Balavurder	1917	8193	18
Bossy	1918	8192	18
Alan	1919	8191	18
Kanalon	1920	8190	18
Zaiross	1921	8190	18
Kirito	1922	8190	18
Chrisshire	1923	8190	18
skrylinux	1924	8190	18
MaxHades	1925	8188	18
Cloud	1926	8188	18
p04uhavpen1s	1927	8187	18
LordP	1928	8187	18
L1sya	1929	8187	18
Kweskab	1930	8186	18
PunishingGun	1931	8184	18
DaMarc	1932	8184	18
Magnussen92	1933	8183	18
Loki	1934	8183	18
TitkosStream	1935	8182	18
koi	1936	8181	18
Bruheim	1937	8180	18
reja	1938	8179	18
Noel	1939	8179	18
D7YM	1940	8178	18
Noblesse	1941	8177	18
kuboss	1942	8177	18
Blitzkrieg3	1943	8175	18
yelous	1944	8174	18
Kamish	1945	8174	18
MarkGray	1946	8172	18
krabat	1947	8172	18
NexX	1948	8172	18
Deus	1949	8171	18
Fred	1950	8170	18
Krawo	1951	8170	18
HQNA	1952	8169	18
owwyeah	1953	8169	18
koost64	1954	8168	18
Elacour	1955	8167	18
sunOsk	1956	8165	18
Smail	1957	8163	18
Rondos	1958	8163	18
ПушкаМясо	1959	8162	18
Fangi	1960	8162	18
SandyRay	1961	8161	18
PigeonLord	1962	8161	18
Artrax	1963	8159	18
AngelKashima	1964	8159	18
Nexus	1965	8159	18
WhiteYeti	1966	8158	18
Säshymi	1967	8158	18
Franco30Zanu	1968	8157	18
Sadin	1969	8157	18
ALFREINUS	1970	8156	18
TheirMercy	1971	8156	18
ReCanyon	1972	8156	18
puuh	1973	8156	18
Altair	1974	8156	18
Hronik	1975	8156	18
k4rkusha74	1976	8156	18
Koen	1977	8155	18
tomatenbauer	1978	8155	18
Christosp619	1979	8155	18
Fottimatre	1980	8155	18
plmsk	1981	8154	18
DeathsJoker	1982	8154	18
Sn3oos	1983	8154	18
NightKnight	1984	8153	18
MiniVy	1985	8153	18
esthereh	1986	8153	18
Nehorn	1987	8149	18
Sen4p	1988	8149	18
CaptainPOG	1989	8148	18
Gregor	1990	8147	18
NoLlamaAtAll	1991	8147	18
Den4ik	1992	8146	18
MariiaMorela	1993	8146	18
Gunitfreak	1994	8146	18
apacho	1995	8145	18
komarik	1996	8144	18
BillyGumBoss	1997	8144	18
keke	1998	8144	18
Kyurrito	1999	8143	18
Slamdunk	2000	8142	18
gaegool	2001	8142	18
Некрасов	2002	8140	18
hunterbiz	2003	8140	18
SwiftSachi	2004	8139	18
Chillheart	2005	8138	18
Downed	2006	8137	18
karteJnik	2007	8136	18
Joeland	2008	8136	18
Xaratos	2009	8135	18
Maneken	2010	8135	18
RosyGirl	2011	8134	18
Sanguine	2012	8134	18
LordWilly	2013	8133	18
Armath	2014	8133	18
VinniePaz	2015	8133	18
Miska	2016	8132	18
JensenSSR	2017	8131	18
Kirito	2018	8131	18
Sissel97	2019	8131	18
Wolfie95	2020	8131	18
mojtabas898	2021	8131	18
GodMadou	2022	8129	18
Ben	2023	8126	18
Nucl3arPanda	2024	8126	18
Интроверт	2025	8126	18
Listray	2026	8125	18
Bakster01	2027	8125	18
JRegrets	2028	8125	18
Dieger	2029	8124	18
Simca	2030	8122	18
SteelDragon	2031	8122	18
Manok	2032	8122	18
Arlekin	2033	8122	18
VladCheck	2034	8122	18
ElDoroKiller	2035	8122	18
Gamotoapoerl	2036	8121	18
goodspell	2037	8121	18
ЛовкийЗмей	2038	8121	18
Shadow2033	2039	8120	18
Winston	2040	8120	18
Bluefin	2041	8119	18
Thedeadyou	2042	8119	18
PAVLINGOD	2043	8119	18
ƁǾƘǬǃ	2044	8118	18
Lord11	2045	8118	18
Pigeon	2046	8118	18
UsirGrath	2047	8118	18
pHi11Colins	2048	8117	18
ElChapo	2049	8116	18
Greckop	2050	8115	18
PyramidHead	2051	8115	18
DZ18	2052	8115	18
Cold	2053	8115	18
GaeGooLee	2054	8114	18
Eldlich	2055	8113	18
jelly	2056	8113	18
psLegat	2057	8112	18
Dima	2058	8112	18
JustaZz	2059	8112	18
GaNS	2060	8112	18
SkibidiPablo	2061	8112	18
zenie	2062	8111	18
DreaMiSS	2063	8111	18
nosferatu	2064	8110	18
GaLaXy	2065	8110	18
Tasheki	2066	8110	18
DhrDennis	2067	8110	18
Lesto01	2068	8109	18
Exotic	2069	8109	18
Samugga	2070	8108	18
panf	2071	8108	18
Nemmec	2072	8108	18
Loki	2073	8107	18
Смертоног	2074	8104	18
zqwjzqwj	2075	8104	18
Viktorpersuh	2076	8103	18
Nkameeer	2077	8103	18
Джузепа	2078	8101	18
Faker	2079	8100	18
RyzhayaBelka	2080	8100	18
Mindsolver	2081	8099	18
Nagibator228	2082	8099	18
wolferkowski	2083	8099	18
pOI04ka	2084	8098	18
Malina	2085	8098	18
Vov4egg	2086	8098	18
二氘硫	2087	8098	18
NeonMoon	2088	8097	18
Pugofka	2089	8097	18
ǶPipou	2090	8096	18
Sorramor	2091	8096	18
HH13	2092	8096	18
Omnicarbon	2093	8095	18
Ivator	2094	8094	18
Sykor	2095	8093	18
RedEagle	2096	8092	18
Пельмень	2097	8091	18
Пивнаясися	2098	8090	18
Xili	2099	8089	18
Banderlog	2100	8088	18
Pakezel	2101	8088	18
Po4a	2102	8088	18
Darius	2103	8087	18
Chewbaccahim	2104	8087	18
Batty	2105	8087	18
Raphael1979	2106	8087	18
Rustyman	2107	8087	18
Sevani	2108	8086	18
Clementine	2109	8086	18
Alex	2110	8086	18
Артас	2111	8086	18
MurlocRusé	2112	8086	18
Silvernight	2113	8086	18
Drasiel	2114	8086	18
AKU	2115	8085	18
OverD0ze	2116	8085	18
Bhikkhuni	2117	8085	18
n1erland	2118	8085	18
Unreak	2119	8084	18
QuirkyTurtle	2120	8084	18
kj061223	2121	8084	18
VonofaS	2122	8083	18
TiagoCosta	2123	8083	18
miamiam	2124	8083	18
pTu4kO	2125	8082	18
ЛенивыйТитан	2126	8082	18
RishEEL	2127	8082	18
FinkaVI	2128	8082	18
GodKilla	2129	8082	18
NoobMasta	2130	8082	18
JYKing	2131	8081	18
JuIIenbucken	2132	8081	18
baksteen030	2133	8081	18
МинАлтын	2134	8081	18
Lasb1m	2135	8081	18
Nymo	2136	8081	18
CharliE	2137	8080	18
AlexMorren	2138	8080	18
Bondi	2139	8080	18
Elektroshokk	2140	8080	18
DarkGamer	2141	8079	18
CxyAdrian	2142	8079	18
idrisov999	2143	8079	18
Treyce	2144	8079	18
MaJICIK	2145	8079	18
Aragorns22	2146	8079	18
CHK	2147	8079	18
stepanDjo	2148	8079	18
Sanguine	2149	8079	18
Elro	2150	8079	18
Dwaas	2151	8078	18
emp	2152	8078	18
TotinosBoy	2153	8078	18
GoldenGolem	2154	8078	18
Chikatilka	2155	8078	18
Razz	2156	8078	18
ecclesiaste	2157	8077	18
kooch	2158	8077	18
SCSmash3r	2159	8077	18
Rasboule	2160	8076	18
BicheTordue	2161	8076	18
Any1	2162	8076	18
xgamerXD	2163	8076	18
Aart	2164	8076	18
Francee	2165	8076	18
ROXAN	2166	8075	18
shocktopus	2167	8075	18
toms34	2168	8075	18
Baciokas	2169	8075	18
zeppi	2170	8075	18
chuba	2171	8074	18
siiervamael	2172	8074	18
dosenjunge	2173	8074	18
Zygarde	2174	8074	18
DeerNiko	2175	8073	18
AdamakeL	2176	8073	18
Påslakanet	2177	8073	18
Ashji	2178	8073	18
TAPKAPTA	2179	8072	18
Eyal	2180	8072	18
ChewBacon	2181	8072	18
Qarapuz	2182	8072	18
RedStorm	2183	8072	18
Hellara	2184	8071	18
Lusa	2185	8071	18
Dushman777	2186	8071	18
piloeuf2	2187	8071	18
AimIsLame	2188	8071	18
Kirby	2189	8071	18
hatetheworld	2190	8070	18
Sinamomeni1	2191	8070	18
LittleJohn	2192	8070	18
Ranceta	2193	8070	18
Hulkböse	2194	8070	18
Goodyounow	2195	8069	18
YURHEP	2196	8069	18
Fewar	2197	8069	18
sergey	2198	8069	18
TapeWurm	2199	8068	18
HagibaTop163	2200	8068	18
madmem4egg	2201	8068	18
Napalmus	2202	8068	18
Gredinus	2203	8068	18
Xtra	2204	8068	18
Mirm	2205	8068	18
vsehernya	2206	8068	18
PlovChik	2207	8067	18
uyuy	2208	8067	18
ГАЧИМУЧЕННИК	2209	8067	18
Ecstatica	2210	8067	18
Beecool	2211	8067	18
pookie	2212	8067	18
вася	2213	8067	18
Malena	2214	8066	18
kekw	2215	8066	18
Kamikadze	2216	8066	18
Konoplya	2217	8066	18
DaanB	2218	8066	18
Eretal	2219	8066	18
ТихийГнолл	2220	8066	18
Alphaua	2221	8066	18
fcpopa	2222	8065	18
OwuweOssas	2223	8065	18
HiddenSquid	2224	8065	18
kpkp99	2225	8065	18
NasralKr3pko	2226	8065	18
Paranoja	2227	8065	18
Deecee	2228	8065	18
DenGerät	2229	8065	18
McCardy	2230	8065	18
vilier0625	2231	8064	18
fliger	2232	8064	18
Draínee	2233	8064	18
BargoStyle	2234	8064	18
TheJims	2235	8064	18
ЧудоГном	2236	8063	18
Lanievka	2237	8063	18
Azino777	2238	8062	18
PsychoMantis	2239	8062	18
Shnubster	2240	8062	18
Artemis	2241	8062	18
MugiwaraLuff	2242	8061	18
Electro	2243	8061	18
dimasek3222	2244	8061	18
MaskHarpon	2245	8061	18
MuadDib	2246	8061	18
ВольныйБобр	2247	8061	18
Chartered	2248	8060	18
Kwycky	2249	8060	18
Wesgluf	2250	8060	18
Nedra	2251	8060	18
D2e6j9F	2252	8060	18
risenangel	2253	8060	18
Expelliarmus	2254	8060	18
AAA	2255	8060	18
kinjal	2256	8059	18
Tompouss74	2257	8059	18
Cosmin	2258	8059	18
MainMei	2259	8059	18
Снежка	2260	8059	18
JumBoss	2261	8059	18
Merseysidec	2262	8059	18
BabarPower	2263	8058	18
Muffin	2264	8058	18
Bananas01	2265	8058	18
Aesson	2266	8058	18
Tankred40k	2267	8058	18
keeperessa	2268	8058	18
Lanziee	2269	8058	18
Nielsezzz	2270	8058	18
Achilles	2271	8057	18
ColdWater094	2272	8057	18
Hallaschka	2273	8057	18
Flekxx	2274	8057	18
BionicAvatar	2275	8057	18
miltiade	2276	8057	18
ШутникМаг	2277	8057	18
Mystikpsy	2278	8057	18
AiKKoS	2279	8056	18
Snick21rus	2280	8056	18
Joxter	2281	8056	18
Ptimouche	2282	8056	18
Xiwaang	2283	8056	18
IwanTop	2284	8055	18
TrIvlInad	2285	8055	18
РозовыйПони	2286	8055	18
Dementor	2287	8055	18
UrukHai21	2288	8055	18
Jackless	2289	8055	18
IshakPasha	2290	8055	18
SHOCKWAVE	2291	8055	18
Raskos227	2292	8054	18
Sammie	2293	8054	18
Eiji	2294	8054	18
Botschi	2295	8054	18
BlackyFR	2296	8054	18
leeluv	2297	8054	18
IIoGoLoVaM	2298	8054	18
Pintas	2299	8054	18
Pigmous	2300	8054	18
constant	2301	8054	18
SnarkyGoblin	2302	8053	18
Scramer	2303	8053	18
MidSizeAce	2304	8053	18
Elixi	2305	8053	18
SNatCher	2306	8053	18
WindRider	2307	8053	18
MekKaniK	2308	8053	18
SweatyPanda	2309	8053	18
LeonPanetta	2310	8053	18
Killer38	2311	8052	18
Scud	2312	8052	18
none420www	2313	8052	18
Volos123	2314	8052	18
Aventurier	2315	8052	18
SharinganDX	2316	8051	18
Calliban999	2317	8051	18
Dementor	2318	8051	18
Sral	2319	8051	18
Stegosaw	2320	8051	18
RaGnar	2321	8051	18
RazieL	2322	8051	18
Zabourian	2323	8051	18
keitaaro	2324	8051	18
GiantAxe	2325	8051	18
iRioro	2326	8051	18
Sinederkas	2327	8050	18
Schmutzfuß	2328	8050	18
Freeheell	2329	8050	18
Kadrag	2330	8050	18
KRUSHER99	2331	8050	18
JediMasterAK	2332	8050	18
Englishgaman	2333	8050	18
Qualle	2334	8050	18
sherlock	2335	8049	18
DavyDToto	2336	8049	18
CurdBrother	2337	8049	18
Самозванец	2338	8049	18
TripleOnSix	2339	8049	18
wOTAN	2340	8049	18
Entelechy	2341	8049	18
AzureWhale	2342	8049	18
PUPOK	2343	8049	18
BaeDev2	2344	8049	18
ToPefko	2345	8049	18
Electron	2346	8048	18
Holasiola	2347	8048	18
ScorDragTR	2348	8048	18
ТихийШторм	2349	8048	18
vikfil	2350	8048	18
Hawkzz	2351	8048	18
ryuu	2352	8048	18
Mursa	2353	8048	18
Jeremy	2354	8047	18
samu	2355	8047	18
mrchopper	2356	8047	18
MonarchAwake	2357	8047	18
S1E	2358	8047	18
rst	2359	8047	18
Myanao	2360	8047	18
BeebiTV	2361	8047	18
АшотВАНШОТ	2362	8046	18
koperek	2363	8046	18
Control	2364	8046	18
Одибоба	2365	8046	18
AshKetchum	2366	8045	18
Joker	2367	8045	18
Kaldalis	2368	8045	18
shatunnn	2369	8045	18
Mankka	2370	8045	18
ShinyHero	2371	8045	18
PQCDigaa	2372	8045	18
Sunshineacid	2373	8045	18
FayST	2374	8045	18
Tellmewhy	2375	8045	18
Hafþór	2376	8045	18
Kamina	2377	8044	18
DausefarTV	2378	8044	18
d1s4pp3aR	2379	8044	18
Abis	2380	8044	18
keltuzad	2381	8044	18
zRatha	2382	8044	18
Flamekeeper	2383	8044	18
Мопи	2384	8044	18
igorino444	2385	8044	18
LiteWooD	2386	8044	18
eee	2387	8043	18
Pr0sDontTalk	2388	8043	18
SergeGnabry	2389	8043	18
vasilii1096	2390	8043	18
Louis	2391	8043	18
Dragano	2392	8043	18
Deku	2393	8043	18
U1L0S	2394	8043	18
BIGLC	2395	8043	18
DrPhil	2396	8043	18
yrotshi	2397	8043	18
Grommed	2398	8042	18
OBrbIGan	2399	8042	18
SBBob	2400	8042	18
szQocks	2401	8042	18
Inimitable	2402	8042	18
Noosock	2403	8042	18
Hellios	2404	8042	18
CoolBanana	2405	8042	18
Fedetazzo	2406	8042	18
sproink	2407	8042	18
Okilan	2408	8042	18
PvlKs	2409	8041	18
AnderZar	2410	8041	18
zerotheghost	2411	8041	18
Bobby	2412	8041	18
Lupi	2413	8041	18
ToterElch	2414	8041	18
PANICOS	2415	8041	18
Enkor	2416	8041	18
Naile	2417	8041	18
ANTIHYPE	2418	8041	18
KingBrad200	2419	8040	18
Diamond	2420	8040	18
roanita01	2421	8040	18
SnakeEater	2422	8039	18
DYRA1488	2423	8039	18
korol	2424	8039	18
Caesura	2425	8039	18
Dante	2426	8039	18
DenisSkadi	2427	8039	18
BöserPanzer	2428	8039	18
SoRyN	2429	8039	18
CrystalWaves	2430	8039	18
Gafard	2431	8039	18
TantrumSlit	2432	8039	18
HideinBtlTag	2433	8039	18
Rodion	2434	8039	18
wystanich	2435	8038	18
m7mdsal	2436	8038	18
Dragonborn	2437	8038	18
Zoeperman	2438	8038	18
MulloNalkA	2439	8038	18
PapaRoma	2440	8038	18
ГромкийКит	2441	8038	18
BadZeliboba	2442	8037	18
olStckyTapes	2443	8037	18
ann1ki	2444	8037	18
Dibeaumatin	2445	8037	18
Dragons	2446	8037	18
Smobin	2447	8037	18
Sinz	2448	8037	18
Furax	2449	8037	18
XYQueen	2450	8036	18
murlocinfami	2451	8036	18
Drofis	2452	8036	18
Izerli	2453	8036	18
Lavafrost	2454	8036	18
mrgif	2455	8036	18
УшлыйКрылан	2456	8036	18
Anq	2457	8036	18
MikieCat	2458	8036	18
dakad	2459	8036	18
Reshi	2460	8036	18
LAcity	2461	8035	18
Candiebaby	2462	8035	18
Exotic	2463	8035	18
MisterBasket	2464	8035	18
Jane	2465	8035	18
Doomtoday	2466	8035	18
leduk	2467	8035	18
Capricorn	2468	8035	18
Taupy	2469	8035	18
LegendVS1x7	2470	8035	18
chicken	2471	8035	18
Arrgentum	2472	8034	18
Zakas	2473	8034	18
Caroboss	2474	8034	18
Lookalive	2475	8034	18
trebat	2476	8034	18
GoldY	2477	8034	18
Alan29	2478	8034	18
Kustari	2479	8034	18
Копилкус	2480	8034	18
Sunshine	2481	8034	18
Azrael	2482	8034	18
lennylurk	2483	8033	18
maltus72	2484	8033	18
VITMOHAX	2485	8033	18
AZAZAZA	2486	8033	18
Taboosted	2487	8033	18
NoxD	2488	8033	18
Tal	2489	8033	18
Gognal	2490	8033	18
Moray	2491	8033	18
HellStaG	2492	8033	18
Tenz1n	2493	8033	18
HJMFSO	2494	8032	18
DmitriyZadow	2495	8032	18
Rotd	2496	8032	18
Begovich	2497	8032	18
Neihaart	2498	8032	18
Godeloth	2499	8032	18
Cotartem	2500	8032	18
Mephysto	2501	8032	18
OlimpKi	2502	8031	18
KonnorNay	2503	8031	18
Paul215	2504	8031	18
Djkirby	2505	8031	18
SukunaBallz	2506	8031	18
Sebomat	2507	8031	18
Voided	2508	8031	18
Dron	2509	8031	18
KROSHKAIZADA	2510	8031	18
BogosDuCratr	2511	8031	18
Hellfire	2512	8031	18
Oxyimore	2513	8031	18
P1Lzone	2514	8030	18
Washy	2515	8030	18
FleinZero	2516	8030	18
Deyan	2517	8030	18
Halhilgol	2518	8030	18
Miksu	2519	8030	18
Rngsucks	2520	8030	18
Chanks	2521	8030	18
Mamba	2522	8030	18
Luchik	2523	8030	18
KOKOSH	2524	8030	18
Proveider	2525	8030	18
Drakulia	2526	8030	18
Keltak	2527	8030	18
Bybs	2528	8030	18
Jindan	2529	8030	18
ДрифтПоГубам	2530	8030	18
Thorminator	2531	8030	18
DarkSide	2532	8029	18
Helloïse	2533	8029	18
Thraduil	2534	8029	18
Skyface	2535	8029	18
DishiN	2536	8029	18
MrLovaLova	2537	8029	18
ИльяТрайХард	2538	8029	18
МейбиБейби	2539	8029	18
PjderZocker	2540	8029	18
allanwake	2541	8029	18
wildstew	2542	8029	18
Vlad130301	2543	8029	18
Trismegistos	2544	8028	18
Madinina	2545	8028	18
pytin228	2546	8028	18
Chris777	2547	8028	18
Parj	2548	8028	18
LichKing	2549	8028	18
Kraysa	2550	8028	18
Krewger	2551	8028	18
iamnotdarth	2552	8028	18
Cataru	2553	8028	18
NaécCo	2554	8027	18
Xydreas	2555	8027	18
Kreysch	2556	8027	18
Everucrys	2557	8027	18
Bat1STa	2558	8027	18
Sunaokami	2559	8027	18
Mamoru	2560	8027	18
Mystery177	2561	8027	18
NOOBaster	2562	8027	18
SirRukk	2563	8027	18
Exorc	2564	8027	18
POPKA	2565	8027	18
diesel	2566	8026	18
vladi3love	2567	8026	18
BARBALARVO	2568	8026	18
JustTrolly	2569	8026	18
Coddie1	2570	8026	18
Ev1light	2571	8026	18
sniper	2572	8026	18
evgeni008	2573	8026	18
VsegdaZaRus	2574	8026	18
Miki5	2575	8026	18
Kreativ	2576	8026	18
HiHat	2577	8026	18
Tedlennart	2578	8026	18
Shay	2579	8026	18
ГеройГероев	2580	8026	18
RubyOgre	2581	8026	18
МилыйДух	2582	8025	18
mif	2583	8025	18
imAwizerd	2584	8025	18
Klubo	2585	8025	18
kuburga	2586	8025	18
benteuch	2587	8025	18
Savmiron	2588	8025	18
Assofdeath	2589	8025	18
ArcticSteve	2590	8025	18
Atrax	2591	8025	18
Elvenblood	2592	8025	18
МАГАТРАВМАТх	2593	8025	18
Anton	2594	8025	18
Ariegiii	2595	8024	18
Alastor	2596	8024	18
Fixes	2597	8024	18
PinkPony	2598	8024	18
Смертомышь	2599	8024	18
Illusionist	2600	8024	18
Udzaki	2601	8024	18
Raven	2602	8024	18
DukeOdin	2603	8024	18
Miracle	2604	8024	18
Джимми	2605	8024	18
Diplom	2606	8024	18
Iwlad	2607	8024	18
Mimique	2608	8024	18
Nikoflex	2609	8024	18
Stormito	2610	8024	18
Zipcik	2611	8023	18
Alsidius	2612	8023	18
Frantic84	2613	8023	18
Otter	2614	8023	18
RandyMarsh	2615	8023	18
Daisuke	2616	8023	18
Edna	2617	8023	18
DinMortjin	2618	8023	18
TakeThat	2619	8023	18
Zodiak	2620	8022	18
YourReaLDad	2621	8022	18
Милфхаус	2622	8022	18
Zenitix	2623	8022	18
ThinkVantage	2624	8022	18
Zavobest	2625	8022	18
Kata2trophe	2626	8022	18
Maui	2627	8022	18
DeltaX	2628	8022	18
Djoxe	2629	8022	18
werty21	2630	8022	18
Yatsufusa	2631	8022	18
vzaj	2632	8021	18
WhiteBerry	2633	8021	18
ColaMatata	2634	8021	18
Itsche	2635	8021	18
Иван	2636	8021	18
TTe4eHbKa	2637	8021	18
Thymes	2638	8021	18
Naithax	2639	8020	18
Asgaroth	2640	8020	18
StopSarkazi	2641	8020	18
Bed	2642	8020	18
Pepparpatrik	2643	8020	18
Rizole	2644	8020	18
BRAINSTORMER	2645	8020	18
ДикийКодо	2646	8020	18
Paranoia	2647	8020	18
shootnik	2648	8020	18
Chozen	2649	8020	18
Octopus	2650	8019	18
Kupsa	2651	8019	18
Vesta	2652	8019	18
maksim122	2653	8019	18
Grave	2654	8019	18
Maestro	2655	8019	18
Chaos	2656	8019	18
Stranger	2657	8019	18
Gaazik	2658	8019	18
ТочныйЭлекк	2659	8019	18
Blezers	2660	8018	18
Turnbull32	2661	8018	18
Siersod	2662	8018	18
CrazyHunter	2663	8018	18
BillyBilly	2664	8018	18
Crashtester	2665	8018	18
Rabadan	2666	8018	18
Pheb	2667	8018	18
Retrospect	2668	8018	18
Crêvecoeur	2669	8018	18
ShtaPash	2670	8018	18
erik	2671	8018	18
Fîve	2672	8018	18
Krahjan	2673	8018	18
deepdno	2674	8018	18
SeM17	2675	8018	18
Wolfguardian	2676	8018	18
AziZoMBiE	2677	8017	18
Axuk	2678	8017	18
AdAeternam	2679	8017	18
Trueshann	2680	8017	18
sonata	2681	8017	18
G4R	2682	8017	18
RadianAngel	2683	8017	18
Gallant	2684	8017	18
ATMACA	2685	8017	18
Val99	2686	8017	18
Anna	2687	8017	18
Stromig	2688	8017	18
selios	2689	8016	18
Rikkudomenz	2690	8016	18
Rendol	2691	8016	18
Hoots	2692	8016	18
Pr0p4gande	2693	8016	18
HanzoNoob	2694	8016	18
Towering	2695	8016	18
FatherFckr	2696	8016	18
ГномМаг	2697	8016	18
bæk	2698	8016	18
PsyLok	2699	8016	18
Rudy	2700	8016	18
Yozora	2701	8016	18
ZAPIL	2702	8016	18
Genom	2703	8016	18
Eros	2704	8016	18
MarakyaME	2705	8016	18
kedr89	2706	8016	18
sh1p	2707	8015	18
Olegtrikk	2708	8015	18
MeLaDzeeeeee	2709	8015	18
ShadowDragon	2710	8015	18
gingerbre4d	2711	8015	18
Ecix	2712	8015	18
MerQery	2713	8015	18
SvaroG	2714	8015	18
Raketa	2715	8015	18
HoundyUwU	2716	8015	18
Jojjer	2717	8015	18
Enum	2718	8015	18
ThaiLung	2719	8015	18
stivi	2720	8015	18
BuyBTC	2721	8014	18
Fazzer	2722	8014	18
kidful	2723	8014	18
Viridant	2724	8014	18
sudo	2725	8014	18
Tangusik	2726	8014	18
Claramavis	2727	8014	18
xKairo	2728	8014	18
Thrall	2729	8014	18
HeavyDragoon	2730	8014	18
blyaat40	2731	8014	18
SergeyTechno	2732	8014	18
Dezolver	2733	8014	18
СанькаМашина	2734	8014	18
Sladkiy	2735	8014	18
Areh	2736	8014	18
superpippo92	2737	8013	18
M1nkof	2738	8013	18
Quzert	2739	8013	18
riko	2740	8013	18
Lalalallaala	2741	8013	18
ouzokaikoka	2742	8013	18
Стрелок	2743	8013	18
Oceanus	2744	8013	18
Cancana	2745	8013	18
GID	2746	8013	18
Balcken	2747	8013	18
ТавернаБоба	2748	8013	18
Фурия	2749	8013	18
ЯКлУбНиКа	2750	8013	18
Champikiller	2751	8013	18
DaF1sh	2752	8013	18
Pudgero	2753	8012	18
Dmitro	2754	8012	18
kabanchyk12	2755	8012	18
GeNeRaToR	2756	8012	18
SiRDanieL	2757	8012	18
Elward	2758	8012	18
MissMayra	2759	8012	18
Xysein	2760	8012	18
GrumpyFrench	2761	8012	18
BrotherVi	2762	8012	18
marmae	2763	8012	18
Splinter	2764	8011	18
Big	2765	8011	18
Akinawae	2766	8011	18
TENGIL	2767	8011	18
fishen	2768	8011	18
Seb	2769	8011	18
DerKolben	2770	8011	18
RoadToLegend	2771	8011	18
Malfi	2772	8011	18
äUrner	2773	8011	18
KoToS	2774	8011	18
SiMak59	2775	8011	18
aeon	2776	8011	18
SpaceMonkey	2777	8011	18
Empty	2778	8010	18
Snoopy	2779	8010	18
shamppa	2780	8010	18
Aneros	2781	8010	18
NeedSpeed	2782	8010	18
Soddapoppin	2783	8010	18
Luxor	2784	8010	18
Rando	2785	8010	18
Baken	2786	8010	18
Chio	2787	8010	18
NifelheimBB	2788	8009	18
ДикийВолк	2789	8009	18
Kanki	2790	8009	18
Тоха	2791	8009	18
Petros9ln	2792	8009	18
Uwatenage	2793	8009	18
Ayoshi	2794	8009	18
EbonDrake	2795	8009	18
fakalen	2796	8009	18
Suslenok	2797	8009	18
qxwxexrxtx	2798	8009	18
ZXC1x1	2799	8008	18
Tyristrum	2800	8008	18
Titiox	2801	8008	18
DéesseHardie	2802	8008	18
Bizkit	2803	8008	18
Will	2804	8008	18
DoG1ON	2805	8008	18
Mummelpowel	2806	8008	18
ROFOLMAO	2807	8008	18
Darkness	2808	8008	18
Counselor	2809	8008	18
DWValeera	2810	8008	18
ShadowPersik	2811	8008	18
Pint0	2812	8008	18
OfficerD	2813	8008	18
Mogorva	2814	8007	18
TorkMen	2815	8007	18
Dirtybrody	2816	8007	18
Eisienhame	2817	8007	18
Гамбит	2818	8007	18
THE3702	2819	8007	18
Gaston	2820	8007	18
Zalizko	2821	8007	18
Darkside	2822	8007	18
seiken	2823	8007	18
azzgrindahh	2824	8007	18
Anastasios	2825	8007	18
Banaan	2826	8007	18
Doomkaliber	2827	8007	18
Volcom	2828	8007	18
Spectrym	2829	8006	18
R7z	2830	8006	18
BOBJulio	2831	8006	18
KabelApan	2832	8006	18
NightCorvus	2833	8006	18
Stravv	2834	8006	18
tyrcha	2835	8006	18
DeDMaZaY	2836	8006	18
Equilibrium	2837	8006	18
BlueWhale	2838	8006	18
WJollier	2839	8006	18
Websteren	2840	8005	18
Vedmak2	2841	8005	18
Тайпан	2842	8005	18
Berkas	2843	8005	18
YozhVtymane	2844	8005	18
niks973	2845	8005	18
Farid	2846	8005	18
Sentenciado	2847	8005	18
Elizabeth	2848	8005	18
Gilbc	2849	8005	18
silenZed	2850	8005	18
Победитель	2851	8005	18
Pierrot	2852	8005	18
людина	2853	8005	18
DJMOKSI	2854	8005	18
Absent	2855	8005	18
Kolan	2856	8004	18
lukasenkov	2857	8004	18
maurhxhra	2858	8004	18
Octopu5	2859	8004	18
Ashly	2860	8004	18
AgentFerat	2861	8004	18
Veronima	2862	8004	18
Sayerty	2863	8004	18
Vilintor	2864	8004	18
anga	2865	8004	18
puzate	2866	8004	18
TNT	2867	8004	18
Maz0x1st	2868	8004	18
Swoledemort	2869	8004	18
tenebrarum	2870	8004	18
xolms007	2871	8004	18
Frozzt	2872	8004	18
Шучара	2873	8004	18
DkPoDkaT	2874	8004	18
немраБоб	2875	8003	18
Spawn	2876	8003	18
WVN	2877	8003	18
Сергеич	2878	8003	18
Mark93	2879	8003	18
Woof	2880	8003	18
Eviljelatto	2881	8003	18
Nightwitch	2882	8003	18
Gengar	2883	8003	18
SSensation	2884	8003	18
ArranZoa	2885	8003	18
al3ubed	2886	8003	18
YEET	2887	8003	18
Vergessen	2888	8003	18
wikikeeper	2889	8002	18
Dylo16	2890	8002	18
Stormbringer	2891	8002	18
Yamakasi	2892	8002	18
Hameleon	2893	8002	18
Salato	2894	8002	18
Stepik	2895	8002	18
Demon	2896	8002	18
Oocoll	2897	8002	18
ToastTactic	2898	8002	18
Zxyzxy	2899	8002	18
TonyTough	2900	8002	18
TrwwSporia	2901	8002	18
Krutmaks	2902	8002	18
CaptainAFK	2903	8002	18
lucer	2904	8002	18
Harboe01	2905	8002	18
evagorinios	2906	8002	18
Кираж	2907	8002	18
ZLoiZeFear	2908	8002	18
Kenny	2909	8002	18
Marta	2910	8001	18
Deuces	2911	8001	18
MrPrezident	2912	8001	18
Александр	2913	8001	18
Cass	2914	8001	18
Stone	2915	8001	18
Narumo	2916	8001	18
SiLNine	2917	8001	18
theatm	2918	8001	18
ivailosp	2919	8001	18
Fenrir	2920	8001	18
RagNaRock	2921	8001	18
FlipFlop	2922	8001	18
Kurama	2923	8000	18
hemrald	2924	8000	18
airatpirat1	2925	8000	18
Glückszwerg	2926	8000	18
Witch	2927	8000	18
Skyrimmedd	2928	8000	18
Aniri	2929	8000	18
INeedUrLove	2930	8000	18
Wardom	2931	8000	18
Raccapt	2932	8000	18
Кудрявый	2933	8000	18
iOwned	2934	8000	18
LeBeauFort	2935	8000	18
GlenGarioch	2936	8000	18
z1n	2937	8000	18
Xorr	2938	8000	18
Denvort	2939	8000	18
Ave	2940	8000	18
Myxzs	2941	8000	18
SenorZapata	2942	8000	18
papaak	2943	8000	18
Ghixor	2944	8000	18
РедкийМорж	2945	8000	18
